date,year,doy,P,PET_PT,water_balance_PT,PCWD_PT,PET_FAO,water_balance_FAO,PCWD_FAO
2010-01-01,2010,1,7.5,0.031490196612541724,7.468509803387458,0,0.3416240869665589,7.158375913033441,0
2010-01-02,2010,2,0,-0.39634586839091757,0.39634586839091757,0,0.433873264528116,-0.433873264528116,0.433873264528116
2010-01-03,2010,3,0,-0.6125175585782149,0.6125175585782149,0,0.20428322955900258,-0.20428322955900258,0.6381564940871185
2010-01-04,2010,4,0,-0.013950222181118532,0.013950222181118532,0,0.33359411118578375,-0.33359411118578375,0.9717506052729022
2010-01-05,2010,5,1.1,0.21539065256965165,0.8846093474303485,0,0.33661835177196053,0.7633816482280396,0.2083689570448627
2010-01-06,2010,6,0.3,-0.023432941200889557,0.32343294120088956,0,0.27648613332353394,0.023513866676466044,0.18485509036839665
2010-01-07,2010,7,0.9,0.15024929022700756,0.7497507097729925,0,0.20326820516157404,0.696731794838426,0
2010-01-08,2010,8,1.7,-0.05673577136612186,1.7567357713661218,0,0.4250107672272413,1.2749892327727586,0
2010-01-09,2010,9,0.6,-0.03049421191870129,0.6304942119187013,0,0.4159451530129503,0.18405484698704966,0
2010-01-10,2010,10,0,-0.015478385396057158,0.015478385396057158,0,0.1839018898729724,-0.1839018898729724,0.1839018898729724
2010-01-11,2010,11,0,0.09939532363963961,-0.09939532363963961,0.09939532363963961,0.25971482339350066,-0.25971482339350066,0.44361671326647306
2010-01-12,2010,12,0.4,0.1108729143798709,0.2891270856201291,0,0.31159041119303815,0.08840958880696187,0.3552071244595112
2010-01-13,2010,13,3.8,0.21792247426481612,3.582077525735184,0,0.30295901639905043,3.4970409836009493,0
2010-01-14,2010,14,0,0.31449434460492576,-0.31449434460492576,0.31449434460492576,0.30626559532763614,-0.30626559532763614,0.30626559532763614
2010-01-15,2010,15,0,0.3487283727062356,-0.3487283727062356,0.6632227173111613,0.3135474281035492,-0.3135474281035492,0.6198130234311854
2010-01-16,2010,16,4.3,0.27245365439316777,4.027546345606832,0,0.399831218115285,3.900168781884715,0
2010-01-17,2010,17,1.9,0.22347880291931552,1.6765211970806844,0,0.46204968878669955,1.4379503112133003,0
2010-01-18,2010,18,0,-0.04634515575590432,0.04634515575590432,0,0.21544192690927869,-0.21544192690927869,0.21544192690927869
2010-01-19,2010,19,0,0.09332074636460413,-0.09332074636460413,0.09332074636460413,0.14782217972334602,-0.14782217972334602,0.3632641066326247
2010-01-20,2010,20,3.3,0.3265875601905125,2.973412439809487,0,0.29215961025653087,3.007840389743469,0
2010-01-21,2010,21,0,0.5708958910083658,-0.5708958910083658,0.5708958910083658,0.18064154058938237,-0.18064154058938237,0.18064154058938237
2010-01-22,2010,22,0,0.1369580215196258,-0.1369580215196258,0.7078539125279916,0.2476900097286409,-0.2476900097286409,0.4283315503180233
2010-01-23,2010,23,0,0.12991432088469823,-0.12991432088469823,0.8377682334126898,0.28536125857466055,-0.28536125857466055,0.7136928088926838
2010-01-24,2010,24,1.7,0.14718789673736044,1.5528121032626396,0,0.20916389768805368,1.4908361023119463,0
2010-01-25,2010,25,0.6,0.5157945407678767,0.0842054592321233,0,0.3693186680178132,0.23068133198218677,0
2010-01-26,2010,26,0.1,0.11350737895082334,-0.013507378950823337,0.013507378950823337,0.5658994340243775,-0.4658994340243775,0.4658994340243775
2010-01-27,2010,27,0.3,0.2680610421064755,0.03193895789352447,0,0.4721256509264112,-0.1721256509264112,0.6380250849507887
2010-01-28,2010,28,0.2,-0.048839350315799925,0.24883935031579993,0,0.4789584608768524,-0.2789584608768524,0.9169835458276411
2010-01-29,2010,29,1.6,0.21709657434689825,1.3829034256531019,0,0.6279910122046365,0.9720089877953636,0
2010-01-30,2010,30,0,0.27615091246569917,-0.27615091246569917,0.27615091246569917,0.6327329122325738,-0.6327329122325738,0.6327329122325738
2010-01-31,2010,31,0.7,-0.17880888351447624,0.8788088835144762,0,0.30622049748876456,0.3937795025112354,0.23895340972133838
2010-02-01,2010,32,0.1,0.1398512018536142,-0.03985120185361418,0.03985120185361418,0.3946082023000278,-0.2946082023000278,0.5335616120213662
2010-02-02,2010,33,0,0.3197703570803323,-0.3197703570803323,0.3596215589339465,0.9259030140674542,-0.9259030140674542,1.4594646260888204
2010-02-03,2010,34,0,0.055155012552240125,-0.055155012552240125,0.41477657148618663,0.8649170331607171,-0.8649170331607171,2.3243816592495374
2010-02-04,2010,35,1.9,0.15177728668904672,1.7482227133109531,0,0.38449661571997473,1.5155033842800252,0.8088782749695123
2010-02-05,2010,36,18.7,0.14566892436419582,18.554331075635805,0,0.40939423778497624,18.290605762215023,0
2010-02-06,2010,37,0,0.808489843903618,-0.808489843903618,0.808489843903618,0.3978026034643739,-0.3978026034643739,0.3978026034643739
2010-02-07,2010,38,0.1,0.19002379431997257,-0.09002379431997257,0.8985136382235905,0.44768461942385307,-0.3476846194238531,0.745487222888227
2010-02-08,2010,39,0,-0.010907683518935602,0.010907683518935602,0.887605954704655,0.5521004819300209,-0.5521004819300209,1.2975877048182478
2010-02-09,2010,40,2.5,0.3604412433179618,2.139558756682038,0,0.4225951754123901,2.0774048245876098,0
2010-02-10,2010,41,0.4,0.46631984926777703,-0.06631984926777701,0.06631984926777701,0.48440919668092924,-0.08440919668092922,0.08440919668092922
2010-02-11,2010,42,0,0.5646612846884657,-0.5646612846884657,0.6309811339562427,0.47218768557400725,-0.47218768557400725,0.5565968822549365
2010-02-12,2010,43,0.1,0.129236876730408,-0.029236876730408007,0.6602180106866506,0.42605473181298753,-0.3260547318129875,0.882651614067924
2010-02-13,2010,44,0,0.4116601640375513,-0.4116601640375513,1.0718781747242019,0.48777850890350755,-0.48777850890350755,1.3704301229714315
2010-02-14,2010,45,0,0.24967608156633636,-0.24967608156633636,1.3215542562905382,0.4726651053651739,-0.4726651053651739,1.8430952283366056
2010-02-15,2010,46,0,0.3156627331101165,-0.3156627331101165,1.6372169894006547,0.5054463031875039,-0.5054463031875039,2.3485415315241096
2010-02-16,2010,47,0,0.5416739414246776,-0.5416739414246776,2.1788909308253324,0.5260804397556293,-0.5260804397556293,2.8746219712797387
2010-02-17,2010,48,0.6,0.6015499204811139,-0.001549920481113909,2.180440851306446,0.6863494708607935,-0.08634947086079348,2.960971442140532
2010-02-18,2010,49,0,0.7769573594705286,-0.7769573594705286,2.957398210776975,0.6305264568931254,-0.6305264568931254,3.5914978990336572
2010-02-19,2010,50,5.9,0.20607482050618606,5.693925179493815,0,0.45762286184128004,5.4423771381587205,0
2010-02-20,2010,51,0,0.6963288128757494,-0.6963288128757494,0.6963288128757494,0.9028923422766998,-0.9028923422766998,0.9028923422766998
2010-02-21,2010,52,0,0.7873127736314255,-0.7873127736314255,1.4836415865071748,1.0120315707684975,-1.0120315707684975,1.9149239130451972
2010-02-22,2010,53,0.7,1.15252319070316,-0.45252319070315994,1.9361647772103348,1.046815146373047,-0.3468151463730471,2.261739059418244
2010-02-23,2010,54,7.5,0.4229310381516932,7.0770689618483065,0,0.6434639178227561,6.856536082177244,0
2010-02-24,2010,55,2.3,0.8779398149178107,1.4220601850821892,0,0.7823644230051474,1.5176355769948524,0
2010-02-25,2010,56,11.1,0.8399738756392637,10.260026124360737,0,0.8399505445600247,10.260049455439974,0
2010-02-26,2010,57,0.5,0.3911972349354252,0.10880276506457481,0,1.2945702273200839,-0.7945702273200839,0.7945702273200839
2010-02-27,2010,58,0.4,0.8141268744033829,-0.4141268744033829,0.4141268744033829,1.111258334287974,-0.711258334287974,1.505828561608058
2010-02-28,2010,59,0.9,1.0698898433523845,-0.16988984335238444,0.5840167177557674,1.7651325774633317,-0.8651325774633317,2.37096113907139
2010-03-01,2010,60,1,0.8256542456407179,0.17434575435928212,0.40967096339648523,1.3630595038916415,-0.36305950389164154,2.7340206429630314
2010-03-02,2010,61,0,0.09416463507983451,-0.09416463507983451,0.5038355984763198,1.0393037186500726,-1.0393037186500726,3.773324361613104
2010-03-03,2010,62,0,0.39356085238956295,-0.39356085238956295,0.8973964508658827,1.3153221044653614,-1.3153221044653614,5.088646466078465
2010-03-04,2010,63,0,0.570573030542718,-0.570573030542718,1.4679694814086006,1.2206724281263357,-1.2206724281263357,6.309318894204801
2010-03-05,2010,64,0,0.3605299061575628,-0.3605299061575628,1.8284993875661635,1.3733929802728648,-1.3733929802728648,7.682711874477666
2010-03-06,2010,65,0.1,0.19634164530918405,-0.09634164530918404,1.9248410328753476,0.882034435049943,-0.7820344350499431,8.464746309527609
2010-03-07,2010,66,0,0.41503197471348924,-0.41503197471348924,2.339873007588837,0.9002725441192343,-0.9002725441192343,9.365018853646843
2010-03-08,2010,67,0,0.816666896084434,-0.816666896084434,3.156539903673271,1.4234684173021181,-1.4234684173021181,10.788487270948961
2010-03-09,2010,68,0,0.166559488386129,-0.166559488386129,3.3230993920594,1.0258385162765697,-1.0258385162765697,11.814325787225531
2010-03-10,2010,69,0.1,0.5452770078678465,-0.4452770078678465,3.768376399927247,1.1088195166376182,-1.0088195166376182,12.82314530386315
2010-03-11,2010,70,0.8,0.5517644908034062,0.24823550919659387,3.520140890730653,0.6880583696204762,0.11194163037952387,12.711203673483626
2010-03-12,2010,71,0,0.9213877224745778,-0.9213877224745778,4.4415286132052305,1.0241740837747235,-1.0241740837747235,13.735377757258348
2010-03-13,2010,72,0,0.9956312206247641,-0.9956312206247641,5.437159833829995,1.2661542583347882,-1.2661542583347882,15.001532015593137
2010-03-14,2010,73,0,1.1874638386791232,-1.1874638386791232,6.624623672509118,1.2010896979817107,-1.2010896979817107,16.202621713574846
2010-03-15,2010,74,0.1,1.2671486827883838,-1.1671486827883837,7.791772355297502,1.2767795633221801,-1.17677956332218,17.379401276897028
2010-03-16,2010,75,0,0.9814354219702599,-0.9814354219702599,8.77320777726776,1.3968657023299569,-1.3968657023299569,18.776266979226985
2010-03-17,2010,76,0,1.1965529305948497,-1.1965529305948497,9.96976070786261,1.9231677954493795,-1.9231677954493795,20.699434774676366
2010-03-18,2010,77,0,1.3862602932818868,-1.3862602932818868,11.356021001144498,2.0168128612340785,-2.0168128612340785,22.716247635910445
2010-03-19,2010,78,0.4,1.8632537714851027,-1.4632537714851028,12.819274772629601,2.261722769996148,-1.861722769996148,24.577970405906594
2010-03-20,2010,79,4.7,1.0198590787730006,3.6801409212269993,9.139133851402601,1.4960333283287968,3.2039666716712034,21.37400373423539
2010-03-21,2010,80,5.6,0.7271755313906159,4.872824468609384,4.266309382793217,0.9616463871066303,4.638353612893369,16.735650121342022
2010-03-22,2010,81,0,1.3938012796613088,-1.3938012796613088,5.660110662454526,1.60426092702283,-1.60426092702283,18.339911048364854
2010-03-23,2010,82,0,1.9323694640794882,-1.9323694640794882,7.5924801265340145,2.1382890585537595,-2.1382890585537595,20.478200106918614
2010-03-24,2010,83,0,2.0230102333338738,-2.0230102333338738,9.615490359867888,2.2231717160779887,-2.2231717160779887,22.701371822996602
2010-03-25,2010,84,0,1.7124861215459721,-1.7124861215459721,11.32797648141386,1.9571832897239914,-1.9571832897239914,24.658555112720595
2010-03-26,2010,85,10.5,0.012419000679297198,10.487580999320702,0.8403954820931574,1.0296194908104,9.4703805091896,15.188174603530996
2010-03-27,2010,86,10.9,1.6891192638842847,9.210880736115715,0,1.5350016538406168,9.364998346159384,5.823176257371612
2010-03-28,2010,87,0.9,1.678470243951348,-0.7784702439513479,0.7784702439513479,1.5133572376945477,-0.6133572376945476,6.4365334950661595
2010-03-29,2010,88,0,2.42110277554056,-2.42110277554056,3.199573019491908,2.2346957912378516,-2.2346957912378516,8.671229286304012
2010-03-30,2010,89,2.6,0.8485407044906371,1.7514592955093629,1.4481137239825452,1.6021356977096135,0.9978643022903866,7.6733649840136255
2010-03-31,2010,90,9.6,1.3905385236492553,8.209461476350745,0,1.8897238133531922,7.710276186646808,0
2010-04-01,2010,91,0.3,1.454139374738744,-1.154139374738744,1.154139374738744,1.4143806837681876,-1.1143806837681876,1.1143806837681876
2010-04-02,2010,92,0,2.3061608901671966,-2.3061608901671966,3.460300264905941,2.1258330483306147,-2.1258330483306147,3.2402137320988023
2010-04-03,2010,93,8.5,1.6737924281581131,6.826207571841887,0,1.8647480266597223,6.635251973340278,0
2010-04-04,2010,94,0.7,1.161981110383813,-0.46198111038381295,0.46198111038381295,1.5378342259882771,-0.8378342259882772,0.8378342259882772
2010-04-05,2010,95,0,1.60633625584279,-1.60633625584279,2.0683173662266032,1.853121768019734,-1.853121768019734,2.690955994008011
2010-04-06,2010,96,0,2.533783735169702,-2.533783735169702,4.602101101396306,2.561760658802975,-2.561760658802975,5.252716652810986
2010-04-07,2010,97,0,2.4922201908461794,-2.4922201908461794,7.094321292242485,2.6894300330449536,-2.6894300330449536,7.94214668585594
2010-04-08,2010,98,0,1.6631172965559742,-1.6631172965559742,8.75743858879846,1.9818169774018581,-1.9818169774018581,9.923963663257798
2010-04-09,2010,99,0,1.6404615732392007,-1.6404615732392007,10.39790016203766,2.589506348535089,-2.589506348535089,12.513470011792887
2010-04-10,2010,100,0,2.229109467596209,-2.229109467596209,12.627009629633868,2.613192921614294,-2.613192921614294,15.12666293340718
2010-04-11,2010,101,0,2.1196973018514087,-2.1196973018514087,14.746706931485276,2.813941995972254,-2.813941995972254,17.940604929379433
2010-04-12,2010,102,0,2.360729384486994,-2.360729384486994,17.10743631597227,2.3585549573565796,-2.3585549573565796,20.299159886736014
2010-04-13,2010,103,0,2.557411942028896,-2.557411942028896,19.664848258001165,2.5775491011548883,-2.5775491011548883,22.8767089878909
2010-04-14,2010,104,0.4,1.6548426142679815,-1.2548426142679814,20.919690872269147,1.9355717178936256,-1.5355717178936255,24.412280705784525
2010-04-15,2010,105,1,1.7060046251918484,-0.7060046251918484,21.625695497460995,1.676452413870634,-0.676452413870634,25.08873311965516
2010-04-16,2010,106,0,0.9362291180878445,-0.9362291180878445,22.56192461554884,1.6761220998842965,-1.6761220998842965,26.764855219539456
2010-04-17,2010,107,0,2.9121081411957963,-2.9121081411957963,25.474032756744634,2.8852592494163147,-2.8852592494163147,29.65011446895577
2010-04-18,2010,108,1.1,2.3523174922816854,-1.2523174922816853,26.726350249026318,2.781041595540793,-1.6810415955407931,31.331156064496565
2010-04-19,2010,109,0,3.419923349522058,-3.419923349522058,30.146273598548376,3.5996517491926823,-3.5996517491926823,34.93080781368925
2010-04-20,2010,110,0,2.086535364189369,-2.086535364189369,32.23280896273774,2.7200826161012324,-2.7200826161012324,37.65089042979048
2010-04-21,2010,111,0,3.2128852911639894,-3.2128852911639894,35.445694253901735,3.5472100683249472,-3.5472100683249472,41.19810049811542
2010-04-22,2010,112,0,3.180846545102058,-3.180846545102058,38.62654079900379,3.8312005512328104,-3.8312005512328104,45.029301049348234
2010-04-23,2010,113,0,2.1692852890730743,-2.1692852890730743,40.795826088076865,2.844932686487883,-2.844932686487883,47.874233735836114
2010-04-24,2010,114,0,3.645166668228256,-3.645166668228256,44.44099275630512,3.804357221034418,-3.804357221034418,51.67859095687053
2010-04-25,2010,115,0.2,3.772193655181062,-3.572193655181062,48.01318641148618,3.7800761527264015,-3.5800761527264013,55.25866710959693
2010-04-26,2010,116,0.2,3.2440244968006082,-3.044024496800608,51.05721090828679,3.391796466997108,-3.1917964669971077,58.45046357659403
2010-04-27,2010,117,0,3.7190214798099612,-3.7190214798099612,54.77623238809675,3.8592539290703405,-3.8592539290703405,62.30971750566437
2010-04-28,2010,118,0,4.015433441376254,-4.015433441376254,58.791665829473004,3.8687595652689573,-3.8687595652689573,66.17847707093333
2010-04-29,2010,119,0,4.315429685465383,-4.315429685465383,63.107095514938386,4.632687599015574,-4.632687599015574,70.8111646699489
2010-04-30,2010,120,1,2.474917059311801,-1.4749170593118008,64.58201257425019,3.326877030446422,-2.326877030446422,73.13804170039532
2010-05-01,2010,121,17.1,0.7111564431794224,16.38884355682058,48.19316901742961,1.2303815346893816,15.86961846531062,57.2684232350847
2010-05-02,2010,122,8.7,0.9629395999012356,7.7370604000987635,40.45610861733085,1.186724176491026,7.513275823508973,49.75514741157572
2010-05-03,2010,123,3.9,2.04245501206568,1.85754498793432,38.59856362939653,1.8258530635489265,2.0741469364510734,47.68100047512465
2010-05-04,2010,124,6.7,0.204235748757983,6.495764251242017,32.102799378154515,0.8193601555611841,5.880639844438816,41.80036063068583
2010-05-05,2010,125,8.4,0.5253048108255691,7.874695189174432,24.228104188980083,0.7837562933682324,7.616243706631768,34.18411692405406
2010-05-06,2010,126,0.9,1.0902173084346432,-0.19021730843464313,24.418321497414727,1.3151192946009111,-0.4151192946009111,34.59923621865497
2010-05-07,2010,127,0.1,2.144414212460183,-2.044414212460183,26.46273570987491,1.984765610476932,-1.884765610476932,36.484001829131905
2010-05-08,2010,128,3.5,3.8055564489405764,-0.30555644894057643,26.768292158815484,3.0309574572277884,0.4690425427722116,36.01495928635969
2010-05-09,2010,129,6.6,2.611549620397317,3.9884503796026824,22.779841779212802,2.2660193028695033,4.333980697130496,31.680978589229195
2010-05-10,2010,130,0.7,3.3161791314632216,-2.6161791314632215,25.39602091067602,2.7667912054466868,-2.0667912054466866,33.74776979467588
2010-05-11,2010,131,5.6,2.3298120110318203,3.2701879889681793,22.125832921707843,2.2854758139663054,3.3145241860336943,30.43324560864219
2010-05-12,2010,132,36.8,2.9858087082783475,33.81419129172165,0,2.3991962930694513,34.400803706930546,0
2010-05-13,2010,133,2.1,2.060149760020384,0.03985023997961612,0,1.743173817870489,0.3568261821295111,0
2010-05-14,2010,134,0.3,2.1032611704944135,-1.8032611704944135,1.8032611704944135,1.8479780411963438,-1.5479780411963437,1.5479780411963437
2010-05-15,2010,135,0.4,0.8889483854079835,-0.48894838540798347,2.2922095559023967,1.2766620723754805,-0.8766620723754804,2.424640113571824
2010-05-16,2010,136,0.5,2.1905278643462647,-1.6905278643462647,3.9827374202486614,2.244235648879491,-1.7442356488794908,4.168875762451314
2010-05-17,2010,137,0.9,1.7541831666725918,-0.8541831666725918,4.836920586921253,2.083455009091658,-1.183455009091658,5.352330771542972
2010-05-18,2010,138,0,2.149945130168065,-2.149945130168065,6.986865717089318,2.378614780674333,-2.378614780674333,7.730945552217305
2010-05-19,2010,139,0,2.8934884334181965,-2.8934884334181965,9.880354150507515,2.7484726974803744,-2.7484726974803744,10.47941824969768
2010-05-20,2010,140,0,3.078187960812044,-3.078187960812044,12.95854211131956,2.4429289109655863,-2.4429289109655863,12.922347160663266
2010-05-21,2010,141,0,4.016864629346247,-4.016864629346247,16.975406740665807,3.338374642977776,-3.338374642977776,16.26072180364104
2010-05-22,2010,142,0,4.466673020791975,-4.466673020791975,21.442079761457784,4.382326429562604,-4.382326429562604,20.643048233203643
2010-05-23,2010,143,0,5.008177862069571,-5.008177862069571,26.450257623527357,4.926045165459604,-4.926045165459604,25.56909339866325
2010-05-24,2010,144,0,5.17611655398324,-5.17611655398324,31.6263741775106,5.009130356722214,-5.009130356722214,30.578223755385462
2010-05-25,2010,145,1.2,5.067082128209593,-3.867082128209593,35.493456305720194,5.737189808832462,-4.537189808832462,35.115413564217924
2010-05-26,2010,146,2.9,4.148000577402341,-1.2480005774023408,36.74145688312254,4.532439819247315,-1.6324398192473155,36.74785338346524
2010-05-27,2010,147,2.8,2.8241307614463045,-0.02413076144630466,36.76558764456884,2.7082933766769974,0.09170662332300239,36.656146760142235
2010-05-28,2010,148,0.1,3.5944883425163727,-3.4944883425163726,40.26007598708521,3.1516420186853287,-3.0516420186853286,39.70778877882756
2010-05-29,2010,149,13.4,4.523912950501602,8.876087049498398,31.38398893758681,3.8619872009362592,9.538012799063742,30.16977597976382
2010-05-30,2010,150,14.8,1.9237367518156328,12.876263248184369,18.50772568940244,1.9148380557035323,12.885161944296469,17.28461403546735
2010-05-31,2010,151,0,2.668288370179956,-2.668288370179956,21.176014059582396,2.820554406504223,-2.820554406504223,20.10516844197157
2010-06-01,2010,152,6.9,3.591286738484073,3.308713261515927,17.86730079806647,3.136293517673813,3.7637064823261874,16.341461959645383
2010-06-02,2010,153,0.3,2.5260495447894855,-2.2260495447894857,20.093350342855956,2.244982311339719,-1.944982311339719,18.2864442709851
2010-06-03,2010,154,0,3.1012589213010235,-3.1012589213010235,23.19460926415698,2.7702715846230492,-2.7702715846230492,21.05671585560815
2010-06-04,2010,155,0,5.5283614983677065,-5.5283614983677065,28.72297076252469,4.560187963479776,-4.560187963479776,25.616903819087927
2010-06-05,2010,156,0,5.923389760430497,-5.923389760430497,34.646360522955185,5.058665400038892,-5.058665400038892,30.67556921912682
2010-06-06,2010,157,1.7,4.516033452826794,-2.816033452826794,37.46239397578198,3.9939122706801937,-2.2939122706801935,32.969481489807016
2010-06-07,2010,158,0,2.2864250404817508,-2.2864250404817508,39.74881901626373,2.347609959799961,-2.347609959799961,35.31709144960698
2010-06-08,2010,159,3.2,3.8244429576468613,-0.6244429576468611,40.373261973910594,3.574727696374563,-0.37472769637456294,35.69181914598154
2010-06-09,2010,160,0,4.946289294938868,-4.946289294938868,45.319551268849466,4.538138700452156,-4.538138700452156,40.2299578464337
2010-06-10,2010,161,0,4.9072186195948095,-4.9072186195948095,50.226769888444274,5.073644707367443,-5.073644707367443,45.30360255380114
2010-06-11,2010,162,0,3.676784866898241,-3.676784866898241,53.90355475534251,3.652092549435656,-3.652092549435656,48.9556951032368
2010-06-12,2010,163,18.1,1.9832546183822768,16.116745381617726,37.786809373724786,2.1667305899381657,15.933269410061836,33.02242569317497
2010-06-13,2010,164,8.4,2.729643103271246,5.670356896728754,32.11645247699603,2.416236200158396,5.983763799841604,27.038661893333362
2010-06-14,2010,165,4,4.2873101942394065,-0.2873101942394065,32.40376267123544,3.6372160033238576,0.36278399667614236,26.67587789665722
2010-06-15,2010,166,0.2,3.3098276726970286,-3.1098276726970284,35.51359034393247,2.834196655008211,-2.634196655008211,29.31007455166543
2010-06-16,2010,167,6.1,1.5325414385925027,4.567458561407497,30.946131782524972,1.5790614853331815,4.520938514666819,24.789136036998613
2010-06-17,2010,168,28.6,1.6135232549054073,26.986476745094595,3.9596550374303767,1.638994557693723,26.961005442306277,0
2010-06-18,2010,169,1.4,1.651413852342861,-0.25141385234286107,4.211068889773237,1.8442501559825264,-0.4442501559825265,0.4442501559825265
2010-06-19,2010,170,2.8,1.518819570341112,1.2811804296588878,2.9298884601143493,1.670649728930572,1.1293502710694279,0
2010-06-20,2010,171,0.9,1.7134152361559414,-0.8134152361559414,3.743303696270291,1.8229581751750483,-0.9229581751750483,0.9229581751750483
2010-06-21,2010,172,0,2.756214039006342,-2.756214039006342,6.499517735276633,2.5732293803261577,-2.5732293803261577,3.496187555501206
2010-06-22,2010,173,0,3.3804273667933487,-3.3804273667933487,9.879945102069982,3.34696247914303,-3.34696247914303,6.8431500346442355
2010-06-23,2010,174,0,5.053069476861556,-5.053069476861556,14.933014578931537,4.723313538384254,-4.723313538384254,11.56646357302849
2010-06-24,2010,175,0,5.367083508624461,-5.367083508624461,20.300098087555998,5.0076740812092515,-5.0076740812092515,16.57413765423774
2010-06-25,2010,176,0,5.311948634767077,-5.311948634767077,25.612046722323075,5.095339619912984,-5.095339619912984,21.669477274150726
2010-06-26,2010,177,0,5.5897273334455475,-5.5897273334455475,31.201774055768624,5.495709369383714,-5.495709369383714,27.16518664353444
2010-06-27,2010,178,0,5.809529653859981,-5.809529653859981,37.011303709628606,5.594446914402537,-5.594446914402537,32.75963355793698
2010-06-28,2010,179,0,5.591235697327389,-5.591235697327389,42.602539406956,5.456681283455322,-5.456681283455322,38.216314841392304
2010-06-29,2010,180,0,5.564736917762992,-5.564736917762992,48.16727632471899,5.47794132437244,-5.47794132437244,43.69425616576474
2010-06-30,2010,181,0,5.7001232047808745,-5.7001232047808745,53.86739952949986,5.6071426316528425,-5.6071426316528425,49.30139879741758
2010-07-01,2010,182,0,5.5049646749797985,-5.5049646749797985,59.37236420447966,5.2789468388949174,-5.2789468388949174,54.5803456363125
2010-07-02,2010,183,0,5.988691842494752,-5.988691842494752,65.36105604697441,6.002742989912938,-6.002742989912938,60.58308862622544
2010-07-03,2010,184,1.7,4.3721872266703325,-2.6721872266703324,68.03324327364474,4.7952184843334065,-3.0952184843334063,63.67830711055885
2010-07-04,2010,185,3.1,5.044596237686436,-1.944596237686436,69.97783951133118,4.458050318585402,-1.3580503185854016,65.03635742914425
2010-07-05,2010,186,0,5.763293290669103,-5.763293290669103,75.74113280200028,5.295984958795657,-5.295984958795657,70.3323423879399
2010-07-06,2010,187,0,4.604041476949629,-4.604041476949629,80.34517427894991,4.400560268451836,-4.400560268451836,74.73290265639174
2010-07-07,2010,188,0,5.677126099071069,-5.677126099071069,86.02230037802099,5.630692036217412,-5.630692036217412,80.36359469260915
2010-07-08,2010,189,0,5.9105843452024605,-5.9105843452024605,91.93288472322345,5.564220941417209,-5.564220941417209,85.92781563402636
2010-07-09,2010,190,0,5.262156556998212,-5.262156556998212,97.19504128022166,5.467751120694071,-5.467751120694071,91.39556675472043
2010-07-10,2010,191,1.4,4.353110798491616,-2.953110798491616,100.14815207871328,4.871444744431951,-3.471444744431951,94.86701149915238
2010-07-11,2010,192,0,4.836535663436843,-4.836535663436843,104.98468774215013,4.974275204369613,-4.974275204369613,99.841286703522
2010-07-12,2010,193,2.6,5.219021627654758,-2.619021627654758,107.60370936980489,5.226611506223338,-2.626611506223338,102.46789820974534
2010-07-13,2010,194,0,5.521368240104331,-5.521368240104331,113.12507760990923,5.003473587409149,-5.003473587409149,107.47137179715449
2010-07-14,2010,195,0,6.037330202102971,-6.037330202102971,119.16240781201219,5.858533725175881,-5.858533725175881,113.32990552233036
2010-07-15,2010,196,0,3.60568544069565,-3.60568544069565,122.76809325270784,4.096409529776987,-4.096409529776987,117.42631505210736
2010-07-16,2010,197,2,5.7585184789842305,-3.7585184789842305,126.52661173169207,5.283638944762004,-3.2836389447620036,120.70995399686936
2010-07-17,2010,198,0,1.885600063288471,-1.885600063288471,128.41221179498055,2.588251040407876,-2.588251040407876,123.29820503727723
2010-07-18,2010,199,0,5.4991861273514795,-5.4991861273514795,133.91139792233204,5.4668440485431695,-5.4668440485431695,128.7650490858204
2010-07-19,2010,200,0,5.458315445489829,-5.458315445489829,139.36971336782187,5.504058064589902,-5.504058064589902,134.26910715041032
2010-07-20,2010,201,0,5.580222989621703,-5.580222989621703,144.94993635744356,5.400440818425694,-5.400440818425694,139.669547968836
2010-07-21,2010,202,5.8,5.499553341234007,0.30044665876599286,144.64948969867757,5.615108775508129,0.1848912244918708,139.48465674434414
2010-07-22,2010,203,3.5,2.575665541410708,0.9243344585892919,143.72515524008827,2.640123024060213,0.8598769759397871,138.62477976840435
2010-07-23,2010,204,16.4,1.198416979243797,15.201583020756201,128.52357221933207,1.7211847177700306,14.678815282229968,123.94596448617439
2010-07-24,2010,205,0,1.3319691622205199,-1.3319691622205199,129.8555413815526,1.928619304860314,-1.928619304860314,125.87458379103471
2010-07-25,2010,206,0.3,4.303076350401441,-4.003076350401441,133.85861773195404,3.933784076753695,-3.6337840767536953,129.5083678677884
2010-07-26,2010,207,2.1,3.6436050118454344,-1.5436050118454343,135.40222274379948,3.1833246350456,-1.0833246350455998,130.591692502834
2010-07-27,2010,208,0,3.829168107367774,-3.829168107367774,139.23139085116725,3.6638980129475724,-3.6638980129475724,134.2555905157816
2010-07-28,2010,209,3.4,2.2448221036198386,1.1551778963801613,138.07621295478708,2.5780275159208426,0.8219724840791574,133.43361803170242
2010-07-29,2010,210,9.3,2.1115907159113267,7.188409284088674,130.88780367069842,2.290027736064073,7.009972263935928,126.4236457677665
2010-07-30,2010,211,2.5,3.7346790759351056,-1.2346790759351056,132.12248274663352,3.40181612044296,-0.9018161204429598,127.32546188820946
2010-07-31,2010,212,0,5.161958146705077,-5.161958146705077,137.2844408933386,4.516898631520284,-4.516898631520284,131.84236051972974
2010-08-01,2010,213,22.1,5.036715988044035,17.063284011955965,120.22115688138263,4.494617421822581,17.60538257817742,114.23697794155231
2010-08-02,2010,214,15.3,0.8679258826286063,14.432074117371394,105.78908276401123,1.4813675874391266,13.818632412560873,100.41834552899144
2010-08-03,2010,215,0,3.599590411958288,-3.599590411958288,109.38867317596952,3.4056598038597516,-3.4056598038597516,103.82400533285119
2010-08-04,2010,216,6.3,4.320121680395594,1.9798783196044054,107.4087948563651,3.882918049217596,2.417081950782404,101.40692338206878
2010-08-05,2010,217,4.5,1.7062255638376693,2.7937744361623307,104.61502042020277,1.9077211372529992,2.592278862747001,98.81464451932179
2010-08-06,2010,218,0,3.073967020188331,-3.073967020188331,107.6889874403911,3.1286501787278174,-3.1286501787278174,101.94329469804961
2010-08-07,2010,219,0,4.57476320337806,-4.57476320337806,112.26375064376916,4.1335278656026295,-4.1335278656026295,106.07682256365224
2010-08-08,2010,220,0.3,3.6801688396878536,-3.3801688396878538,115.64391948345701,3.6318445187239248,-3.331844518723925,109.40866708237617
2010-08-09,2010,221,0,4.883333827761437,-4.883333827761437,120.52725331121844,4.499503889821269,-4.499503889821269,113.90817097219744
2010-08-10,2010,222,0,4.699688038292233,-4.699688038292233,125.22694134951068,4.17978810098642,-4.17978810098642,118.08795907318385
2010-08-11,2010,223,11.6,3.6541814782714908,7.9458185217285084,117.28112282778217,3.53924990866406,8.06075009133594,110.0272089818479
2010-08-12,2010,224,7.6,2.6306584273908555,4.969341572609144,112.31178125517303,2.4141579663463886,5.185842033653611,104.84136694819429
2010-08-13,2010,225,0,3.310500588624203,-3.310500588624203,115.62228184379724,3.1813284818419714,-3.1813284818419714,108.02269543003626
2010-08-14,2010,226,90.3,1.0559124661694452,89.24408753383055,26.378194309966688,1.4700879359231442,88.82991206407685,19.192783365959414
2010-08-15,2010,227,3.5,2.3467963537435472,1.1532036462564528,25.224990663710233,2.482108777644616,1.017891222355384,18.17489214360403
2010-08-16,2010,228,6.2,0.8940935589323864,5.305906441067614,19.91908422264262,1.794973301534021,4.40502669846598,13.76986544513805
2010-08-17,2010,229,0,2.068052773472812,-2.068052773472812,21.98713699611543,2.36710663348135,-2.36710663348135,16.1369720786194
2010-08-18,2010,230,2,1.3175382413144112,0.6824617586855888,21.304675237429844,2.0325702895494953,-0.03257028954949526,16.169542368168898
2010-08-19,2010,231,0,3.7536699493802628,-3.7536699493802628,25.058345186810108,3.253199101428432,-3.253199101428432,19.42274146959733
2010-08-20,2010,232,2.2,2.791575351807662,-0.5915753518076619,25.64992053861777,2.7741295403848665,-0.5741295403848663,19.996871009982197
2010-08-21,2010,233,0,4.677759114215253,-4.677759114215253,30.327679652833023,4.313647311983247,-4.313647311983247,24.310518321965443
2010-08-22,2010,234,0,4.572883021319838,-4.572883021319838,34.90056267415286,4.177181677517694,-4.177181677517694,28.487699999483137
2010-08-23,2010,235,14.4,1.1418001003257139,13.258199899674286,21.64236277447857,1.9485330913637977,12.451466908636203,16.036233090846935
2010-08-24,2010,236,2.9,3.070176146369599,-0.1701761463695992,21.81253892084817,3.063924230102046,-0.16392423010204604,16.200157320948982
2010-08-25,2010,237,0,4.138672918254992,-4.138672918254992,25.95121183910316,3.704623817071004,-3.704623817071004,19.904781138019985
2010-08-26,2010,238,4.8,4.49833232123848,0.30166767876152,25.64954416034164,4.456752942582842,0.343247057417158,19.561534080602826
2010-08-27,2010,239,21.8,2.4490577558047972,19.350942244195203,6.298601916146438,2.516021567103755,19.283978432896244,0.27755564770658125
2010-08-28,2010,240,0,0.7462515243921972,-0.7462515243921972,7.044853440538636,1.7418274104582574,-1.7418274104582574,2.0193830581648387
2010-08-29,2010,241,4,3.187880570129708,0.8121194298702918,6.232734010668343,3.05070330580944,0.9492966941905601,1.0700863639742786
2010-08-30,2010,242,4.6,2.1591185289478543,2.4408814710521454,3.791852539616198,2.1490191668784,2.4509808331215996,0
2010-08-31,2010,243,0,2.6297139283959003,-2.6297139283959003,6.421566468012099,2.692994956547391,-2.692994956547391,2.692994956547391
2010-09-01,2010,244,0,3.0468699789193128,-3.0468699789193128,9.468436446931412,3.230521286118366,-3.230521286118366,5.923516242665757
2010-09-02,2010,245,0,2.5055517709003583,-2.5055517709003583,11.97398821783177,2.5635587998437734,-2.5635587998437734,8.487075042509531
2010-09-03,2010,246,0,3.3818125533089867,-3.3818125533089867,15.355800771140757,3.117054764139262,-3.117054764139262,11.604129806648793
2010-09-04,2010,247,0,2.779935058321002,-2.779935058321002,18.13573582946176,2.980500866636592,-2.980500866636592,14.584630673285385
2010-09-05,2010,248,0,3.164000640613328,-3.164000640613328,21.299736470075086,3.167982129037137,-3.167982129037137,17.752612802322524
2010-09-06,2010,249,1,2.278780497147696,-1.2787804971476961,22.578516967222782,2.291701678761633,-1.2917016787616329,19.044314481084157
2010-09-07,2010,250,2.1,1.3452259156640924,0.7547740843359076,21.823742882886876,1.3752991810705562,0.7247008189294439,18.319613662154712
2010-09-08,2010,251,0,3.3282863881018097,-3.3282863881018097,25.152029270988685,3.0428854832260077,-3.0428854832260077,21.36249914538072
2010-09-09,2010,252,2.5,3.132134735462046,-0.6321347354620461,25.78416400645073,2.6269672355006426,-0.1269672355006426,21.489466380881364
2010-09-10,2010,253,0,3.158825410069562,-3.158825410069562,28.94298941652029,2.816126010736872,-2.816126010736872,24.305592391618237
2010-09-11,2010,254,0,3.0141112636175627,-3.0141112636175627,31.957100680137852,2.991427246845919,-2.991427246845919,27.297019638464157
2010-09-12,2010,255,1.5,3.1613368097798435,-1.6613368097798435,33.618437489917696,2.7017210618809226,-1.2017210618809226,28.49874070034508
2010-09-13,2010,256,0,2.232516831695665,-2.232516831695665,35.85095432161336,2.2312215784787925,-2.2312215784787925,30.729962278823873
2010-09-14,2010,257,0,2.0177200420984085,-2.0177200420984085,37.86867436371177,2.16697240723199,-2.16697240723199,32.896934686055864
2010-09-15,2010,258,0.3,1.0848700706614371,-0.7848700706614371,38.6535444343732,1.9951687615759974,-1.6951687615759974,34.592103447631864
2010-09-16,2010,259,1.2,2.4574563276635537,-1.2574563276635538,39.91100076203676,2.3688602639368153,-1.1688602639368153,35.76096371156868
2010-09-17,2010,260,0,1.751707706362156,-1.751707706362156,41.66270846839891,1.6929831872666354,-1.6929831872666354,37.45394689883531
2010-09-18,2010,261,0,1.2139412400650582,-1.2139412400650582,42.87664970846397,1.8812758012520268,-1.8812758012520268,39.335222700087336
2010-09-19,2010,262,0,2.1668695105104034,-2.1668695105104034,45.043519218974374,2.2386777160822935,-2.2386777160822935,41.57390041616963
2010-09-20,2010,263,0,2.253129074929702,-2.253129074929702,47.29664829390408,2.2967653538636146,-2.2967653538636146,43.87066577003324
2010-09-21,2010,264,0,2.341414857897549,-2.341414857897549,49.638063151801624,2.4172298834181296,-2.4172298834181296,46.28789565345137
2010-09-22,2010,265,0,2.35933403870088,-2.35933403870088,51.997397190502504,2.343168580926172,-2.343168580926172,48.63106423437755
2010-09-23,2010,266,0,2.1748570725598837,-2.1748570725598837,54.172254263062385,2.419619073902576,-2.419619073902576,51.05068330828012
2010-09-24,2010,267,10.5,0.3114800333138783,10.188519966686123,43.98373429637626,1.1122123023253603,9.38778769767464,41.66289561060548
2010-09-25,2010,268,3.5,0.34872243339339704,3.151277566606603,40.83245672976966,0.9578928033107446,2.5421071966892557,39.12078841391622
2010-09-26,2010,269,4.3,0.9369066200429799,3.3630933799570197,37.46936334981264,1.2354996345330886,3.064500365466911,36.05628804844931
2010-09-27,2010,270,0,1.2573486190589753,-1.2573486190589753,38.72671196887161,1.4761039600728036,-1.4761039600728036,37.532392008522116
2010-09-28,2010,271,0,1.2530050392720253,-1.2530050392720253,39.97971700814364,1.288123314708281,-1.288123314708281,38.820515323230396
2010-09-29,2010,272,0,2.0881018746019175,-2.0881018746019175,42.067818882745556,1.7249288610845486,-1.7249288610845486,40.545444184314945
2010-09-30,2010,273,5.8,1.1595758282747404,4.640424171725259,37.4273947110203,1.2220018225251559,4.577998177474844,35.9674460068401
2010-10-01,2010,274,0,1.9246634381068437,-1.9246634381068437,39.35205814912714,1.8256021801813833,-1.8256021801813833,37.79304818702148
2010-10-02,2010,275,0,2.0234548758663062,-2.0234548758663062,41.375513024993445,1.8723533984653271,-1.8723533984653271,39.66540158548681
2010-10-03,2010,276,0.1,1.816775337287079,-1.7167753372870789,43.09228836228053,1.9101663000058227,-1.8101663000058226,41.47556788549264
2010-10-04,2010,277,1,1.0589036632918574,-0.05890366329185737,43.151192025572385,1.5907320109815202,-0.5907320109815202,42.066299896474156
2010-10-05,2010,278,0,1.5346815675904684,-1.5346815675904684,44.68587359316285,1.5561723513718217,-1.5561723513718217,43.62247224784598
2010-10-06,2010,279,0,1.7848524967066741,-1.7848524967066741,46.47072608986953,1.6494918040031683,-1.6494918040031683,45.271964051849146
2010-10-07,2010,280,0,1.373250886355221,-1.373250886355221,47.84397697622475,1.2890078123680315,-1.2890078123680315,46.56097186421718
2010-10-08,2010,281,0,0.8429523035632731,-0.8429523035632731,48.686929279788025,0.8607113631004047,-0.8607113631004047,47.42168322731759
2010-10-09,2010,282,0,0.5924892392160809,-0.5924892392160809,49.2794185190041,0.8242422929310502,-0.8242422929310502,48.24592552024864
2010-10-10,2010,283,0,0.4760647266028417,-0.4760647266028417,49.755483245606946,0.9125806445208188,-0.9125806445208188,49.158506164769456
2010-10-11,2010,284,0,0.562134051923883,-0.562134051923883,50.31761729753083,1.1102505852573141,-1.1102505852573141,50.26875675002677
2010-10-12,2010,285,0,0.5097863035366442,-0.5097863035366442,50.82740360106747,0.9832502530217478,-0.9832502530217478,51.25200700304852
2010-10-13,2010,286,0,0.48394203574093553,-0.48394203574093553,51.31134563680841,0.968750610373001,-0.968750610373001,52.22075761342152
2010-10-14,2010,287,0,0.02772108394437754,-0.02772108394437754,51.33906672075279,0.8423360654780185,-0.8423360654780185,53.063093678899534
2010-10-15,2010,288,0.5,0.8771776744681918,-0.37717767446819184,51.71624439522098,1.2118148135303164,-0.7118148135303164,53.77490849242985
2010-10-16,2010,289,7.9,0.2922427829489659,7.607757217051034,44.10848717816995,0.6662752201246501,7.233724779875351,46.5411837125545
2010-10-17,2010,290,3.4,0.5169654982571513,2.8830345017428485,41.2254526764271,0.7052346040493807,2.6947653959506193,43.84641831660388
2010-10-18,2010,291,0,0.2616301066755516,-0.2616301066755516,41.48708278310266,0.7416649058039455,-0.7416649058039455,44.588083222407825
2010-10-19,2010,292,2.7,0.5318487714000403,2.16815122859996,39.3189315545027,0.8470789366882182,1.8529210633117819,42.73516215909604
2010-10-20,2010,293,2.4,0.9008553428442042,1.4991446571557958,37.8197868973469,1.038078971575147,1.3619210284248529,41.37324113067119
2010-10-21,2010,294,0,0.5178064283997713,-0.5178064283997713,38.337593325746674,0.7976402771309947,-0.7976402771309947,42.170881407802185
2010-10-22,2010,295,2.8,0.4489169835381246,2.3510830164618755,35.986510309284796,0.6296907706474759,2.170309229352524,40.00057217844966
2010-10-23,2010,296,16.4,0.10242993471858713,16.297570065281413,19.688940244003383,0.999155254605495,15.400844745394503,24.599727433055158
2010-10-24,2010,297,13.4,0.4601657749703504,12.93983422502965,6.749106018973734,0.683740898794048,12.716259101205953,11.883468331849205
2010-10-25,2010,298,0.6,0.2440417164253669,0.3559582835746331,6.393147735399101,0.8635236758726959,-0.2635236758726959,12.1469920077219
2010-10-26,2010,299,0,0.5926545661210857,-0.5926545661210857,6.985802301520186,1.0319426279934427,-1.0319426279934427,13.178934635715343
2010-10-27,2010,300,0,0.7061321291676379,-0.7061321291676379,7.691934430687824,0.6442422186107285,-0.6442422186107285,13.823176854326071
2010-10-28,2010,301,0,0.566921295008429,-0.566921295008429,8.258855725696254,0.729259489666037,-0.729259489666037,14.552436343992108
2010-10-29,2010,302,0,0.5380081707208586,-0.5380081707208586,8.796863896417113,0.7007158385926108,-0.7007158385926108,15.253152182584719
2010-10-30,2010,303,0,0.20862934955208198,-0.20862934955208198,9.005493245969195,0.6931873320502061,-0.6931873320502061,15.946339514634925
2010-10-31,2010,304,0,-0.16770833271573612,0.16770833271573612,8.837784913253458,0.5898450572315772,-0.5898450572315772,16.536184571866503
2010-11-01,2010,305,0,0.38685577481291367,-0.38685577481291367,9.224640688066371,0.6967215136708061,-0.6967215136708061,17.23290608553731
2010-11-02,2010,306,0,0.42279377225598325,-0.42279377225598325,9.647434460322355,0.7138548256742845,-0.7138548256742845,17.946760911211594
2010-11-03,2010,307,0,0.3661268272149955,-0.3661268272149955,10.01356128753735,0.7908376914466146,-0.7908376914466146,18.73759860265821
2010-11-04,2010,308,0,0.31350942558631173,-0.31350942558631173,10.32707071312366,0.9497436186268485,-0.9497436186268485,19.687342221285057
2010-11-05,2010,309,0,0.6943992321621579,-0.6943992321621579,11.02146994528582,0.6555644651995393,-0.6555644651995393,20.342906686484596
2010-11-06,2010,310,0,0.48863456099327457,-0.48863456099327457,11.510104506279093,1.0159845785797637,-1.0159845785797637,21.35889126506436
2010-11-07,2010,311,5.9,-0.34373698389936463,6.243736983899365,5.266367522379729,0.8078422905411629,5.092157709458838,16.266733555605523
2010-11-08,2010,312,4.2,0.2389350638589155,3.9610649361410846,1.305302586238644,0.5335180535563961,3.666481946443604,12.60025160916192
2010-11-09,2010,313,0.2,0.5341280664777633,-0.33412806647776333,1.6394306527164073,0.4293997688838028,-0.2293997688838028,12.829651378045723
2010-11-10,2010,314,2.5,0.10375952556953558,2.3962404744304644,0,0.6510678826904323,1.8489321173095679,10.980719260736155
2010-11-11,2010,315,5.2,0.4591728521891607,4.7408271478108395,0,0.770731812005105,4.429268187994895,6.55145107274126
2010-11-12,2010,316,16.6,-0.036065429347659335,16.63606542934766,0,1.0213013036678273,15.578698696332173,0
2010-11-13,2010,317,0,-0.07170814986161005,0.07170814986161005,0,1.4418062906438585,-1.4418062906438585,1.4418062906438585
2010-11-14,2010,318,1.7,0.27861590744572773,1.4213840925542722,0,0.5230337650602161,1.1769662349397838,0.26484005570407465
2010-11-15,2010,319,22.3,0.06182111382264955,22.23817888617735,0,0.5547474235844754,21.745252576415524,0
2010-11-16,2010,320,2.1,0.1901694546537526,1.9098305453462474,0,0.45954262918209843,1.6404573708179018,0
2010-11-17,2010,321,0,-0.11470481858866223,0.11470481858866223,0,0.41628282685067525,-0.41628282685067525,0.41628282685067525
2010-11-18,2010,322,1.3,0.0856317538072513,1.2143682461927487,0,0.41765510468572037,0.8823448953142796,0
2010-11-19,2010,323,0,-0.134186385967667,0.134186385967667,0,0.30810782961705296,-0.30810782961705296,0.30810782961705296
2010-11-20,2010,324,0,0.058103528766224606,-0.058103528766224606,0.058103528766224606,0.33492685642171893,-0.33492685642171893,0.6430346860387719
2010-11-21,2010,325,0,0.07812479751391291,-0.07812479751391291,0.1362283262801375,0.4251322254831231,-0.4251322254831231,1.068166911521895
2010-11-22,2010,326,2.3,0.01989156497916725,2.2801084350208325,0,0.4427800784388514,1.8572199215611485,0
2010-11-23,2010,327,1,-0.04743409617307978,1.0474340961730797,0,0.44242993869143904,0.557570061308561,0
2010-11-24,2010,328,0.1,-0.09713259617078422,0.1971325961707842,0,0.6016900778135552,-0.5016900778135552,0.5016900778135552
2010-11-25,2010,329,8.9,0.00741557361657154,8.89258442638343,0,0.4066074384918615,8.49339256150814,0
2010-11-26,2010,330,0.1,0.042818866661844715,0.05718113333815529,0,0.298005561942326,-0.19800556194232602,0.19800556194232602
2010-11-27,2010,331,5,-0.1848978067894696,5.184897806789469,0,0.22303338533676695,4.776966614663233,0
2010-11-28,2010,332,1.6,0.11587846425848808,1.484121535741512,0,0.20773190007890335,1.3922680999210968,0
2010-11-29,2010,333,0.1,-0.11865020031639976,0.21865020031639976,0,0.23570101685742226,-0.13570101685742225,0.13570101685742225
2010-11-30,2010,334,1.4,0.034063203295495156,1.3659367967045049,0,0.14936945562410597,1.2506305443758938,0
2010-12-01,2010,335,9.4,0.12147795605192907,9.27852204394807,0,0.3491647526664865,9.050835247333513,0
2010-12-02,2010,336,0,-0.117233409212184,0.117233409212184,0,0.1939901931363781,-0.1939901931363781,0
2010-12-03,2010,337,0,0.13260963448342084,-0.13260963448342084,0.13260963448342084,0.08462700906971841,-0.08462700906971841,0.08462700906971841
2010-12-04,2010,338,0,0.019055957596827003,-0.019055957596827003,0.15166559208024782,0.048636000987256595,-0.048636000987256595,0.133263010056975
2010-12-05,2010,339,13.8,0.18359722141960325,13.616402778580397,0,0.2577672898800525,13.542232710119949,0
2010-12-06,2010,340,23.8,0.3838064581206632,23.416193541879338,0,0.3107061258508401,23.489293874149162,0
2010-12-07,2010,341,4.5,0.2921407927593801,4.20785920724062,0,0.21332923091554687,4.286670769084453,0
2010-12-08,2010,342,14.1,0.496960952971613,13.603039047028387,0,0.24887102348300563,13.851128976516994,0
2010-12-09,2010,343,0,-0.35926284254846974,0.35926284254846974,0,0.38226867172257606,-0.38226867172257606,0.38226867172257606
2010-12-10,2010,344,0,-0.23460130249583558,0.23460130249583558,0,0.49271002943132225,-0.49271002943132225,0.8749787011538983
2010-12-11,2010,345,0,-0.1886213237188277,0.1886213237188277,0,0.1804659847844359,-0.1804659847844359,1.0554446859383342
2010-12-12,2010,346,1.9,-0.0208587492252607,1.9208587492252607,0,0.12197852803999046,1.7780214719600094,0
2010-12-13,2010,347,0,-0.6634676805492444,0.6634676805492444,0,0.4065164291623558,-0.4065164291623558,0.4065164291623558
2010-12-14,2010,348,0.1,-0.21075354724044268,0.3107535472404427,0,0.2693245960638351,-0.16932459606383507,0.5758410252261909
2010-12-15,2010,349,0.3,-0.024773759656602,0.324773759656602,0,0.30048148036977124,-4.8148036977124775e-4,0.5763225055959621
2010-12-16,2010,350,3.1,0.07573530447206259,3.0242646955279375,0,0.2550600749542114,2.8449399250457885,0
2010-12-17,2010,351,0.7,0.1684896768842642,0.5315103231157358,0,0.3434333654209492,0.35656663457905075,0
2010-12-18,2010,352,0.1,-0.1863317219822548,0.2863317219822548,0,0.1470856399408771,-0.04708563994087708,0.04708563994087708
2010-12-19,2010,353,0.4,-0.05551005719126486,0.45551005719126486,0,0.5771808212428731,-0.17718082124287304,0.22426646118375013
2010-12-20,2010,354,0,0.027095998572787286,-0.027095998572787286,0.027095998572787286,1.3299905096009494,-1.3299905096009494,1.5542569707846996
2010-12-21,2010,355,3.5,-0.3240204283180302,3.8240204283180304,0,0.4346066496003848,3.0653933503996154,0
2010-12-22,2010,356,1.6,0.2386015895024288,1.3613984104975714,0,0.21582471781206028,1.3841752821879398,0
2010-12-23,2010,357,5.4,-0.24669871372802737,5.646698713728028,0,0.28993763154387286,5.110062368456127,0
2010-12-24,2010,358,16.9,0.1414599829551689,16.75854001704483,0,0.3265270384061689,16.57347296159383,0
2010-12-25,2010,359,0.2,0.017143575137073517,0.1828564248629265,0,0.31709261268971195,-0.11709261268971194,0.11709261268971194
2010-12-26,2010,360,0,-0.2887897438396068,0.2887897438396068,0,0.12695108894337728,-0.12695108894337728,0.24404370163308922
2010-12-27,2010,361,0,0.02469819492014842,-0.02469819492014842,0.02469819492014842,0.14716634461098552,-0.14716634461098552,0.39121004624407474
2010-12-28,2010,362,4,0.2052064876484222,3.794793512351578,0,0.28145859637839393,3.718541403621606,0
2010-12-29,2010,363,0,0.4399785978827232,-0.4399785978827232,0.4399785978827232,0.16370551195349609,-0.16370551195349609,0.16370551195349609
2010-12-30,2010,364,0,0.26534561746794066,-0.26534561746794066,0.7053242153506638,0.26821799205535046,-0.26821799205535046,0.43192350400884655
2010-12-31,2010,365,0,0.31660203125678804,-0.31660203125678804,1.021926246607452,0.23459322979357727,-0.23459322979357727,0.6665167338024238
2011-01-01,2011,1,0,0.2035630778013894,-0.2035630778013894,1.2254893244088414,0.34259345397150676,-0.34259345397150676,1.0091101877739306
2011-01-02,2011,2,0,-0.17243281830913723,0.17243281830913723,1.0530565060997041,0.4320442247137142,-0.4320442247137142,1.4411544124876448
2011-01-03,2011,3,0,-0.39235215890260017,0.39235215890260017,0.6607043471971039,0.21156847912077364,-0.21156847912077364,1.6527228916084185
2011-01-04,2011,4,0,0.1021621622387775,-0.1021621622387775,0.7628665094358814,0.3212965559217599,-0.3212965559217599,1.9740194475301784
2011-01-05,2011,5,0.2,0.038369641217043844,0.16163035878295617,0.6012361506529252,0.26213756966889895,-0.06213756966889894,2.0361570171990775
2011-01-06,2011,6,3.5,0.39998088594510384,3.1000191140548963,0,0.4194107319471552,3.0805892680528446,0
2011-01-07,2011,7,3.1,0.4463618847844344,2.653638115215566,0,0.17490289371999446,2.9250971062800057,0
2011-01-08,2011,8,0.1,0.18068515869030727,-0.08068515869030726,0.08068515869030726,0.21526041615733368,-0.11526041615733368,0.11526041615733368
2011-01-09,2011,9,14,-0.17468448066999528,14.174684480669995,0,0.40135102822299434,13.598648971777006,0
2011-01-10,2011,10,0,0.31093235813606646,-0.31093235813606646,0.31093235813606646,0.37105520045452717,-0.37105520045452717,0.37105520045452717
2011-01-11,2011,11,3.4,0.13035778382233112,3.269642216177669,0,0.5046866705902533,2.8953133294097464,0
2011-01-12,2011,12,4.7,0.08341871516479255,4.616581284835208,0,0.5040752095735208,4.19592479042648,0
2011-01-13,2011,13,0,0.027644497142095482,-0.027644497142095482,0.027644497142095482,0.6201898331702003,-0.6201898331702003,0.6201898331702003
2011-01-14,2011,14,3.2,-0.15170295598100134,3.3517029559810014,0,0.44125276569360344,2.7587472343063966,0
2011-01-15,2011,15,0,-0.10972239031521566,0.10972239031521566,0,0.2831602813160255,-0.2831602813160255,0.2831602813160255
2011-01-16,2011,16,0,-0.3468953398532861,0.3468953398532861,0,0.16984223327799372,-0.16984223327799372,0.4530025145940192
2011-01-17,2011,17,0,-0.2625323471512888,0.2625323471512888,0,0.1761536242951209,-0.1761536242951209,0.6291561388891401
2011-01-18,2011,18,0,-0.1050612240054346,0.1050612240054346,0,0.26809881752003356,-0.26809881752003356,0.8972549564091736
2011-01-19,2011,19,0,-0.39534883232055107,0.39534883232055107,0,0.5056340940963129,-0.5056340940963129,1.4028890505054865
2011-01-20,2011,20,1.8,-0.264082957396187,2.064082957396187,0,0.3101094744530128,1.4898905255469872,0
2011-01-21,2011,21,0,-0.10197981096563298,0.10197981096563298,0,0.6423101975097796,-0.6423101975097796,0.6423101975097796
2011-01-22,2011,22,0,0.003479053403696865,-0.003479053403696865,0.003479053403696865,0.6753354135687685,-0.6753354135687685,1.317645611078548
2011-01-23,2011,23,0,0.014726980464925234,-0.014726980464925234,0.0182060338686221,0.48518258029769157,-0.48518258029769157,1.8028281913762396
2011-01-24,2011,24,0,-4.4075784434425164e-4,4.4075784434425164e-4,0.01776527602427785,0.2396454840326361,-0.2396454840326361,2.0424736754088757
2011-01-25,2011,25,0.3,0.47716573140520147,-0.17716573140520148,0.19493100742947933,0.5390190538945153,-0.23901905389451533,2.281492729303391
2011-01-26,2011,26,0,0.051394475828442705,-0.051394475828442705,0.24632548325792203,0.3841353931564571,-0.3841353931564571,2.6656281224598484
2011-01-27,2011,27,0,0.1378814784114038,-0.1378814784114038,0.38420696166932583,0.43335592162881853,-0.43335592162881853,3.0989840440886667
2011-01-28,2011,28,0,0.09589072460039484,-0.09589072460039484,0.48009768626972066,0.6211797993128997,-0.6211797993128997,3.7201638434015663
2011-01-29,2011,29,0,0.17873809729909143,-0.17873809729909143,0.6588357835688121,0.5171571459720511,-0.5171571459720511,4.237320989373617
2011-01-30,2011,30,0,0.07249057984823475,-0.07249057984823475,0.7313263634170468,0.44052933655023285,-0.44052933655023285,4.67785032592385
2011-01-31,2011,31,0,0.18309436326925552,-0.18309436326925552,0.9144207266863024,0.43446948523381235,-0.43446948523381235,5.112319811157662
2011-02-01,2011,32,0,0.08500031763536639,-0.08500031763536639,0.9994210443216688,0.3668199992733785,-0.3668199992733785,5.4791398104310405
2011-02-02,2011,33,0,0.21003371256319123,-0.21003371256319123,1.20945475688486,0.44722556428014376,-0.44722556428014376,5.926365374711184
2011-02-03,2011,34,0,0.14663130854611028,-0.14663130854611028,1.3560860654309703,0.35945580595308985,-0.35945580595308985,6.285821180664274
2011-02-04,2011,35,0,0.2937932824736573,-0.2937932824736573,1.6498793479046276,0.7627339757026804,-0.7627339757026804,7.048555156366954
2011-02-05,2011,36,0,-0.07615078271230942,0.07615078271230942,1.5737285651923183,0.7683886042179587,-0.7683886042179587,7.8169437605849135
2011-02-06,2011,37,0,0.029849201580407374,-0.029849201580407374,1.6035777667727256,0.5642542221282797,-0.5642542221282797,8.381197982713193
2011-02-07,2011,38,0,0.037653090845833834,-0.037653090845833834,1.6412308576185595,0.7006505062235961,-0.7006505062235961,9.081848488936789
2011-02-08,2011,39,0,0.0716510528106847,-0.0716510528106847,1.712881910429244,0.8144576764090244,-0.8144576764090244,9.896306165345813
2011-02-09,2011,40,0,0.1197767803121549,-0.1197767803121549,1.832658690741399,0.5703041380118731,-0.5703041380118731,10.466610303357685
2011-02-10,2011,41,0,0.3125590944679367,-0.3125590944679367,2.145217785209336,0.7368972089451352,-0.7368972089451352,11.20350751230282
2011-02-11,2011,42,0,0.33722824513615823,-0.33722824513615823,2.482446030345494,0.8187528065362062,-0.8187528065362062,12.022260318839027
2011-02-12,2011,43,0,0.3577783343877533,-0.3577783343877533,2.8402243647332472,0.728870056214843,-0.728870056214843,12.75113037505387
2011-02-13,2011,44,0,0.48701872099500637,-0.48701872099500637,3.3272430857282536,0.7404391216865969,-0.7404391216865969,13.491569496740468
2011-02-14,2011,45,0,0.535542398494257,-0.535542398494257,3.8627854842225107,0.8072471291479465,-0.8072471291479465,14.298816625888414
2011-02-15,2011,46,0.6,0.12184306034321293,0.47815693965678707,3.3846285445657234,0.5609395927580931,0.03906040724190685,14.259756218646507
2011-02-16,2011,47,0,0.12803042089669842,-0.12803042089669842,3.5126589654624216,0.4848482235175589,-0.4848482235175589,14.744604442164066
2011-02-17,2011,48,0,0.6226955122632429,-0.6226955122632429,4.135354477725665,0.8055108257848619,-0.8055108257848619,15.550115267948929
2011-02-18,2011,49,0,0.3410012533316357,-0.3410012533316357,4.476355731057301,0.7055182960832999,-0.7055182960832999,16.25563356403223
2011-02-19,2011,50,1.7,0.5393070839875295,1.1606929160124704,3.3156628150448304,0.6894079218432342,1.0105920781567659,15.245041485875465
2011-02-20,2011,51,10.8,0.0928294817795268,10.707170518220474,0,0.5236470000806526,10.276352999919348,4.9686884859561165
2011-02-21,2011,52,1.4,0.24326520491221357,1.1567347950877864,0,0.6460702553965535,0.7539297446034464,4.21475874135267
2011-02-22,2011,53,0,0.227311474692637,-0.227311474692637,0.227311474692637,0.6724358994979269,-0.6724358994979269,4.887194640850597
2011-02-23,2011,54,0,0.5470037684180026,-0.5470037684180026,0.7743152431106396,0.9321584817540866,-0.9321584817540866,5.819353122604683
2011-02-24,2011,55,2.9,0.32696632624264965,2.57303367375735,0,0.5315681942497114,2.3684318057502884,3.450921316854395
2011-02-25,2011,56,0,0.7979990126042832,-0.7979990126042832,0.7979990126042832,0.8369651405670582,-0.8369651405670582,4.287886457421453
2011-02-26,2011,57,6.2,0.35346309307948304,5.846536906920517,0,0.7341277441332904,5.46587225586671,0
2011-02-27,2011,58,6.3,0.7020199347542447,5.597980065245755,0,0.7702060856736316,5.529793914326368,0
2011-02-28,2011,59,0.1,-0.14010778416193245,0.24010778416193246,0,0.5126976488255719,-0.4126976488255719,0.4126976488255719
2011-03-01,2011,60,0,-0.06765696518639176,0.06765696518639176,0,0.764750459412223,-0.764750459412223,1.1774481082377948
2011-03-02,2011,61,0,0.21321954940078552,-0.21321954940078552,0.21321954940078552,1.0649458891008305,-1.0649458891008305,2.2423939973386253
2011-03-03,2011,62,0,0.6001106428077412,-0.6001106428077412,0.8133301922085268,1.1704692551110196,-1.1704692551110196,3.412863252449645
2011-03-04,2011,63,0,0.4577030505026775,-0.4577030505026775,1.2710332427112043,0.9354176877568842,-0.9354176877568842,4.3482809402065294
2011-03-05,2011,64,0,0.7645423015699256,-0.7645423015699256,2.03557554428113,1.0167651887820868,-1.0167651887820868,5.365046128988617
2011-03-06,2011,65,0,0.711288190219806,-0.711288190219806,2.746863734500936,1.2230632081309398,-1.2230632081309398,6.5881093371195565
2011-03-07,2011,66,0,0.9252539320322505,-0.9252539320322505,3.6721176665331865,1.2951772121475933,-1.2951772121475933,7.88328654926715
2011-03-08,2011,67,0,1.0314698217297977,-1.0314698217297977,4.7035874882629845,1.2795417925681252,-1.2795417925681252,9.162828341835276
2011-03-09,2011,68,0,1.2265308392026093,-1.2265308392026093,5.9301183274655935,1.4423927339541773,-1.4423927339541773,10.605221075789453
2011-03-10,2011,69,0,1.3414607169540758,-1.3414607169540758,7.271579044419669,1.8280087774993106,-1.8280087774993106,12.433229853288763
2011-03-11,2011,70,0,1.2807623473553784,-1.2807623473553784,8.552341391775048,1.5143950169406475,-1.5143950169406475,13.947624870229411
2011-03-12,2011,71,0,0.616455241713698,-0.616455241713698,9.168796633488746,1.081821237992198,-1.081821237992198,15.02944610822161
2011-03-13,2011,72,0,0.34894067513805416,-0.34894067513805416,9.517737308626801,1.0773126991092565,-1.0773126991092565,16.106758807330866
2011-03-14,2011,73,0,1.6105946753964584,-1.6105946753964584,11.128331984023259,1.8067383519162943,-1.8067383519162943,17.91349715924716
2011-03-15,2011,74,0,1.2823385053851935,-1.2823385053851935,12.410670489408453,1.791863147345667,-1.791863147345667,19.705360306592826
2011-03-16,2011,75,0.6,0.19085596759625828,0.4091440324037417,12.001526457004712,1.0821785856612938,-0.4821785856612938,20.18753889225412
2011-03-17,2011,76,3,0.06084529448784439,2.9391547055121556,9.062371751492556,0.7402396499875459,2.259760350012454,17.92777854224167
2011-03-18,2011,77,4.1,1.4457881938673787,2.654211806132621,6.408159945359935,1.6049128682347809,2.495087131765219,15.43269141047645
2011-03-19,2011,78,5.6,0.08204575696434253,5.517954243035657,0.8902057023242778,0.7124707918936817,4.887529208106318,10.545162202370133
2011-03-20,2011,79,0,1.3797966457434672,-1.3797966457434672,2.270002348067745,1.887561775072332,-1.887561775072332,12.432723977442464
2011-03-21,2011,80,0,1.4450395943418304,-1.4450395943418304,3.7150419424095755,2.2681713431969537,-2.2681713431969537,14.700895320639418
2011-03-22,2011,81,0,1.574254696260626,-1.574254696260626,5.289296638670201,1.9952085561516895,-1.9952085561516895,16.696103876791106
2011-03-23,2011,82,0,1.8271810949108922,-1.8271810949108922,7.116477733581093,2.299666211244351,-2.299666211244351,18.995770088035457
2011-03-24,2011,83,0,1.878590870163029,-1.878590870163029,8.995068603744123,2.093296437257959,-2.093296437257959,21.089066525293415
2011-03-25,2011,84,0,2.043689164151153,-2.043689164151153,11.038757767895277,2.4437424907850795,-2.4437424907850795,23.532809016078495
2011-03-26,2011,85,0,1.020363342898415,-1.020363342898415,12.059121110793692,1.8558593568013841,-1.8558593568013841,25.38866837287988
2011-03-27,2011,86,0.2,1.4979597986841653,-1.2979597986841653,13.357080909477856,1.7010432329837675,-1.5010432329837675,26.88971160586365
2011-03-28,2011,87,0.1,0.8204627977755055,-0.7204627977755055,14.077543707253362,1.281219415052672,-1.1812194150526718,28.07093102091632
2011-03-29,2011,88,2.7,2.458147622217153,0.24185237778284696,13.835691329470515,2.3313819343419486,0.36861806565805155,27.702312955258268
2011-03-30,2011,89,0.1,1.6161017649320857,-1.5161017649320856,15.351793094402602,1.7663285108702735,-1.6663285108702734,29.36864146612854
2011-03-31,2011,90,3.1,1.0478969253996764,2.052103074600324,13.299690019802277,1.4116176190641676,1.6883823809358325,27.68025908519271
2011-04-01,2011,91,0,2.4845821637039327,-2.4845821637039327,15.78427218350621,2.4839815436301507,-2.4839815436301507,30.16424062882286
2011-04-02,2011,92,0,2.782906015917735,-2.782906015917735,18.567178199423946,2.947975575617497,-2.947975575617497,33.11221620444036
2011-04-03,2011,93,7.3,2.6328486662231922,4.667151333776808,13.900026865647138,2.857852251240641,4.442147748759359,28.670068455680997
2011-04-04,2011,94,6.8,1.0194890022304952,5.780510997769505,8.119515867877634,1.4104516345149758,5.389548365485024,23.280520090195974
2011-04-05,2011,95,0,2.4386946378369148,-2.4386946378369148,10.558210505714548,2.5024627173472993,-2.5024627173472993,25.782982807543274
2011-04-06,2011,96,0,3.1687697266987827,-3.1687697266987827,13.72698023241333,3.247465645509329,-3.247465645509329,29.030448453052603
2011-04-07,2011,97,0,3.265228797286585,-3.265228797286585,16.992209029699914,3.3805958297366225,-3.3805958297366225,32.41104428278923
2011-04-08,2011,98,0,3.1662524425226923,-3.1662524425226923,20.158461472222605,3.4760903026555354,-3.4760903026555354,35.88713458544476
2011-04-09,2011,99,0,3.1626218405518713,-3.1626218405518713,23.321083312774476,4.096503489760722,-4.096503489760722,39.983638075205484
2011-04-10,2011,100,0,2.9849866725764183,-2.9849866725764183,26.306069985350895,4.430858140152462,-4.430858140152462,44.41449621535794
2011-04-11,2011,101,0,3.008844308439734,-3.008844308439734,29.31491429379063,3.239651891643874,-3.239651891643874,47.65414810700182
2011-04-12,2011,102,0,0.31035157602615,-0.31035157602615,29.62526586981678,1.7196075411008376,-1.7196075411008376,49.37375564810265
2011-04-13,2011,103,0,2.781362848351707,-2.781362848351707,32.406628718168484,2.7404926257822857,-2.7404926257822857,52.11424827388494
2011-04-14,2011,104,0,1.8222899955558887,-1.8222899955558887,34.228918713724376,2.681778586016355,-2.681778586016355,54.796026859901296
2011-04-15,2011,105,0,2.7596997549722957,-2.7596997549722957,36.98861846869667,3.185223014517455,-3.185223014517455,57.98124987441875
2011-04-16,2011,106,0,2.8918332624821654,-2.8918332624821654,39.88045173117884,3.0632106401840016,-3.0632106401840016,61.044460514602754
2011-04-17,2011,107,0,3.030242203925452,-3.030242203925452,42.91069393510429,3.051237348450184,-3.051237348450184,64.09569786305293
2011-04-18,2011,108,0,3.1278035863622837,-3.1278035863622837,46.038497521466574,3.0997195985464554,-3.0997195985464554,67.19541746159939
2011-04-19,2011,109,0,3.188806520783734,-3.188806520783734,49.22730404225031,3.4213212963484234,-3.4213212963484234,70.61673875794781
2011-04-20,2011,110,0,3.451342458699678,-3.451342458699678,52.67864650094999,3.4426647694532466,-3.4426647694532466,74.05940352740106
2011-04-21,2011,111,0,3.4375392277531414,-3.4375392277531414,56.11618572870313,3.5521853277283486,-3.5521853277283486,77.61158885512941
2011-04-22,2011,112,0,3.4622283349919414,-3.4622283349919414,59.57841406369507,3.7591342900426605,-3.7591342900426605,81.37072314517208
2011-04-23,2011,113,1.1,3.0083330731799354,-1.9083330731799353,61.486747136875,3.2767315527503396,-2.1767315527503395,83.54745469792242
2011-04-24,2011,114,0,2.9680853385245887,-2.9680853385245887,64.4548324753996,2.9947565842338406,-2.9947565842338406,86.54221128215626
2011-04-25,2011,115,0,3.683018594054967,-3.683018594054967,68.13785106945457,4.488046436854345,-4.488046436854345,91.0302577190106
2011-04-26,2011,116,0,3.4421083641771744,-3.4421083641771744,71.57995943363174,4.200706460129879,-4.200706460129879,95.23096417914049
2011-04-27,2011,117,0.2,2.114880796274134,-1.914880796274134,73.49484022990588,2.52892572582667,-2.32892572582667,97.55988990496715
2011-04-28,2011,118,0,2.741472594480429,-2.741472594480429,76.2363128243863,2.8772133165727274,-2.8772133165727274,100.43710322153987
2011-04-29,2011,119,0.4,2.7505477060776995,-2.3505477060776996,78.58686053046401,2.5947856699015626,-2.1947856699015627,102.63188889144143
2011-04-30,2011,120,1.2,2.961259707702564,-1.7612597077025642,80.34812023816657,2.9800322281667073,-1.7800322281667074,104.41192111960814
2011-05-01,2011,121,0,4.076152137500482,-4.076152137500482,84.42427237566706,3.8261447741378056,-3.8261447741378056,108.23806589374594
2011-05-02,2011,122,1.9,3.795643811203368,-1.8956438112033682,86.31991618687043,3.775591101059759,-1.8755911010597592,110.1136569948057
2011-05-03,2011,123,8.6,1.9902506554920758,6.609749344507923,79.71016684236251,2.336210108345549,6.263789891654451,103.84986710315124
2011-05-04,2011,124,0,3.5410416672915983,-3.5410416672915983,83.2512085096541,3.6968701261108197,-3.6968701261108197,107.54673722926206
2011-05-05,2011,125,0,3.7674316571948614,-3.7674316571948614,87.01864016684897,3.9735414579082318,-3.9735414579082318,111.52027868717029
2011-05-06,2011,126,0,4.083924542987253,-4.083924542987253,91.10256470983622,3.9564706382697454,-3.9564706382697454,115.47674932544004
2011-05-07,2011,127,0,3.98399991619052,-3.98399991619052,95.08656462602674,4.090998503772668,-4.090998503772668,119.5677478292127
2011-05-08,2011,128,0,3.514991001416048,-3.514991001416048,98.60155562744279,4.02920915181145,-4.02920915181145,123.59695698102416
2011-05-09,2011,129,0,4.179897141124783,-4.179897141124783,102.78145276856758,4.706445461509433,-4.706445461509433,128.3034024425336
2011-05-10,2011,130,0,3.8226747855968872,-3.8226747855968872,106.60412755416446,4.016514441976849,-4.016514441976849,132.31991688451046
2011-05-11,2011,131,0,3.843354373672209,-3.843354373672209,110.44748192783668,4.295312797953261,-4.295312797953261,136.61522968246373
2011-05-12,2011,132,3.3,0.8524811827424716,2.447518817257528,107.99996311057915,1.736278039686924,1.5637219603130759,135.05150772215066
2011-05-13,2011,133,0,5.051761131740125,-5.051761131740125,113.05172424231927,4.500328315276094,-4.500328315276094,139.55183603742677
2011-05-14,2011,134,21.1,0.9718533931747205,20.128146606825283,92.92357763549398,1.5521331391007689,19.547866860899234,120.00396917652753
2011-05-15,2011,135,2.7,2.5007968583773508,0.1992031416226494,92.72437449387134,2.443245544239999,0.2567544557600012,119.74721472076753
2011-05-16,2011,136,0,3.4180097740827744,-3.4180097740827744,96.14238426795411,3.263717788616808,-3.263717788616808,123.01093250938433
2011-05-17,2011,137,0,4.407806557695911,-4.407806557695911,100.55019082565002,3.9097476703547267,-3.9097476703547267,126.92068017973907
2011-05-18,2011,138,0,4.646713012599303,-4.646713012599303,105.19690383824933,4.401916168723309,-4.401916168723309,131.32259634846238
2011-05-19,2011,139,0.5,3.262805142534951,-2.762805142534951,107.95970898078428,3.5717539277368684,-3.0717539277368684,134.39435027619925
2011-05-20,2011,140,0,4.866501592848987,-4.866501592848987,112.82621057363328,4.582641973077996,-4.582641973077996,138.97699224927723
2011-05-21,2011,141,0.2,5.12678759502466,-4.92678759502466,117.75299816865794,4.979641184881497,-4.779641184881497,143.75663343415872
2011-05-22,2011,142,0,3.9374637253640055,-3.9374637253640055,121.69046189402195,4.17735141935273,-4.17735141935273,147.93398485351145
2011-05-23,2011,143,0,4.813824564123531,-4.813824564123531,126.50428645814549,4.718809370062356,-4.718809370062356,152.6527942235738
2011-05-24,2011,144,0,5.2524318077318375,-5.2524318077318375,131.7567182658773,5.477370469412231,-5.477370469412231,158.13016469298603
2011-05-25,2011,145,0,5.236832161864509,-5.236832161864509,136.9935504277418,5.6035532395741665,-5.6035532395741665,163.73371793256018
2011-05-26,2011,146,0,3.975231504386807,-3.975231504386807,140.96878193212862,5.016504804257821,-5.016504804257821,168.750222736818
2011-05-27,2011,147,6.3,1.383825173789581,4.916174826210419,136.0526071059182,2.0243504482350705,4.275649551764929,164.47457318505306
2011-05-28,2011,148,0,4.339541227076903,-4.339541227076903,140.3921483329951,4.0984156865253185,-4.0984156865253185,168.5729888715784
2011-05-29,2011,149,0,4.984820701107484,-4.984820701107484,145.3769690341026,4.704910694225789,-4.704910694225789,173.27789956580418
2011-05-30,2011,150,3.3,5.690544838731712,-2.390544838731712,147.7675138728343,5.311496565916854,-2.011496565916854,175.28939613172102
2011-05-31,2011,151,24.7,1.1911946414486567,23.508805358551342,124.25870851428294,1.6191505810579192,23.08084941894208,152.20854671277894
2011-06-01,2011,152,4,0.7801923326652993,3.2198076673347007,121.03890084694824,1.0941555798376668,2.9058444201623335,149.3027022926166
2011-06-02,2011,153,0.3,0.7175321838393559,-0.4175321838393559,121.4564330307876,1.2403647507264464,-0.9403647507264463,150.24306704334305
2011-06-03,2011,154,0,3.0492347450179276,-3.0492347450179276,124.50566777580552,2.915386496773248,-2.915386496773248,153.15845354011628
2011-06-04,2011,155,4.5,5.717597100300041,-1.2175971003000408,125.72326487610556,4.756610044678303,-0.25661004467830306,153.41506358479458
2011-06-05,2011,156,9.5,4.555287404970141,4.944712595029859,120.7785522810757,4.1039641402570615,5.3960358597429385,148.01902772505164
2011-06-06,2011,157,0.9,4.845338285513517,-3.945338285513517,124.72389056658922,4.347795913788587,-3.4477959137885867,151.46682363884022
2011-06-07,2011,158,6.6,3.1583485841113847,3.441651415888615,121.2822391507006,3.2857556898828633,3.3142443101171364,148.15257932872308
2011-06-08,2011,159,11.5,1.0538225841978603,10.44617741580214,110.83606173489846,1.3081325614399453,10.191867438560054,137.96071189016303
2011-06-09,2011,160,0,1.8026418573928575,-1.8026418573928575,112.63870359229132,2.067012350399346,-2.067012350399346,140.02772424056238
2011-06-10,2011,161,1.8,4.471636411843419,-2.6716364118434193,115.31034000413474,3.8643060178078423,-2.0643060178078425,142.09203025837022
2011-06-11,2011,162,0,2.471291976932265,-2.471291976932265,117.78163198106701,2.5264913051526223,-2.5264913051526223,144.61852156352285
2011-06-12,2011,163,0,5.2316707416915795,-5.2316707416915795,123.01330272275858,4.485895224546412,-4.485895224546412,149.10441678806927
2011-06-13,2011,164,0.2,3.2105960527125883,-3.010596052712588,126.02389877547117,3.0215698713660353,-2.821569871366035,151.9259866594353
2011-06-14,2011,165,2.2,4.323562161765653,-2.123562161765653,128.14746093723681,4.030534589374334,-1.8305345893743334,153.75652124880963
2011-06-15,2011,166,0,5.537771828075195,-5.537771828075195,133.685232765312,4.923283773637094,-4.923283773637094,158.67980502244671
2011-06-16,2011,167,1.3,4.103652916008531,-2.803652916008531,136.48888568132054,4.078372690270913,-2.7783726902709134,161.45817771271763
2011-06-17,2011,168,21.4,4.632156697848565,16.767843302151434,119.7210423791691,3.788935945665731,17.611064054334268,143.84711365838336
2011-06-18,2011,169,20.8,1.6387471927197481,19.161252807280253,100.55978957188886,1.9492117913034834,18.850788208696518,124.99632544968685
2011-06-19,2011,170,0.4,4.154145101083211,-3.754145101083211,104.31393467297207,4.06297123781816,-3.66297123781816,128.65929668750502
2011-06-20,2011,171,0,5.223876069204564,-5.223876069204564,109.53781074217663,4.617879163806127,-4.617879163806127,133.27717585131114
2011-06-21,2011,172,0,4.965533307645776,-4.965533307645776,114.5033440498224,5.030679541513324,-5.030679541513324,138.30785539282448
2011-06-22,2011,173,7.2,3.15364699887634,4.04635300112366,110.45699104869874,3.1979252780079386,4.002074721992061,134.3057806708324
2011-06-23,2011,174,0.3,2.7944558178581675,-2.4944558178581677,112.9514468665569,2.8377868908723323,-2.5377868908723324,136.84356756170473
2011-06-24,2011,175,0,3.831362382313925,-3.831362382313925,116.78280924887083,3.5350049133651953,-3.5350049133651953,140.37857247506992
2011-06-25,2011,176,0,4.254557802150412,-4.254557802150412,121.03736705102125,3.8487583352323056,-3.8487583352323056,144.22733081030222
2011-06-26,2011,177,0,5.867409822057261,-5.867409822057261,126.9047768730785,5.577370630129591,-5.577370630129591,149.8047014404318
2011-06-27,2011,178,0,5.879061256243837,-5.879061256243837,132.78383812932233,5.4138163172477025,-5.4138163172477025,155.2185177576795
2011-06-28,2011,179,0,6.067627555598568,-6.067627555598568,138.8514656849209,6.07432466281527,-6.07432466281527,161.29284242049476
2011-06-29,2011,180,18.1,1.9760945368966483,16.123905463103352,122.72756022181754,2.5740004013596054,15.525999598640396,145.76684282185437
2011-06-30,2011,181,0,3.7912339897362104,-3.7912339897362104,126.51879421155375,3.3868546801007993,-3.3868546801007993,149.15369750195518
2011-07-01,2011,182,0,3.38467722773101,-3.38467722773101,129.90347143928477,3.7306932482541955,-3.7306932482541955,152.88439075020938
2011-07-02,2011,183,0,4.883300218525353,-4.883300218525353,134.78677165781014,4.800151078148376,-4.800151078148376,157.68454182835777
2011-07-03,2011,184,0,5.090890233815917,-5.090890233815917,139.87766189162605,5.067736759667536,-5.067736759667536,162.7522785880253
2011-07-04,2011,185,0,5.085598164373602,-5.085598164373602,144.96326005599965,4.878552684737045,-4.878552684737045,167.63083127276235
2011-07-05,2011,186,0,5.511686720370191,-5.511686720370191,150.47494677636985,5.365829307878524,-5.365829307878524,172.99666058064088
2011-07-06,2011,187,0.4,4.773779788190737,-4.3737797881907365,154.8487265645606,4.924627784650613,-4.524627784650613,177.5212883652915
2011-07-07,2011,188,11.7,3.9839410695308195,7.716058930469179,147.1326676340914,3.7505482422282865,7.949451757771713,169.57183660751977
2011-07-08,2011,189,0,4.745701830211044,-4.745701830211044,151.87836946430244,4.088244571422082,-4.088244571422082,173.66008117894185
2011-07-09,2011,190,4.1,6.066750973800831,-1.9667509738008313,153.84512043810327,5.3312018272470585,-1.2312018272470588,174.8912830061889
2011-07-10,2011,191,10.5,3.301641607956552,7.198358392043448,146.64676204605982,3.177911808429691,7.322088191570309,167.56919481461858
2011-07-11,2011,192,0,5.671236251568259,-5.671236251568259,152.31799829762807,5.288517320586786,-5.288517320586786,172.85771213520536
2011-07-12,2011,193,23,4.967710336715556,18.032289663284445,134.28570863434362,4.901965337907952,18.098034662092047,154.7596774731133
2011-07-13,2011,194,16.7,1.0930041476650236,15.606995852334975,118.67871278200865,1.634263289457598,15.065736710542401,139.6939407625709
2011-07-14,2011,195,0,2.954606257218431,-2.954606257218431,121.63331903922708,2.771980865213734,-2.771980865213734,142.4659216277846
2011-07-15,2011,196,0,4.335378994658532,-4.335378994658532,125.9686980338856,4.18705727458445,-4.18705727458445,146.65297890236906
2011-07-16,2011,197,0.1,5.45014592826332,-5.35014592826332,131.31884396214892,5.071855281496957,-4.971855281496957,151.62483418386603
2011-07-17,2011,198,16.9,0.6355085716361217,16.264491428363876,115.05435253378505,1.803275973878914,15.096724026121084,136.52811015774495
2011-07-18,2011,199,0.7,4.028149304338261,-3.328149304338261,118.38250183812332,3.7524297987872632,-3.052429798787263,139.58053995653222
2011-07-19,2011,200,4.8,1.3581937348954563,3.4418062651045433,114.94069557301877,1.9409852691931795,2.8590147308068206,136.7215252257254
2011-07-20,2011,201,0.3,1.5025181568257726,-1.2025181568257726,116.14321372984455,2.0153112106236803,-1.7153112106236803,138.43683643634907
2011-07-21,2011,202,6.3,2.6737688104957735,3.6262311895042263,112.51698254034032,2.637790986214589,3.662209013785411,134.77462742256367
2011-07-22,2011,203,5.8,3.969317740727076,1.830682259272924,110.6863002810674,3.373494682400807,2.426505317599193,132.3481221049645
2011-07-23,2011,204,4.5,3.6432858605942697,0.8567141394057303,109.82958614166168,3.1549328632910685,1.3450671367089315,131.00305496825555
2011-07-24,2011,205,0,2.627024563619915,-2.627024563619915,112.45661070528159,2.7908386302697297,-2.7908386302697297,133.79389359852527
2011-07-25,2011,206,0,4.425541894963397,-4.425541894963397,116.88215260024499,4.0023945691671665,-4.0023945691671665,137.79628816769244
2011-07-26,2011,207,0.2,3.8532928587499136,-3.6532928587499134,120.5354454589949,3.462924001322561,-3.2629240013225607,141.059212169015
2011-07-27,2011,208,1.5,3.2166996727613006,-1.7166996727613006,122.2521451317562,3.0092591017365256,-1.5092591017365256,142.56847127075153
2011-07-28,2011,209,18.1,2.673437709188523,15.426562290811479,106.82558284094472,2.59966896619807,15.500331033801931,127.0681402369496
2011-07-29,2011,210,2.8,3.9902059135211303,-1.1902059135211305,108.01578875446585,3.5073103563277934,-0.7073103563277936,127.7754505932774
2011-07-30,2011,211,0,4.155680521675637,-4.155680521675637,112.17146927614148,3.7172627154632383,-3.7172627154632383,131.49271330874063
2011-07-31,2011,212,0,4.668243074564804,-4.668243074564804,116.83971235070628,4.481048546417671,-4.481048546417671,135.9737618551583
2011-08-01,2011,213,0,4.7978258349645735,-4.7978258349645735,121.63753818567085,4.501624730552438,-4.501624730552438,140.47538658571074
2011-08-02,2011,214,0.1,4.936846286229301,-4.836846286229301,126.47438447190015,4.652521601740342,-4.5525216017403425,145.0279081874511
2011-08-03,2011,215,0.6,2.3617070845993453,-1.7617070845993452,128.2360915564995,2.7815298917746216,-2.1815298917746215,147.20943807922572
2011-08-04,2011,216,0,5.278786021438155,-5.278786021438155,133.51487757793765,4.497450414006356,-4.497450414006356,151.70688849323207
2011-08-05,2011,217,1.2,3.0079824593423394,-1.8079824593423395,135.32286003727998,2.962404257195232,-1.762404257195232,153.46929275042731
2011-08-06,2011,218,9.9,2.3647318694497845,7.535268130550216,127.78759190672976,2.688123850167819,7.2118761498321815,146.25741660059512
2011-08-07,2011,219,10.7,3.635787832274784,7.064212167725215,120.72337973900454,3.1397245829467786,7.560275417053221,138.6971411835419
2011-08-08,2011,220,0.7,3.2252341195649303,-2.5252341195649306,123.24861385856947,3.5595586861626116,-2.859558686162612,141.55669986970452
2011-08-09,2011,221,2.5,3.535227622770556,-1.035227622770556,124.28384148134003,3.218373045788068,-0.7183730457880682,142.2750729154926
2011-08-10,2011,222,0,4.05963394967404,-4.05963394967404,128.34347543101407,3.8161666519708897,-3.8161666519708897,146.09123956746348
2011-08-11,2011,223,0,4.28176444039827,-4.28176444039827,132.62523987141233,4.212688905515199,-4.212688905515199,150.30392847297867
2011-08-12,2011,224,0.3,3.32356372395603,-3.02356372395603,135.64880359536835,3.7572111664912287,-3.457211166491229,153.7611396394699
2011-08-13,2011,225,0,4.060188713458853,-4.060188713458853,139.7089923088272,4.062706793511822,-4.062706793511822,157.82384643298172
2011-08-14,2011,226,15.3,3.769034073789299,11.530965926210701,128.17802638261648,3.805558114448506,11.494441885551495,146.32940454743022
2011-08-15,2011,227,1.9,3.1481716526196144,-1.2481716526196145,129.4261980352361,2.9787499254917202,-1.0787499254917203,147.40815447292192
2011-08-16,2011,228,0,4.1639395627962434,-4.1639395627962434,133.59013759803233,3.987051903665475,-3.987051903665475,151.3952063765874
2011-08-17,2011,229,0,4.707390934629278,-4.707390934629278,138.2975285326616,4.3832785458521295,-4.3832785458521295,155.77848492243953
2011-08-18,2011,230,0,3.969443379357942,-3.969443379357942,142.26697191201956,4.1847028668447335,-4.1847028668447335,159.96318778928426
2011-08-19,2011,231,0,4.680260098801262,-4.680260098801262,146.9472320108208,4.958640660562065,-4.958640660562065,164.92182844984632
2011-08-20,2011,232,0,4.50950883677579,-4.50950883677579,151.4567408475966,4.799159437767341,-4.799159437767341,169.72098788761366
2011-08-21,2011,233,0,4.283687474336584,-4.283687474336584,155.74042832193317,4.713519770207504,-4.713519770207504,174.43450765782117
2011-08-22,2011,234,1.1,4.412786068851341,-3.312786068851341,159.05321439078452,4.73604448008349,-3.63604448008349,178.07055213790466
2011-08-23,2011,235,0,3.968684368639813,-3.968684368639813,163.02189875942432,4.575833530446807,-4.575833530446807,182.64638566835146
2011-08-24,2011,236,2.7,3.599078394959486,-0.8990783949594858,163.9209771543838,4.39802883498409,-1.6980288349840897,184.34441450333554
2011-08-25,2011,237,7.7,4.325505404839938,3.374494595160062,160.54648255922373,3.9110801118782197,3.7889198881217805,180.55549461521377
2011-08-26,2011,238,8.4,3.5292035770623738,4.870796422937627,155.67568613628612,3.6838265454175296,4.716173454582471,175.8393211606313
2011-08-27,2011,239,0,2.4370352103470854,-2.4370352103470854,158.1127213466332,2.580754871755477,-2.580754871755477,178.4200760323868
2011-08-28,2011,240,0,3.4432595267538977,-3.4432595267538977,161.5559808733871,3.3097951409683044,-3.3097951409683044,181.7298711733551
2011-08-29,2011,241,0,2.6468446762226336,-2.6468446762226336,164.20282554960974,2.732628391215419,-2.732628391215419,184.46249956457052
2011-08-30,2011,242,0,3.4910786526820607,-3.4910786526820607,167.6939042022918,3.499924259700744,-3.499924259700744,187.96242382427127
2011-08-31,2011,243,3.9,3.568647401083716,0.331352598916284,167.36255160337552,3.6176983238500693,0.2823016761499306,187.68012214812134
2011-09-01,2011,244,0,3.362806155536515,-3.362806155536515,170.72535775891203,3.06522106581824,-3.06522106581824,190.74534321393958
2011-09-02,2011,245,0,3.188868285104359,-3.188868285104359,173.91422604401637,3.3590246166433686,-3.3590246166433686,194.10436783058296
2011-09-03,2011,246,1.5,3.2360200566030217,-1.7360200566030217,175.6502461006194,3.153297860097562,-1.6532978600975619,195.7576656906805
2011-09-04,2011,247,56.4,0.7592742688657366,55.64072573113426,120.00952036948513,1.2588557946743384,55.14114420532566,140.61652148535484
2011-09-05,2011,248,0.1,2.697981027773933,-2.597981027773933,122.60750139725906,2.7650824776746687,-2.6650824776746687,143.2816039630295
2011-09-06,2011,249,0,2.9816080110679213,-2.9816080110679213,125.58910940832698,3.1970394196455096,-3.1970394196455096,146.47864338267502
2011-09-07,2011,250,0,0.7329453653264657,-0.7329453653264657,126.32205477365345,2.4623046206178465,-2.4623046206178465,148.94094800329287
2011-09-08,2011,251,0.4,2.748491837288535,-2.348491837288535,128.67054661094198,3.356152481142313,-2.956152481142313,151.89710048443519
2011-09-09,2011,252,0,3.6342473147270247,-3.6342473147270247,132.304793925669,3.272508523364329,-3.272508523364329,155.16960900779952
2011-09-10,2011,253,0,3.376512075349251,-3.376512075349251,135.68130600101824,3.4328648487711586,-3.4328648487711586,158.60247385657067
2011-09-11,2011,254,0.1,2.290911910419315,-2.190911910419315,137.87221791143756,3.0571165060329766,-2.9571165060329765,161.55959036260364
2011-09-12,2011,255,0,2.9897100992901477,-2.9897100992901477,140.8619280107277,3.388517876929747,-3.388517876929747,164.94810823953338
2011-09-13,2011,256,3.8,3.303617564465709,0.49638243553429096,140.3655455751934,3.3401805134366795,0.4598194865633203,164.48828875297005
2011-09-14,2011,257,0,1.7854311600450805,-1.7854311600450805,142.1509767352385,2.0277960248244566,-2.0277960248244566,166.5160847777945
2011-09-15,2011,258,0,2.632090854780687,-2.632090854780687,144.7830675900192,2.6173398225592033,-2.6173398225592033,169.13342460035372
2011-09-16,2011,259,0.2,2.9147100975135336,-2.7147100975135334,147.49777768753273,2.745658658197739,-2.545658658197739,171.67908325855146
2011-09-17,2011,260,10,0.9550235360643197,9.044976463935681,138.45280122359705,1.6716172267198979,8.328382773280103,163.35070048527135
2011-09-18,2011,261,9.7,0.18308449800194898,9.516915501998051,128.935885721599,1.2259219081414796,8.47407809185852,154.87662239341282
2011-09-19,2011,262,7.8,0.7681296272471876,7.031870372752812,121.90401534884619,1.1025794316935984,6.697420568306401,148.17920182510642
2011-09-20,2011,263,0,2.3201148377731844,-2.3201148377731844,124.22413018661938,2.0531295744855083,-2.0531295744855083,150.2323313995919
2011-09-21,2011,264,0,2.2020813031998148,-2.2020813031998148,126.4262114898192,2.1752426301663546,-2.1752426301663546,152.40757402975828
2011-09-22,2011,265,0,2.110806447018451,-2.110806447018451,128.53701793683766,2.3368722150526526,-2.3368722150526526,154.74444624481094
2011-09-23,2011,266,0,2.3220183044464835,-2.3220183044464835,130.85903624128414,2.3106433414994925,-2.3106433414994925,157.05508958631043
2011-09-24,2011,267,0.1,2.149044932997234,-2.049044932997234,132.9080811742814,2.1293007683942156,-2.0293007683942155,159.08439035470465
2011-09-25,2011,268,0,1.690652183521546,-1.690652183521546,134.59873335780293,2.081539852109386,-2.081539852109386,161.16593020681404
2011-09-26,2011,269,0,1.980357486371511,-1.980357486371511,136.57909084417443,2.2847184390088793,-2.2847184390088793,163.45064864582292
2011-09-27,2011,270,0,1.7756005622373536,-1.7756005622373536,138.35469140641177,2.0985188337224803,-2.0985188337224803,165.54916747954542
2011-09-28,2011,271,0,1.8768518887729535,-1.8768518887729535,140.23154329518474,2.0146750600967125,-2.0146750600967125,167.56384253964214
2011-09-29,2011,272,0,2.128581706126654,-2.128581706126654,142.3601250013114,1.9171476041431053,-1.9171476041431053,169.48099014378525
2011-09-30,2011,273,0.1,1.9076767578539904,-1.8076767578539903,144.16780175916537,1.6759882901676237,-1.5759882901676237,171.05697843395288
2011-10-01,2011,274,0,1.9738801656064708,-1.9738801656064708,146.14168192477183,1.7876312951162854,-1.7876312951162854,172.84460972906916
2011-10-02,2011,275,0.1,1.8405317465143547,-1.7405317465143546,147.8822136712862,1.8234723717734589,-1.7234723717734588,174.56808210084262
2011-10-03,2011,276,0,1.7051331553488962,-1.7051331553488962,149.5873468266351,1.8725421900423902,-1.8725421900423902,176.440624290885
2011-10-04,2011,277,0,1.5995732597824028,-1.5995732597824028,151.1869200864175,1.9100743190931107,-1.9100743190931107,178.3506986099781
2011-10-05,2011,278,0,1.611430722783121,-1.611430722783121,152.79835080920063,1.6746424091241148,-1.6746424091241148,180.02534101910223
2011-10-06,2011,279,15.1,1.6095261319223633,13.490473868077636,139.307876941123,1.734394425237755,13.365605574762245,166.65973544434
2011-10-07,2011,280,6.6,0.7039318190734387,5.8960681809265605,133.41180876019644,1.1217920436156237,5.4782079563843755,161.1815274879556
2011-10-08,2011,281,13.4,0.17109310827915095,13.228906891720849,120.18290186847558,0.6737622433321803,12.72623775666782,148.4552897312878
2011-10-09,2011,282,9.5,1.6570137134390548,7.842986286560945,112.33991558191464,1.136352330328863,8.363647669671137,140.09164206161665
2011-10-10,2011,283,4.4,0.9193959399135011,3.4806040600864994,108.85931152182813,0.9725958502011415,3.4274041497988588,136.6642379118178
2011-10-11,2011,284,0,1.3117975612693218,-1.3117975612693218,110.17110908309745,1.2659736159587804,-1.2659736159587804,137.93021152777658
2011-10-12,2011,285,0,1.7085932627556475,-1.7085932627556475,111.87970234585309,1.3399460634431413,-1.3399460634431413,139.27015759121971
2011-10-13,2011,286,0,1.337998731129369,-1.337998731129369,113.21770107698246,1.417519850996601,-1.417519850996601,140.6876774422163
2011-10-14,2011,287,0,1.202726555740181,-1.202726555740181,114.42042763272265,1.532121989859109,-1.532121989859109,142.21979943207543
2011-10-15,2011,288,0,0.6841729549381632,-0.6841729549381632,115.10460058766081,0.8870174417156719,-0.8870174417156719,143.1068168737911
2011-10-16,2011,289,0,0.42987444692004745,-0.42987444692004745,115.53447503458086,0.7000549109493441,-0.7000549109493441,143.80687178474045
2011-10-17,2011,290,0,1.2724105244892874,-1.2724105244892874,116.80688555907015,0.9541194168876805,-0.9541194168876805,144.76099120162814
2011-10-18,2011,291,0,0.9965620937432348,-0.9965620937432348,117.80344765281339,1.1027324939500023,-1.1027324939500023,145.86372369557816
2011-10-19,2011,292,13.4,-0.0788683803664779,13.478868380366478,104.32457927244691,0.8149652827383771,12.585034717261623,133.27868897831652
2011-10-20,2011,293,0,0.9895575942149224,-0.9895575942149224,105.31413686666184,0.8238483780313457,-0.8238483780313457,134.10253735634788
2011-10-21,2011,294,0,0.8723116502829742,-0.8723116502829742,106.18644851694482,0.7852452973949128,-0.7852452973949128,134.8877826537428
2011-10-22,2011,295,0,0.7617820150015043,-0.7617820150015043,106.94823053194632,0.6633881798599733,-0.6633881798599733,135.55117083360275
2011-10-23,2011,296,0,0.493064748121741,-0.493064748121741,107.44129528006806,0.4644188358445096,-0.4644188358445096,136.01558966944725
2011-10-24,2011,297,0,1.0124755859111594,-1.0124755859111594,108.45377086597922,0.51320151533278,-0.51320151533278,136.52879118478003
2011-10-25,2011,298,0.2,0.2168976187255635,-0.0168976187255635,108.47066848470479,0.593591941373891,-0.39359194137389103,136.92238312615393
2011-10-26,2011,299,0.1,0.8409406325218447,-0.7409406325218447,109.21160911722663,0.7879213323212657,-0.6879213323212657,137.61030445847518
2011-10-27,2011,300,0,0.1523007057419506,-0.1523007057419506,109.36390982296858,0.4977661705328728,-0.4977661705328728,138.10807062900807
2011-10-28,2011,301,0,0.7759791478846358,-0.7759791478846358,110.13988897085322,0.673427234023463,-0.673427234023463,138.78149786303152
2011-10-29,2011,302,0,0.8046408439919773,-0.8046408439919773,110.9445298148452,0.7398064328022761,-0.7398064328022761,139.5213042958338
2011-10-30,2011,303,0,0.8039317955398828,-0.8039317955398828,111.74846161038508,0.7443796198903517,-0.7443796198903517,140.26568391572414
2011-10-31,2011,304,0.2,0.5533813284045048,-0.3533813284045048,112.10184293878959,0.5263613655288667,-0.3263613655288667,140.592045281253
2011-11-01,2011,305,0.1,1.112239961850236,-1.012239961850236,113.11408290063983,0.5625076695685346,-0.4625076695685346,141.05455295082155
2011-11-02,2011,306,0.1,1.2084259710505538,-1.1084259710505537,114.22250887169038,0.46516261026098904,-0.36516261026098906,141.41971556108254
2011-11-03,2011,307,0.1,0.4638681986176054,-0.36386819861760544,114.58637707030799,0.4371484192661434,-0.33714841926614336,141.7568639803487
2011-11-04,2011,308,0,-0.06809777719734567,0.06809777719734567,114.51827929311064,0.5203636983530052,-0.5203636983530052,142.2772276787017
2011-11-05,2011,309,0,-0.004288688505201449,0.004288688505201449,114.51399060460544,0.5463700079737579,-0.5463700079737579,142.82359768667547
2011-11-06,2011,310,0,0.5678958229589804,-0.5678958229589804,115.08188642756441,0.526149045646238,-0.526149045646238,143.3497467323217
2011-11-07,2011,311,3.6,0.2810952565535724,3.318904743446428,111.76298168411799,0.4871923622326278,3.1128076377673723,140.23693909455434
2011-11-08,2011,312,0,0.24432283637346647,-0.24432283637346647,112.00730452049146,0.4923598775440183,-0.4923598775440183,140.72929897209835
2011-11-09,2011,313,0,0.6155195096504987,-0.6155195096504987,112.62282403014196,0.45149294943035645,-0.45149294943035645,141.1807919215287
2011-11-10,2011,314,0,0.6118145549450703,-0.6118145549450703,113.23463858508703,0.35871902208257667,-0.35871902208257667,141.53951094361128
2011-11-11,2011,315,0,0.29574346521313116,-0.29574346521313116,113.53038205030016,0.4292956285357759,-0.4292956285357759,141.96880657214706
2011-11-12,2011,316,0,0.7992858280370404,-0.7992858280370404,114.3296678783372,0.3957205105923756,-0.3957205105923756,142.36452708273944
2011-11-13,2011,317,0,0.39943837912157965,-0.39943837912157965,114.72910625745878,0.34415218664389413,-0.34415218664389413,142.70867926938334
2011-11-14,2011,318,0,0.6226623675224273,-0.6226623675224273,115.3517686249812,0.3182107992296928,-0.3182107992296928,143.02689006861303
2011-11-15,2011,319,0,0.3072536363384652,-0.3072536363384652,115.65902226131966,0.32289653719931055,-0.32289653719931055,143.34978660581234
2011-11-16,2011,320,0,0.07689461631319591,-0.07689461631319591,115.73591687763286,0.30984467611496286,-0.30984467611496286,143.6596312819273
2011-11-17,2011,321,0,0.06767845636418768,-0.06767845636418768,115.80359533399705,0.24100787300619952,-0.24100787300619952,143.9006391549335
2011-11-18,2011,322,0,-0.05094279293816811,0.05094279293816811,115.75265254105888,0.19258589008557825,-0.19258589008557825,144.09322504501907
2011-11-19,2011,323,0,0.15712197880582845,-0.15712197880582845,115.90977451986471,0.25710118816894023,-0.25710118816894023,144.350326233188
2011-11-20,2011,324,0,0.08422692887914512,-0.08422692887914512,115.99400144874386,0.2252206934403683,-0.2252206934403683,144.5755469266284
2011-11-21,2011,325,0,0.24080240999053237,-0.24080240999053237,116.2348038587344,0.2215919430487533,-0.2215919430487533,144.79713886967716
2011-11-22,2011,326,0,-0.06710321475086044,0.06710321475086044,116.16770064398354,0.19717005286663236,-0.19717005286663236,144.99430892254378
2011-11-23,2011,327,0,0.36284284569085384,-0.36284284569085384,116.53054348967439,0.14108257925383208,-0.14108257925383208,145.1353915017976
2011-11-24,2011,328,0,0.2080206596074625,-0.2080206596074625,116.73856414928184,0.30239934754995745,-0.30239934754995745,145.43779084934758
2011-11-25,2011,329,0,0.20660573979922842,-0.20660573979922842,116.94516988908107,0.23831432307112166,-0.23831432307112166,145.6761051724187
2011-11-26,2011,330,0,0.15916112080339076,-0.15916112080339076,117.10433100988446,0.18050040568738135,-0.18050040568738135,145.85660557810607
2011-11-27,2011,331,0,0.06419122155401069,-0.06419122155401069,117.16852223143847,0.1978815227643698,-0.1978815227643698,146.05448710087043
2011-11-28,2011,332,0,-0.12063222338542115,0.12063222338542115,117.04789000805305,0.18770539310083736,-0.18770539310083736,146.24219249397126
2011-11-29,2011,333,0,0.14221737216460476,-0.14221737216460476,117.19010738021765,0.19723407104999238,-0.19723407104999238,146.43942656502125
2011-11-30,2011,334,0,0.015220112235831366,-0.015220112235831366,117.20532749245349,0.3197047427106799,-0.3197047427106799,146.75913130773193
2011-12-01,2011,335,0,-0.16810066939168078,0.16810066939168078,117.03722682306181,0.28815678994885413,-0.28815678994885413,147.0472880976808
2011-12-02,2011,336,15.9,0.08052864934026017,15.81947135065974,0,0.3294351177954657,15.570564882204534,0
2011-12-03,2011,337,2.3,0.17969491569906504,2.120305084300935,0,0.5759319671133558,1.724068032886644,0
2011-12-04,2011,338,13.1,0.27247178053583243,12.827528219464167,0,0.6810542367808897,12.41894576321911,0
2011-12-05,2011,339,3.7,-0.23420905456119687,3.934209054561197,0,0.8735768080432831,2.8264231919567173,0
2011-12-06,2011,340,3.1,0.03054013352039839,3.0694598664796016,0,0.8456439904791837,2.2543560095208166,0
2011-12-07,2011,341,12.6,0.042153781429770595,12.557846218570228,0,0.9117620303756269,11.688237969624373,0
2011-12-08,2011,342,0,-0.45943997135525794,0.45943997135525794,0,0.4818900604712542,-0.4818900604712542,0.4818900604712542
2011-12-09,2011,343,0,-0.15328359431106656,0.15328359431106656,0,1.11400455299791,-1.11400455299791,1.595894613469164
2011-12-10,2011,344,0.2,0.18754105860268883,0.012458941397311185,0,1.0133353762567106,-0.8133353762567106,2.4092299897258744
2011-12-11,2011,345,0.2,-0.053328627174459874,0.25332862717445986,0,0.17961064728416176,0.02038935271583825,2.3888406370100363
2011-12-12,2011,346,9.8,-0.5220317273689429,10.322031727368943,0,0.3967483211221496,9.40325167887785,0
2011-12-13,2011,347,2.3,-0.26981923253491663,2.5698192325349165,0,0.35743168684199894,1.942568313158001,0
2011-12-14,2011,348,13.1,-0.38255765156931393,13.482557651569314,0,0.6954615553210247,12.404538444678975,0
2011-12-15,2011,349,7.1,-0.24106981762747032,7.34106981762747,0,0.9627621749004055,6.137237825099594,0
2011-12-16,2011,350,16.9,-0.11728900773349754,17.017289007733496,0,0.8980932330638821,16.001906766936116,0
2011-12-17,2011,351,5.7,-0.15635366395255532,5.8563536639525555,0,0.4409472041705893,5.259052795829411,0
2011-12-18,2011,352,2.1,-0.05654458588405722,2.1565445858840575,0,0.3021751966518436,1.7978248033481565,0
2011-12-19,2011,353,2.6,-0.11798719310306924,2.7179871931030695,0,0.1495486896099825,2.4504513103900174,0
2011-12-20,2011,354,1.8,0.13457593596461176,1.6654240640353883,0,0.2759996483044395,1.5240003516955605,0
2011-12-21,2011,355,5.8,0.1024120537814917,5.697587946218508,0,0.311642450983925,5.488357549016075,0
2011-12-22,2011,356,7.1,0.2634351117748801,6.836564888225119,0,0.3095633981944615,6.790436601805538,0
2011-12-23,2011,357,4.7,0.13514452380723024,4.56485547619277,0,0.36682040687499107,4.333179593125009,0
2011-12-24,2011,358,1.3,-0.20673514215166391,1.506735142151664,0,0.4554762906612091,0.844523709338791,0
2011-12-25,2011,359,0,-0.4746011442539957,0.4746011442539957,0,0.027872180303012223,-0.027872180303012223,0.027872180303012223
2011-12-26,2011,360,0,-0.2806730839026114,0.2806730839026114,0,0.052618178056238175,-0.052618178056238175,0.08049035835925039
2011-12-27,2011,361,0,-0.0721767969526446,0.0721767969526446,0,0.07778852607976705,-0.07778852607976705,0.15827888443901744
2011-12-28,2011,362,1.1,0.2409298207507944,0.8590701792492057,0,0.1836720766011859,0.9163279233988142,0
2011-12-29,2011,363,3.7,0.1071616330687931,3.592838366931207,0,0.42213037916083107,3.2778696208391693,0
2011-12-30,2011,364,6.7,0.12192433118917827,6.578075668810822,0,0.4138903911670865,6.286109608832914,0
2011-12-31,2011,365,9.6,0.2820761517171865,9.317923848282813,0,0.30218313192731566,9.297816868072683,0
2012-01-01,2012,1,0.1,0.18172138438592705,-0.08172138438592705,0.08172138438592705,0.2906263151110818,-0.19062631511108177,0.19062631511108177
2012-01-02,2012,2,10.6,-0.3868738955101522,10.986873895510152,0,0.4668406904690181,10.133159309530981,0
2012-01-03,2012,3,6.9,-0.30586924217647526,7.205869242176476,0,0.48929032651253185,6.410709673487468,0
2012-01-04,2012,4,2.4,-0.08689105790884252,2.4868910579088426,0,0.7658479809961868,1.634152019003813,0
2012-01-05,2012,5,18.4,-0.12823115463861215,18.52823115463861,0,1.1209741878060386,17.27902581219396,0
2012-01-06,2012,6,0,-0.2866323890124103,0.2866323890124103,0,0.7601207558264265,-0.7601207558264265,0.7601207558264265
2012-01-07,2012,7,2.4,-0.25774752046206045,2.65774752046206,0,0.5505830268270296,1.8494169731729704,0
2012-01-08,2012,8,0.3,-0.2235246756271533,0.5235246756271533,0,0.5368648828548728,-0.23686488285487278,0.23686488285487278
2012-01-09,2012,9,0,0.0833066762804123,-0.0833066762804123,0.0833066762804123,0.34371570493159176,-0.34371570493159176,0.5805805877864645
2012-01-10,2012,10,0,-0.07993026333214034,0.07993026333214034,0.0033764129482719563,0.2761837144187341,-0.2761837144187341,0.8567643022051986
2012-01-11,2012,11,0,0.1809564894406096,-0.1809564894406096,0.18433290238888156,0.2978453045488315,-0.2978453045488315,1.1546096067540301
2012-01-12,2012,12,0,0.13696715665171877,-0.13696715665171877,0.3213000590406003,0.28006285343473275,-0.28006285343473275,1.4346724601887628
2012-01-13,2012,13,0,-0.18835625202013345,0.18835625202013345,0.13294380702046688,0.35384533969289644,-0.35384533969289644,1.7885177998816593
2012-01-14,2012,14,0,-0.5986395538018388,0.5986395538018388,0,0.4159977251740311,-0.4159977251740311,2.2045155250556903
2012-01-15,2012,15,0,-0.48010299020104047,0.48010299020104047,0,0.4475727718649538,-0.4475727718649538,2.652088296920644
2012-01-16,2012,16,0,-0.3988148842437163,0.3988148842437163,0,0.26632183707170526,-0.26632183707170526,2.9184101339923494
2012-01-17,2012,17,0,-0.2844452155785918,0.2844452155785918,0,0.17581577933744857,-0.17581577933744857,3.094225913329798
2012-01-18,2012,18,0,-0.1768154541174781,0.1768154541174781,0,0.20579068862557773,-0.20579068862557773,3.3000166019553756
2012-01-19,2012,19,7.2,0.2947787107514771,6.905221289248523,0,1.0091184931981367,6.190881506801864,0
2012-01-20,2012,20,12.1,0.1474166612206724,11.952583338779327,0,0.7520766076216306,11.34792339237837,0
2012-01-21,2012,21,4.2,0.1778617711942806,4.022138228805719,0,0.8498935532414635,3.3501064467585366,0
2012-01-22,2012,22,0,0.16033475263852678,-0.16033475263852678,0.16033475263852678,1.030220778875876,-1.030220778875876,1.030220778875876
2012-01-23,2012,23,0.6,0.18338111053991682,0.4166188894600832,0,0.8900666779992746,-0.29006667799927466,1.3202874568751506
2012-01-24,2012,24,8.6,0.13225544939211054,8.46774455060789,0,0.4388846525310989,8.1611153474689,0
2012-01-25,2012,25,0.1,0.4122345870427296,-0.31223458704272955,0.31223458704272955,0.30621138263184067,-0.20621138263184066,0.20621138263184066
2012-01-26,2012,26,0.8,0.16580663998690395,0.6341933600130961,0,0.47717277331038177,0.3228272266896183,0
2012-01-27,2012,27,12.8,0.21381193168979862,12.586188068310202,0,0.4166171430413421,12.383382856958658,0
2012-01-28,2012,28,3.3,0.4216196951112657,2.878380304888734,0,0.2932643800382742,3.0067356199617254,0
2012-01-29,2012,29,0,0.12365799132685777,-0.12365799132685777,0.12365799132685777,0.37338201370210283,-0.37338201370210283,0.37338201370210283
2012-01-30,2012,30,0.9,0.12362029091075966,0.7763797090892404,0,0.3443068477152667,0.5556931522847333,0
2012-01-31,2012,31,0.8,0.31987219440535275,0.4801278055946473,0,0.36148281561044704,0.438517184389553,0
2012-02-01,2012,32,0,0.42199081105889374,-0.42199081105889374,0.42199081105889374,0.4408343858638325,-0.4408343858638325,0.4408343858638325
2012-02-02,2012,33,0,0.17450118460299338,-0.17450118460299338,0.5964919956618872,0.3727021973873507,-0.3727021973873507,0.8135365832511832
2012-02-03,2012,34,0,-0.2227596607665108,0.2227596607665108,0.3737323348953764,0.42464681849917835,-0.42464681849917835,1.2381834017503615
2012-02-04,2012,35,0,-0.08305254800965373,0.08305254800965373,0.29067978688572266,0.42910777882560563,-0.42910777882560563,1.6672911805759671
2012-02-05,2012,36,0,-0.01147950835478018,0.01147950835478018,0.2792002785309425,0.34549371764893716,-0.34549371764893716,2.012784898224904
2012-02-06,2012,37,0,-0.021059011614402788,0.021059011614402788,0.2581412669165397,0.3953567424356529,-0.3953567424356529,2.408141640660557
2012-02-07,2012,38,0,0.17200596148888794,-0.17200596148888794,0.43014722840542763,0.39101931516005367,-0.39101931516005367,2.7991609558206108
2012-02-08,2012,39,0,0.1656327850848272,-0.1656327850848272,0.5957800134902549,0.40307491439448434,-0.40307491439448434,3.202235870215095
2012-02-09,2012,40,0,0.23703896120051768,-0.23703896120051768,0.8328189746907726,0.4096581537601429,-0.4096581537601429,3.611894023975238
2012-02-10,2012,41,0,0.25982901625551,-0.25982901625551,1.0926479909462827,0.6190259340672145,-0.6190259340672145,4.230919958042453
2012-02-11,2012,42,0,0.29602881412340853,-0.29602881412340853,1.3886768050696912,0.5313747357300519,-0.5313747357300519,4.762294693772504
2012-02-12,2012,43,0,0.1817922039059113,-0.1817922039059113,1.5704690089756024,0.47097523173215455,-0.47097523173215455,5.233269925504659
2012-02-13,2012,44,0,0.20687397767535973,-0.20687397767535973,1.777342986650962,0.3593167160094874,-0.3593167160094874,5.592586641514146
2012-02-14,2012,45,0.1,0.625709882050614,-0.525709882050614,2.303052868701576,0.5140185245849295,-0.4140185245849295,6.006605166099075
2012-02-15,2012,46,6,0.3586831159849952,5.641316884015005,0,0.49781255042069356,5.502187449579306,0.504417716519769
2012-02-16,2012,47,0,0.7435005296312033,-0.7435005296312033,0.7435005296312033,0.5356697663724301,-0.5356697663724301,1.040087482892199
2012-02-17,2012,48,0,0.5894080152619721,-0.5894080152619721,1.3329085448931752,0.5765538507418759,-0.5765538507418759,1.616641333634075
2012-02-18,2012,49,2.7,0.7671401817669268,1.9328598182330734,0,0.6449094698987974,2.055090530101203,0
2012-02-19,2012,50,0.7,0.13101803689186906,0.5689819631081309,0,0.5753928148336048,0.12460718516639513,0
2012-02-20,2012,51,0,0.17215385748551604,-0.17215385748551604,0.17215385748551604,0.8680730825359905,-0.8680730825359905,0.8680730825359905
2012-02-21,2012,52,0,0.40333031909124234,-0.40333031909124234,0.5754841765767584,0.7158379959406146,-0.7158379959406146,1.583911078476605
2012-02-22,2012,53,0,0.5423873927932044,-0.5423873927932044,1.1178715693699628,0.6920174660581354,-0.6920174660581354,2.2759285445347404
2012-02-23,2012,54,0,0.545690593104549,-0.545690593104549,1.6635621624745118,0.7686454659356481,-0.7686454659356481,3.0445740104703884
2012-02-24,2012,55,0,1.1232811884596074,-1.1232811884596074,2.7868433509341193,1.0103815837145704,-1.0103815837145704,4.054955594184959
2012-02-25,2012,56,0.1,0.5789406330600486,-0.47894063306004864,3.265783983994168,0.7181086829678457,-0.6181086829678457,4.673064277152804
2012-02-26,2012,57,0,0.21708497038970243,-0.21708497038970243,3.4828689543838705,0.7975104297442144,-0.7975104297442144,5.470574706897018
2012-02-27,2012,58,0,0.7451119309259008,-0.7451119309259008,4.227980885309771,0.9786080327512289,-0.9786080327512289,6.449182739648247
2012-02-28,2012,59,0,0.8632893982592725,-0.8632893982592725,5.0912702835690435,1.069833639125424,-1.069833639125424,7.519016378773671
2012-02-29,2012,60,0,1.1660218996607052,-1.1660218996607052,6.257292183229749,1.3311925555693829,-1.3311925555693829,8.850208934343053
2012-03-01,2012,61,0,1.2364682794909296,-1.2364682794909296,7.493760462720679,1.1335584307520488,-1.1335584307520488,9.983767365095101
2012-03-02,2012,62,0,1.1898561352800217,-1.1898561352800217,8.6836165980007,1.3539451889251042,-1.3539451889251042,11.337712554020206
2012-03-03,2012,63,0,1.2621143676171436,-1.2621143676171436,9.945730965617845,1.541559766201268,-1.541559766201268,12.879272320221473
2012-03-04,2012,64,1.1,1.1028737135773625,-0.0028737135773624356,9.948604679195206,1.2434763407629117,-0.1434763407629116,13.022748660984384
2012-03-05,2012,65,0,0.6354652961899244,-0.6354652961899244,10.58406997538513,1.5116785534329606,-1.5116785534329606,14.534427214417345
2012-03-06,2012,66,0,1.057719109309483,-1.057719109309483,11.641789084694613,1.3373186920164335,-1.3373186920164335,15.871745906433778
2012-03-07,2012,67,1,1.1276138147058605,-0.12761381470586053,11.769402899400474,1.3520171670726833,-0.35201716707268327,16.22376307350646
2012-03-08,2012,68,1,0.5277301501470801,0.47226984985291987,11.297133049547554,0.9074418110134872,0.0925581889865128,16.13120488451995
2012-03-09,2012,69,0,1.1208896159837944,-1.1208896159837944,12.418022665531348,1.4147680348291782,-1.4147680348291782,17.545972919349126
2012-03-10,2012,70,0,1.249441784873717,-1.249441784873717,13.667464450405065,1.5970897294870645,-1.5970897294870645,19.14306264883619
2012-03-11,2012,71,0,0.920174976101952,-0.920174976101952,14.587639426507018,1.4843320474331942,-1.4843320474331942,20.627394696269384
2012-03-12,2012,72,0,1.3020343787859046,-1.3020343787859046,15.889673805292922,1.7602894551646928,-1.7602894551646928,22.387684151434076
2012-03-13,2012,73,0,1.462033002200627,-1.462033002200627,17.35170680749355,2.099508746150801,-2.099508746150801,24.487192897584876
2012-03-14,2012,74,0,1.5180353354706686,-1.5180353354706686,18.869742142964217,1.8920447233733617,-1.8920447233733617,26.37923762095824
2012-03-15,2012,75,0,1.578083488234264,-1.578083488234264,20.44782563119848,2.0207700053183957,-2.0207700053183957,28.400007626276636
2012-03-16,2012,76,0,1.6643681918356215,-1.6643681918356215,22.1121938230341,2.318898346948102,-2.318898346948102,30.71890597322474
2012-03-17,2012,77,0,0.840039911573432,-0.840039911573432,22.952233734607532,1.7650014896124289,-1.7650014896124289,32.483907462837166
2012-03-18,2012,78,6.6,0.15175975397412514,6.4482402460258745,16.503993488581656,0.7826911372559942,5.817308862744006,26.66659860009316
2012-03-19,2012,79,12.4,0.5671148775776281,11.832885122422372,4.6711083661592845,0.6601254837100939,11.739874516289907,14.926724083803252
2012-03-20,2012,80,0,1.5007413145022532,-1.5007413145022532,6.171849680661538,1.3279490600550286,-1.3279490600550286,16.25467314385828
2012-03-21,2012,81,0,1.8298575288090737,-1.8298575288090737,8.001707209470611,1.85432012651864,-1.85432012651864,18.10899327037692
2012-03-22,2012,82,0,1.9271620363918203,-1.9271620363918203,9.928869245862431,2.0694774568497025,-2.0694774568497025,20.178470727226625
2012-03-23,2012,83,0,1.9878791823944442,-1.9878791823944442,11.916748428256875,2.26454013646035,-2.26454013646035,22.443010863686975
2012-03-24,2012,84,0,2.0502535964555495,-2.0502535964555495,13.967002024712425,2.372649769119264,-2.372649769119264,24.81566063280624
2012-03-25,2012,85,0,2.0291473356829006,-2.0291473356829006,15.996149360395325,2.617460958366641,-2.617460958366641,27.43312159117288
2012-03-26,2012,86,0,2.081598578671005,-2.081598578671005,18.07774793906633,2.778332755039085,-2.778332755039085,30.211454346211966
2012-03-27,2012,87,0,2.1609328656142224,-2.1609328656142224,20.238680804680552,2.890683439322812,-2.890683439322812,33.10213778553478
2012-03-28,2012,88,0,2.3312478166494683,-2.3312478166494683,22.56992862133002,2.6144409490611613,-2.6144409490611613,35.71657873459594
2012-03-29,2012,89,0,2.653671097153433,-2.653671097153433,25.223599718483456,2.7204908376819503,-2.7204908376819503,38.43706957227789
2012-03-30,2012,90,0,2.480177338221424,-2.480177338221424,27.70377705670488,2.6471686817252573,-2.6471686817252573,41.08423825400315
2012-03-31,2012,91,0,2.2696662667489997,-2.2696662667489997,29.97344332345388,2.638786717570634,-2.638786717570634,43.72302497157378
2012-04-01,2012,92,0,1.7886472948089458,-1.7886472948089458,31.762090618262825,2.5499392541887267,-2.5499392541887267,46.27296422576251
2012-04-02,2012,93,0,2.589855172715503,-2.589855172715503,34.35194579097833,2.588781343633846,-2.588781343633846,48.861745569396355
2012-04-03,2012,94,18.2,2.2712270882750834,15.928772911724916,18.42317287925341,2.4613946092095356,15.738605390790465,33.123140178605894
2012-04-04,2012,95,6,1.105850392525905,4.894149607474095,13.529023271779316,1.090176656028448,4.909823343971552,28.21331683463434
2012-04-05,2012,96,1.4,1.6638493244650916,-0.2638493244650917,13.792872596244408,1.2651924997388053,0.1348075002611946,28.078509334373145
2012-04-06,2012,97,3.1,1.7802264653604376,1.3197735346395625,12.473099061604845,1.504954150856307,1.5950458491436932,26.48346348522945
2012-04-07,2012,98,5.7,1.2207378009658796,4.479262199034121,7.993836862570724,1.2037528634588317,4.496247136541168,21.987216348688282
2012-04-08,2012,99,0.2,0.7894299752756941,-0.5894299752756942,8.583266837846418,1.1430947325657494,-0.9430947325657495,22.930311081254033
2012-04-09,2012,100,0,1.6796893941546596,-1.6796893941546596,10.262956232001077,1.6866601704267241,-1.6866601704267241,24.616971251680756
2012-04-10,2012,101,11.2,2.4178216793231386,8.782178320676861,1.4807779113242159,2.3472964466949806,8.85270355330502,15.764267698375736
2012-04-11,2012,102,5.3,1.110002102328461,4.189997897671539,0,1.2147238236254523,4.085276176374547,11.678991522001189
2012-04-12,2012,103,10.1,1.0014129771583444,9.098587022841656,0,1.0076449769448745,9.092355023055125,2.5866364989460635
2012-04-13,2012,104,0,1.3590965118791283,-1.3590965118791283,1.3590965118791283,1.3999347568221026,-1.3999347568221026,3.9865712557681663
2012-04-14,2012,105,5.4,0.6104398800391678,4.789560119960832,0,0.9509291056022829,4.4490708943977175,0
2012-04-15,2012,106,7.9,0.4232860240075393,7.476713975992461,0,0.6803072031111931,7.219692796888808,0
2012-04-16,2012,107,1.7,0.6449995418921202,1.0550004581078798,0,0.7867886196888684,0.9132113803111316,0
2012-04-17,2012,108,1.8,2.825315798391192,-1.025315798391192,1.025315798391192,2.3930675430500443,-0.5930675430500443,0.5930675430500443
2012-04-18,2012,109,0.6,2.368396307190519,-1.7683963071905189,2.7937121055817107,2.4713104653704883,-1.8713104653704882,2.4643780084205327
2012-04-19,2012,110,2.4,1.9164189789973405,0.48358102100265943,2.3101310845790515,1.7512870797310403,0.6487129202689597,1.815665088151573
2012-04-20,2012,111,2.1,1.7252208070843726,0.37477919291562745,1.935351891663424,1.8029957165038373,0.2970042834961628,1.5186608046554102
2012-04-21,2012,112,8.2,2.513656787440379,5.6863432125596205,0,2.5320819297358854,5.667918070264114,0
2012-04-22,2012,113,6.7,2.2510740789740984,4.448925921025902,0,1.9769688240027206,4.72303117599728,0
2012-04-23,2012,114,1.4,1.9867111898425365,-0.5867111898425366,0.5867111898425366,1.8430820152830192,-0.44308201528301927,0.44308201528301927
2012-04-24,2012,115,1.7,1.0404239058888642,0.6595760941111357,0,1.778813624038889,-0.07881362403888903,0.5218956393219083
2012-04-25,2012,116,0,1.9417810856464286,-1.9417810856464286,1.9417810856464286,2.0515060808551726,-2.0515060808551726,2.573401720177081
2012-04-26,2012,117,0,4.09903158688896,-4.09903158688896,6.040812672535388,3.680772852442529,-3.680772852442529,6.25417457261961
2012-04-27,2012,118,0,3.8518524949002435,-3.8518524949002435,9.89266516743563,3.5834122659101215,-3.5834122659101215,9.837586838529731
2012-04-28,2012,119,0,3.7794115355113314,-3.7794115355113314,13.672076702946962,4.349124630912609,-4.349124630912609,14.18671146944234
2012-04-29,2012,120,0,3.3090505996266373,-3.3090505996266373,16.981127302573597,3.640670863073165,-3.640670863073165,17.827382332515505
2012-04-30,2012,121,2,2.579699814510132,-0.579699814510132,17.56082711708373,2.8520574917191834,-0.8520574917191834,18.679439824234688
2012-05-01,2012,122,4.8,1.6903812826006135,3.1096187173993863,14.451208399684344,1.7208858794528659,3.0791141205471337,15.600325703687554
2012-05-02,2012,123,0,3.3221865690543915,-3.3221865690543915,17.773394968738735,2.754870101597645,-2.754870101597645,18.3551958052852
2012-05-03,2012,124,0,4.298757521144241,-4.298757521144241,22.072152489882974,3.7277590834258874,-3.7277590834258874,22.082954888711086
2012-05-04,2012,125,11.6,4.283116647870024,7.316883352129976,14.755269137752999,3.7373710843716847,7.862628915628315,14.22032597308277
2012-05-05,2012,126,2.8,2.8181446600309332,-0.0181446600309334,14.773413797783931,2.5301902531265545,0.2698097468734453,13.950516226209325
2012-05-06,2012,127,0.7,3.6428037710077734,-2.9428037710077737,17.716217568791706,3.020622321184249,-2.320622321184249,16.271138547393576
2012-05-07,2012,128,0,3.7860776875345965,-3.7860776875345965,21.502295256326303,3.318075907166127,-3.318075907166127,19.589214454559702
2012-05-08,2012,129,3.3,2.906005773848908,0.3939942261510918,21.108301030175213,2.6169264396402867,0.6830735603597131,18.90614089419999
2012-05-09,2012,130,0.6,3.027476330143381,-2.427476330143381,23.535777360318594,2.561749132458146,-1.961749132458146,20.867890026658134
2012-05-10,2012,131,0,4.687526758887612,-4.687526758887612,28.223304119206205,4.421991477258592,-4.421991477258592,25.289881503916725
2012-05-11,2012,132,3.9,5.240799401069258,-1.3407994010692579,29.564103520275463,5.079014433145945,-1.179014433145945,26.46889593706267
2012-05-12,2012,133,6.3,0.5682759319005455,5.731724068099455,23.832379452176006,1.0524846130229084,5.247515386977091,21.221380550085577
2012-05-13,2012,134,0,3.3502012027841204,-3.3502012027841204,27.182580654960127,3.2511998894956116,-3.2511998894956116,24.47258043958119
2012-05-14,2012,135,0,4.077895259094397,-4.077895259094397,31.260475914054524,3.9445055237247533,-3.9445055237247533,28.417085963305944
2012-05-15,2012,136,0.6,2.9924935548887257,-2.3924935548887256,33.65296946894325,3.258846978820077,-2.658846978820077,31.07593294212602
2012-05-16,2012,137,0.2,2.741014031878595,-2.541014031878595,36.193983500821844,2.5072177658976122,-2.307217765897612,33.383150708023635
2012-05-17,2012,138,0.2,4.287198566260561,-4.087198566260561,40.281182067082405,3.704055741033326,-3.504055741033326,36.88720644905696
2012-05-18,2012,139,1.7,2.6326047620289645,-0.9326047620289646,41.21378682911137,2.3667612044910906,-0.6667612044910907,37.55396765354805
2012-05-19,2012,140,1.6,2.35544886513881,-0.7554488651388098,41.96923569425018,2.4749971657878196,-0.8749971657878195,38.42896481933587
2012-05-20,2012,141,4.6,3.6941573330194553,0.9058426669805444,41.06339302726963,3.695304485052863,0.9046955149471367,37.52426930438873
2012-05-21,2012,142,27.8,2.317070650566565,25.482929349433437,15.580463677836196,2.0113700599429962,25.788629940057003,11.735639364331728
2012-05-22,2012,143,3.9,4.166232404680484,-0.2662324046804838,15.84669608251668,2.985239265200851,0.9147607347991489,10.82087862953258
2012-05-23,2012,144,2,3.1743387427940046,-1.1743387427940046,17.021034825310686,2.6532524439117924,-0.6532524439117924,11.474131073444372
2012-05-24,2012,145,0,4.726341687210708,-4.726341687210708,21.74737651252139,4.363256303050333,-4.363256303050333,15.837387376494705
2012-05-25,2012,146,0,4.994316263212179,-4.994316263212179,26.74169277573357,5.2801566269373135,-5.2801566269373135,21.11754400343202
2012-05-26,2012,147,0,5.047064158527409,-5.047064158527409,31.788756934260977,5.146062770228959,-5.146062770228959,26.263606773660978
2012-05-27,2012,148,0,3.5310285028856394,-3.5310285028856394,35.319785437146614,3.9316246117034632,-3.9316246117034632,30.19523138536444
2012-05-28,2012,149,0,5.266681577076417,-5.266681577076417,40.58646701422303,4.769704647430103,-4.769704647430103,34.96493603279454
2012-05-29,2012,150,0,4.898247966693686,-4.898247966693686,45.48471498091672,4.989242803019763,-4.989242803019763,39.954178835814304
2012-05-30,2012,151,4.8,5.4375463914420665,-0.6375463914420667,46.122261372358786,5.040503906146856,-0.24050390614685657,40.19468274196116
2012-05-31,2012,152,0.1,4.50372855517057,-4.40372855517057,50.52598992752935,4.064437261927424,-3.9644372619274235,44.15912000388858
2012-06-01,2012,153,0,4.0530556353714875,-4.0530556353714875,54.57904556290084,3.9797681518990284,-3.9797681518990284,48.13888815578761
2012-06-02,2012,154,2,5.773176643835213,-3.773176643835213,58.35222220673605,5.067284790150152,-3.0672847901501523,51.206172945937766
2012-06-03,2012,155,13.4,1.9659509462499762,11.434049053750025,46.91817315298603,1.9396182589942532,11.460381741005747,39.74579120493202
2012-06-04,2012,156,4.9,2.7191770753577624,2.180822924642238,44.73735022834379,2.604476913723555,2.2955230862764453,37.45026811865557
2012-06-05,2012,157,0,5.119573326939252,-5.119573326939252,49.856923555283046,3.882237283253517,-3.882237283253517,41.33250540190909
2012-06-06,2012,158,1.5,1.3771140624386222,0.12288593756137778,49.73403761772167,1.804899624130696,-0.30489962413069605,41.63740502603979
2012-06-07,2012,159,26.2,4.497608131483616,21.702391868516383,28.031645749205286,3.7142862670494066,22.485713732950593,19.151691293089193
2012-06-08,2012,160,15.5,1.5565956211396346,13.943404378860365,14.088241370344921,1.7106012987710864,13.789398701228913,5.36229259186028
2012-06-09,2012,161,1.8,3.6246959205988167,-1.8246959205988167,15.912937290943738,3.334334096570467,-1.5343340965704668,6.8966266884307466
2012-06-10,2012,162,4.7,3.6174594468994226,1.0825405531005776,14.83039673784316,2.9196993764356334,1.7803006235643668,5.11632606486638
2012-06-11,2012,163,13,3.877018461485629,9.12298153851437,5.707415199328789,3.023675076049946,9.976324923950054,0
2012-06-12,2012,164,9.9,2.216675225633582,7.683324774366419,0,1.9788072789974784,7.921192721002522,0
2012-06-13,2012,165,0.8,3.1490722435496723,-2.3490722435496725,2.3490722435496725,2.576447889473444,-1.7764478894734441,1.7764478894734441
2012-06-14,2012,166,0,5.2745326076132635,-5.2745326076132635,7.623604851162936,4.553500235603393,-4.553500235603393,6.329948125076838
2012-06-15,2012,167,0,5.60201918253758,-5.60201918253758,13.225624033700516,5.367177912121147,-5.367177912121147,11.697126037197986
2012-06-16,2012,168,0,5.757031589208175,-5.757031589208175,18.98265562290869,5.6508347923254885,-5.6508347923254885,17.347960829523473
2012-06-17,2012,169,0,6.277883457946589,-6.277883457946589,25.26053908085528,5.3573928742682435,-5.3573928742682435,22.705353703791715
2012-06-18,2012,170,0,5.469488855377024,-5.469488855377024,30.730027936232304,5.179626400683561,-5.179626400683561,27.884980104475275
2012-06-19,2012,171,5.7,3.4178764882838255,2.2821235117161747,28.44790442451613,3.2326441816215152,2.467355818378485,25.41762428609679
2012-06-20,2012,172,10.7,2.2339125714873713,8.466087428512628,19.981816996003502,2.2128430946310886,8.487156905368911,16.930467380727876
2012-06-21,2012,173,1.9,5.4583487197485665,-3.5583487197485666,23.540165715752067,4.34801238359135,-2.4480123835913496,19.378479764319227
2012-06-22,2012,174,0,5.895126320658758,-5.895126320658758,29.435292036410825,5.214811480391767,-5.214811480391767,24.593291244710993
2012-06-23,2012,175,0,5.752143196393555,-5.752143196393555,35.18743523280438,5.082881566300968,-5.082881566300968,29.676172811011963
2012-06-24,2012,176,8.1,4.214647486906374,3.8853525130936255,31.302082719710757,4.3033355651928895,3.79666443480711,25.879508376204853
2012-06-25,2012,177,3.8,3.1355304686454897,0.6644695313545101,30.637613188356248,2.6694623000636164,1.1305376999363834,24.74897067626847
2012-06-26,2012,178,2.3,2.1853655494567263,0.11463445054327348,30.522978737812974,1.9000012934371981,0.3999987065628017,24.34897196970567
2012-06-27,2012,179,0,6.5079845094331175,-6.5079845094331175,37.03096324724609,5.300649719702643,-5.300649719702643,29.649621689408313
2012-06-28,2012,180,0,5.618268582354579,-5.618268582354579,42.64923182960067,5.069384208309973,-5.069384208309973,34.71900589771829
2012-06-29,2012,181,0,6.365849091849058,-6.365849091849058,49.01508092144973,5.674019961189122,-5.674019961189122,40.393025858907414
2012-06-30,2012,182,10.4,5.600477029811539,4.799522970188462,44.21555795126127,5.151285922332124,5.248714077667876,35.14431178123954
2012-07-01,2012,183,16.7,1.1368650824055606,15.56313491759444,28.652423033666828,1.5683370411575428,15.131662958842456,20.012648822397082
2012-07-02,2012,184,4.5,1.3308444442081935,3.1691555557918063,25.48326747787502,1.4141366521525176,3.085863347847482,16.9267854745496
2012-07-03,2012,185,0,3.871684673854541,-3.871684673854541,29.354952151729563,3.12267380506716,-3.12267380506716,20.04945927961676
2012-07-04,2012,186,0,3.86375292565561,-3.86375292565561,33.218705077385174,3.576147053507098,-3.576147053507098,23.625606333123855
2012-07-05,2012,187,14.8,3.317293675750446,11.482706324249556,21.73599875313562,3.2591613932141765,11.540838606785824,12.08476772633803
2012-07-06,2012,188,10.2,2.800745522479522,7.399254477520477,14.33674427561514,2.3278375774435163,7.8721624225564835,4.212605303781547
2012-07-07,2012,189,0.1,5.580698403674409,-5.48069840367441,19.81744267928955,4.786971368790338,-4.6869713687903385,8.899576672571886
2012-07-08,2012,190,2.4,5.361997358517654,-2.9619973585176544,22.779440037807202,4.710193130726487,-2.310193130726487,11.209769803298373
2012-07-09,2012,191,0,5.728145219483046,-5.728145219483046,28.50758525729025,4.875679064725274,-4.875679064725274,16.085448868023647
2012-07-10,2012,192,0.7,3.9699510950785406,-3.2699510950785404,31.777536352368788,3.744666297548844,-3.0446662975488437,19.13011516557249
2012-07-11,2012,193,0,5.130363908387673,-5.130363908387673,36.90790026075646,4.557921902307807,-4.557921902307807,23.6880370678803
2012-07-12,2012,194,0,4.267262277670152,-4.267262277670152,41.17516253842662,3.9444695822066977,-3.9444695822066977,27.632506650086995
2012-07-13,2012,195,8.3,2.8824603250583753,5.417539674941626,35.757622863485,2.9500307810251285,5.349969218974872,22.282537431112125
2012-07-14,2012,196,0.9,4.970592521143826,-4.070592521143825,39.82821538462882,5.0811415845867565,-4.181141584586756,26.46367901569888
2012-07-15,2012,197,3.7,4.091772840283567,-0.39177284028356674,40.219988224912385,3.3997643750720967,0.30023562492790346,26.163443390770976
2012-07-16,2012,198,0,5.11874757494935,-5.11874757494935,45.33873579986174,4.5763998638264765,-4.5763998638264765,30.739843254597453
2012-07-17,2012,199,0,5.667719154412775,-5.667719154412775,51.00645495427451,5.382204632324888,-5.382204632324888,36.12204788692234
2012-07-18,2012,200,0,5.436267212552191,-5.436267212552191,56.4427221668267,5.402152736745008,-5.402152736745008,41.52420062366735
2012-07-19,2012,201,0,4.236354898806425,-4.236354898806425,60.67907706563312,4.528295658709492,-4.528295658709492,46.052496282376836
2012-07-20,2012,202,5,2.0596617710566862,2.9403382289433138,57.73873883668981,2.213459337056495,2.786540662943505,43.26595561943333
2012-07-21,2012,203,4.4,2.369763748433013,2.030236251566987,55.70850258512282,2.1656177512238415,2.234382248776159,41.03157337065717
2012-07-22,2012,204,0,4.517076794098752,-4.517076794098752,60.22557937922157,4.245650786869181,-4.245650786869181,45.27722415752635
2012-07-23,2012,205,0,4.900817237436538,-4.900817237436538,65.12639661665811,4.953544216110811,-4.953544216110811,50.23076837363716
2012-07-24,2012,206,0,5.32514846717386,-5.32514846717386,70.45154508383197,4.912572011893445,-4.912572011893445,55.14334038553061
2012-07-25,2012,207,0,5.218757965829125,-5.218757965829125,75.6703030496611,5.088327980791495,-5.088327980791495,60.231668366322104
2012-07-26,2012,208,0,5.4119940002827605,-5.4119940002827605,81.08229704994386,5.313714271711408,-5.313714271711408,65.54538263803352
2012-07-27,2012,209,0.2,5.384504542865358,-5.184504542865358,86.26680159280922,5.570785716110663,-5.370785716110663,70.91616835414418
2012-07-28,2012,210,1.4,1.793408131167732,-0.393408131167732,86.66020972397695,2.6854871001365774,-1.2854871001365775,72.20165545428075
2012-07-29,2012,211,1.1,2.3989179135054277,-1.2989179135054276,87.95912763748238,2.3576210252739385,-1.2576210252739384,73.45927647955469
2012-07-30,2012,212,0,4.522731525447636,-4.522731525447636,92.48185916293002,4.308629373816783,-4.308629373816783,77.76790585337147
2012-07-31,2012,213,0,5.282983150542098,-5.282983150542098,97.76484231347212,4.858511640361214,-4.858511640361214,82.62641749373269
2012-08-01,2012,214,4.6,4.927117334323721,-0.32711733432372103,98.09195964779583,4.835655063041378,-0.23565506304137873,82.86207255677407
2012-08-02,2012,215,1,4.244362291168453,-3.2443622911684526,101.33632193896429,4.193412921433029,-3.193412921433029,86.05548547820709
2012-08-03,2012,216,0,3.7402273546278177,-3.7402273546278177,105.07654929359211,3.533276649894418,-3.533276649894418,89.58876212810151
2012-08-04,2012,217,8.2,4.611356697416688,3.5886433025833115,101.4879059910088,4.1764411659338005,4.023558834066199,85.56520329403531
2012-08-05,2012,218,17,3.0044123121264934,13.995587687873506,87.49231830313529,2.7180969961808583,14.281903003819142,71.28330029021618
2012-08-06,2012,219,3.4,1.348527951057927,2.051472048942073,85.44084625419322,1.7122392233675088,1.6877607766324911,69.59553951358369
2012-08-07,2012,220,0,4.5575702131579465,-4.5575702131579465,89.99841646735116,4.175087608494759,-4.175087608494759,73.77062712207845
2012-08-08,2012,221,0,4.646642960885551,-4.646642960885551,94.64505942823672,4.389798724976641,-4.389798724976641,78.1604258470551
2012-08-09,2012,222,0,4.165615261127824,-4.165615261127824,98.81067468936455,4.198047800008124,-4.198047800008124,82.35847364706322
2012-08-10,2012,223,0,4.649964658594596,-4.649964658594596,103.46063934795914,4.49316124715822,-4.49316124715822,86.85163489422143
2012-08-11,2012,224,0,4.561228953651691,-4.561228953651691,108.02186830161084,4.545025581131777,-4.545025581131777,91.39666047535322
2012-08-12,2012,225,0,3.919013353350669,-3.919013353350669,111.9408816549615,3.692050646397029,-3.692050646397029,95.08871112175025
2012-08-13,2012,226,0,3.8520394619116898,-3.8520394619116898,115.79292111687319,3.7632249765366033,-3.7632249765366033,98.85193609828686
2012-08-14,2012,227,0,4.264827076275001,-4.264827076275001,120.05774819314819,4.06580609129518,-4.06580609129518,102.91774218958204
2012-08-15,2012,228,8.6,4.859944384826925,3.740055615173075,116.31769257797511,4.566508026266466,4.0334919737335335,98.88425021584851
2012-08-16,2012,229,1,3.391077025175777,-2.391077025175777,118.70876960315088,3.0406945050888834,-2.0406945050888834,100.92494472093739
2012-08-17,2012,230,0,4.472345828857131,-4.472345828857131,123.18111543200801,4.365461621650919,-4.365461621650919,105.29040634258831
2012-08-18,2012,231,0,4.7060803103291775,-4.7060803103291775,127.88719574233718,4.595978802370277,-4.595978802370277,109.8863851449586
2012-08-19,2012,232,0,4.549825878277234,-4.549825878277234,132.43702162061442,4.76859729560515,-4.76859729560515,114.65498244056374
2012-08-20,2012,233,2.5,4.56386895523194,-2.06386895523194,134.50089057584637,5.049051960759748,-2.5490519607597477,117.2040344013235
2012-08-21,2012,234,0.3,4.180599923719582,-3.880599923719582,138.38149049956596,4.206681467800779,-3.9066814678007793,121.11071586912428
2012-08-22,2012,235,0,4.235209605175496,-4.235209605175496,142.61670010474145,4.445089699318459,-4.445089699318459,125.55580556844274
2012-08-23,2012,236,5.5,3.4852648700565103,2.0147351299434897,140.60196497479797,3.6334447977768103,1.8665552022231897,123.68925036621954
2012-08-24,2012,237,7.7,1.5364124571892948,6.163587542810705,134.43837743198725,1.7457148856339244,5.954285114366076,117.73496525185347
2012-08-25,2012,238,2.9,4.107003298783998,-1.2070032987839983,135.64538073077125,3.4780253671625903,-0.5780253671625903,118.31299061901606
2012-08-26,2012,239,0,3.549053387482497,-3.549053387482497,139.19443411825375,3.494786698689503,-3.494786698689503,121.80777731770557
2012-08-27,2012,240,0,3.7329717219294474,-3.7329717219294474,142.9274058401832,3.534147007999719,-3.534147007999719,125.34192432570529
2012-08-28,2012,241,0,2.353610171906891,-2.353610171906891,145.2810160120901,2.8810547295701827,-2.8810547295701827,128.2229790552755
2012-08-29,2012,242,5.8,3.2987966585693562,2.5012033414306436,142.77981267065945,3.222035991239073,2.577964008760927,125.64501504651456
2012-08-30,2012,243,25.6,0.4803390721990651,25.119660927800936,117.66015174285852,1.0281004960399345,24.57189950396007,101.07311554255449
2012-08-31,2012,244,16.2,1.0261795716568753,15.173820428343124,102.4863313145154,1.1663296655481283,15.033670334451871,86.03944520810262
2012-09-01,2012,245,14.9,0.7248919138699823,14.175108086130018,88.31122322838537,0.8034941910950613,14.09650580890494,71.94293939919768
2012-09-02,2012,246,0,1.1004788671903454,-1.1004788671903454,89.41170209557572,1.3780834753831184,-1.3780834753831184,73.3210228745808
2012-09-03,2012,247,0,0.8191690036513957,-0.8191690036513957,90.23087109922712,1.2806836028621034,-1.2806836028621034,74.6017064774429
2012-09-04,2012,248,0,0.9621706838016415,-0.9621706838016415,91.19304178302876,1.6300870693704947,-1.6300870693704947,76.23179354681339
2012-09-05,2012,249,0,1.6214775880623087,-1.6214775880623087,92.81451937109107,1.9945703321203727,-1.9945703321203727,78.22636387893377
2012-09-06,2012,250,0,3.0631064378021753,-3.0631064378021753,95.87762580889324,2.821729625363713,-2.821729625363713,81.04809350429748
2012-09-07,2012,251,0,3.0918319505507545,-3.0918319505507545,98.969457759444,2.88270200224283,-2.88270200224283,83.9307955065403
2012-09-08,2012,252,0,3.078507412150874,-3.078507412150874,102.04796517159487,3.0431384111157445,-3.0431384111157445,86.97393391765605
2012-09-09,2012,253,0,3.385355656845168,-3.385355656845168,105.43332082844003,3.175796375970248,-3.175796375970248,90.1497302936263
2012-09-10,2012,254,0,2.9935871044264144,-2.9935871044264144,108.42690793286644,3.072506161616437,-3.072506161616437,93.22223645524274
2012-09-11,2012,255,15.3,1.829713197394956,13.470286802605045,94.9566211302614,2.105902256890673,13.194097743109328,80.02813871213341
2012-09-12,2012,256,9,0.27318968674476907,8.72681031325523,86.22981081700617,0.9446495475180396,8.05535045248196,71.97278825965145
2012-09-13,2012,257,0,1.9625237560022002,-1.9625237560022002,88.19233457300837,1.893888233953203,-1.893888233953203,73.86667649360466
2012-09-14,2012,258,0,2.3816319648595083,-2.3816319648595083,90.57396653786788,2.384309871844759,-2.384309871844759,76.25098636544942
2012-09-15,2012,259,0,2.2411653925909336,-2.2411653925909336,92.8151319304588,2.1985186090274698,-2.1985186090274698,78.4495049744769
2012-09-16,2012,260,0,2.6474014863483806,-2.6474014863483806,95.46253341680719,2.4372117871377266,-2.4372117871377266,80.88671676161462
2012-09-17,2012,261,0,2.1188830794297178,-2.1188830794297178,97.58141649623691,2.178251339698725,-2.178251339698725,83.06496810131334
2012-09-18,2012,262,17.8,1.803665470538064,15.996334529461937,81.58508196677498,1.8466726370591802,15.95332736294082,67.11164073837251
2012-09-19,2012,263,1.9,1.1631916630598993,0.7368083369401006,80.84827362983488,1.3888385442250846,0.5111614557749153,66.6004792825976
2012-09-20,2012,264,0,2.0899391027214,-2.0899391027214,82.93821273255628,1.9170586536595984,-1.9170586536595984,68.5175379362572
2012-09-21,2012,265,14.1,2.7191477627497047,11.380852237250295,71.55736049530599,2.2069293040356786,11.89307069596432,56.62446724029288
2012-09-22,2012,266,7.6,0.5432466203269549,7.056753379673045,64.50060711563295,0.8355441062426924,6.764455893757307,49.86001134653557
2012-09-23,2012,267,0,2.2002662322447373,-2.2002662322447373,66.70087334787769,1.6635703732761167,-1.6635703732761167,51.52358171981169
2012-09-24,2012,268,8.2,0.6243296764218738,7.575670323578126,59.125203024299566,1.2555936498743767,6.944406350125623,44.57917536968606
2012-09-25,2012,269,0,0.8912775041766285,-0.8912775041766285,60.016480528476194,1.5768786376616541,-1.5768786376616541,46.15605400734772
2012-09-26,2012,270,10,0.8067731460405495,9.19322685395945,50.82325367451674,1.065211432513106,8.934788567486894,37.22126543986083
2012-09-27,2012,271,0.7,1.988747343900941,-1.2887473439009411,52.112001018417686,1.9291923736926526,-1.2291923736926527,38.450457813553484
2012-09-28,2012,272,0.5,1.8673874219727211,-1.3673874219727211,53.47938844039041,1.7522287005517545,-1.2522287005517545,39.70268651410524
2012-09-29,2012,273,15.5,0.31239167351762925,15.187608326482371,38.29178011390804,0.655864798756185,14.844135201243816,24.858551312861422
2012-09-30,2012,274,0,1.2780251663069793,-1.2780251663069793,39.56980528021502,1.0103480590564144,-1.0103480590564144,25.868899371917838
2012-10-01,2012,275,0,1.3084428911214168,-1.3084428911214168,40.87824817133644,1.2003024518440606,-1.2003024518440606,27.069201823761897
2012-10-02,2012,276,0,1.7170819314033583,-1.7170819314033583,42.595330102739794,1.6821490792765101,-1.6821490792765101,28.751350903038407
2012-10-03,2012,277,0.5,1.6248231642065563,-1.1248231642065563,43.72015326694635,1.6672972163835482,-1.1672972163835482,29.918648119421956
2012-10-04,2012,278,3.3,0.3924157139759641,2.9075842860240355,40.812568980922315,1.1022366580124259,2.197763341987574,27.72088477743438
2012-10-05,2012,279,0,1.9589325771053065,-1.9589325771053065,42.77150155802762,1.8627776177815665,-1.8627776177815665,29.58366239521595
2012-10-06,2012,280,1.5,1.494836581623074,0.005163418376926021,42.7663381396507,1.7278479021117366,-0.22784790211173656,29.811510297327686
2012-10-07,2012,281,1.8,0.7507883980088387,1.0492116019911615,41.71712653765954,0.9723915241290125,0.8276084758709875,28.983901821456698
2012-10-08,2012,282,27.4,0.8045591940753113,26.59544080592469,15.12168573173485,0.8047007907499687,26.59529920925003,2.388602612206668
2012-10-09,2012,283,8.7,1.2016545927851763,7.498345407214823,7.623340324520027,1.072480704956069,7.62751929504393,0
2012-10-10,2012,284,11,0.2465138474387277,10.753486152561273,0,0.7866742791772521,10.213325720822748,0
2012-10-11,2012,285,3.5,1.7810668715587248,1.7189331284412752,0,1.3685161977728395,2.1314838022271605,0
2012-10-12,2012,286,4.5,0.4278588145116955,4.072141185488304,0,0.8935071562046059,3.6064928437953943,0
2012-10-13,2012,287,0,0.9151303962865263,-0.9151303962865263,0.9151303962865263,1.0978540127158922,-1.0978540127158922,1.0978540127158922
2012-10-14,2012,288,1.7,0.0886176656747121,1.6113823343252878,0,0.8197420623467162,0.8802579376532838,0.21759607506260847
2012-10-15,2012,289,0.6,0.39143615685162797,0.208563843148372,0,0.827784962478908,-0.227784962478908,0.4453810375415165
2012-10-16,2012,290,0,0.8096811529007573,-0.8096811529007573,0.8096811529007573,0.826197883681313,-0.826197883681313,1.2715789212228295
2012-10-17,2012,291,0,0.7626655745569582,-0.7626655745569582,1.5723467274577154,0.9334697471662664,-0.9334697471662664,2.2050486683890957
2012-10-18,2012,292,0,0.4889992775161209,-0.4889992775161209,2.0613460049738364,0.9007267111146426,-0.9007267111146426,3.105775379503738
2012-10-19,2012,293,0,1.06608849508568,-1.06608849508568,3.1274345000595165,1.1704081531841302,-1.1704081531841302,4.2761835326878685
2012-10-20,2012,294,0,0.8500757042718939,-0.8500757042718939,3.9775102043314106,1.0396883959594252,-1.0396883959594252,5.315871928647294
2012-10-21,2012,295,0,1.0007953129824918,-1.0007953129824918,4.978305517313903,1.1287068209110698,-1.1287068209110698,6.444578749558364
2012-10-22,2012,296,0.1,1.0087480450847002,-0.9087480450847002,5.887053562398603,1.0885786519152847,-0.9885786519152847,7.433157401473649
2012-10-23,2012,297,0.1,0.45007099725603766,-0.35007099725603763,6.2371245596546405,0.4738422731748552,-0.3738422731748552,7.8069996746485035
2012-10-24,2012,298,0.1,0.605235589259461,-0.505235589259461,6.742360148914101,0.5225074595827329,-0.42250745958273295,8.229507134231236
2012-10-25,2012,299,0,0.49828621102961207,-0.49828621102961207,7.240646359943713,0.5820436376480064,-0.5820436376480064,8.811550771879242
2012-10-26,2012,300,8.1,0.47994388686563816,7.620056113134361,0,0.5265476212045612,7.573452378795438,1.2380983930838036
2012-10-27,2012,301,15.5,0.3011566522563605,15.19884334774364,0,0.4543289117913014,15.0456710882087,0
2012-10-28,2012,302,3.1,0.4440294559728408,2.6559705440271593,0,0.44400954267142656,2.6559904573285733,0
2012-10-29,2012,303,0,0.6185671640149275,-0.6185671640149275,0.6185671640149275,0.4812479457590919,-0.4812479457590919,0.4812479457590919
2012-10-30,2012,304,0,0.5372627493650403,-0.5372627493650403,1.1558299133799679,0.507273886647329,-0.507273886647329,0.9885218324064209
2012-10-31,2012,305,0,0.2430674250512909,-0.2430674250512909,1.3988973384312589,0.41972578059963483,-0.41972578059963483,1.4082476130060557
2012-11-01,2012,306,6.9,0.7917827548833193,6.108217245116681,0,0.8789462316943947,6.021053768305606,0
2012-11-02,2012,307,0.1,0.9004366636933891,-0.8004366636933892,0.8004366636933892,1.508395244582389,-1.4083952445823888,1.4083952445823888
2012-11-03,2012,308,1.1,0.13300458783686128,0.9669954121631388,0,1.5491904985573945,-0.44919049855739446,1.8575857431397833
2012-11-04,2012,309,25.1,0.87721809377691,24.22278190622309,0,0.6281295466838509,24.47187045331615,0
2012-11-05,2012,310,11.7,0.15763203331583875,11.54236796668416,0,0.7159716319038884,10.98402836809611,0
2012-11-06,2012,311,2.7,0.22728510692430223,2.472714893075698,0,0.4320241822392161,2.2679758177607843,0
2012-11-07,2012,312,0,0.10335268671086997,-0.10335268671086997,0.10335268671086997,0.4920725709248302,-0.4920725709248302,0.4920725709248302
2012-11-08,2012,313,0,0.07464722807405612,-0.07464722807405612,0.1779999147849261,0.38034995441553243,-0.38034995441553243,0.8724225253403626
2012-11-09,2012,314,5.5,0.5671226860865612,4.932877313913439,0,0.40477455784309085,5.095225442156909,0
2012-11-10,2012,315,32.1,0.18727648192581958,31.91272351807418,0,0.4402673525771214,31.65973264742288,0
2012-11-11,2012,316,8,0.22798098043327505,7.772019019566725,0,0.4310889366140472,7.568911063385952,0
2012-11-12,2012,317,0,0.23831714098519777,-0.23831714098519777,0.23831714098519777,0.5459453656824887,-0.5459453656824887,0.5459453656824887
2012-11-13,2012,318,0,0.19891490370903245,-0.19891490370903245,0.4372320446942302,0.5099454165031351,-0.5099454165031351,1.0558907821856238
2012-11-14,2012,319,0,0.31977937457426736,-0.31977937457426736,0.7570114192684976,0.34536908070472594,-0.34536908070472594,1.4012598628903499
2012-11-15,2012,320,0,0.4485587992169299,-0.4485587992169299,1.2055702184854276,0.21599476787271196,-0.21599476787271196,1.6172546307630618
2012-11-16,2012,321,0,0.39847734649407646,-0.39847734649407646,1.604047564979504,0.2999905477205343,-0.2999905477205343,1.917245178483596
2012-11-17,2012,322,0,0.5067842615320886,-0.5067842615320886,2.1108318265115926,0.3077883251510061,-0.3077883251510061,2.2250335036346023
2012-11-18,2012,323,0,0.23848086288926465,-0.23848086288926465,2.349312689400857,0.27223942380110383,-0.27223942380110383,2.497272927435706
2012-11-19,2012,324,0,0.3606152637443065,-0.3606152637443065,2.7099279531451637,0.2831485660112241,-0.2831485660112241,2.7804214934469305
2012-11-20,2012,325,0,0.43848615614170716,-0.43848615614170716,3.148414109286871,0.2687225315351009,-0.2687225315351009,3.049144024982031
2012-11-21,2012,326,0.3,0.22770378709791014,0.07229621290208985,3.076117896384781,0.27761518504976557,0.022384814950234422,3.0267592100317966
2012-11-22,2012,327,0,0.25032522875444424,-0.25032522875444424,3.3264431251392255,0.35253602145864316,-0.35253602145864316,3.3792952314904396
2012-11-23,2012,328,0,0.0944191162179256,-0.0944191162179256,3.4208622413571512,0.28118631421544626,-0.28118631421544626,3.6604815457058857
2012-11-24,2012,329,0,0.08358974870806102,-0.08358974870806102,3.5044519900652125,0.30266005427049225,-0.30266005427049225,3.963141599976378
2012-11-25,2012,330,5.7,-0.06736095949279397,5.767360959492795,0,0.4230950683959582,5.276904931604042,0
2012-11-26,2012,331,9.7,0.22310366630588274,9.476896333694116,0,0.3812233759383946,9.318776624061604,0
2012-11-27,2012,332,12.3,0.2806042769232498,12.019395723076752,0,0.34873312509461246,11.951266874905388,0
2012-11-28,2012,333,15.3,0.1440892492107626,15.155910750789237,0,0.41115915247729223,14.888840847522708,0
2012-11-29,2012,334,4.7,-0.028432291173154597,4.728432291173155,0,0.2915488774986035,4.408451122501397,0
2012-11-30,2012,335,0.1,0.4086917492187779,-0.30869174921877784,0.30869174921877784,0.18668913744125207,-0.08668913744125206,0.08668913744125206
2012-12-01,2012,336,0,-0.3172128632513572,0.3172128632513572,0,0.33814988822351516,-0.33814988822351516,0
2012-12-02,2012,337,1.2,-0.11495725286886055,1.3149572528688604,0,0.28977012738236746,0.9102298726176326,0
2012-12-03,2012,338,17.4,-0.021923234436763653,17.42192323443676,0,0.29944178578575714,17.100558214214242,0
2012-12-04,2012,339,8.6,0.11022528555921207,8.489774714440788,0,0.4241185801631597,8.17588141983684,0
2012-12-05,2012,340,3.6,0.06914487604504754,3.5308551239549524,0,0.30241834979182103,3.297581650208179,0
2012-12-06,2012,341,0.2,-0.26581250355979635,0.46581250355979636,0,0.1850214666019202,0.014978533398079807,0
2012-12-07,2012,342,7.8,-0.050112132030379584,7.85011213203038,0,0.27733037944358835,7.522669620556411,0
2012-12-08,2012,343,0.1,0.1968916514931767,-0.09689165149317669,0.09689165149317669,0.23129814301269716,-0.13129814301269715,0.13129814301269715
2012-12-09,2012,344,0.6,0.2170906221870891,0.3829093778129109,0,0.3052496068755242,0.29475039312447576,0
2012-12-10,2012,345,2.8,0.24994494166076348,2.5500550583392365,0,0.34815584330961186,2.451844156690388,0
2012-12-11,2012,346,0,-0.09878571094934106,0.09878571094934106,0,0.19471104444976436,-0.19471104444976436,0.19471104444976436
2012-12-12,2012,347,0,-0.10221832587076962,0.10221832587076962,0,0.02624894647543034,-0.02624894647543034,0.2209599909251947
2012-12-13,2012,348,1.1,0.10089306596861604,0.9991069340313841,0,0.17608655768028383,0.9239134423197163,0
2012-12-14,2012,349,14.4,0.4116919266190188,13.988308073380981,0,0.15525246887782945,14.24474753112217,0
2012-12-15,2012,350,8.5,0.2518280494530259,8.248171950546974,0,0.3236346289761284,8.176365371023872,0
2012-12-16,2012,351,4.9,0.05731939988558515,4.842680600114416,0,0.4852688162936171,4.414731183706383,0
2012-12-17,2012,352,6.7,0.03728804274253435,6.662711957257466,0,0.4932346843450443,6.206765315654956,0
2012-12-18,2012,353,14.3,-0.1359481533730462,14.435948153373047,0,0.43152584752906437,13.868474152470936,0
2012-12-19,2012,354,0,0.08139839949841945,-0.08139839949841945,0.08139839949841945,0.08105970380826642,-0.08105970380826642,0.08105970380826642
2012-12-20,2012,355,7.8,-0.02442170416031297,7.824421704160312,0,0.3066099740502143,7.493390025949785,0
2012-12-21,2012,356,0,0.20382054610090627,-0.20382054610090627,0.20382054610090627,0.08658781849914533,-0.08658781849914533,0.08658781849914533
2012-12-22,2012,357,13.9,-0.011835004594858237,13.911835004594858,0,0.30539699566862766,13.594603004331372,0
2012-12-23,2012,358,0,-0.45396571468166613,0.45396571468166613,0,0.4389681126338553,-0.4389681126338553,0.4389681126338553
2012-12-24,2012,359,0,-0.4113428236966308,0.4113428236966308,0,0.10276407115050154,-0.10276407115050154,0.5417321837843568
2012-12-25,2012,360,15.9,-0.12433376025625133,16.02433376025625,0,0.5684082722552216,15.33159172774478,0
2012-12-26,2012,361,1.6,-0.16654780423924734,1.7665478042392475,0,0.7811863299218558,0.8188136700781443,0
2012-12-27,2012,362,16.9,-0.15974920547387722,17.059749205473874,0,1.0009411092873692,15.89905889071263,0
2012-12-28,2012,363,0,-0.2998319049832843,0.2998319049832843,0,0.7483302987178232,-0.7483302987178232,0.7483302987178232
2012-12-29,2012,364,1,-0.2359735672495558,1.2359735672495558,0,0.0268128740573947,0.9731871259426053,0
2012-12-30,2012,365,0,-0.3537609403034142,0.3537609403034142,0,0.7029009737266326,-0.7029009737266326,0.7029009737266326
2012-12-31,2012,366,0,-0.4888267619165615,0.4888267619165615,0,0.10657683956121164,-0.10657683956121164,0.8094778132878443
2013-01-01,2013,1,6,-0.007992288508726495,6.007992288508727,0,0.33946147910654983,5.66053852089345,0
2013-01-02,2013,2,0,-0.41181222465775486,0.41181222465775486,0,0.1672741610955428,-0.1672741610955428,0.1672741610955428
2013-01-03,2013,3,0,0.015240954869656367,-0.015240954869656367,0.015240954869656367,0.26705104830116416,-0.26705104830116416,0.43432520939670693
2013-01-04,2013,4,0,0.08168106123200886,-0.08168106123200886,0.09692201610166522,0.290088564150924,-0.290088564150924,0.7244137735476309
2013-01-05,2013,5,0,0.39383035654628473,-0.39383035654628473,0.49075237264794996,0.4018407959358913,-0.4018407959358913,1.1262545694835222
2013-01-06,2013,6,0,0.07625068943972006,-0.07625068943972006,0.56700306208767,0.32519185622240954,-0.32519185622240954,1.4514464257059316
2013-01-07,2013,7,0,0.15433572704077997,-0.15433572704077997,0.72133878912845,0.39374324488948387,-0.39374324488948387,1.8451896705954156
2013-01-08,2013,8,0,-0.00961531410682379,0.00961531410682379,0.7117234750216261,0.2048287444936903,-0.2048287444936903,2.050018415089106
2013-01-09,2013,9,0.8,0.3043293589740588,0.49567064102594127,0.21605283399568487,0.14618086274582165,0.6538191372541784,1.3961992778349275
2013-01-10,2013,10,7.6,0.18085454673958443,7.419145453260415,0,0.3245732928018316,7.275426707198168,0
2013-01-11,2013,11,2.3,-0.053275027298428035,2.353275027298428,0,0.4227756376073362,1.8772243623926637,0
2013-01-12,2013,12,2.3,0.1314014604297445,2.1685985395702554,0,0.22107323982598445,2.0789267601740153,0
2013-01-13,2013,13,0,0.40020603386278103,-0.40020603386278103,0.40020603386278103,0.2355038581306125,-0.2355038581306125,0.2355038581306125
2013-01-14,2013,14,0,-0.02446163296916297,0.02446163296916297,0.37574440089361805,0.3774898464828183,-0.3774898464828183,0.6129937046134308
2013-01-15,2013,15,1.5,-0.2123510882334892,1.7123510882334891,0,0.3598707879626208,1.1401292120373792,0
2013-01-16,2013,16,0,-0.17350330541268155,0.17350330541268155,0,0.29466893682776585,-0.29466893682776585,0.29466893682776585
2013-01-17,2013,17,0,-0.037759813396402046,0.037759813396402046,0,0.2495010980511371,-0.2495010980511371,0.5441700348789029
2013-01-18,2013,18,0.4,0.07675074201182266,0.3232492579881774,0,0.19694070784960316,0.20305929215039686,0.34111074272850606
2013-01-19,2013,19,3.4,0.4162237297346032,2.9837762702653965,0,0.30077260673415196,3.099227393265848,0
2013-01-20,2013,20,0.7,0.45308176165794595,0.246918238342054,0,0.2616345141387575,0.43836548586124247,0
2013-01-21,2013,21,0,0.02673296047889783,-0.02673296047889783,0.02673296047889783,0.32062849720351605,-0.32062849720351605,0.32062849720351605
2013-01-22,2013,22,0,0.1159238888864818,-0.1159238888864818,0.14265684936537962,0.3539495031701093,-0.3539495031701093,0.6745780003736254
2013-01-23,2013,23,0,-0.0897195640836944,0.0897195640836944,0.05293728528168522,0.24114863360233713,-0.24114863360233713,0.9157266339759624
2013-01-24,2013,24,0,-0.156091218580575,0.156091218580575,0,0.44625728015931176,-0.44625728015931176,1.361983914135274
2013-01-25,2013,25,0,-0.08135660997235239,0.08135660997235239,0,0.4930176197629533,-0.4930176197629533,1.8550015338982273
2013-01-26,2013,26,0,0.020183299511482462,-0.020183299511482462,0.020183299511482462,0.22965240298928002,-0.22965240298928002,2.0846539368875074
2013-01-27,2013,27,10.7,0.26765720053173037,10.43234279946827,0,0.47762925686220026,10.222370743137798,0
2013-01-28,2013,28,0,0.16095181091598407,-0.16095181091598407,0.16095181091598407,0.3551492117592657,-0.3551492117592657,0.3551492117592657
2013-01-29,2013,29,4.7,0.13683052895380793,4.5631694710461925,0,0.5423661155278188,4.157633884472181,0
2013-01-30,2013,30,6.5,0.2797139251363101,6.22028607486369,0,0.6616564853800525,5.838343514619948,0
2013-01-31,2013,31,0.8,0.17243243366408936,0.6275675663359107,0,1.011238731023371,-0.21123873102337098,0.21123873102337098
2013-02-01,2013,32,25.9,0.12932605910597014,25.770673940894028,0,0.7702168580225874,25.129783141977413,0
2013-02-02,2013,33,6,0.333544287147623,5.666455712852377,0,0.5372652664715861,5.462734733528414,0
2013-02-03,2013,34,1.6,0.42652260289134164,1.1734773971086585,0,0.5345905325012938,1.0654094674987062,0
2013-02-04,2013,35,1.8,0.4409803178364418,1.3590196821635583,0,0.5305757140294027,1.2694242859705973,0
2013-02-05,2013,36,7.7,0.326573874445214,7.373426125554786,0,0.8354772270038876,6.8645227729961125,0
2013-02-06,2013,37,3,0.08719604259137535,2.9128039574086246,0,0.588252665198231,2.411747334801769,0
2013-02-07,2013,38,1.5,0.5004743027745912,0.9995256972254088,0,0.41883853936714166,1.0811614606328583,0
2013-02-08,2013,39,0.3,0.24829448697095313,0.05170551302904686,0,0.46695722793569194,-0.16695722793569195,0.16695722793569195
2013-02-09,2013,40,0,0.5873524755201748,-0.5873524755201748,0.5873524755201748,0.41640478781807927,-0.41640478781807927,0.5833620157537712
2013-02-10,2013,41,1.1,0.40714386959326315,0.6928561304067369,0,0.38831573056027135,0.7116842694397287,0
2013-02-11,2013,42,8,0.543344627575105,7.456655372424895,0,0.3727900765411068,7.627209923458893,0
2013-02-12,2013,43,0.1,0.5767527756281559,-0.4767527756281559,0.4767527756281559,0.4315129522010005,-0.3315129522010005,0.3315129522010005
2013-02-13,2013,44,0,0.4473300516677601,-0.4473300516677601,0.924082827295916,0.522547512627963,-0.522547512627963,0.8540604648289635
2013-02-14,2013,45,0,0.6241916542073878,-0.6241916542073878,1.5482744815033036,0.504199172977211,-0.504199172977211,1.3582596378061744
2013-02-15,2013,46,0.1,0.6321572123975562,-0.5321572123975562,2.08043169390086,0.5461922656694744,-0.44619226566947445,1.8044519034756488
2013-02-16,2013,47,0,0.47639431692062123,-0.47639431692062123,2.556826010821481,0.5204726692924658,-0.5204726692924658,2.3249245727681145
2013-02-17,2013,48,0,0.14283862253107596,-0.14283862253107596,2.699664633352557,0.5476581271727016,-0.5476581271727016,2.872582699940816
2013-02-18,2013,49,0,0.5745595510681887,-0.5745595510681887,3.2742241844207456,0.6285551448592217,-0.6285551448592217,3.501137844800038
2013-02-19,2013,50,0,0.891282746772875,-0.891282746772875,4.165506931193621,0.7493132984072602,-0.7493132984072602,4.2504511432072984
2013-02-20,2013,51,0,0.8267280396603721,-0.8267280396603721,4.992234970853993,0.8488545584209773,-0.8488545584209773,5.099305701628276
2013-02-21,2013,52,0,0.48557041056103667,-0.48557041056103667,5.477805381415029,0.8662810943103567,-0.8662810943103567,5.965586795938632
2013-02-22,2013,53,0,0.30127990896190693,-0.30127990896190693,5.779085290376936,0.7347551276330616,-0.7347551276330616,6.700341923571694
2013-02-23,2013,54,0.3,0.42375190629588116,-0.12375190629588118,5.9028371966728175,0.7271356872091762,-0.4271356872091762,7.12747761078087
2013-02-24,2013,55,0.3,0.613637807930032,-0.313637807930032,6.21647500460285,0.5774066263681108,-0.2774066263681108,7.404884237148981
2013-02-25,2013,56,0,0.2088423129290987,-0.2088423129290987,6.425317317531948,0.5408873065343426,-0.5408873065343426,7.945771543683324
2013-02-26,2013,57,0,0.7150918338673802,-0.7150918338673802,7.140409151399329,0.6461608908066205,-0.6461608908066205,8.591932434489944
2013-02-27,2013,58,0,0.436672098947632,-0.436672098947632,7.577081250346961,0.614144794009752,-0.614144794009752,9.206077228499696
2013-02-28,2013,59,0,1.031738351988446,-1.031738351988446,8.608819602335407,0.935323241323585,-0.935323241323585,10.141400469823282
2013-03-01,2013,60,0,0.9633821078145323,-0.9633821078145323,9.572201710149939,0.7113305128401045,-0.7113305128401045,10.852730982663386
2013-03-02,2013,61,0,0.27367825545197066,-0.27367825545197066,9.84587996560191,0.5675542467294434,-0.5675542467294434,11.42028522939283
2013-03-03,2013,62,0,0.8961988886579423,-0.8961988886579423,10.742078854259852,0.8546376929522685,-0.8546376929522685,12.274922922345098
2013-03-04,2013,63,0,0.8909654070191031,-0.8909654070191031,11.633044261278954,0.9708830168262295,-0.9708830168262295,13.245805939171328
2013-03-05,2013,64,0,0.6991477347951353,-0.6991477347951353,12.332191996074089,0.9226029728259177,-0.9226029728259177,14.168408911997245
2013-03-06,2013,65,0,0.5400569842753061,-0.5400569842753061,12.872248980349395,0.8775390143583026,-0.8775390143583026,15.045947926355549
2013-03-07,2013,66,0,0.9221509510772323,-0.9221509510772323,13.794399931426629,1.1226932486477148,-1.1226932486477148,16.168641175003263
2013-03-08,2013,67,3.5,0.5490948901960008,2.9509051098039993,10.84349482162263,0.7608238923815667,2.7391761076184333,13.429465067384829
2013-03-09,2013,68,0,1.0506630736512625,-1.0506630736512625,11.894157895273892,1.149373873305513,-1.149373873305513,14.578838940690343
2013-03-10,2013,69,2.3,1.043581619165248,1.2564183808347518,10.63773951443914,1.2162837266965079,1.083716273303492,13.49512266738685
2013-03-11,2013,70,0.9,0.8877376539401803,0.012262346059819684,10.62547716837932,1.06584153833573,-0.16584153833573,13.66096420572258
2013-03-12,2013,71,0,1.1069584412907036,-1.1069584412907036,11.732435609670024,1.2625666512909213,-1.2625666512909213,14.923530857013501
2013-03-13,2013,72,1.8,0.29050775263568335,1.5094922473643166,10.222943362305706,0.6518765342682263,1.1481234657317736,13.775407391281728
2013-03-14,2013,73,0.1,1.0147621458664493,-0.9147621458664493,11.137705508172155,1.03183876203454,-0.93183876203454,14.707246153316268
2013-03-15,2013,74,0.1,0.8749839320010849,-0.774983932001085,11.91268944017324,1.1165820953697925,-1.0165820953697924,15.72382824868606
2013-03-16,2013,75,0,1.0985199617288484,-1.0985199617288484,13.01120940190209,1.289233898472549,-1.289233898472549,17.013062147158607
2013-03-17,2013,76,8.2,0.6922675987877657,7.507732401212234,5.5034770006898555,0.8359346079790798,7.36406539202092,9.648996755137688
2013-03-18,2013,77,4.4,0.7914734147433451,3.608526585256655,1.8949504154332004,0.6736937431168444,3.7263062568831558,5.922690498254532
2013-03-19,2013,78,1.3,1.8098100465832454,-0.5098100465832454,2.404760462016446,1.6894816410430047,-0.38948164104300464,6.3121721392975365
2013-03-20,2013,79,2.9,0.779691606533814,2.120308393466186,0.28445206855026006,1.3758950521074436,1.5241049478925563,4.788067191404981
2013-03-21,2013,80,0.6,1.2241200096649876,-0.6241200096649876,0.9085720782152477,1.4671489861054432,-0.8671489861054432,5.6552161775104235
2013-03-22,2013,81,0,2.2244348342396694,-2.2244348342396694,3.133006912454917,2.1923367370113063,-2.1923367370113063,7.84755291452173
2013-03-23,2013,82,0,0.5919163156632299,-0.5919163156632299,3.724923228118147,1.0992656960027707,-1.0992656960027707,8.9468186105245
2013-03-24,2013,83,0.6,0.492394721339812,0.10760527866018799,3.6173179494579593,0.9860044698058112,-0.38600446980581127,9.332823080330312
2013-03-25,2013,84,0.1,0.6084475290792082,-0.5084475290792082,4.125765478537168,0.6481186572823489,-0.5481186572823489,9.88094173761266
2013-03-26,2013,85,1.7,0.6641229815732784,1.0358770184267216,3.089888460110446,0.6263005542457939,1.073699445754206,8.807242291858454
2013-03-27,2013,86,0.9,1.6907238492960979,-0.7907238492960978,3.8806123094065437,1.2308779957076215,-0.33087799570762144,9.138120287566077
2013-03-28,2013,87,15.1,0.48110951663750773,14.618890483362492,0,0.5823815600995802,14.517618439900419,0
2013-03-29,2013,88,12.6,0.675306772953625,11.924693227046374,0,0.631151803755675,11.968848196244325,0
2013-03-30,2013,89,11.7,0.803543947298805,10.896456052701195,0,0.6699116877732262,11.030088312226773,0
2013-03-31,2013,90,0,1.1720815272388827,-1.1720815272388827,1.1720815272388827,1.0427101674975825,-1.0427101674975825,1.0427101674975825
2013-04-01,2013,91,0,1.2696120542721887,-1.2696120542721887,2.441693581511071,1.3512489779639425,-1.3512489779639425,2.393959145461525
2013-04-02,2013,92,0,1.825909513586024,-1.825909513586024,4.267603095097095,1.5428554702980024,-1.5428554702980024,3.936814615759528
2013-04-03,2013,93,0,1.4650155429337008,-1.4650155429337008,5.732618638030796,1.4177270095140555,-1.4177270095140555,5.354541625273583
2013-04-04,2013,94,0,1.3438840746163299,-1.3438840746163299,7.076502712647126,1.4979176942875794,-1.4979176942875794,6.852459319561163
2013-04-05,2013,95,0,1.1721790614804732,-1.1721790614804732,8.248681774127599,1.2924681104240021,-1.2924681104240021,8.144927429985165
2013-04-06,2013,96,0,2.0672915417405107,-2.0672915417405107,10.31597331586811,2.0138351441170506,-2.0138351441170506,10.158762574102216
2013-04-07,2013,97,0,1.2954463545555495,-1.2954463545555495,11.61141967042366,1.5728563531335844,-1.5728563531335844,11.7316189272358
2013-04-08,2013,98,5.3,0.8381164907494884,4.461883509250511,7.149536161173148,1.053077672050045,4.246922327949955,7.484696599285845
2013-04-09,2013,99,8.3,0.7514666926309398,7.548533307369061,0,1.305341838893264,6.994658161106736,0.4900384381791092
2013-04-10,2013,100,6.3,1.6463627957258435,4.6536372042741565,0,2.4069200528327794,3.8930799471672204,0
2013-04-11,2013,101,26.1,1.7326675656564337,24.367332434343567,0,1.5250361008595203,24.57496389914048,0
2013-04-12,2013,102,5.4,2.2168915497087696,3.183108450291231,0,2.1989984221009307,3.2010015778990697,0
2013-04-13,2013,103,0,3.053078028686395,-3.053078028686395,3.053078028686395,2.9090651290965575,-2.9090651290965575,2.9090651290965575
2013-04-14,2013,104,0,3.638503080267572,-3.638503080267572,6.691581108953967,3.3967452699641076,-3.3967452699641076,6.305810399060665
2013-04-15,2013,105,0,3.546100277625049,-3.546100277625049,10.237681386579016,3.6454898634044484,-3.6454898634044484,9.951300262465113
2013-04-16,2013,106,0,3.4176426022217896,-3.4176426022217896,13.655323988800806,3.381434282378103,-3.381434282378103,13.332734544843216
2013-04-17,2013,107,0,3.6892048637480386,-3.6892048637480386,17.344528852548844,3.6362809876831204,-3.6362809876831204,16.969015532526335
2013-04-18,2013,108,10.2,4.100164216364595,6.099835783635404,11.24469306891344,3.981167838653453,6.218832161346546,10.750183371179789
2013-04-19,2013,109,39.3,0.4526467490447457,38.84735325095525,0,0.7706082306601865,38.52939176933981,0
2013-04-20,2013,110,6.1,0.9523449094462245,5.1476550905537755,0,0.7782319440656588,5.321768055934341,0
2013-04-21,2013,111,0.2,1.1480302776153164,-0.9480302776153164,0.9480302776153164,1.0882444869856873,-0.8882444869856874,0.8882444869856874
2013-04-22,2013,112,0,1.1343893031938879,-1.1343893031938879,2.082419580809204,1.365969305138728,-1.365969305138728,2.2542137921244154
2013-04-23,2013,113,0,2.235125572633348,-2.235125572633348,4.317545153442552,2.431138613243406,-2.431138613243406,4.685352405367821
2013-04-24,2013,114,0,3.8222076823613365,-3.8222076823613365,8.139752835803888,3.501759086956197,-3.501759086956197,8.187111492324018
2013-04-25,2013,115,0,4.06989162222961,-4.06989162222961,12.209644458033498,3.946976337645744,-3.946976337645744,12.134087829969761
2013-04-26,2013,116,1.8,2.8514192583991878,-1.0514192583991877,13.261063716432686,2.7814607645570177,-0.9814607645570177,13.115548594526778
2013-04-27,2013,117,6.4,0.777879517699721,5.6221204823002795,7.638943234132406,0.9982841951606197,5.40171580483938,7.713832789687398
2013-04-28,2013,118,0.1,2.223131017592132,-2.123131017592132,9.762074251724538,1.744675133908024,-1.644675133908024,9.358507923595422
2013-04-29,2013,119,0.5,0.8708406686043723,-0.37084066860437226,10.132914920328911,1.1084232549782886,-0.6084232549782886,9.966931178573711
2013-04-30,2013,120,0.1,0.983062146600911,-0.883062146600911,11.015977066929823,1.240943693993341,-1.1409436939933408,11.107874872567052
2013-05-01,2013,121,5.2,3.4250281449877504,1.7749718550122497,9.241005211917573,2.5952987248540897,2.6047012751459104,8.503173597421142
2013-05-02,2013,122,6.7,3.621362166085361,3.078637833914639,6.1623673780029335,2.854711900289359,3.845288099710641,4.657885497710501
2013-05-03,2013,123,1.8,1.5765632582750786,0.22343674172492145,5.9389306362780125,1.6525354192806725,0.14746458071932755,4.510420916991173
2013-05-04,2013,124,0.2,1.217798452658806,-1.017798452658806,6.956729088936818,1.4475525823158317,-1.2475525823158318,5.757973499307004
2013-05-05,2013,125,0,2.9692718565835503,-2.9692718565835503,9.926000945520368,2.863060543287997,-2.863060543287997,8.621034042595001
2013-05-06,2013,126,0.7,2.3329623191344653,-1.6329623191344653,11.558963264654833,2.2151800061767863,-1.5151800061767864,10.136214048771787
2013-05-07,2013,127,0,3.576622402236052,-3.576622402236052,15.135585666890886,3.4266223419775534,-3.4266223419775534,13.562836390749341
2013-05-08,2013,128,2.2,4.775108505458597,-2.575108505458597,17.710694172349484,4.104225288421577,-1.9042252884215767,15.467061679170918
2013-05-09,2013,129,18.1,2.5351927780592853,15.564807221940717,2.1458869504087676,2.1652017996869377,15.934798200313065,0
2013-05-10,2013,130,2.4,1.2821359736894897,1.1178640263105102,1.0280229240982575,1.3367503869438073,1.0632496130561926,0
2013-05-11,2013,131,1.7,2.188668573463996,-0.48866857346399617,1.5166914975622536,2.224345408242524,-0.5243454082425238,0.5243454082425238
2013-05-12,2013,132,0.5,2.5439076621164154,-2.0439076621164154,3.5605991596786692,2.4474723323029197,-1.9474723323029197,2.4718177405454433
2013-05-13,2013,133,0,3.4876840481723828,-3.4876840481723828,7.048283207851052,2.9948151801797787,-2.9948151801797787,5.466632920725222
2013-05-14,2013,134,0,4.541584455728483,-4.541584455728483,11.589867663579534,4.005707264921329,-4.005707264921329,9.472340185646551
2013-05-15,2013,135,0.1,1.9451774627807603,-1.8451774627807602,13.435045126360295,2.1237950237331717,-2.0237950237331717,11.496135209379723
2013-05-16,2013,136,4,1.5020223291565902,2.49797767084341,10.937067455516885,1.62171248406513,2.37828751593487,9.117847693444853
2013-05-17,2013,137,0.7,2.543604630266955,-1.8436046302669549,12.78067208578384,2.101707874085945,-1.4017078740859452,10.519555567530798
2013-05-18,2013,138,1.2,3.905295493298697,-2.7052954932986975,15.485967579082537,3.769802901553899,-2.5698029015538992,13.089358469084697
2013-05-19,2013,139,1.3,3.493439917927671,-2.1934399179276713,17.67940749701021,2.8954617222498813,-1.5954617222498813,14.684820191334579
2013-05-20,2013,140,0,3.5019094540125137,-3.5019094540125137,21.181316951022723,3.5314295605239647,-3.5314295605239647,18.216249751858545
2013-05-21,2013,141,6.7,1.761289515890402,4.938710484109598,16.242606466913124,1.7364541187171945,4.963545881282806,13.25270387057574
2013-05-22,2013,142,0.8,0.765165141345119,0.03483485865488101,16.20777160825824,1.1570712482649301,-0.3570712482649301,13.60977511884067
2013-05-23,2013,143,0.9,2.0851452457624777,-1.1851452457624778,17.39291685402072,2.0390675039402684,-1.1390675039402685,14.748842622780938
2013-05-24,2013,144,0,1.8560905577768996,-1.8560905577768996,19.249007411797617,2.0113019307719595,-2.0113019307719595,16.760144553552898
2013-05-25,2013,145,7.5,3.0055297047506486,4.494470295249352,14.754537116548265,2.247843891372593,5.252156108627407,11.507988444925491
2013-05-26,2013,146,0.3,2.0083016785230887,-1.7083016785230887,16.462838795071352,2.067783121822675,-1.767783121822675,13.275771566748165
2013-05-27,2013,147,0.1,4.948247500034473,-4.848247500034473,21.311086295105824,4.059698230639778,-3.9596982306397783,17.235469797387942
2013-05-28,2013,148,21.1,3.6049604577285015,17.4950395422715,3.8160467528343247,2.9367130072901393,18.163286992709864,0
2013-05-29,2013,149,6.9,1.711168290956484,5.188831709043516,0,1.588415819070713,5.311584180929287,0
2013-05-30,2013,150,3.9,2.2014308433653373,1.6985691566346626,0,2.1043819800436934,1.7956180199563065,0
2013-05-31,2013,151,31.5,0.5896684990743795,30.910331500925622,0,0.8622782452205139,30.637721754779488,0
2013-06-01,2013,152,14.9,0.7898122380507624,14.110187761949238,0,0.9245194291435076,13.975480570856492,0
2013-06-02,2013,153,0,2.7033982111579586,-2.7033982111579586,2.7033982111579586,2.6808623528712565,-2.6808623528712565,2.6808623528712565
2013-06-03,2013,154,0,4.279943274519878,-4.279943274519878,6.983341485677837,3.519192487396769,-3.519192487396769,6.200054840268026
2013-06-04,2013,155,0,5.31132293661368,-5.31132293661368,12.294664422291516,4.260775749935219,-4.260775749935219,10.460830590203244
2013-06-05,2013,156,0,5.308459940418007,-5.308459940418007,17.603124362709522,4.774061177322882,-4.774061177322882,15.234891767526126
2013-06-06,2013,157,0,5.330508236771541,-5.330508236771541,22.933632599481065,5.182969294317559,-5.182969294317559,20.417861061843684
2013-06-07,2013,158,0,5.426535340158473,-5.426535340158473,28.36016793963954,5.265070479902381,-5.265070479902381,25.682931541746065
2013-06-08,2013,159,9.2,5.072772424929686,4.127227575070314,24.232940364569224,4.599356565464942,4.6006434345350575,21.082288107211006
2013-06-09,2013,160,35.8,3.729282002256901,32.070717997743095,0,3.220386900415196,32.579613099584805,0
2013-06-10,2013,161,2.8,2.242588518119762,0.557411481880238,0,1.9489649891731022,0.8510350108268976,0
2013-06-11,2013,162,0.2,3.847504878178579,-3.647504878178579,3.647504878178579,3.4157900964888,-3.2157900964887998,3.2157900964887998
2013-06-12,2013,163,0,4.940917282995428,-4.940917282995428,8.588422161174007,4.362642370303326,-4.362642370303326,7.578432466792126
2013-06-13,2013,164,2.7,6.152573572802675,-3.4525735728026747,12.040995733976683,5.390481760812272,-2.690481760812272,10.268914227604398
2013-06-14,2013,165,0,3.827356642291358,-3.827356642291358,15.86835237626804,3.0550167278910867,-3.0550167278910867,13.323930955495484
2013-06-15,2013,166,0,6.1045337677415725,-6.1045337677415725,21.972886144009614,5.077580956321632,-5.077580956321632,18.401511911817117
2013-06-16,2013,167,0,6.296103595443825,-6.296103595443825,28.26898973945344,5.427378554999549,-5.427378554999549,23.828890466816667
2013-06-17,2013,168,0,6.522881332227141,-6.522881332227141,34.79187107168058,6.030883981752539,-6.030883981752539,29.859774448569205
2013-06-18,2013,169,0,6.436863132279768,-6.436863132279768,41.22873420396035,6.282955593878939,-6.282955593878939,36.14273004244814
2013-06-19,2013,170,0,5.590565757906582,-5.590565757906582,46.81929996186693,5.723265154991604,-5.723265154991604,41.865995197439744
2013-06-20,2013,171,10.9,2.8972008611203233,8.002799138879677,38.81650082298725,3.088322679697281,7.811677320302719,34.054317877137024
2013-06-21,2013,172,0.4,4.480595985459255,-4.080595985459254,42.897096808446506,3.8029056662151364,-3.4029056662151365,37.45722354335216
2013-06-22,2013,173,1.9,4.716488666944074,-2.8164886669440743,45.71358547539058,4.094171943008362,-2.1941719430083624,39.65139548636052
2013-06-23,2013,174,1.4,1.8648275441841342,-0.4648275441841343,46.17841301957471,2.5903470038140264,-1.1903470038140265,40.841742490174546
2013-06-24,2013,175,3.8,2.6144102908687907,1.185589709131209,44.992823310443505,2.4194443320308303,1.3805556679691695,39.46118682220538
2013-06-25,2013,176,0,3.4824959368030286,-3.4824959368030286,48.47531924724653,3.201328294828083,-3.201328294828083,42.66251511703346
2013-06-26,2013,177,0,4.915448594615528,-4.915448594615528,53.39076784186206,4.260538844899576,-4.260538844899576,46.923053961933036
2013-06-27,2013,178,0,1.9561974902199484,-1.9561974902199484,55.34696533208201,2.425824731648302,-2.425824731648302,49.34887869358134
2013-06-28,2013,179,0.9,4.005673771767245,-3.1056737717672447,58.45263910384925,3.6567469624154665,-2.7567469624154666,52.10562565599681
2013-06-29,2013,180,8.1,1.0090004795731398,7.09099952042686,51.36163958342239,1.3697719931042216,6.7302280068957785,45.37539764910103
2013-06-30,2013,181,0,5.42302577626569,-5.42302577626569,56.78466535968808,4.374110147307896,-4.374110147307896,49.74950779640893
2013-07-01,2013,182,0.1,5.623544988171883,-5.523544988171883,62.30821034785996,4.969389353439059,-4.869389353439059,54.61889714984799
2013-07-02,2013,183,1.5,4.788093847766334,-3.2880938477663344,65.5963041956263,4.567103498950223,-3.067103498950223,57.68600064879821
2013-07-03,2013,184,16.9,1.2133870405006433,15.686612959499355,49.909691236126946,1.4472516838446225,15.452748316155375,42.233252332642834
2013-07-04,2013,185,0,2.967420780049222,-2.967420780049222,52.87711201617617,2.6584453150626524,-2.6584453150626524,44.891697647705485
2013-07-05,2013,186,0,6.165579617289322,-6.165579617289322,59.042691633465495,5.068555786779021,-5.068555786779021,49.96025343448451
2013-07-06,2013,187,0,5.813442685904454,-5.813442685904454,64.85613431936994,5.301416971668193,-5.301416971668193,55.2616704061527
2013-07-07,2013,188,0,5.854950566132254,-5.854950566132254,70.7110848855022,5.332105848444939,-5.332105848444939,60.59377625459764
2013-07-08,2013,189,0,5.144692062174752,-5.144692062174752,75.85577694767696,4.961094227966151,-4.961094227966151,65.5548704825638
2013-07-09,2013,190,0.1,3.9801557308090905,-3.8801557308090904,79.73593267848605,3.9221267391883727,-3.8221267391883726,69.37699722175218
2013-07-10,2013,191,0,5.714324467326693,-5.714324467326693,85.45025714581274,5.197025575409563,-5.197025575409563,74.57402279716175
2013-07-11,2013,192,0,5.5013391481096585,-5.5013391481096585,90.9515962939224,5.4237522315568185,-5.4237522315568185,79.99777502871856
2013-07-12,2013,193,0,5.129419789027478,-5.129419789027478,96.08101608294989,5.423177804591662,-5.423177804591662,85.42095283331022
2013-07-13,2013,194,0,5.0319977134773355,-5.0319977134773355,101.11301379642723,5.007731778249299,-5.007731778249299,90.42868461155952
2013-07-14,2013,195,0,5.277093772900898,-5.277093772900898,106.39010756932812,5.356155446558787,-5.356155446558787,95.7848400581183
2013-07-15,2013,196,0,5.304022426461135,-5.304022426461135,111.69412999578925,5.321280702135881,-5.321280702135881,101.10612076025419
2013-07-16,2013,197,2,5.6905831841947885,-3.6905831841947885,115.38471317998405,5.550212009120329,-3.5502120091203286,104.65633276937452
2013-07-17,2013,198,0,3.738799802508747,-3.738799802508747,119.1235129824928,3.726556737180658,-3.726556737180658,108.38288950655517
2013-07-18,2013,199,9.8,3.028478145735011,6.771521854264989,112.35199112822781,3.0499543861808194,6.750045613819181,101.63284389273599
2013-07-19,2013,200,0,4.222097636003439,-4.222097636003439,116.57408876423125,3.670295396619167,-3.670295396619167,105.30313928935516
2013-07-20,2013,201,0,5.240123575297336,-5.240123575297336,121.81421233952858,4.698398543839889,-4.698398543839889,110.00153783319504
2013-07-21,2013,202,0,5.6755261589755355,-5.6755261589755355,127.48973849850411,5.446284757820881,-5.446284757820881,115.44782259101592
2013-07-22,2013,203,0,5.630331248658452,-5.630331248658452,133.12006974716257,5.572259932236329,-5.572259932236329,121.02008252325226
2013-07-23,2013,204,0,4.698896092755899,-4.698896092755899,137.81896583991846,5.168277134962471,-5.168277134962471,126.18835965821472
2013-07-24,2013,205,0,4.593275234872342,-4.593275234872342,142.4122410747908,4.4173485122870515,-4.4173485122870515,130.60570817050177
2013-07-25,2013,206,0,5.5327101142174975,-5.5327101142174975,147.94495118900832,5.152103626674884,-5.152103626674884,135.75781179717666
2013-07-26,2013,207,0,5.975807981469189,-5.975807981469189,153.9207591704775,5.544160501765515,-5.544160501765515,141.30197229894216
2013-07-27,2013,208,1.2,5.716709052124607,-4.5167090521246065,158.43746822260212,5.797196467329099,-4.597196467329099,145.89916876627126
2013-07-28,2013,209,28,4.2285560027095,23.7714439972905,134.66602422531162,4.217797370873604,23.782202629126395,122.11696613714486
2013-07-29,2013,210,47.7,0.7191002768405035,46.980899723159496,87.68512450215212,1.3388449375266556,46.361155062473344,75.75581107467151
2013-07-30,2013,211,0,5.569980023612436,-5.569980023612436,93.25510452576455,4.733592695748167,-4.733592695748167,80.48940377041968
2013-07-31,2013,212,0,5.314510445451873,-5.314510445451873,98.56961497121642,5.031436351058137,-5.031436351058137,85.52084012147782
2013-08-01,2013,213,0,5.5053477240135225,-5.5053477240135225,104.07496269522994,5.082986196558313,-5.082986196558313,90.60382631803613
2013-08-02,2013,214,0,5.495635817265983,-5.495635817265983,109.57059851249592,5.272320394450416,-5.272320394450416,95.87614671248654
2013-08-03,2013,215,0,5.299951653477973,-5.299951653477973,114.8705501659739,5.003299192533231,-5.003299192533231,100.87944590501978
2013-08-04,2013,216,1.7,4.255147169789859,-2.5551471697898585,117.42569733576376,4.1939563022255575,-2.4939563022255573,103.37340220724533
2013-08-05,2013,217,0,5.34431460790791,-5.34431460790791,122.77001194367166,5.2275201046719,-5.2275201046719,108.60092231191723
2013-08-06,2013,218,3.3,4.061330660292822,-0.7613306602928223,123.53134260396449,4.502526213082076,-1.2025262130820762,109.80344852499931
2013-08-07,2013,219,10,1.5968957247869677,8.403104275213032,115.12823832875145,1.7774694876954782,8.222530512304521,101.5809180126948
2013-08-08,2013,220,1.2,1.667862447359869,-0.46786244735986915,115.59610077611131,1.7971776988003885,-0.5971776988003885,102.17809571149519
2013-08-09,2013,221,0,1.8974301185150424,-1.8974301185150424,117.49353089462636,2.3928585424693285,-2.3928585424693285,104.57095425396452
2013-08-10,2013,222,0,4.5368917870120695,-4.5368917870120695,122.03042268163843,4.260605942154272,-4.260605942154272,108.83156019611879
2013-08-11,2013,223,0,4.804727137942868,-4.804727137942868,126.83514981958129,4.213471846425248,-4.213471846425248,113.04503204254404
2013-08-12,2013,224,0,4.809814629771157,-4.809814629771157,131.64496444935244,4.3752891461723324,-4.3752891461723324,117.42032118871637
2013-08-13,2013,225,0,4.68631363686368,-4.68631363686368,136.33127808621612,4.305803041881199,-4.305803041881199,121.72612423059758
2013-08-14,2013,226,0,3.8328867378972094,-3.8328867378972094,140.16416482411333,4.318732732836322,-4.318732732836322,126.0448569634339
2013-08-15,2013,227,0,4.12747675862245,-4.12747675862245,144.2916415827358,4.242611587698604,-4.242611587698604,130.2874685511325
2013-08-16,2013,228,0,4.468544768174253,-4.468544768174253,148.76018635091003,4.242655090862464,-4.242655090862464,134.53012364199495
2013-08-17,2013,229,0,4.590050597973498,-4.590050597973498,153.35023694888352,4.432469260153092,-4.432469260153092,138.96259290214803
2013-08-18,2013,230,8.4,4.702416772887912,3.697583227112088,149.65265372177143,4.528381807962463,3.8716181920375377,135.0909747101105
2013-08-19,2013,231,0.8,1.8637491143755205,-1.0637491143755204,150.71640283614695,2.604159163716447,-1.8041591637164471,136.89513387382692
2013-08-20,2013,232,0,3.961126170173961,-3.961126170173961,154.67752900632092,4.202968070873058,-4.202968070873058,141.09810194469998
2013-08-21,2013,233,0,3.776067037366025,-3.776067037366025,158.45359604368696,3.9311556186991794,-3.9311556186991794,145.02925756339914
2013-08-22,2013,234,0,3.850725263073169,-3.850725263073169,162.30432130676013,3.8710868027230716,-3.8710868027230716,148.90034436612223
2013-08-23,2013,235,0.6,4.1831848370641005,-3.5831848370641004,165.88750614382423,3.808153856557742,-3.208153856557742,152.10849822267997
2013-08-24,2013,236,21.9,0.5222887313460524,21.377711268653947,144.5097948751703,1.3994288448157322,20.500571155184268,131.6079270674957
2013-08-25,2013,237,0.9,2.1833211745859074,-1.2833211745859074,145.79311604975618,2.1192404673716956,-1.2192404673716957,132.82716753486739
2013-08-26,2013,238,0,3.03298906689059,-3.03298906689059,148.82610511664677,2.6909748482617513,-2.6909748482617513,135.51814238312915
2013-08-27,2013,239,8.3,1.7333176826866865,6.566682317313314,142.25942279933346,1.7536593885015976,6.546340611498403,128.97180177163074
2013-08-28,2013,240,0,3.42453788954532,-3.42453788954532,145.68396068887878,2.8831802457849496,-2.8831802457849496,131.8549820174157
2013-08-29,2013,241,0,3.5453995890118732,-3.5453995890118732,149.22936027789066,3.2981906422364355,-3.2981906422364355,135.15317265965214
2013-08-30,2013,242,0,3.660838605683406,-3.660838605683406,152.89019888357407,3.3587985967357152,-3.3587985967357152,138.51197125638785
2013-08-31,2013,243,0,3.9794523597411353,-3.9794523597411353,156.86965124331522,3.5045496131616023,-3.5045496131616023,142.01652086954945
2013-09-01,2013,244,0,2.8318026207210067,-2.8318026207210067,159.70145386403624,2.942860379972614,-2.942860379972614,144.95938124952207
2013-09-02,2013,245,0,3.1547353727293586,-3.1547353727293586,162.8561892367656,3.5501316256001783,-3.5501316256001783,148.50951287512225
2013-09-03,2013,246,0,3.396470628510149,-3.396470628510149,166.25265986527575,3.630372842055248,-3.630372842055248,152.1398857171775
2013-09-04,2013,247,0,3.537954448985511,-3.537954448985511,169.79061431426126,3.4155920331020417,-3.4155920331020417,155.55547775027952
2013-09-05,2013,248,0,3.649839872163886,-3.649839872163886,173.44045418642514,3.5369450361357515,-3.5369450361357515,159.09242278641528
2013-09-06,2013,249,2.8,2.9901362162442857,-0.1901362162442859,173.63059040266944,3.098961546200221,-0.2989615462002213,159.3913843326155
2013-09-07,2013,250,17.6,3.0336468342698955,14.566353165730106,159.06423723693933,2.551017851184962,15.048982148815039,144.34240218380046
2013-09-08,2013,251,14.3,1.4631644729860172,12.836835527013983,146.22740170992535,1.404158089348407,12.895841910651594,131.44656027314886
2013-09-09,2013,252,3.2,3.4314233608305873,-0.23142336083058712,146.45882507075592,2.9717610849689122,0.22823891503108795,131.21832135811778
2013-09-10,2013,253,2.5,0.860631115819834,1.6393688841801661,144.81945618657576,1.308473611280357,1.191526388719643,130.02679496939814
2013-09-11,2013,254,1.3,1.059124673188339,0.24087532681166102,144.57858085976412,1.5608725402344747,-0.2608725402344747,130.28766750963263
2013-09-12,2013,255,0,1.959996195822809,-1.959996195822809,146.53857705558693,1.868591709705972,-1.868591709705972,132.1562592193386
2013-09-13,2013,256,0,3.2608514101215302,-3.2608514101215302,149.79942846570844,2.658896465774111,-2.658896465774111,134.81515568511273
2013-09-14,2013,257,10.4,2.401726791824061,7.99827320817594,141.8011552575325,2.0975077488767635,8.302492251123237,126.51266343398949
2013-09-15,2013,258,0.3,2.041746979661592,-1.741746979661592,143.5429022371941,1.8231827539025665,-1.5231827539025664,128.03584618789205
2013-09-16,2013,259,11.4,0.4524126362823881,10.947587363717613,132.5953148734765,1.0173591831026936,10.382640816897307,117.65320537099474
2013-09-17,2013,260,9.2,1.593763508263025,7.606236491736974,124.98907838173952,1.6932837593351135,7.506716240664886,110.14648913032985
2013-09-18,2013,261,7.1,1.4019146324758265,5.698085367524174,119.29099301421535,1.6388131594646527,5.461186840535347,104.6853022897945
2013-09-19,2013,262,0,1.950285193356184,-1.950285193356184,121.24127820757153,1.7084870175414464,-1.7084870175414464,106.39378930733595
2013-09-20,2013,263,0,2.402634723286345,-2.402634723286345,123.64391293085787,2.153945383863659,-2.153945383863659,108.54773469119961
2013-09-21,2013,264,0,1.9794207569367308,-1.9794207569367308,125.6233336877946,2.225391359379576,-2.225391359379576,110.77312605057918
2013-09-22,2013,265,0,1.9495830438110038,-1.9495830438110038,127.5729167316056,2.09027904191855,-2.09027904191855,112.86340509249773
2013-09-23,2013,266,0,2.120555127065187,-2.120555127065187,129.6934718586708,2.162979664706123,-2.162979664706123,115.02638475720386
2013-09-24,2013,267,0,2.18988904473969,-2.18988904473969,131.88336090341048,2.1248767693370243,-2.1248767693370243,117.15126152654088
2013-09-25,2013,268,0.5,2.4292915971618396,-1.9292915971618396,133.8126525005723,2.2968580339975704,-1.7968580339975704,118.94811956053844
2013-09-26,2013,269,0,1.096081452944442,-1.096081452944442,134.90873395351676,1.4674946336661343,-1.4674946336661343,120.41561419420458
2013-09-27,2013,270,0,1.9233596490102371,-1.9233596490102371,136.83209360252698,1.9453356737512717,-1.9453356737512717,122.36094986795585
2013-09-28,2013,271,0.1,1.9713416302152673,-1.8713416302152672,138.70343523274224,1.662643811912071,-1.562643811912071,123.92359367986792
2013-09-29,2013,272,2.8,0.7586710823446172,2.041328917655383,136.66210631508685,0.8912557063322398,1.9087442936677599,122.01484938620015
2013-09-30,2013,273,0.6,1.6611243172567987,-1.0611243172567986,137.72323063234364,1.0930540763403167,-0.4930540763403167,122.50790346254047
2013-10-01,2013,274,0.3,1.2087160772660048,-0.9087160772660048,138.63194670960965,1.1270206500510722,-0.8270206500510722,123.33492411259154
2013-10-02,2013,275,0,1.8737756934390306,-1.8737756934390306,140.50572240304868,1.4997557177761673,-1.4997557177761673,124.8346798303677
2013-10-03,2013,276,0.3,1.6690362973901254,-1.3690362973901253,141.8747587004388,1.258587883231074,-0.9585878832310739,125.79326771359878
2013-10-04,2013,277,16.8,1.4682610369652573,15.331738963034743,126.54301973740407,1.2107108404155864,15.589289159584414,110.20397855401437
2013-10-05,2013,278,2,1.6046903948703433,0.39530960512965674,126.14771013227441,1.4281512430195014,0.5718487569804986,109.63212979703387
2013-10-06,2013,279,0,1.0574757735511162,-1.0574757735511162,127.20518590582553,1.1213386784054777,-1.1213386784054777,110.75346847543935
2013-10-07,2013,280,0,1.1256018469215667,-1.1256018469215667,128.33078775274709,1.0673733173721873,-1.0673733173721873,111.82084179281154
2013-10-08,2013,281,0,0.92373543019085,-0.92373543019085,129.25452318293793,1.0137549870698903,-1.0137549870698903,112.83459677988142
2013-10-09,2013,282,0,1.0463833014910593,-1.0463833014910593,130.300906484429,1.081659430546706,-1.081659430546706,113.91625621042813
2013-10-10,2013,283,24.9,0.06718980121385978,24.832810198786138,105.46809628564286,0.8591234280570362,24.040876571942963,89.87537963848517
2013-10-11,2013,284,17.3,0.6962298900021741,16.603770109997825,88.86432617564503,0.784699229007811,16.51530077099219,73.36007886749297
2013-10-12,2013,285,11,1.2353302005231515,9.764669799476849,79.09965637616818,0.9019248609436645,10.098075139056336,63.26200372843664
2013-10-13,2013,286,0.2,1.4507920032425492,-1.2507920032425492,80.35044837941074,1.0277472346999406,-0.8277472346999406,64.08975096313658
2013-10-14,2013,287,4.5,0.5663168007288647,3.9336831992711354,76.4167651801396,0.8510285564722875,3.6489714435277127,60.44077951960887
2013-10-15,2013,288,17.6,0.8538695262772779,16.746130473722722,59.670634706416884,1.0834718713476705,16.516528128652332,43.924251390956535
2013-10-16,2013,289,2.1,1.2854844652060773,0.8145155347939228,58.856119171622964,1.0484447262291128,1.0515552737708873,42.87269611718565
2013-10-17,2013,290,0,0.9437261492824345,-0.9437261492824345,59.7998453209054,1.270317961012888,-1.270317961012888,44.14301407819853
2013-10-18,2013,291,0,0.7081673659785819,-0.7081673659785819,60.50801268688398,0.9645054802173322,-0.9645054802173322,45.107519558415866
2013-10-19,2013,292,0.1,1.376423093854505,-1.276423093854505,61.784435780738484,1.1124384455199026,-1.0124384455199025,46.11995800393577
2013-10-20,2013,293,11.4,-0.22019910317466332,11.620199103174663,50.16423667756382,0.6614295298523892,10.73857047014761,35.38138753378816
2013-10-21,2013,294,1.4,1.297750401150737,0.10224959884926288,50.06198707871456,0.9486961918124494,0.45130380818755056,34.9300837256006
2013-10-22,2013,295,0.1,0.7000600185718887,-0.6000600185718887,50.66204709728645,0.8454813816059324,-0.7454813816059325,35.67556510720654
2013-10-23,2013,296,11.7,-0.22420810426554955,11.92420810426555,38.7378389930209,0.5872020509746279,11.11279794902537,24.562767158181167
2013-10-24,2013,297,0.2,0.988213245840047,-0.788213245840047,39.52605223886095,0.8349598394012377,-0.6349598394012377,25.197726997582404
2013-10-25,2013,298,0,0.7456702450242944,-0.7456702450242944,40.27172248388524,0.8113398200984252,-0.8113398200984252,26.00906681768083
2013-10-26,2013,299,4.1,0.5272225835441529,3.572777416455847,36.69894506742939,0.8734347175686178,3.2265652824313817,22.782501535249448
2013-10-27,2013,300,18.5,0.050762967943665326,18.449237032056335,18.249708035373057,1.247163336430143,17.252836663569855,5.529664871679593
2013-10-28,2013,301,17.9,0.849093110937211,17.050906889062787,1.1988011463102701,2.1415508322971983,15.7584491677028,0
2013-10-29,2013,302,0.6,0.6587748715046653,-0.058774871504665316,1.2575760178149356,0.7084276734233977,-0.10842767342339776,0.10842767342339776
2013-10-30,2013,303,0,0.07117705319303133,-0.07117705319303133,1.328753071007967,0.8144923588512463,-0.8144923588512463,0.922920032274644
2013-10-31,2013,304,0,0.3738950125531041,-0.3738950125531041,1.702648083561071,0.5672232359348409,-0.5672232359348409,1.490143268209485
2013-11-01,2013,305,3.3,0.19946756781383806,3.100532432186162,0,0.5141431468779631,2.785856853122037,0
2013-11-02,2013,306,23.3,0.63994062935641,22.66005937064359,0,1.0255101190602438,22.274489880939758,0
2013-11-03,2013,307,11.5,0.04570128651223125,11.454298713487768,0,0.7994557718406079,10.700544228159393,0
2013-11-04,2013,308,12.9,-0.020594788696319144,12.92059478869632,0,0.5743691584946539,12.325630841505346,0
2013-11-05,2013,309,7.4,0.5489158225036583,6.851084177496342,0,0.6489224304123459,6.751077569587655,0
2013-11-06,2013,310,4.2,0.08021319340890568,4.119786806591095,0,1.2156627855880273,2.9843372144119726,0
2013-11-07,2013,311,0,0.2248820103907812,-0.2248820103907812,0.2248820103907812,1.0225810666084851,-1.0225810666084851,1.0225810666084851
2013-11-08,2013,312,20.5,0.46405204595754923,20.035947954042452,0,0.7207291196081995,19.7792708803918,0
2013-11-09,2013,313,1.9,0.32623266525436295,1.573767334745637,0,0.7957285795654881,1.1042714204345119,0
2013-11-10,2013,314,4.5,-0.04748058632929602,4.547480586329296,0,0.861696453644544,3.638303546355456,0
2013-11-11,2013,315,0,0.2939004453009019,-0.2939004453009019,0.2939004453009019,0.5547220074982653,-0.5547220074982653,0.5547220074982653
2013-11-12,2013,316,0.2,0.2574855102497165,-0.05748551024971649,0.3513859555506184,0.41400199332463966,-0.21400199332463965,0.7687240008229049
2013-11-13,2013,317,0,0.5182876484347188,-0.5182876484347188,0.8696736039853372,0.5430856319457501,-0.5430856319457501,1.311809632768655
2013-11-14,2013,318,1.1,0.05810465032560649,1.0418953496743937,0,0.5995582342802004,0.5004417657197997,0.8113678670488553
2013-11-15,2013,319,0.1,-0.0556117349584908,0.1556117349584908,0,0.6068523725267982,-0.5068523725267983,1.3182202395756537
2013-11-16,2013,320,0,0.0911876184984064,-0.0911876184984064,0.0911876184984064,0.5049042003258998,-0.5049042003258998,1.8231244399015534
2013-11-17,2013,321,0,0.18371500441788122,-0.18371500441788122,0.27490262291628764,0.471194145544973,-0.471194145544973,2.2943185854465264
2013-11-18,2013,322,0,0.3608211732013461,-0.3608211732013461,0.6357237961176337,0.35367062665528975,-0.35367062665528975,2.647989212101816
2013-11-19,2013,323,5.4,0.27211035873174144,5.127889641268259,0,0.36461034633899886,5.035389653661001,0
2013-11-20,2013,324,0.7,0.1221650519218071,0.5778349480781928,0,0.39014726501238267,0.3098527349876173,0
2013-11-21,2013,325,13.6,0.10588716460665555,13.494112835393343,0,0.3378600502171824,13.262139949782817,0
2013-11-22,2013,326,0,0.4020223311841328,-0.4020223311841328,0.4020223311841328,0.2587530900500781,-0.2587530900500781,0.2587530900500781
2013-11-23,2013,327,3.5,0.1346587115740764,3.3653412884259235,0,0.39312760555259174,3.106872394447408,0
2013-11-24,2013,328,2.8,0.1343407269577896,2.6656592730422104,0,0.4434164011556221,2.3565835988443777,0
2013-11-25,2013,329,0,0.01748069584974729,-0.01748069584974729,0.01748069584974729,0.5904022449487334,-0.5904022449487334,0.5904022449487334
2013-11-26,2013,330,0,-0.10217278505773648,0.10217278505773648,0,0.4186010375413773,-0.4186010375413773,1.0090032824901107
2013-11-27,2013,331,0,-0.359969442256459,0.359969442256459,0,0.400288398617024,-0.400288398617024,1.4092916811071348
2013-11-28,2013,332,0,-0.014375623102155921,0.014375623102155921,0,0.34917474908854396,-0.34917474908854396,1.7584664301956787
2013-11-29,2013,333,5.2,0.38014688283637904,4.819853117163621,0,0.3340977877105448,4.8659022122894555,0
2013-11-30,2013,334,1.9,-0.1162823323868924,2.016282332386892,0,0.22623952904018127,1.6737604709598186,0
2013-12-01,2013,335,0,-0.0909992376001248,0.0909992376001248,0,0.25787583765408667,-0.25787583765408667,0.25787583765408667
2013-12-02,2013,336,0,-0.1585325080758259,0.1585325080758259,0,0.4323451130476405,-0.4323451130476405,0
2013-12-03,2013,337,0,0.005904529738568461,-0.005904529738568461,0.005904529738568461,0.10024692296904843,-0.10024692296904843,0.10024692296904843
2013-12-04,2013,338,0,0.08883124971891493,-0.08883124971891493,0.09473577945748339,0.10878631378549607,-0.10878631378549607,0.2090332367545445
2013-12-05,2013,339,0,-0.30333163203556424,0.30333163203556424,0,0.22754952535555634,-0.22754952535555634,0.43658276211010083
2013-12-06,2013,340,0,-0.22063555452828282,0.22063555452828282,0,0.5822423840899191,-0.5822423840899191,1.01882514620002
2013-12-07,2013,341,0,-0.34740354589261835,0.34740354589261835,0,0.112957911475252,-0.112957911475252,1.1317830576752719
2013-12-08,2013,342,0,-0.39861976434579127,0.39861976434579127,0,0.024252203097871197,-0.024252203097871197,1.156035260773143
2013-12-09,2013,343,0,-0.34113192091968103,0.34113192091968103,0,0.06035934764728906,-0.06035934764728906,1.216394608420432
2013-12-10,2013,344,0,-0.3532813453097606,0.3532813453097606,0,0.002635700724372841,-0.002635700724372841,1.219030309144805
2013-12-11,2013,345,0,-0.25095318119732524,0.25095318119732524,0,0,0,1.219030309144805
2013-12-12,2013,346,0,0.09372637949725823,-0.09372637949725823,0.09372637949725823,0.09653064010654332,-0.09653064010654332,1.3155609492513483
2013-12-13,2013,347,0,0.31909570803160764,-0.31909570803160764,0.41282208752886584,0.03564250342507542,-0.03564250342507542,1.3512034526764236
2013-12-14,2013,348,0.8,0.009584720049841266,0.7904152799501588,0,0.16775653688712114,0.6322434631128789,0.7189599895635447
2013-12-15,2013,349,0,-0.13761092527932847,0.13761092527932847,0,0.014961683227321712,-0.014961683227321712,0.7339216727908664
2013-12-16,2013,350,0,-0.23524552704188467,0.23524552704188467,0,0,0,0.7339216727908664
2013-12-17,2013,351,0,-0.32983283350805426,0.32983283350805426,0,0,0,0.7339216727908664
2013-12-18,2013,352,0,-0.035042378709225205,0.035042378709225205,0,0.05313559775813283,-0.05313559775813283,0.7870572705489992
2013-12-19,2013,353,18.5,0.10288439161329696,18.397115608386702,0,0.2899902602497517,18.210009739750248,0
2013-12-20,2013,354,4.2,-0.15017052106952053,4.35017052106952,0,0.2730349347087023,3.9269650652912977,0
2013-12-21,2013,355,0,0.35739226546317626,-0.35739226546317626,0.35739226546317626,0.11485752551868596,-0.11485752551868596,0.11485752551868596
2013-12-22,2013,356,0,-0.01171044494732573,0.01171044494732573,0.34568182051585056,0.39763575895346454,-0.39763575895346454,0.5124932844721505
2013-12-23,2013,357,0,-0.2417824418221612,0.2417824418221612,0.10389937869368937,0.3039153004354794,-0.3039153004354794,0.8164085849076299
2013-12-24,2013,358,0,-0.29434836817133647,0.29434836817133647,0,0.15033762349414198,-0.15033762349414198,0.966746208401772
2013-12-25,2013,359,27.9,-0.04717476462694028,27.94717476462694,0,0.4655220867598137,27.434477913240183,0
2013-12-26,2013,360,9.5,0.023053473517503306,9.476946526482497,0,0.33689371572892496,9.163106284271075,0
2013-12-27,2013,361,0,-0.11321113264241636,0.11321113264241636,0,0.11965887459215274,-0.11965887459215274,0.11965887459215274
2013-12-28,2013,362,6.5,0.10684172730768132,6.393158272692319,0,0.16974951234357247,6.330250487656428,0
2013-12-29,2013,363,0.2,-0.23022485563955516,0.43022485563955515,0,0.2531958710123844,-0.05319587101238438,0.05319587101238438
2013-12-30,2013,364,0,-0.2118927313092608,0.2118927313092608,0,0.17327243801732228,-0.17327243801732228,0.22646830902970666
2013-12-31,2013,365,0.1,-0.235289706908689,0.335289706908689,0,0.07049480672339382,0.02950519327660618,0.1969631157531005
2014-01-01,2014,1,0.1,0.11602135376458199,-0.016021353764581983,0.016021353764581983,0.17934035210330831,-0.07934035210330831,0.2763034678564088
2014-01-02,2014,2,1.6,-0.34986321065549353,1.9498632106554936,0,0.2942122536176541,1.305787746382346,0
2014-01-03,2014,3,0.9,-0.1039743865652602,1.0039743865652602,0,0.2749357291833285,0.6250642708166716,0
2014-01-04,2014,4,19.1,-0.16886685810322274,19.268866858103223,0,0.3545021912898536,18.745497808710148,0
2014-01-05,2014,5,0.2,-0.08004717564216991,0.2800471756421699,0,0.2869011529458885,-0.08690115294588852,0.08690115294588852
2014-01-06,2014,6,0,-0.09411734719621437,0.09411734719621437,0,0.19133106808032593,-0.19133106808032593,0.2782322210262145
2014-01-07,2014,7,0.1,0.08970535530089205,0.010294644699107958,0,0.13965378721562785,-0.039653787215627845,0.3178860082418423
2014-01-08,2014,8,0.2,0.02211068568996112,0.1778893143100389,0,0.24437094559582923,-0.044370945595829214,0.36225695383767154
2014-01-09,2014,9,0.8,-0.08993657385599062,0.8899365738559907,0,0.41668438733245006,0.38331561266755,0
2014-01-10,2014,10,0,-0.04762442436417276,0.04762442436417276,0,0.44907577445397173,-0.44907577445397173,0.44907577445397173
2014-01-11,2014,11,0,0.014920768019448123,-0.014920768019448123,0.014920768019448123,0.19714388269766872,-0.19714388269766872,0.6462196571516404
2014-01-12,2014,12,0,0.11936760191146194,-0.11936760191146194,0.13428836993091006,0.27974262393685323,-0.27974262393685323,0.9259622810884937
2014-01-13,2014,13,2.8,0.2942023942423735,2.5057976057576266,0,0.4029908016923309,2.3970091983076687,0
2014-01-14,2014,14,4.9,0.11517062432371544,4.784829375676285,0,0.37460424141280596,4.5253957585871945,0
2014-01-15,2014,15,0,0.041536870824259,-0.041536870824259,0.041536870824259,0.21428549630864363,-0.21428549630864363,0.21428549630864363
2014-01-16,2014,16,15.1,0.19879126553430726,14.901208734465692,0,0.31013188534237174,14.789868114657628,0
2014-01-17,2014,17,0.9,0.2898122346846516,0.6101877653153485,0,0.32043869191918745,0.5795613080808126,0
2014-01-18,2014,18,0,0.18939616158044392,-0.18939616158044392,0.18939616158044392,0.36197240022637506,-0.36197240022637506,0.36197240022637506
2014-01-19,2014,19,0,0.486977837245145,-0.486977837245145,0.6763739988255889,0.2472661396139288,-0.2472661396139288,0.6092385398403038
2014-01-20,2014,20,1.8,0.2217896111797485,1.5782103888202514,0,0.3794578326956839,1.4205421673043162,0
2014-01-21,2014,21,0.2,-0.10565459018261217,0.3056545901826122,0,0.3752607036809584,-0.17526070368095836,0.17526070368095836
2014-01-22,2014,22,0,-0.15848604456425064,0.15848604456425064,0,0.3020288385761142,-0.3020288385761142,0.47728954225707254
2014-01-23,2014,23,4.7,0.06610635046199383,4.633893649538006,0,0.46956948701063406,4.230430512989366,0
2014-01-24,2014,24,0,-0.15206719061592894,0.15206719061592894,0,0.37723824948074525,-0.37723824948074525,0.37723824948074525
2014-01-25,2014,25,2.3,0.2828903355462573,2.0171096644537423,0,0.3600615637792653,1.9399384362207346,0
2014-01-26,2014,26,5.9,-0.004449196919864026,5.904449196919864,0,0.8261555363754195,5.073844463624581,0
2014-01-27,2014,27,0.3,0.30923426677682153,-0.009234266776821543,0.009234266776821543,0.6894082715626594,-0.3894082715626594,0.3894082715626594
2014-01-28,2014,28,0,-0.05125819023330823,0.05125819023330823,0,0.35741111333700065,-0.35741111333700065,0.74681938489966
2014-01-29,2014,29,0,-0.09034199179229142,0.09034199179229142,0,0.3701325987413257,-0.3701325987413257,1.1169519836409858
2014-01-30,2014,30,0,-0.3087954538583027,0.3087954538583027,0,0.37176642903863405,-0.37176642903863405,1.4887184126796198
2014-01-31,2014,31,0,-0.334433379946206,0.334433379946206,0,0.34592399824331305,-0.34592399824331305,1.834642410922933
2014-02-01,2014,32,7.3,0.3086017369676737,6.991398263032326,0,0.3956277972610762,6.904372202738924,0
2014-02-02,2014,33,1.5,0.3602174478839186,1.1397825521160814,0,0.314330345510338,1.1856696544896619,0
2014-02-03,2014,34,0.3,0.3899822644086066,-0.08998226440860663,0.08998226440860663,0.45101136900891203,-0.15101136900891204,0.15101136900891204
2014-02-04,2014,35,0,0.17423285334184732,-0.17423285334184732,0.2642151177504539,0.3918167224635038,-0.3918167224635038,0.5428280914724158
2014-02-05,2014,36,4.4,0.08260703820826693,4.317392961791733,0,0.45731400292693497,3.9426859970730654,0
2014-02-06,2014,37,0,0.44606788504991174,-0.44606788504991174,0.44606788504991174,0.6105974083947237,-0.6105974083947237,0.6105974083947237
2014-02-07,2014,38,8.7,-0.3109592874858566,9.010959287485855,0,0.44253943529376655,8.257460564706232,0
2014-02-08,2014,39,3.2,0.16222126677345652,3.037778733226544,0,0.4477342952446438,2.7522657047553563,0
2014-02-09,2014,40,0.2,0.2422105472618812,-0.0422105472618812,0.0422105472618812,1.0045166758940172,-0.8045166758940172,0.8045166758940172
2014-02-10,2014,41,6.7,0.37933063501570624,6.320669364984294,0,0.7279512228773373,5.972048777122663,0
2014-02-11,2014,42,0,0.4045688502212084,-0.4045688502212084,0.4045688502212084,0.5910543472610186,-0.5910543472610186,0.5910543472610186
2014-02-12,2014,43,0.2,0.5957821183430505,-0.3957821183430505,0.8003509685642589,0.8291947759008746,-0.6291947759008747,1.2202491231618933
2014-02-13,2014,44,8.5,-0.09172295426504914,8.59172295426505,0,0.9090646445024896,7.5909353554975105,0
2014-02-14,2014,45,0,0.03815291040651955,-0.03815291040651955,0.03815291040651955,0.8167987473472781,-0.8167987473472781,0.8167987473472781
2014-02-15,2014,46,19.6,0.6993954146214808,18.90060458537852,0,0.7292971370052131,18.87070286299479,0
2014-02-16,2014,47,0.3,0.16027635332749265,0.13972364667250733,0,0.4984303337975359,-0.19843033379753588,0.19843033379753588
2014-02-17,2014,48,0,0.6469558441798403,-0.6469558441798403,0.6469558441798403,0.6198079332913832,-0.6198079332913832,0.818238267088919
2014-02-18,2014,49,0,0.7122271862468146,-0.7122271862468146,1.3591830304266548,0.6577345444727593,-0.6577345444727593,1.4759728115616784
2014-02-19,2014,50,0,0.0025731514243010705,-0.0025731514243010705,1.3617561818509558,0.5803582877761262,-0.5803582877761262,2.056331099337805
2014-02-20,2014,51,1.1,1.2026591367816792,-0.10265913678167915,1.464415318632635,0.9464927781075828,0.15350722189241728,1.9028238774453876
2014-02-21,2014,52,6.3,0.15397969927488137,6.146020300725119,0,0.6103560445680173,5.689643955431983,0
2014-02-22,2014,53,3.3,0.8325196518157884,2.4674803481842114,0,0.8887869553579681,2.4112130446420315,0
2014-02-23,2014,54,0,1.0320196710735767,-1.0320196710735767,1.0320196710735767,0.8605207775339189,-0.8605207775339189,0.8605207775339189
2014-02-24,2014,55,0,0.7290882043868363,-0.7290882043868363,1.761107875460413,1.0084225346829725,-1.0084225346829725,1.8689433122168913
2014-02-25,2014,56,0,0.7885465690897379,-0.7885465690897379,2.5496544445501508,0.9475861071102346,-0.9475861071102346,2.816529419327126
2014-02-26,2014,57,12.8,0.3898054935907822,12.41019450640922,0,0.6352565017025215,12.16474349829748,0
2014-02-27,2014,58,1.1,1.0487804672667242,0.05121953273327584,0,0.777750351577918,0.32224964842208204,0
2014-02-28,2014,59,1,1.050703603896005,-0.05070360389600492,0.05070360389600492,1.0076883982190568,-0.007688398219056758,0.007688398219056758
2014-03-01,2014,60,0.4,0.8190927935042224,-0.41909279350422235,0.4697963974002273,0.8239498804457999,-0.42394988044579984,0.4316382786648566
2014-03-02,2014,61,0.1,0.1098289088220071,-0.009828908822007099,0.47962530622223437,0.6866104748025594,-0.5866104748025595,1.018248753467416
2014-03-03,2014,62,1.9,0.11705551498449214,1.7829444850155078,0,0.7026757326304325,1.1973242673695674,0
2014-03-04,2014,63,2.5,0.4305506452596769,2.069449354740323,0,0.6497010990046846,1.8502989009953152,0
2014-03-05,2014,64,0,1.2295700811684858,-1.2295700811684858,1.2295700811684858,1.0735455989526401,-1.0735455989526401,1.0735455989526401
2014-03-06,2014,65,0,0.8671111743166164,-0.8671111743166164,2.096681255485102,1.324405480978769,-1.324405480978769,2.397951079931409
2014-03-07,2014,66,0,1.1794278272684262,-1.1794278272684262,3.2761090827535284,1.3709928608210034,-1.3709928608210034,3.768943940752412
2014-03-08,2014,67,0,1.209864654273105,-1.209864654273105,4.485973737026633,1.7517633603114826,-1.7517633603114826,5.5207073010638945
2014-03-09,2014,68,0,1.2964517533972493,-1.2964517533972493,5.782425490423883,1.5425811685291864,-1.5425811685291864,7.063288469593081
2014-03-10,2014,69,0,1.291508562253551,-1.291508562253551,7.0739340526774335,1.7384900057935266,-1.7384900057935266,8.801778475386607
2014-03-11,2014,70,0,0.9933770826046149,-0.9933770826046149,8.067311135282049,1.8219290479547352,-1.8219290479547352,10.623707523341341
2014-03-12,2014,71,0,1.3498590726377315,-1.3498590726377315,9.41717020791978,1.5900356030765626,-1.5900356030765626,12.213743126417905
2014-03-13,2014,72,0,1.4551974689038212,-1.4551974689038212,10.8723676768236,1.692436261429539,-1.692436261429539,13.906179387847443
2014-03-14,2014,73,0,1.4210697444556402,-1.4210697444556402,12.29343742127924,1.702898700378944,-1.702898700378944,15.609078088226386
2014-03-15,2014,74,0,0.4010954690829925,-0.4010954690829925,12.694532890362233,1.3949579525930411,-1.3949579525930411,17.00403604081943
2014-03-16,2014,75,0,1.7437345769755186,-1.7437345769755186,14.43826746733775,1.8383313470658755,-1.8383313470658755,18.842367387885304
2014-03-17,2014,76,0,1.770440265636391,-1.770440265636391,16.20870773297414,2.1750639270746825,-2.1750639270746825,21.017431314959985
2014-03-18,2014,77,0,1.8674195357764911,-1.8674195357764911,18.076127268750632,2.5777293013014693,-2.5777293013014693,23.595160616261456
2014-03-19,2014,78,0,2.1582747213202484,-2.1582747213202484,20.23440199007088,2.4082801289552616,-2.4082801289552616,26.003440745216718
2014-03-20,2014,79,0,1.7969693010903367,-1.7969693010903367,22.031371291161214,2.1612257486784245,-2.1612257486784245,28.164666493895144
2014-03-21,2014,80,0,2.0825054837138484,-2.0825054837138484,24.113876774875063,2.776473770656854,-2.776473770656854,30.941140264551997
2014-03-22,2014,81,21.5,0.01663713669010106,21.4833628633099,2.6305139115651635,0.8659319582539818,20.63406804174602,10.307072222805978
2014-03-23,2014,82,10.3,0.4043509106453132,9.895649089354688,0,0.652499226046888,9.647500773953112,0.6595714488528657
2014-03-24,2014,83,5.8,1.279835514603925,4.520164485396075,0,1.01250795637555,4.78749204362445,0
2014-03-25,2014,84,0,1.2935582037313011,-1.2935582037313011,1.2935582037313011,1.3136850416277888,-1.3136850416277888,1.3136850416277888
2014-03-26,2014,85,0,1.465861964960373,-1.465861964960373,2.7594201686916744,1.3235073473955323,-1.3235073473955323,2.637192389023321
2014-03-27,2014,86,0,1.853337481941691,-1.853337481941691,4.612757650633365,1.8669589019997948,-1.8669589019997948,4.504151291023115
2014-03-28,2014,87,0,2.1069782110538764,-2.1069782110538764,6.719735861687242,2.1193506485166616,-2.1193506485166616,6.623501939539777
2014-03-29,2014,88,0,2.0415356409974987,-2.0415356409974987,8.76127150268474,2.156376019948674,-2.156376019948674,8.77987795948845
2014-03-30,2014,89,0,1.9462473780305638,-1.9462473780305638,10.707518880715305,2.4707497381492063,-2.4707497381492063,11.250627697637658
2014-03-31,2014,90,0,2.2073945648277005,-2.2073945648277005,12.914913445543005,2.3784436716202544,-2.3784436716202544,13.629071369257911
2014-04-01,2014,91,0,2.2369772141507838,-2.2369772141507838,15.15189065969379,2.400841320138238,-2.400841320138238,16.02991268939615
2014-04-02,2014,92,0,2.3668954574487717,-2.3668954574487717,17.51878611714256,2.4158883382353515,-2.4158883382353515,18.4458010276315
2014-04-03,2014,93,0,0.42066532587717553,-0.42066532587717553,17.939451443019735,1.241693178808688,-1.241693178808688,19.68749420644019
2014-04-04,2014,94,0,1.8370969930100516,-1.8370969930100516,19.776548436029785,2.08614889026286,-2.08614889026286,21.773643096703047
2014-04-05,2014,95,2.8,2.067032084891595,0.732967915108405,19.04358052092138,1.82219528694581,0.9778047130541898,20.795838383648857
2014-04-06,2014,96,0,2.6994600690473516,-2.6994600690473516,21.743040589968732,2.334515488717519,-2.334515488717519,23.130353872366374
2014-04-07,2014,97,7.6,2.4555855784768528,5.144414421523146,16.598626168445584,2.7114798541784975,4.888520145821502,18.241833726544872
2014-04-08,2014,98,9.9,1.4070017479332202,8.49299825206678,8.105627916378804,1.7408443650466876,8.159155634953313,10.082678091591559
2014-04-09,2014,99,0,3.0714071724911536,-3.0714071724911536,11.177035088869957,2.971606617020196,-2.971606617020196,13.054284708611755
2014-04-10,2014,100,0,3.009462769991333,-3.009462769991333,14.18649785886129,3.1312902421365,-3.1312902421365,16.185574950748254
2014-04-11,2014,101,0,3.1340903617222753,-3.1340903617222753,17.320588220583566,3.047080439472048,-3.047080439472048,19.2326553902203
2014-04-12,2014,102,0,2.0205667778486873,-2.0205667778486873,19.341154998432252,2.319567041970212,-2.319567041970212,21.552222432190515
2014-04-13,2014,103,0,3.2191574237814455,-3.2191574237814455,22.5603124222137,3.1397023481790445,-3.1397023481790445,24.69192478036956
2014-04-14,2014,104,0,3.1855749832538467,-3.1855749832538467,25.745887405467546,3.4058657318187415,-3.4058657318187415,28.097790512188304
2014-04-15,2014,105,0,2.907393646330315,-2.907393646330315,28.653281051797862,3.3887557030715563,-3.3887557030715563,31.48654621525986
2014-04-16,2014,106,0,2.767221502636615,-2.767221502636615,31.420502554434478,3.415505337032235,-3.415505337032235,34.90205155229209
2014-04-17,2014,107,0,2.939478561294054,-2.939478561294054,34.35998111572853,3.222860672796841,-3.222860672796841,38.124912225088934
2014-04-18,2014,108,2.4,0.15775736947563795,2.242242630524362,32.11773848520417,1.164710162830357,1.2352898371696428,36.88962238791929
2014-04-19,2014,109,0.4,0.164589008004043,0.23541099199595703,31.882327493208216,0.7090863632262858,-0.3090863632262858,37.198708751145574
2014-04-20,2014,110,3.1,3.8160617578630616,-0.7160617578630615,32.598389251071275,3.0416748445156965,0.058325155484303615,37.14038359566127
2014-04-21,2014,111,0.5,1.1248725744376797,-0.6248725744376797,33.223261825508956,1.3773769499172972,-0.8773769499172972,38.01776054557857
2014-04-22,2014,112,0,2.7225911768362803,-2.7225911768362803,35.94585300234524,2.5588604168622955,-2.5588604168622955,40.57662096244086
2014-04-23,2014,113,0,4.027873189295444,-4.027873189295444,39.97372619164068,3.603276922685554,-3.603276922685554,44.179897885126415
2014-04-24,2014,114,0.2,4.023427582316491,-3.8234275823164907,43.79715377395717,3.610400237173641,-3.410400237173641,47.590298122300055
2014-04-25,2014,115,2.4,2.6017344271326346,-0.20173442713263467,43.998888201089805,2.4511922596884594,-0.05119225968845953,47.64149038198852
2014-04-26,2014,116,29.8,2.8163513500189,26.9836486499811,17.015239551108706,2.2368153548541745,27.563184645145824,20.078305736842694
2014-04-27,2014,117,9.2,1.79429522300854,7.40570477699146,9.609534774117247,1.760032875532883,7.439967124467117,12.638338612375577
2014-04-28,2014,118,13.1,1.325095094117048,11.774904905882952,0,1.0702226141227338,12.029777385877265,0.6085612264983116
2014-04-29,2014,119,2.1,1.8599919323557375,0.24000806764426263,0,1.6367489802927768,0.46325101970722327,0.1453102067910883
2014-04-30,2014,120,4.8,1.507164774897206,3.292835225102794,0,1.4006307650348266,3.399369234965173,0
2014-05-01,2014,121,6.5,2.618335770782104,3.881664229217896,0,2.0821251450081446,4.417874854991855,0
2014-05-02,2014,122,8.3,1.0868655352508898,7.2131344647491105,0,1.073553803259815,7.226446196740186,0
2014-05-03,2014,123,1.4,0.9707926734726435,0.4292073265273564,0,1.0336109660305686,0.36638903396943134,0
2014-05-04,2014,124,0,2.1916844427061593,-2.1916844427061593,2.1916844427061593,2.4944453830700923,-2.4944453830700923,2.4944453830700923
2014-05-05,2014,125,0,3.824237325014194,-3.824237325014194,6.015921767720354,3.5273186329376816,-3.5273186329376816,6.021764016007774
2014-05-06,2014,126,3.6,2.1921906716692634,1.4078093283307367,4.6081124393896165,2.8054019412699422,0.7945980587300578,5.227165957277716
2014-05-07,2014,127,8.4,1.8053369629009746,6.594663037099026,0,2.0336978135480677,6.366302186451932,0
2014-05-08,2014,128,1.9,4.005451017287248,-2.105451017287248,2.105451017287248,3.809983623637813,-1.909983623637813,1.909983623637813
2014-05-09,2014,129,0.1,3.4417722533217945,-3.3417722533217944,5.447223270609042,3.271319757415816,-3.171319757415816,5.081303381053629
2014-05-10,2014,130,5,3.8828884001778134,1.1171115998221866,4.330111670786856,3.8144832882961146,1.1855167117038854,3.8957866693497434
2014-05-11,2014,131,7.1,2.7342241845161346,4.365775815483865,0,2.542099826618152,4.557900173381848,0
2014-05-12,2014,132,1.4,2.977358955211827,-1.5773589552118272,1.5773589552118272,2.5872998078173315,-1.1872998078173316,1.1872998078173316
2014-05-13,2014,133,15.8,1.9176105463157478,13.882389453684253,0,1.5912727266534483,14.208727273346552,0
2014-05-14,2014,134,16.8,1.654878054718249,15.145121945281751,0,1.5252122012339786,15.274787798766022,0
2014-05-15,2014,135,2.4,2.1838348061922632,0.2161651938077367,0,1.855176695843186,0.544823304156814,0
2014-05-16,2014,136,0,2.244300937943355,-2.244300937943355,2.244300937943355,2.8466630424188515,-2.8466630424188515,2.8466630424188515
2014-05-17,2014,137,0,4.120679069993188,-4.120679069993188,6.364980007936543,4.062669134797515,-4.062669134797515,6.909332177216367
2014-05-18,2014,138,0,4.8832676579789975,-4.8832676579789975,11.24824766591554,4.296306418264507,-4.296306418264507,11.205638595480874
2014-05-19,2014,139,0.1,3.666556767823607,-3.5665567678236068,14.814804433739148,3.6471861086656885,-3.5471861086656884,14.752824704146562
2014-05-20,2014,140,0,3.9264227575103483,-3.9264227575103483,18.741227191249497,4.150780280203584,-4.150780280203584,18.903604984350146
2014-05-21,2014,141,0,4.783862216231112,-4.783862216231112,23.525089407480607,4.893681460469723,-4.893681460469723,23.797286444819868
2014-05-22,2014,142,26.3,3.9522096719879207,22.34779032801208,1.1772990794685256,4.032451517391187,22.267548482608813,1.5297379622110547
2014-05-23,2014,143,2.6,5.71176859912451,-3.11176859912451,4.289067678593035,4.412549642862698,-1.8125496428626975,3.3422876050737522
2014-05-24,2014,144,2.5,5.504398706852255,-3.004398706852255,7.29346638544529,4.446671566978978,-1.9466715669789778,5.28895917205273
2014-05-25,2014,145,0.5,4.31686021551143,-3.81686021551143,11.110326600956721,3.9110815883411316,-3.4110815883411316,8.700040760393861
2014-05-26,2014,146,8.7,1.4493910883007048,7.2506089116992944,3.859717689257427,1.7289445953772502,6.971055404622749,1.728985355771112
2014-05-27,2014,147,3,1.2412526934334065,1.7587473065665935,2.1009703826908335,1.3716030147908702,1.6283969852091298,0.10058837056198211
2014-05-28,2014,148,0,3.1013518901442545,-3.1013518901442545,5.202322272835088,2.762528076897182,-2.762528076897182,2.863116447459164
2014-05-29,2014,149,2.6,4.7612347430168445,-2.1612347430168444,7.363557015851933,3.9345487245958646,-1.3345487245958645,4.197665172055029
2014-05-30,2014,150,0,4.407652328847428,-4.407652328847428,11.771209344699361,3.5751593394462913,-3.5751593394462913,7.7728245115013195
2014-05-31,2014,151,0,5.048627001822053,-5.048627001822053,16.819836346521413,4.284181949997815,-4.284181949997815,12.057006461499135
2014-06-01,2014,152,0,4.775851361655655,-4.775851361655655,21.595687708177067,4.245760416817435,-4.245760416817435,16.30276687831657
2014-06-02,2014,153,1.3,3.88556520261132,-2.5855652026113196,24.181252910788388,3.5781410900377613,-2.278141090037761,18.58090796835433
2014-06-03,2014,154,0,4.017021855582716,-4.017021855582716,28.198274766371103,3.7970456981848617,-3.7970456981848617,22.37795366653919
2014-06-04,2014,155,6.5,1.6724755643454396,4.82752443565456,23.370750330716543,2.0376508128011412,4.462349187198859,17.91560447934033
2014-06-05,2014,156,0,5.2893427601625005,-5.2893427601625005,28.660093090879045,4.3589207712543745,-4.3589207712543745,22.274525250594706
2014-06-06,2014,157,0,5.155906921151372,-5.155906921151372,33.816000012030415,4.689920994598538,-4.689920994598538,26.964446245193244
2014-06-07,2014,158,0,5.457547334669411,-5.457547334669411,39.27354734669983,5.071669931622965,-5.071669931622965,32.03611617681621
2014-06-08,2014,159,0,6.0122839977960245,-6.0122839977960245,45.285831344495854,5.716356596259406,-5.716356596259406,37.75247277307561
2014-06-09,2014,160,0,4.9640256396641265,-4.9640256396641265,50.24985698415998,5.427229676241887,-5.427229676241887,43.179702449317496
2014-06-10,2014,161,7.2,5.315314362722583,1.8846856372774168,48.36517134688257,5.4867019172565294,1.7132980827434707,41.466404366574025
2014-06-11,2014,162,0,5.475628178912135,-5.475628178912135,53.84079952579471,5.290241324916485,-5.290241324916485,46.75664569149051
2014-06-12,2014,163,0,6.023290693729098,-6.023290693729098,59.8640902195238,5.5599891425720065,-5.5599891425720065,52.31663483406252
2014-06-13,2014,164,0,5.719262540885865,-5.719262540885865,65.58335276040967,5.189177688513375,-5.189177688513375,57.505812522575894
2014-06-14,2014,165,0,5.301368231709418,-5.301368231709418,70.88472099211909,5.3644865980675975,-5.3644865980675975,62.870299120643494
2014-06-15,2014,166,0,3.5146954460656774,-3.5146954460656774,74.39941643818476,4.445888370271204,-4.445888370271204,67.3161874909147
2014-06-16,2014,167,0,5.578075384968615,-5.578075384968615,79.97749182315337,5.553048061727773,-5.553048061727773,72.86923555264248
2014-06-17,2014,168,2.4,5.428525632770943,-3.028525632770943,83.00601745592431,5.004868700038513,-2.6048687000385127,75.47410425268099
2014-06-18,2014,169,1.8,5.044294498300235,-3.244294498300235,86.25031195422454,4.432324780703945,-2.6323247807039456,78.10642903338493
2014-06-19,2014,170,0.9,4.519259626289469,-3.619259626289469,89.869571580514,4.448493093990946,-3.548493093990946,81.65492212737587
2014-06-20,2014,171,0,4.5267752387825695,-4.5267752387825695,94.39634681929658,4.615028520172284,-4.615028520172284,86.26995064754816
2014-06-21,2014,172,0,5.671933056435678,-5.671933056435678,100.06827987573226,5.752512999788327,-5.752512999788327,92.02246364733648
2014-06-22,2014,173,15.2,5.377620791288523,9.822379208711476,90.24590066702078,4.994436495212626,10.205563504787374,81.8169001425491
2014-06-23,2014,174,18.5,3.625731944087955,14.874268055912045,75.37163261110874,3.274032544454631,15.22596745554537,66.59093268700373
2014-06-24,2014,175,0.8,2.9327529683799747,-2.1327529683799744,77.50438557948871,2.6778141826045396,-1.8778141826045396,68.46874686960827
2014-06-25,2014,176,0,4.69268083249562,-4.69268083249562,82.19706641198434,4.4836054921328765,-4.4836054921328765,72.95235236174115
2014-06-26,2014,177,0,5.708774468256696,-5.708774468256696,87.90584088024103,5.155367221486329,-5.155367221486329,78.10771958322748
2014-06-27,2014,178,1.9,5.361851762084256,-3.461851762084256,91.36769264232528,5.002661180903636,-3.102661180903636,81.21038076413112
2014-06-28,2014,179,3,3.1052240940988316,-0.1052240940988316,91.47291673642411,3.1614183586069724,-0.1614183586069724,81.37179912273808
2014-06-29,2014,180,7,2.6300886327067405,4.369911367293259,87.10300536913086,2.602590239426712,4.397409760573288,76.9743893621648
2014-06-30,2014,181,0,5.5388317537414515,-5.5388317537414515,92.6418371228723,4.530126469204174,-4.530126469204174,81.50451583136898
2014-07-01,2014,182,6.8,5.229862610622688,1.5701373893773116,91.071699733495,4.597278044734878,2.2027219552651216,79.30179387610386
2014-07-02,2014,183,19,0.7058728536407337,18.294127146359266,72.77757258713572,1.3090839105516272,17.690916089448372,61.610877786655486
2014-07-03,2014,184,0,5.510544345537758,-5.510544345537758,78.28811693267347,4.674436551284178,-4.674436551284178,66.28531433793967
2014-07-04,2014,185,12.5,3.247943147019426,9.252056852980573,69.0360600796929,3.231423365777448,9.268576634222551,57.01673770371711
2014-07-05,2014,186,0,4.184638117024365,-4.184638117024365,73.22069819671727,3.7814468846903098,-3.7814468846903098,60.79818458840742
2014-07-06,2014,187,24.7,5.743746694255235,18.956253305744763,54.2644448909725,4.7496000283353315,19.950399971664666,40.84778461674276
2014-07-07,2014,188,13,3.7807464622022904,9.219253537797709,45.045191353174786,3.0407536108940327,9.959246389105967,30.88853822763679
2014-07-08,2014,189,12.1,1.0226114601376577,11.077388539862342,33.967802813312446,1.3686000077181582,10.731399992281842,20.15713823535495
2014-07-09,2014,190,13.6,1.3270391469091283,12.272960853090872,21.694841960221574,1.4177676083582806,12.182232391641719,7.9749058437132305
2014-07-10,2014,191,10.3,0.9876785727247459,9.312321427275254,12.38252053294632,1.1082029060609557,9.191797093939044,0
2014-07-11,2014,192,7.8,1.4863144787500568,6.313685521249943,6.068835011696376,1.4917020515619652,6.308297948438034,0
2014-07-12,2014,193,7.4,4.091093431335641,3.3089065686643595,2.759928443032017,3.1174579663986672,4.282542033601333,0
2014-07-13,2014,194,2,4.022980406711421,-2.0229804067114214,4.782908849743438,3.267514598970692,-1.267514598970692,1.267514598970692
2014-07-14,2014,195,0,4.846726385276099,-4.846726385276099,9.629635235019538,3.9076502355168468,-3.9076502355168468,5.175164834487539
2014-07-15,2014,196,0,5.814104309991944,-5.814104309991944,15.443739545011482,5.07746738705761,-5.07746738705761,10.252632221545149
2014-07-16,2014,197,0,5.6509626118897565,-5.6509626118897565,21.09470215690124,5.051552639897286,-5.051552639897286,15.304184861442435
2014-07-17,2014,198,0,5.700340689378704,-5.700340689378704,26.79504284627994,5.5053713696922495,-5.5053713696922495,20.809556231134685
2014-07-18,2014,199,0,5.4799313339774764,-5.4799313339774764,32.274974180257416,5.508061063229628,-5.508061063229628,26.317617294364315
2014-07-19,2014,200,0,4.858123258934564,-4.858123258934564,37.13309743919198,4.631809358471222,-4.631809358471222,30.949426652835538
2014-07-20,2014,201,44.5,1.5296207158548152,42.97037928414518,0,1.8714543240584354,42.62854567594157,0
2014-07-21,2014,202,20.9,2.4377713031384767,18.462228696861523,0,2.0541973543836387,18.84580264561636,0
2014-07-22,2014,203,3.5,1.2719832736628973,2.2280167263371027,0,1.22113057968624,2.27886942031376,0
2014-07-23,2014,204,0,4.585032730345105,-4.585032730345105,4.585032730345105,4.019975743999902,-4.019975743999902,4.019975743999902
2014-07-24,2014,205,0,4.208288496045232,-4.208288496045232,8.793321226390336,4.224297098066772,-4.224297098066772,8.244272842066675
2014-07-25,2014,206,0.3,4.664367540914666,-4.3643675409146665,13.157688767305004,4.74723356535145,-4.44723356535145,12.691506407418125
2014-07-26,2014,207,16.3,1.3093071688659113,14.990692831134089,0,1.5656836387303954,14.734316361269606,0
2014-07-27,2014,208,0,4.277517618092813,-4.277517618092813,4.277517618092813,3.588472978340824,-3.588472978340824,3.588472978340824
2014-07-28,2014,209,27.6,3.3161796376968997,24.283820362303103,0,2.890848970547478,24.709151029452524,0
2014-07-29,2014,210,2.4,2.043452229955542,0.3565477700444579,0,1.923584928866194,0.476415071133806,0
2014-07-30,2014,211,7.7,1.4206071008554806,6.279392899144519,0,1.3969338823739286,6.303066117626072,0
2014-07-31,2014,212,0,4.5124775773524,-4.5124775773524,4.5124775773524,3.8280621436226543,-3.8280621436226543,3.8280621436226543
2014-08-01,2014,213,0.7,5.16236717443036,-4.4623671744303595,8.97484475178276,4.399507554492857,-3.6995075544928566,7.527569698115511
2014-08-02,2014,214,18.9,3.584985103687196,15.315014896312803,0,3.1625948156011496,15.737405184398849,0
2014-08-03,2014,215,0.7,2.505681303706675,-1.805681303706675,1.805681303706675,2.546755848035576,-1.8467558480355761,1.8467558480355761
2014-08-04,2014,216,0,3.319855268364781,-3.319855268364781,5.125536572071456,3.212204344969156,-3.212204344969156,5.058960193004732
2014-08-05,2014,217,0,2.594664017863255,-2.594664017863255,7.720200589934711,2.936248949641127,-2.936248949641127,7.995209142645859
2014-08-06,2014,218,0.4,3.414719368141726,-3.014719368141726,10.734919958076437,3.2280107177689517,-2.8280107177689517,10.82321986041481
2014-08-07,2014,219,1,3.275089922929391,-2.275089922929391,13.010009881005828,3.112629168610813,-2.112629168610813,12.935849029025622
2014-08-08,2014,220,11.9,4.891189190319214,7.008810809680786,6.0011990713250425,4.234280490779502,7.665719509220498,5.270129519805124
2014-08-09,2014,221,0.9,4.912068586997301,-4.012068586997301,10.013267658322343,4.035851244159027,-3.1358512441590274,8.405980763964152
2014-08-10,2014,222,9.9,3.7635954166091232,6.136404583390878,3.8768630749314656,3.362082910332163,6.537917089667838,1.8680636742963141
2014-08-11,2014,223,0.8,1.2052476385523299,-0.4052476385523298,4.282110713483796,1.63182790857372,-0.8318279085737199,2.699891582870034
2014-08-12,2014,224,0,3.4920818647502925,-3.4920818647502925,7.774192578234088,3.3446199778098427,-3.3446199778098427,6.044511560679877
2014-08-13,2014,225,1.6,2.1031021114737656,-0.5031021114737655,8.277294689707855,2.3766183660190268,-0.7766183660190267,6.821129926698903
2014-08-14,2014,226,2.5,3.5828849329946886,-1.0828849329946886,9.360179622702542,3.2160623236038854,-0.7160623236038854,7.537192250302789
2014-08-15,2014,227,8.3,2.5810455392230005,5.718954460777001,3.641225161925542,2.342480287584878,5.957519712415123,1.5796725378876664
2014-08-16,2014,228,0,2.284378175988136,-2.284378175988136,5.925603337913678,2.392429501190916,-2.392429501190916,3.972102039078582
2014-08-17,2014,229,0,3.6757255886064657,-3.6757255886064657,9.601328926520143,3.441023146914642,-3.441023146914642,7.413125185993224
2014-08-18,2014,230,2.2,4.2360291951110405,-2.0360291951110403,11.637358121631184,4.064789021180892,-1.8647890211808917,9.277914207174117
2014-08-19,2014,231,0,2.6300662357792097,-2.6300662357792097,14.267424357410395,2.6647714353333813,-2.6647714353333813,11.942685642507499
2014-08-20,2014,232,1.7,2.7483964564108785,-1.0483964564108785,15.315820813821274,2.6846723040806277,-0.9846723040806278,12.927357946588126
2014-08-21,2014,233,0,3.998604994756866,-3.998604994756866,19.31442580857814,3.5172099106543504,-3.5172099106543504,16.444567857242475
2014-08-22,2014,234,0,4.12342756209318,-4.12342756209318,23.43785337067132,3.5965309948320816,-3.5965309948320816,20.04109885207456
2014-08-23,2014,235,3.9,1.2962872839354402,2.6037127160645595,20.83414065460676,1.915923994132726,1.984076005867274,18.057022846207285
2014-08-24,2014,236,0,3.8866379857521647,-3.8866379857521647,24.720778640358922,3.0925143881648824,-3.0925143881648824,21.14953723437217
2014-08-25,2014,237,6.3,1.495041457784062,4.804958542215938,19.915820098142984,1.6417723012423961,4.658227698757604,16.491309535614565
2014-08-26,2014,238,7.5,0.6517719707626259,6.848228029237374,13.06759206890561,1.1736306786343362,6.3263693213656635,10.164940214248901
2014-08-27,2014,239,0,4.095982996836813,-4.095982996836813,17.16357506574242,3.2624917397540854,-3.2624917397540854,13.427431954002987
2014-08-28,2014,240,0,4.310587983692993,-4.310587983692993,21.474163049435415,3.577216930646115,-3.577216930646115,17.0046488846491
2014-08-29,2014,241,0,2.5081543421830985,-2.5081543421830985,23.982317391618512,2.3159672714444604,-2.3159672714444604,19.32061615609356
2014-08-30,2014,242,0,2.8695928220761764,-2.8695928220761764,26.851910213694687,2.768816143844647,-2.768816143844647,22.089432299938206
2014-08-31,2014,243,2.1,0.8912616490195427,1.2087383509804575,25.64317186271423,1.4273201570588916,0.6726798429411085,21.4167524569971
2014-09-01,2014,244,0,3.058960091813617,-3.058960091813617,28.702131954527847,2.5966706576177336,-2.5966706576177336,24.01342311461483
2014-09-02,2014,245,0,3.244749166001502,-3.244749166001502,31.946881120529348,3.131069990115458,-3.131069990115458,27.144493104730287
2014-09-03,2014,246,0,1.0655654923788995,-1.0655654923788995,33.01244661290825,1.6760589024416221,-1.6760589024416221,28.82055200717191
2014-09-04,2014,247,0,2.933053366881204,-2.933053366881204,35.94549997978945,2.6127866907409847,-2.6127866907409847,31.433338697912895
2014-09-05,2014,248,0,2.356350332586827,-2.356350332586827,38.30185031237628,2.382662830807213,-2.382662830807213,33.81600152872011
2014-09-06,2014,249,0,3.4191266831511897,-3.4191266831511897,41.72097699552747,3.175462119811811,-3.175462119811811,36.99146364853192
2014-09-07,2014,250,0,3.3262607781405045,-3.3262607781405045,45.04723777366797,3.1887913171974223,-3.1887913171974223,40.18025496572934
2014-09-08,2014,251,0,3.3494987799003737,-3.3494987799003737,48.396736553568346,3.087228856700586,-3.087228856700586,43.267483822429924
2014-09-09,2014,252,3.9,2.4885117811983424,1.4114882188016575,46.98524833476669,2.331145624479389,1.568854375520611,41.698629446909315
2014-09-10,2014,253,0,2.5007888586084124,-2.5007888586084124,49.4860371933751,2.435495426929552,-2.435495426929552,44.134124873838864
2014-09-11,2014,254,0,1.956269907049791,-1.956269907049791,51.44230710042489,2.3785895375416035,-2.3785895375416035,46.512714411380465
2014-09-12,2014,255,0.7,1.5003034123196204,-0.8003034123196204,52.24261051274451,1.6754357565080138,-0.9754357565080138,47.48815016788848
2014-09-13,2014,256,0,2.766888667609375,-2.766888667609375,55.009499180353885,2.414981779871848,-2.414981779871848,49.90313194776033
2014-09-14,2014,257,0,2.718717355054587,-2.718717355054587,57.72821653540847,2.4826433103708414,-2.4826433103708414,52.38577525813117
2014-09-15,2014,258,0,2.549101773101467,-2.549101773101467,60.27731830850994,2.4697729005629223,-2.4697729005629223,54.85554815869409
2014-09-16,2014,259,0,2.7890810117895577,-2.7890810117895577,63.066399320299496,2.861778451009225,-2.861778451009225,57.71732660970331
2014-09-17,2014,260,0.6,2.3726969727428227,-1.7726969727428226,64.83909629304232,2.3073339750625355,-1.7073339750625354,59.424660584765846
2014-09-18,2014,261,0,1.1721720691885245,-1.1721720691885245,66.01126836223084,1.5698237854476118,-1.5698237854476118,60.994484370213456
2014-09-19,2014,262,3,1.5856524282632136,1.4143475717367864,64.59692079049405,1.7350409351178144,1.2649590648821856,59.72952530533127
2014-09-20,2014,263,2.5,2.7925274389711743,-0.2925274389711743,64.88944822946523,2.611442066002952,-0.11144206600295181,59.84096737133422
2014-09-21,2014,264,1.5,1.8369476690069053,-0.3369476690069053,65.22639589847213,2.1087197694805626,-0.6087197694805626,60.44968714081479
2014-09-22,2014,265,0,1.9206869052817113,-1.9206869052817113,67.14708280375385,2.2547929426558295,-2.2547929426558295,62.70448008347062
2014-09-23,2014,266,0,1.8829429454103033,-1.8829429454103033,69.03002574916415,2.2665977172630445,-2.2665977172630445,64.97107780073367
2014-09-24,2014,267,4.6,1.657251317094017,2.9427486829059823,66.08727706625817,1.625466659183868,2.974533340816132,61.99654445991754
2014-09-25,2014,268,0,1.1127199291124987,-1.1127199291124987,67.19999699537067,1.5694655272811768,-1.5694655272811768,63.56600998719871
2014-09-26,2014,269,0,1.9385805275840056,-1.9385805275840056,69.13857752295468,1.9475392988491615,-1.9475392988491615,65.51354928604788
2014-09-27,2014,270,0,2.068286216921281,-2.068286216921281,71.20686373987596,1.9810134297939792,-1.9810134297939792,67.49456271584185
2014-09-28,2014,271,0,1.99225119202077,-1.99225119202077,73.19911493189673,2.0080817297298243,-2.0080817297298243,69.50264444557168
2014-09-29,2014,272,0,2.095182207732898,-2.095182207732898,75.29429713962963,1.888548830160035,-1.888548830160035,71.39119327573171
2014-09-30,2014,273,0.6,0.7090109035386636,-0.1090109035386636,75.4033080431683,1.0448236431859494,-0.44482364318594947,71.83601691891766
2014-10-01,2014,274,0,1.6863126020267256,-1.6863126020267256,77.08962064519503,1.6189027497462283,-1.6189027497462283,73.45491966866389
2014-10-02,2014,275,0,1.309617689509176,-1.309617689509176,78.39923833470421,1.6163569730974157,-1.6163569730974157,75.0712766417613
2014-10-03,2014,276,0,1.467978526578562,-1.467978526578562,79.86721686128277,1.6221303066141757,-1.6221303066141757,76.69340694837548
2014-10-04,2014,277,1.4,1.9406144474220375,-0.5406144474220376,80.40783130870481,1.527307900700354,-0.12730790070035414,76.82071484907584
2014-10-05,2014,278,11.7,1.9249810232027489,9.77501897679725,70.63281233190756,1.6911857826685792,10.00881421733142,66.81190063174442
2014-10-06,2014,279,1.3,2.1068080166343126,-0.8068080166343126,71.43962034854187,1.655246902692473,-0.35524690269247294,67.167147534436893
2014-10-07,2014,280,26.2,1.0528742143707388,25.14712578562926,46.29249456291261,1.0761624391114415,25.123837560888557,42.04330997354833
2014-10-08,2014,281,0.1,1.1614535648509456,-1.0614535648509456,47.35394812776355,1.272474064223218,-1.1724740642232179,43.21578403777155
2014-10-09,2014,282,2.8,1.3224012768014446,1.4775987231985552,45.876349404565,1.486435900379732,1.3135640996202678,41.90221993815128
2014-10-10,2014,283,3.6,1.3034332298524398,2.2965667701475603,43.57978263441744,1.1857234716102343,2.414276528389766,39.48794340976152
2014-10-11,2014,284,1.2,0.9645541758862438,0.23544582411375614,43.34433681030369,1.0050356375312979,0.19496436246870208,39.29297904729282
2014-10-12,2014,285,0,0.7715960486351447,-0.7715960486351447,44.115932858938834,0.7766652000889727,-0.7766652000889727,40.06964424738179
2014-10-13,2014,286,4.2,0.4281049871766963,3.771895012823304,40.344037846115526,0.8797619659603779,3.3202380340396225,36.74940621334217
2014-10-14,2014,287,3.3,1.5184251463553189,1.781574853644681,38.56246299247085,1.3123018501725288,1.987698149827471,34.761708063514696
2014-10-15,2014,288,0.4,1.0313860785759683,-0.6313860785759683,39.19384907104682,1.1042176378083162,-0.7042176378083161,35.46592570132301
2014-10-16,2014,289,3.5,0.39761739902778936,3.1023826009722106,36.09146647007461,0.8921425428087721,2.607857457191228,32.85806824413178
2014-10-17,2014,290,0.1,0.9974757268173587,-0.8974757268173588,36.98894219689197,1.3020647036998672,-1.202064703699867,34.06013294783165
2014-10-18,2014,291,0,1.136310735417791,-1.136310735417791,38.12525293230976,1.2305863600541944,-1.2305863600541944,35.290719307885844
2014-10-19,2014,292,0,1.0101683107235095,-1.0101683107235095,39.13542124303327,1.3498908359289352,-1.3498908359289352,36.64061014381478
2014-10-20,2014,293,6.3,1.0848700706614371,5.215129929338563,33.920291313694705,1.1974164152050284,5.102583584794972,31.538026559019812
2014-10-21,2014,294,10.9,0.7511523062452958,10.148847693754705,23.77144361994,1.5763419460023906,9.32365805399761,22.2143685050222
2014-10-22,2014,295,2.6,0.25137937127815524,2.3486206287218447,21.422822991218155,1.0452930078970744,1.5547069921029257,20.659661512919275
2014-10-23,2014,296,0,0.6919613520411725,-0.6919613520411725,22.114784343259327,0.9246753603203574,-0.9246753603203574,21.584336873239632
2014-10-24,2014,297,0,0.7070110951404428,-0.7070110951404428,22.82179543839977,0.7249174576434744,-0.7249174576434744,22.309254330883107
2014-10-25,2014,298,0.6,0.609058006723041,-0.009058006723041023,22.830853445122813,0.676456709924252,-0.07645670992425202,22.385711040807358
2014-10-26,2014,299,0.1,0.5934717248237957,-0.49347172482379575,23.324325169946608,0.7018270132826234,-0.6018270132826234,22.98753805408998
2014-10-27,2014,300,0,0.25859663095677327,-0.25859663095677327,23.58292180090338,0.5553221797874665,-0.5553221797874665,23.542860233877448
2014-10-28,2014,301,0,0.5702849529920035,-0.5702849529920035,24.153206753895386,0.744463967002492,-0.744463967002492,24.28732420087994
2014-10-29,2014,302,0,0.4485519027867068,-0.4485519027867068,24.601758656682094,0.6804013085281679,-0.6804013085281679,24.96772550940811
2014-10-30,2014,303,0,0.8061573701843744,-0.8061573701843744,25.407916026866467,0.8125449285521517,-0.8125449285521517,25.78027043796026
2014-10-31,2014,304,0,0.4682237869125501,-0.4682237869125501,25.876139813779016,0.7142793447945496,-0.7142793447945496,26.49454978275481
2014-11-01,2014,305,0,0.5791027430996429,-0.5791027430996429,26.45524255687866,0.6302151455586728,-0.6302151455586728,27.124764928313482
2014-11-02,2014,306,0,0.3507696328482754,-0.3507696328482754,26.806012189726935,0.5705768323256027,-0.5705768323256027,27.695341760639085
2014-11-03,2014,307,0,-0.1139408718281294,0.1139408718281294,26.692071317898804,0.5372885776207754,-0.5372885776207754,28.23263033825986
2014-11-04,2014,308,14.2,0.025153764415380683,14.174846235584619,12.517225082314186,0.5284356287392555,13.671564371260743,14.561065966999116
2014-11-05,2014,309,24.1,0.09183840235987124,24.00816159764013,0,0.4678548871809959,23.632145112819007,0
2014-11-06,2014,310,0,0.323238377464728,-0.323238377464728,0.323238377464728,0.45579793821709214,-0.45579793821709214,0.45579793821709214
2014-11-07,2014,311,0.6,0.24882615938908315,0.35117384061091683,0,0.5373623742764507,0.06263762572354925,0.3931603124935429
2014-11-08,2014,312,0,0.11823961028173874,-0.11823961028173874,0.11823961028173874,0.4078820260488895,-0.4078820260488895,0.8010423385424323
2014-11-09,2014,313,0,-0.048748276239328765,0.048748276239328765,0.06949133404240998,0.388140357106925,-0.388140357106925,1.1891826956493574
2014-11-10,2014,314,3.5,0.17215173273948647,3.3278482672605136,0,0.450595008338611,3.049404991661389,0
2014-11-11,2014,315,0,0.3098945874857698,-0.3098945874857698,0.3098945874857698,0.40240300290569125,-0.40240300290569125,0.40240300290569125
2014-11-12,2014,316,10.9,0.35919575596047026,10.54080424403953,0,0.4229819396674776,10.477018060332522,0
2014-11-13,2014,317,0,0.024298277834813198,-0.024298277834813198,0.024298277834813198,0.3964346880334428,-0.3964346880334428,0.3964346880334428
2014-11-14,2014,318,0,0.4161312867955193,-0.4161312867955193,0.4404295646303325,0.3266194595943981,-0.3266194595943981,0.7230541476278409
2014-11-15,2014,319,23,0.22199085971637317,22.778009140283626,0,0.4356797881081929,22.564320211891808,0
2014-11-16,2014,320,10.2,0.40519596041514183,9.794804039584857,0,0.4989446188481828,9.701055381151816,0
2014-11-17,2014,321,6.2,0.34208759730745647,5.857912402692544,0,0.39183781357318004,5.80816218642682,0
2014-11-18,2014,322,0.8,-0.07762587325952319,0.8776258732595232,0,0.4160029138453196,0.3839970861546804,0
2014-11-19,2014,323,0,-0.04706931267804636,0.04706931267804636,0,0.2220414423366396,-0.2220414423366396,0.2220414423366396
2014-11-20,2014,324,0,0.14498543810366465,-0.14498543810366465,0.14498543810366465,0.23899493463497581,-0.23899493463497581,0.4610363769716154
2014-11-21,2014,325,0,0.4245540055457596,-0.4245540055457596,0.5695394436494243,0.2415588649797205,-0.2415588649797205,0.7025952419513359
2014-11-22,2014,326,0.1,0.5607094859667847,-0.46070948596678474,1.0302489296162092,0.162106739283357,-0.062106739283357,0.7647019812346929
2014-11-23,2014,327,0,0.5926608372983997,-0.5926608372983997,1.6229097669146089,0.20795193096105355,-0.20795193096105355,0.9726539121957465
2014-11-24,2014,328,0,0.24118902396753464,-0.24118902396753464,1.8640987908821436,0.335465333437204,-0.335465333437204,1.3081192456329505
2014-11-25,2014,329,0.2,0.1655717577267847,0.03442824227321531,1.8296705486089282,0.39032744329778446,-0.19032744329778445,1.4984466889307348
2014-11-26,2014,330,0,0.4527986842551341,-0.4527986842551341,2.282469232864062,0.3436552668725764,-0.3436552668725764,1.8421019558033112
2014-11-27,2014,331,0,0.30621571363012967,-0.30621571363012967,2.5886849464941917,0.3833035443282163,-0.3833035443282163,2.2254055001315276
2014-11-28,2014,332,0,0.2365013402974322,-0.2365013402974322,2.8251862867916238,0.3672982497086346,-0.3672982497086346,2.592703749840162
2014-11-29,2014,333,0,0.25874984736894463,-0.25874984736894463,3.0839361341605684,0.28215558196436347,-0.28215558196436347,2.8748593318045255
2014-11-30,2014,334,2.8,0.43484593049772907,2.3651540695022706,0.7187820646582979,0.24473676325257304,2.5552632367474266,0.31959609505709885
2014-12-01,2014,335,0.5,0.1262381488073002,0.3737618511926998,0.3450202134655981,0.32481131489957915,0.17518868510042085,0.144407409956678
2014-12-02,2014,336,0,0.16275861177114734,-0.16275861177114734,0,0.34902583916765195,-0.34902583916765195,0
2014-12-03,2014,337,0,0.27923205659712713,-0.27923205659712713,0.27923205659712713,0.3476372665907174,-0.3476372665907174,0.3476372665907174
2014-12-04,2014,338,0,0.15470533126797817,-0.15470533126797817,0.4339373878651053,0.3851456352849141,-0.3851456352849141,0.7327829018756316
2014-12-05,2014,339,0.8,0.1279459311840743,0.6720540688159258,0,0.3559636631708068,0.44403633682919325,0.2887465650464383
2014-12-06,2014,340,0,0.15133845917255206,-0.15133845917255206,0.15133845917255206,0.377092573926346,-0.377092573926346,0.6658391389727842
2014-12-07,2014,341,0.3,0.014218036723252305,0.2857819632767477,0,0.4464845110394176,-0.14648451103941762,0.8123236500122019
2014-12-08,2014,342,0.4,0.021893425127096848,0.37810657487290317,0,0.34125950437236047,0.058740495627639555,0.7535831543845624
2014-12-09,2014,343,0,-0.22611245341962546,0.22611245341962546,0,0.3732237575457632,-0.3732237575457632,1.1268069119303257
2014-12-10,2014,344,0.2,-0.19282801095479166,0.3928280109547917,0,0.34660251933806774,-0.14660251933806773,1.2734094312683935
2014-12-11,2014,345,0.1,-0.1482178104005272,0.2482178104005272,0,0.8805506080177048,-0.7805506080177048,2.0539600392860984
2014-12-12,2014,346,0,-0.4874426176575475,0.4874426176575475,0,0.7039497200352219,-0.7039497200352219,2.75790975932132
2014-12-13,2014,347,0,-0.25910048578406464,0.25910048578406464,0,0.41518709111395896,-0.41518709111395896,3.1730968504352792
2014-12-14,2014,348,2,-0.11994628669921593,2.119946286699216,0,0.46813657717148405,1.531863422828516,1.6412334276067633
2014-12-15,2014,349,0.2,-0.03557881955757487,0.23557881955757487,0,0.2819861331921186,-0.08198613319211862,1.7232195607988818
2014-12-16,2014,350,0.2,0.03371504265428495,0.16628495734571505,0,0.2392140414904885,-0.03921404149048849,1.7624336022893703
2014-12-17,2014,351,8.8,-0.036377933469602566,8.836377933469603,0,0.3992394245436599,8.40076057545634,0
2014-12-18,2014,352,2.5,-0.20832208875351083,2.7083220887535107,0,0.4341646012611624,2.0658353987388374,0
2014-12-19,2014,353,2.1,-0.20061344502758222,2.300613445027582,0,0.6711573667416513,1.4288426332583488,0
2014-12-20,2014,354,0,-0.20741406738416834,0.20741406738416834,0,0.5158686238770553,-0.5158686238770553,0.5158686238770553
2014-12-21,2014,355,0,-0.3967070186102657,0.3967070186102657,0,0.06253691023917127,-0.06253691023917127,0.5784055341162266
2014-12-22,2014,356,0,-0.6479360763735448,0.6479360763735448,0,0.1468759279015021,-0.1468759279015021,0.7252814620177288
2014-12-23,2014,357,0,-0.6568914430838975,0.6568914430838975,0,0.16464213957713275,-0.16464213957713275,0.8899236015948615
2014-12-24,2014,358,0,-0.3998932801025286,0.3998932801025286,0,0.2899201067845362,-0.2899201067845362,1.1798437083793978
2014-12-25,2014,359,0.4,-0.15064002248824931,0.5506400224882493,0,0.562669678687498,-0.16266967868749793,1.3425133870668957
2014-12-26,2014,360,1.8,-0.242898285143596,2.042898285143596,0,0.1982086008051751,1.601791399194825,0
2014-12-27,2014,361,11.2,0.001370461644192805,11.198629538355807,0,0.46416456689462693,10.735835433105372,0
2014-12-28,2014,362,1.3,0.06626212704693979,1.2337378729530601,0,0.38664274153626593,0.9133572584637342,0
2014-12-29,2014,363,1.8,-0.2547998301943626,2.0547998301943626,0,0.2373212620841263,1.5626787379158738,0
2014-12-30,2014,364,0.5,0.11287739697761401,0.387122603022386,0,0.1769894829899978,0.32301051701000216,0
2014-12-31,2014,365,0,-0.08870195442495203,0.08870195442495203,0,0.11302880087377015,-0.11302880087377015,0.11302880087377015
2015-01-01,2015,1,0,-0.1289637030748647,0.1289637030748647,0,0.0420615236579309,-0.0420615236579309,0.15509032453170105
2015-01-02,2015,2,0.5,0.2464273636628426,0.25357263633715743,0,0.19684312203088364,0.3031568779691164,0
2015-01-03,2015,3,9.8,0.2160098239502535,9.583990176049747,0,0.40796824123266845,9.392031758767333,0
2015-01-04,2015,4,0,-0.24223289992936956,0.24223289992936956,0,0.3081893939455518,-0.3081893939455518,0.3081893939455518
2015-01-05,2015,5,0,-0.46974241131089634,0.46974241131089634,0,0.024943525109119957,-0.024943525109119957,0.33313291905467174
2015-01-06,2015,6,0,-0.31434761000372674,0.31434761000372674,0,0.038761696938020465,-0.038761696938020465,0.3718946159926922
2015-01-07,2015,7,0,-0.07908707469333191,0.07908707469333191,0,0.13637792562316092,-0.13637792562316092,0.5082725416158531
2015-01-08,2015,8,0.9,-0.04045103256681844,0.9404510325668185,0,0.46391745792301375,0.43608254207698627,0.07218999953886684
2015-01-09,2015,9,2.5,-0.1941332886044489,2.6941332886044487,0,1.0394397381400489,1.4605602618599511,0
2015-01-10,2015,10,2.3,0.023980060737185883,2.276019939262814,0,1.6781155844555609,0.621884415544439,0
2015-01-11,2015,11,3.9,-0.3017483402432483,4.201748340243248,0,1.1299819427189386,2.770018057281061,0
2015-01-12,2015,12,0,-0.8055423032004844,0.8055423032004844,0,0.4502605163241751,-0.4502605163241751,0.4502605163241751
2015-01-13,2015,13,0.1,-0.4959271558786986,0.5959271558786986,0,0.7858332752199113,-0.6858332752199113,1.1360937915440865
2015-01-14,2015,14,5.3,-0.5083227914821103,5.8083227914821105,0,1.0388754247237024,4.261124575276297,0
2015-01-15,2015,15,0,-0.4045548214546638,0.4045548214546638,0,0.42744603703571904,-0.42744603703571904,0.42744603703571904
2015-01-16,2015,16,12.1,0.10627576328689023,11.99372423671311,0,0.4416185286645139,11.658381471335487,0
2015-01-17,2015,17,5,-0.10355625168007666,5.103556251680077,0,0.3363916240444645,4.663608375955535,0
2015-01-18,2015,18,0,-0.13266085284574278,0.13266085284574278,0,0.18631434308758765,-0.18631434308758765,0.18631434308758765
2015-01-19,2015,19,6.3,0.18122023054342082,6.118779769456579,0,0.2934947007465222,6.006505299253478,0
2015-01-20,2015,20,1,0.5146349474573253,0.4853650525426747,0,0.23667815638124048,0.7633218436187595,0
2015-01-21,2015,21,0,0.16990296313524872,-0.16990296313524872,0.16990296313524872,0.3533721903406329,-0.3533721903406329,0.3533721903406329
2015-01-22,2015,22,0,0.1550935296511262,-0.1550935296511262,0.3249964927863749,0.40027644840753374,-0.40027644840753374,0.7536486387481667
2015-01-23,2015,23,0,0.05989366847627084,-0.05989366847627084,0.38489016126264575,0.4311627931186454,-0.4311627931186454,1.1848114318668121
2015-01-24,2015,24,4.4,0.33069863386438536,4.069301366135615,0,0.3714181888402118,4.028581811159788,0
2015-01-25,2015,25,0,0.1676292033552432,-0.1676292033552432,0.1676292033552432,0.3225456420332837,-0.3225456420332837,0.3225456420332837
2015-01-26,2015,26,5.5,0.15528990411207527,5.344710095887924,0,0.394549569891451,5.105450430108549,0
2015-01-27,2015,27,0,0.37890615846115683,-0.37890615846115683,0.37890615846115683,0.3011038791731567,-0.3011038791731567,0.3011038791731567
2015-01-28,2015,28,5.4,0.17475714530709469,5.2252428546929055,0,0.519490996599473,4.880509003400528,0
2015-01-29,2015,29,10.3,0.4032295783876767,9.896770421612324,0,0.4311511957827588,9.868848804217242,0
2015-01-30,2015,30,0.3,0.5115692131186199,-0.21156921311861993,0.21156921311861993,0.7582104546440153,-0.4582104546440153,0.4582104546440153
2015-01-31,2015,31,1.7,0.33678064352465753,1.3632193564753425,0,0.43701131108171126,1.2629886889182886,0
2015-02-01,2015,32,2.4,0.1994023319325486,2.2005976680674513,0,0.5648262693820616,1.8351737306179383,0
2015-02-02,2015,33,0.1,0.35339854775301566,-0.2533985477530156,0.2533985477530156,0.594875899283914,-0.49487589928391407,0.49487589928391407
2015-02-03,2015,34,0,0.36913419922078683,-0.36913419922078683,0.6225327469738025,0.40335630007621465,-0.40335630007621465,0.8982321993601288
2015-02-04,2015,35,0,0.07793209747446378,-0.07793209747446378,0.7004648444482662,0.606305741782863,-0.606305741782863,1.5045379411429918
2015-02-05,2015,36,0.1,0.02430496539066616,0.07569503460933384,0.6247698098389324,0.6006009125279759,-0.5006009125279759,2.005138853670968
2015-02-06,2015,37,0,-0.0191685731903871,0.0191685731903871,0.6056012366485453,0.6649334281801258,-0.6649334281801258,2.670072281851094
2015-02-07,2015,38,0,-0.09690876975154857,0.09690876975154857,0.5086924668969967,0.5631351101122646,-0.5631351101122646,3.2332073919633584
2015-02-08,2015,39,0,-0.1403238605848241,0.1403238605848241,0.36836860631217255,0.5012119358389755,-0.5012119358389755,3.7344193278023337
2015-02-09,2015,40,0,0.11047733449864644,-0.11047733449864644,0.478845940810819,0.6302651826359819,-0.6302651826359819,4.364684510438315
2015-02-10,2015,41,0,0.3528308839541039,-0.3528308839541039,0.8316768247649229,0.6099611892067892,-0.6099611892067892,4.974645699645104
2015-02-11,2015,42,0,0.3419610631403686,-0.3419610631403686,1.1736378879052916,0.4698253084430659,-0.4698253084430659,5.44447100808817
2015-02-12,2015,43,0,0.4274446426173897,-0.4274446426173897,1.6010825305226812,0.5073249856156478,-0.5073249856156478,5.951795993703818
2015-02-13,2015,44,0,0.7056782501800712,-0.7056782501800712,2.3067607807027524,0.5488562542233661,-0.5488562542233661,6.500652247927183
2015-02-14,2015,45,0,0.7064659176469851,-0.7064659176469851,3.0132266983497376,0.5779123069348725,-0.5779123069348725,7.078564554862056
2015-02-15,2015,46,0,0.4707017565819884,-0.4707017565819884,3.4839284549317258,0.6306550450249613,-0.6306550450249613,7.709219599887017
2015-02-16,2015,47,0,0.5510760424533725,-0.5510760424533725,4.035004497385098,0.36569829891415445,-0.36569829891415445,8.074917898801171
2015-02-17,2015,48,0,0.3481836700448306,-0.3481836700448306,4.383188167429929,0.41969487335226763,-0.41969487335226763,8.494612772153438
2015-02-18,2015,49,0,0.29039170516999024,-0.29039170516999024,4.67357987259992,0.5365464309218357,-0.5365464309218357,9.031159203075275
2015-02-19,2015,50,0,0.7470737617416829,-0.7470737617416829,5.420653634341603,0.7166825059102349,-0.7166825059102349,9.74784170898551
2015-02-20,2015,51,0,0.46542228684858417,-0.46542228684858417,5.886075921190187,1.0864923504665371,-1.0864923504665371,10.834334059452047
2015-02-21,2015,52,10.8,0.16369054472879987,10.636309455271201,0,0.5066740979866484,10.293325902013352,0.5410081574386947
2015-02-22,2015,53,0.1,0.4677942610233595,-0.36779426102335955,0.36779426102335955,0.5021950531290821,-0.4021950531290821,0.9432032105677768
2015-02-23,2015,54,5.2,0.34161937175064844,4.858380628249352,0,0.5142116241749398,4.6857883758250605,0
2015-02-24,2015,55,0.1,0.2139065412074971,-0.1139065412074971,0.1139065412074971,0.7323105192415751,-0.6323105192415751,0.6323105192415751
2015-02-25,2015,56,0.4,1.0463132761936347,-0.6463132761936347,0.7602198174011318,1.0022149351310736,-0.6022149351310736,1.2345254543726487
2015-02-26,2015,57,0,1.044736374967045,-1.044736374967045,1.8049561923681767,1.033661647663435,-1.033661647663435,2.2681871020360838
2015-02-27,2015,58,4.5,0.23830000385432723,4.261699996145673,0,0.611602485932919,3.888397514067081,0
2015-02-28,2015,59,0.9,0.6221487911824821,0.2778512088175179,0,0.7493098261417244,0.15069017385827566,0
2015-03-01,2015,60,14.2,0.667749495990217,13.532250504009783,0,0.6726860312619057,13.527313968738094,0
2015-03-02,2015,61,6.5,0.1744666340169744,6.325533365983025,0,1.3722338354181571,5.127766164581843,0
2015-03-03,2015,62,3.1,0.9797113913283162,2.120288608671684,0,1.4517039458596837,1.6482960541403164,0
2015-03-04,2015,63,0,0.43483267437813644,-0.43483267437813644,0.43483267437813644,0.8307793724273332,-0.8307793724273332,0.8307793724273332
2015-03-05,2015,64,0,0.5541259109378166,-0.5541259109378166,0.988958585315953,1.1774046501599413,-1.1774046501599413,2.0081840225872747
2015-03-06,2015,65,0,0.9850739081637113,-0.9850739081637113,1.9740324934796645,1.4211590157278435,-1.4211590157278435,3.4293430383151184
2015-03-07,2015,66,0,0.9422175406687862,-0.9422175406687862,2.9162500341484505,1.2704764585644936,-1.2704764585644936,4.699819496879612
2015-03-08,2015,67,0,1.0836017447110011,-1.0836017447110011,3.9998517788594516,1.5805555745750102,-1.5805555745750102,6.280375071454622
2015-03-09,2015,68,0,1.2189603966187212,-1.2189603966187212,5.218812175478173,1.771215504996617,-1.771215504996617,8.05159057645124
2015-03-10,2015,69,0,1.1411724435197308,-1.1411724435197308,6.359984618997904,1.5146502207440076,-1.5146502207440076,9.566240797195247
2015-03-11,2015,70,0,1.2530120669459073,-1.2530120669459073,7.612996685943812,1.8160751978078444,-1.8160751978078444,11.382315995003092
2015-03-12,2015,71,0,1.1730278901169136,-1.1730278901169136,8.786024576060726,2.26196778737903,-2.26196778737903,13.644283782382121
2015-03-13,2015,72,0,1.235955496264484,-1.235955496264484,10.02198007232521,1.6440779120117495,-1.6440779120117495,15.28836169439387
2015-03-14,2015,73,0,0.9868242834781193,-0.9868242834781193,11.00880435580333,1.7390023651348325,-1.7390023651348325,17.027364059528704
2015-03-15,2015,74,0,0.8904500399985652,-0.8904500399985652,11.899254395801895,1.2379824647900899,-1.2379824647900899,18.265346524318794
2015-03-16,2015,75,0,0.8357559335688621,-0.8357559335688621,12.735010329370757,1.1855744791675058,-1.1855744791675058,19.4509210034863
2015-03-17,2015,76,0,1.739574435849527,-1.739574435849527,14.474584765220284,1.7768056257144074,-1.7768056257144074,21.227726629200706
2015-03-18,2015,77,0,1.8191231732697586,-1.8191231732697586,16.29370793849004,2.074028879620058,-2.074028879620058,23.301755508820765
2015-03-19,2015,78,0,1.6398270053109176,-1.6398270053109176,17.933534943800957,2.1763786752922365,-2.1763786752922365,25.478134184113003
2015-03-20,2015,79,0,1.3032445374172734,-1.3032445374172734,19.236779481218232,1.7304560370883701,-1.7304560370883701,27.208590221201373
2015-03-21,2015,80,5.5,0.4250768670325065,5.074923132967493,14.161856348250739,0.7828749254938101,4.71712507450619,22.491465146695184
2015-03-22,2015,81,0,0.5609446785265866,-0.5609446785265866,14.722801026777326,0.8606721296390517,-0.8606721296390517,23.352137276334236
2015-03-23,2015,82,0,2.32663035169702,-2.32663035169702,17.049431378474345,1.9616157048603042,-1.9616157048603042,25.31375298119454
2015-03-24,2015,83,0,1.9340483706362224,-1.9340483706362224,18.98347974911057,1.9467595181566766,-1.9467595181566766,27.260512499351215
2015-03-25,2015,84,2.5,0.7810670870894825,1.7189329129105175,17.26454683620005,1.2245796777438722,1.2754203222561278,25.985092177095087
2015-03-26,2015,85,0.9,0.9321653359794826,-0.03216533597948257,17.296712172179532,1.0610758452775497,-0.1610758452775497,26.14616802237264
2015-03-27,2015,86,0,1.8961934930510398,-1.8961934930510398,19.192905665230573,1.9126631609134017,-1.9126631609134017,28.05883118328604
2015-03-28,2015,87,0.1,1.737349330100707,-1.637349330100707,20.83025499533128,1.7418001451196201,-1.64180014511962,29.70063132840566
2015-03-29,2015,88,25.3,0.8694702609879217,24.43052973901208,0,1.5048268380143215,23.79517316198568,5.9054581664199794
2015-03-30,2015,89,1.7,1.0811812136553298,0.6188187863446701,0,1.7279235369160304,-0.027923536916030445,5.93338170333601
2015-03-31,2015,90,8.8,0.46785807515860695,8.332141924841395,0,2.370985420690302,6.429014579309699,0
2015-04-01,2015,91,1,1.4257696525802812,-0.4257696525802812,0.4257696525802812,1.9105876914411093,-0.9105876914411093,0.9105876914411093
2015-04-02,2015,92,9.1,1.0388181662706786,8.061181833729322,0,1.6521638926269901,7.44783610737301,0
2015-04-03,2015,93,1.6,1.992278030023357,-0.3922780300233568,0.3922780300233568,1.4950891129595947,0.10491088704040541,0
2015-04-04,2015,94,13,0.638710666356213,12.361289333643787,0,0.7586869078029667,12.241313092197034,0
2015-04-05,2015,95,0,1.7926423438137997,-1.7926423438137997,1.7926423438137997,1.741439528030247,-1.741439528030247,1.741439528030247
2015-04-06,2015,96,0,2.1381052678122305,-2.1381052678122305,3.93074761162603,2.3108231265837795,-2.3108231265837795,4.052262654614027
2015-04-07,2015,97,0,2.209860994695923,-2.209860994695923,6.140608606321953,2.7686812284082625,-2.7686812284082625,6.82094388302229
2015-04-08,2015,98,0,2.5673480889561135,-2.5673480889561135,8.707956695278067,2.9962834942597345,-2.9962834942597345,9.817227377282023
2015-04-09,2015,99,0,2.806454403439696,-2.806454403439696,11.514411098717764,3.039453655340987,-3.039453655340987,12.85668103262301
2015-04-10,2015,100,1.8,3.034468755405967,-1.234468755405967,12.74887985412373,3.2897214769202727,-1.4897214769202727,14.346402509543283
2015-04-11,2015,101,0,1.8809729904732542,-1.8809729904732542,14.629852844596984,2.22185935928073,-2.22185935928073,16.568261868824013
2015-04-12,2015,102,0,3.055496903590101,-3.055496903590101,17.685349748187086,3.0836426186980437,-3.0836426186980437,19.651904487522057
2015-04-13,2015,103,0,3.194655736399102,-3.194655736399102,20.88000548458619,3.4195801039861737,-3.4195801039861737,23.07148459150823
2015-04-14,2015,104,0,2.967145305184398,-2.967145305184398,23.847150789770588,3.3849485111536866,-3.3849485111536866,26.45643310266192
2015-04-15,2015,105,0,3.0468216972830624,-3.0468216972830624,26.89397248705365,3.6369483656811,-3.6369483656811,30.09338146834302
2015-04-16,2015,106,0.3,1.351802704980183,-1.051802704980183,27.94577519203383,2.029535305488934,-1.7295353054889337,31.822916773831952
2015-04-17,2015,107,13.7,1.0911801384159918,12.608819861584008,15.336955330449824,1.4260033647254298,12.27399663527457,19.548920138557385
2015-04-18,2015,108,0,1.9996233941371306,-1.9996233941371306,17.336578724586953,2.230481238828765,-2.230481238828765,21.77940137738615
2015-04-19,2015,109,0,2.658812983446682,-2.658812983446682,19.995391708033637,2.8000386948298153,-2.8000386948298153,24.579440072215966
2015-04-20,2015,110,0,2.7359778730307758,-2.7359778730307758,22.731369581064413,3.4063113569397947,-3.4063113569397947,27.985751429155762
2015-04-21,2015,111,0,3.414433628221248,-3.414433628221248,26.14580320928566,3.9497611806668975,-3.9497611806668975,31.93551260982266
2015-04-22,2015,112,0,3.561146008698978,-3.561146008698978,29.706949217984636,4.121585324579262,-4.121585324579262,36.057097934401924
2015-04-23,2015,113,0,3.5095752584287987,-3.5095752584287987,33.21652447641343,3.8368654006682807,-3.8368654006682807,39.893963335070204
2015-04-24,2015,114,0,3.6553754132876954,-3.6553754132876954,36.871899889701126,3.778455752426766,-3.778455752426766,43.67241908749697
2015-04-25,2015,115,3.8,1.212544322221796,2.5874556777782036,34.284444211922924,1.8970417281386303,1.9029582718613696,41.7694608156356
2015-04-26,2015,116,0.7,3.2272762070138143,-2.5272762070138146,36.81172041893674,2.7389005181354578,-2.038900518135458,43.80836133377105
2015-04-27,2015,117,17.3,3.1696776472840726,14.130322352715929,22.681398066220808,2.7524503284268884,14.547549671573112,29.26081166219794
2015-04-28,2015,118,0.9,0.43106588394664486,0.46893411605335517,22.212463950167454,1.1672539763367211,-0.2672539763367211,29.528065638534663
2015-04-29,2015,119,0.3,2.5836325071557518,-2.283632507155752,24.496096457323205,2.3293550247695984,-2.0293550247695986,31.557420663304264
2015-04-30,2015,120,16.9,3.3869475391539647,13.513052460846033,10.983043996477171,3.175601800508832,13.724398199491166,17.833022463813098
2015-05-01,2015,121,48.1,0.502410875924455,47.59758912407555,0,0.8388844626910663,47.26111553730893,0
2015-05-02,2015,122,12,3.2678253277097804,8.73217467229022,0,2.649584600652992,9.350415399347007,0
2015-05-03,2015,123,18.6,1.974190813819916,16.625809186180085,0,1.7252046563898034,16.8747953436102,0
2015-05-04,2015,124,3.1,2.6568464086125556,0.4431535913874445,0,2.2601961677125284,0.8398038322874717,0
2015-05-05,2015,125,17.9,1.7731629266266749,16.126837073373324,0,1.929392779176538,15.97060722082346,0
2015-05-06,2015,126,0,4.25744580941251,-4.25744580941251,4.25744580941251,3.6225322368774253,-3.6225322368774253,3.6225322368774253
2015-05-07,2015,127,0,4.240322970608119,-4.240322970608119,8.497768780020628,3.7697878608165634,-3.7697878608165634,7.392320097693989
2015-05-08,2015,128,2.9,3.0942553644716684,-0.19425536447166847,8.692024144492297,2.9859497425437196,-0.08594974254371968,7.478269840237708
2015-05-09,2015,129,0,4.091941007382089,-4.091941007382089,12.783965151874387,3.597218475723086,-3.597218475723086,11.075488315960794
2015-05-10,2015,130,0,4.473246753358931,-4.473246753358931,17.25721190523332,4.321250957482741,-4.321250957482741,15.396739273443535
2015-05-11,2015,131,0,4.5585852263925055,-4.5585852263925055,21.815797131625825,4.462004094000272,-4.462004094000272,19.858743367443807
2015-05-12,2015,132,0,4.511732030981528,-4.511732030981528,26.32752916260735,5.0119355548078115,-5.0119355548078115,24.87067892225162
2015-05-13,2015,133,0,5.029006121685101,-5.029006121685101,31.356535284292452,5.919712014213516,-5.919712014213516,30.790390936465137
2015-05-14,2015,134,4.4,3.643158128988173,0.7568418710118272,30.599693413280626,4.544847791714846,-0.14484779171484607,30.935238728179982
2015-05-15,2015,135,18.2,0.7526271135714239,17.447372886428575,13.152320526852051,0.9514173864318524,17.248582613568146,13.686656114611836
2015-05-16,2015,136,0,4.458545473727778,-4.458545473727778,17.61086600057983,3.435588821823314,-3.435588821823314,17.12224493643515
2015-05-17,2015,137,0,4.404082903704464,-4.404082903704464,22.014948904284292,3.9219303566237076,-3.9219303566237076,21.044175293058856
2015-05-18,2015,138,0,4.960497681353819,-4.960497681353819,26.97544658563811,4.666646760225923,-4.666646760225923,25.71082205328478
2015-05-19,2015,139,0.1,1.1765450626053646,-1.0765450626053645,28.051991648243476,1.9440840955344851,-1.844084095534485,27.554906148819263
2015-05-20,2015,140,3.2,1.0621631901167643,2.137836809883236,25.91415483836024,1.7479072933206348,1.4520927066793654,26.102813442139897
2015-05-21,2015,141,1.1,1.016945334246492,0.08305466575350806,25.83110017260673,1.301968276854007,-0.20196827685400698,26.304781718993905
2015-05-22,2015,142,0.1,3.0076630374737015,-2.9076630374737014,28.738763210080432,2.8037514666948558,-2.7037514666948557,29.008533185688762
2015-05-23,2015,143,0,3.5035636074312326,-3.5035636074312326,32.24232681751167,3.4011794925953667,-3.4011794925953667,32.40971267828413
2015-05-24,2015,144,0,4.968968550193364,-4.968968550193364,37.211295367705034,4.431001853937677,-4.431001853937677,36.84071453222181
2015-05-25,2015,145,3,2.1108282346899006,0.8891717653100994,36.32212360239493,2.344704808316174,0.6552951916838259,36.18541934053798
2015-05-26,2015,146,2.8,1.3644876027848079,1.435512397215192,34.88661120517974,1.4521731332509384,1.3478268667490614,34.837592473788924
2015-05-27,2015,147,0,4.773410378418816,-4.773410378418816,39.66002158359856,4.113662160551737,-4.113662160551737,38.95125463434066
2015-05-28,2015,148,0,4.7992069253394645,-4.7992069253394645,44.45922850893802,4.585759415645902,-4.585759415645902,43.53701404998656
2015-05-29,2015,149,0.9,5.2393272739438235,-4.339327273943823,48.79855578288184,5.03295384091169,-4.132953840911689,47.66996789089825
2015-05-30,2015,150,0,4.302607674452644,-4.302607674452644,53.101163457334486,4.062388711192279,-4.062388711192279,51.732356602090526
2015-05-31,2015,151,0,5.507850154517226,-5.507850154517226,58.609013611851715,4.765344588150535,-4.765344588150535,56.49770119024106
2015-06-01,2015,152,1.7,4.616584036035964,-2.916584036035964,61.52559764788768,4.37565444668279,-2.67565444668279,59.17335563692385
2015-06-02,2015,153,0,5.491830139859432,-5.491830139859432,67.01742778774711,5.324278044525263,-5.324278044525263,64.49763368144912
2015-06-03,2015,154,0,5.914947886684279,-5.914947886684279,72.93237567443138,5.587259553931575,-5.587259553931575,70.08489323538069
2015-06-04,2015,155,0,6.050841919246182,-6.050841919246182,78.98321759367757,5.66564564686162,-5.66564564686162,75.75053888224231
2015-06-05,2015,156,0.1,6.058432150182247,-5.958432150182247,84.94164974385981,5.639454670423154,-5.539454670423154,81.28999355266546
2015-06-06,2015,157,1.9,6.248810046868481,-4.348810046868481,89.29045979072829,5.659461567958141,-3.7594615679581413,85.0494551206236
2015-06-07,2015,158,1.3,5.808594037519834,-4.508594037519834,93.79905382824812,4.987678698068054,-3.687678698068054,88.73713381869166
2015-06-08,2015,159,0,4.781279739606476,-4.781279739606476,98.5803335678546,4.219230548991983,-4.219230548991983,92.95636436768365
2015-06-09,2015,160,0,3.3826413756720886,-3.3826413756720886,101.96297494352669,2.5962205701902863,-2.5962205701902863,95.55258493787393
2015-06-10,2015,161,0,3.9119655646046043,-3.9119655646046043,105.87494050813129,3.224315661622409,-3.224315661622409,98.77690059949634
2015-06-11,2015,162,0,5.947972962308989,-5.947972962308989,111.82291347044028,5.120284108671294,-5.120284108671294,103.89718470816764
2015-06-12,2015,163,0,3.953723377036656,-3.953723377036656,115.77663684747694,4.1343875894065425,-4.1343875894065425,108.03157229757419
2015-06-13,2015,164,5.1,6.107131766899693,-1.0071317668996933,116.78376861437663,5.468646246564474,-0.36864624656447464,108.40021854413867
2015-06-14,2015,165,20.1,4.3435317442392165,15.756468255760785,101.02730035861585,3.5344289729519818,16.56557102704802,91.83464751709064
2015-06-15,2015,166,17.7,1.717940285021611,15.982059714978389,85.04524064363746,1.5535760491688202,16.146423950831178,75.68822356625947
2015-06-16,2015,167,0.5,2.219213837389848,-1.719213837389848,86.7644544810273,2.1437067837296566,-1.6437067837296566,77.33193034998912
2015-06-17,2015,168,0,5.543473065336658,-5.543473065336658,92.30792754636396,4.81185177264763,-4.81185177264763,82.14378212263675
2015-06-18,2015,169,14.5,2.4378801168654998,12.0621198831345,80.24580766322946,2.5051599453934466,11.994840054606554,70.1489420680302
2015-06-19,2015,170,0,5.417671167326805,-5.417671167326805,85.66347883055626,4.6566891101026835,-4.6566891101026835,74.80563117813288
2015-06-20,2015,171,0.3,2.6450957691079378,-2.345095769107938,88.0085745996642,2.9635217024018647,-2.663521702401865,77.46915288053475
2015-06-21,2015,172,3.4,2.3987514264930057,1.0012485735069943,87.0073260261572,2.489548299438125,0.9104517005618749,76.55870117997287
2015-06-22,2015,173,8.5,3.9212719655773234,4.578728034422676,82.42859799173452,4.402118118708714,4.097881881291286,72.46081929868159
2015-06-23,2015,174,0.1,3.9093090002184234,-3.8093090002184233,86.23790699195294,3.4574737076353923,-3.357473707635392,75.81829300631698
2015-06-24,2015,175,0,5.354883008279362,-5.354883008279362,91.5927900002323,4.829108515083651,-4.829108515083651,80.64740152140062
2015-06-25,2015,176,0,5.178425271975502,-5.178425271975502,96.7712152722078,4.806902075179169,-4.806902075179169,85.45430359657979
2015-06-26,2015,177,0,5.375987641118685,-5.375987641118685,102.14720291332648,5.1301862220219965,-5.1301862220219965,90.58448981860178
2015-06-27,2015,178,0,5.104315603649119,-5.104315603649119,107.2515185169756,5.07004201428393,-5.07004201428393,95.65453183288571
2015-06-28,2015,179,0,5.8208757366454424,-5.8208757366454424,113.07239425362104,5.703681486431725,-5.703681486431725,101.35821331931743
2015-06-29,2015,180,0,5.226478900071743,-5.226478900071743,118.29887315369278,4.8671155366159065,-4.8671155366159065,106.22532885593334
2015-06-30,2015,181,0,6.104879306690699,-6.104879306690699,124.40375246038349,5.900737833466838,-5.900737833466838,112.12606668940018
2015-07-01,2015,182,0,6.2751522753981,-6.2751522753981,130.6789047357816,5.880123105667644,-5.880123105667644,118.00618979506783
2015-07-02,2015,183,0,6.294622632796987,-6.294622632796987,136.97352736857857,5.999628401883112,-5.999628401883112,124.00581819695094
2015-07-03,2015,184,0,6.083974795460761,-6.083974795460761,143.05750216403933,6.064845289771453,-6.064845289771453,130.0706634867224
2015-07-04,2015,185,0,6.007474153748697,-6.007474153748697,149.06497631778802,6.10219958710321,-6.10219958710321,136.1728630738256
2015-07-05,2015,186,0.4,6.079004069663111,-5.679004069663111,154.74398038745113,6.148770147920373,-5.748770147920372,141.92163322174596
2015-07-06,2015,187,0,5.830528415631135,-5.830528415631135,160.57450880308227,5.569244945987781,-5.569244945987781,147.49087816773374
2015-07-07,2015,188,0.7,5.892219209817404,-5.192219209817404,165.76672801289968,6.979383025842798,-6.279383025842797,153.77026119357654
2015-07-08,2015,189,0,4.127504895620848,-4.127504895620848,169.89423290852054,5.0744058999243125,-5.0744058999243125,158.84466709350085
2015-07-09,2015,190,0,4.967889971929055,-4.967889971929055,174.8621228804496,5.233557690159542,-5.233557690159542,164.07822478366037
2015-07-10,2015,191,0,5.4482942501595835,-5.4482942501595835,180.31041713060918,5.839188099220495,-5.839188099220495,169.91741288288088
2015-07-11,2015,192,0,5.698139243439035,-5.698139243439035,186.00855637404823,6.397785294497209,-6.397785294497209,176.31519817737808
2015-07-12,2015,193,0,5.571066645784409,-5.571066645784409,191.57962301983264,5.690219391514647,-5.690219391514647,182.00541756889274
2015-07-13,2015,194,0,5.3769717101365755,-5.3769717101365755,196.95659472996923,5.255063298146335,-5.255063298146335,187.26048086703906
2015-07-14,2015,195,0,5.603964193795024,-5.603964193795024,202.56055892376426,5.963751773266134,-5.963751773266134,193.2242326403052
2015-07-15,2015,196,0,5.626050127485712,-5.626050127485712,208.18660905124997,6.071425908481678,-6.071425908481678,199.29565854878686
2015-07-16,2015,197,0,5.656023943706517,-5.656023943706517,213.8426329949565,6.251716725555774,-6.251716725555774,205.54737527434264
2015-07-17,2015,198,0,4.379937408594331,-4.379937408594331,218.22257040355083,6.0800211748862685,-6.0800211748862685,211.6273964492289
2015-07-18,2015,199,3,3.4288193960242066,-0.4288193960242066,218.65138979957504,4.080687995654576,-1.0806879956545759,212.7080844448835
2015-07-19,2015,200,0,4.978560495938231,-4.978560495938231,223.62995029551328,5.700893281626247,-5.700893281626247,218.40897772650973
2015-07-20,2015,201,0,6.0904413090556035,-6.0904413090556035,229.72039160456887,5.985458984721833,-5.985458984721833,224.39443671123158
2015-07-21,2015,202,0,6.002441043410491,-6.002441043410491,235.72283264797937,6.132685047121186,-6.132685047121186,230.52712175835276
2015-07-22,2015,203,0.9,4.135417286290085,-3.2354172862900854,238.95824993426945,5.1453351193453445,-4.245335119345344,234.77245687769812
2015-07-23,2015,204,0,4.147415141775322,-4.147415141775322,243.10566507604477,4.055967545330716,-4.055967545330716,238.82842442302882
2015-07-24,2015,205,21.9,5.941726559572462,15.958273440427536,227.14739163561723,5.4540684735333524,16.445931526466644,222.38249289656218
2015-07-25,2015,206,0.1,2.441609358698219,-2.3416093586982187,229.48900099431543,3.416799822347611,-3.316799822347611,225.6992927189098
2015-07-26,2015,207,5.9,2.4231055924304847,3.4768944075695156,226.01210658674592,2.6981398656566196,3.201860134343381,222.4974325845664
2015-07-27,2015,208,0,4.306257098676594,-4.306257098676594,230.3183636854225,4.56232605763078,-4.56232605763078,227.05975864219718
2015-07-28,2015,209,0,3.0349423037784624,-3.0349423037784624,233.35330598920095,4.015108416677533,-4.015108416677533,231.0748670588747
2015-07-29,2015,210,6,1.41925325509485,4.58074674490515,228.7725592442958,1.6673572993465646,4.332642700653436,226.74222435822128
2015-07-30,2015,211,0,4.7797168105719745,-4.7797168105719745,233.55227605486778,4.347074718481627,-4.347074718481627,231.0892990767029
2015-07-31,2015,212,1.6,4.297234174797225,-2.697234174797225,236.249510229665,4.7760283449971945,-3.1760283449971944,234.2653274217001
2015-08-01,2015,213,11.2,1.51631674505794,9.683683254942059,226.56582697472294,1.60859693208027,9.59140306791973,224.67392435378036
2015-08-02,2015,214,0,5.619531870625115,-5.619531870625115,232.18535884534805,4.528064646574275,-4.528064646574275,229.20198900035464
2015-08-03,2015,215,0,5.301776320278804,-5.301776320278804,237.48713516562685,4.998113354000669,-4.998113354000669,234.20010235435532
2015-08-04,2015,216,0,2.2308220722434005,-2.2308220722434005,239.71795723787025,2.8107740904822327,-2.8107740904822327,237.01087644483755
2015-08-05,2015,217,0,5.302855285402698,-5.302855285402698,245.02081252327295,5.059903524367554,-5.059903524367554,242.0707799692051
2015-08-06,2015,218,0,4.948160385680759,-4.948160385680759,249.9689729089537,5.236684740011266,-5.236684740011266,247.30746470921636
2015-08-07,2015,219,0,5.357480184179969,-5.357480184179969,255.32645309313367,5.781345255056767,-5.781345255056767,253.08880996427314
2015-08-08,2015,220,7.2,4.829597014202902,2.3704029857970985,252.95605010733658,5.688408868897859,1.5115911311021408,251.577218833171
2015-08-09,2015,221,2.6,1.5055576940517572,1.0944423059482429,251.86160780138835,1.8491190141187641,0.750880985881236,250.82633784728978
2015-08-10,2015,222,0,3.9698139627892193,-3.9698139627892193,255.83142176417758,3.780676434985745,-3.780676434985745,254.60701428227551
2015-08-11,2015,223,0,4.932843353847505,-4.932843353847505,260.7642651180251,4.692202654112118,-4.692202654112118,259.2992169363876
2015-08-12,2015,224,0,5.152540109633439,-5.152540109633439,265.91680522765853,5.028600468489763,-5.028600468489763,264.32781740487735
2015-08-13,2015,225,8.4,3.8960363656584596,4.503963634341541,261.412841593317,4.075429228287469,4.324570771712532,260.0032466331648
2015-08-14,2015,226,15.5,1.1135698521184103,14.38643014788159,247.02641144543543,1.6019530568381164,13.898046943161884,246.1051996900029
2015-08-15,2015,227,8.2,1.865581521994916,6.334418478005084,240.69199296743034,1.9209477793323944,6.279052220667605,239.8261474693353
2015-08-16,2015,228,2.8,1.772118464511805,1.0278815354881947,239.66411143194213,1.629816282849051,1.1701837171509488,238.65596375218433
2015-08-17,2015,229,0,2.633951006462141,-2.633951006462141,242.2980624384043,2.71518101396536,-2.71518101396536,241.37114476614968
2015-08-18,2015,230,3.3,2.5330603099381257,0.7669396900618741,241.53112274834243,2.6082331930491427,0.6917668069508571,240.67937795919883
2015-08-19,2015,231,0.1,1.7390626665026698,-1.6390626665026697,243.1701854148451,1.893850383671562,-1.793850383671562,242.47322834287039
2015-08-20,2015,232,0,3.8927884744196453,-3.8927884744196453,247.06297388926473,3.4795540364194446,-3.4795540364194446,245.95278237928983
2015-08-21,2015,233,0,4.083676521769613,-4.083676521769613,251.14665041103433,4.111480950113363,-4.111480950113363,250.0642633294032
2015-08-22,2015,234,0,4.0903978737912,-4.0903978737912,255.23704828482553,3.902888883534536,-3.902888883534536,253.96715221293772
2015-08-23,2015,235,4.5,1.1699311429650814,3.3300688570349184,251.90697942779062,1.7079656370273835,2.7920343629726165,251.1751178499651
2015-08-24,2015,236,13.9,0.5109125861947157,13.389087413805285,238.51789201398532,1.0778153296614743,12.822184670338526,238.35293317962658
2015-08-25,2015,237,0,3.729765870341056,-3.729765870341056,242.24765788432637,3.535641765672638,-3.535641765672638,241.8885749452992
2015-08-26,2015,238,0,3.768335393809428,-3.768335393809428,246.0159932781358,3.6435567945756104,-3.6435567945756104,245.5321317398748
2015-08-27,2015,239,0,3.8436970582916974,-3.8436970582916974,249.8596903364275,3.839210457745308,-3.839210457745308,249.37134219762012
2015-08-28,2015,240,0,3.923568847271985,-3.923568847271985,253.78325918369947,4.069480053641846,-4.069480053641846,253.44082225126198
2015-08-29,2015,241,0,4.262396595020032,-4.262396595020032,258.0456557787195,4.171213422163522,-4.171213422163522,257.6120356734255
2015-08-30,2015,242,0,4.262189116445927,-4.262189116445927,262.30784489516543,4.429577338636454,-4.429577338636454,262.041613012062
2015-08-31,2015,243,0,4.178290739834295,-4.178290739834295,266.4861356349997,4.636993964948659,-4.636993964948659,266.67860697701065
2015-09-01,2015,244,6.7,1.042754901951704,5.657245098048296,260.8288905369514,1.8019036627883072,4.898096337211693,261.78051063979893
2015-09-02,2015,245,0,2.8480850616495514,-2.8480850616495514,263.67697559860096,2.6017163512832857,-2.6017163512832857,264.38222699108223
2015-09-03,2015,246,0.1,1.5393255630071347,-1.4393255630071347,265.1163011616081,1.8439286709248073,-1.7439286709248072,266.126155662007
2015-09-04,2015,247,0,3.2585763208066196,-3.2585763208066196,268.3748774824147,3.0222426795756534,-3.0222426795756534,269.14839834158266
2015-09-05,2015,248,0,1.0236157621816628,-1.0236157621816628,269.39849324459635,1.8595019967896234,-1.8595019967896234,271.0079003383723
2015-09-06,2015,249,0,2.035101264208384,-2.035101264208384,271.43359450880473,2.3687819139372754,-2.3687819139372754,273.37668225230954
2015-09-07,2015,250,0,2.8689833691792126,-2.8689833691792126,274.30257787798394,3.2273572790744147,-3.2273572790744147,276.60403953138393
2015-09-08,2015,251,0,2.861127173066248,-2.861127173066248,277.16370505105016,2.9395612272525122,-2.9395612272525122,279.54360075863644
2015-09-09,2015,252,0,2.962728907701408,-2.962728907701408,280.1264339587516,3.1258073461313747,-3.1258073461313747,282.6694081047678
2015-09-10,2015,253,0,2.604969493717478,-2.604969493717478,282.73140345246907,2.698851839262548,-2.698851839262548,285.36825994403034
2015-09-11,2015,254,0.2,2.331146251186251,-2.1311462511862507,284.8625497036553,2.3263229679469974,-2.1263229679469973,287.4945829119773
2015-09-12,2015,255,4.9,2.950173867360287,1.9498261326397133,282.9127235710156,2.7475523191869033,2.152447680813097,285.3421352311642
2015-09-13,2015,256,11.2,2.358555963715037,8.841444036284962,274.07127953473065,2.0378869938996806,9.162113006100318,276.1800222250639
2015-09-14,2015,257,1.7,2.484113984906755,-0.7841139849067551,274.8553935196374,2.2948677447885126,-0.5948677447885127,276.77488996985244
2015-09-15,2015,258,0,0.732979867947626,-0.732979867947626,275.588373387585,1.4747852529080885,-1.4747852529080885,278.2496752227605
2015-09-16,2015,259,0,1.8024832771750916,-1.8024832771750916,277.3908566647601,1.8280388155854208,-1.8280388155854208,280.07771403834596
2015-09-17,2015,260,22.6,0.228247326228005,22.371752673771997,255.01910399098813,0.9668751865108086,21.633124813489193,258.44458922485677
2015-09-18,2015,261,2,1.1291135511656112,0.8708864488343888,254.14821754215373,1.423123173198423,0.5768768268015769,257.8677123980552
2015-09-19,2015,262,0,2.0224299055906663,-2.0224299055906663,256.1706474477444,1.8951592850898467,-1.8951592850898467,259.762871683145
2015-09-20,2015,263,0,2.2083227796329186,-2.2083227796329186,258.3789702273773,2.0978463983697986,-2.0978463983697986,261.86071808151485
2015-09-21,2015,264,0,2.54295387241927,-2.54295387241927,260.92192409979657,2.170873947610786,-2.170873947610786,264.03159202912565
2015-09-22,2015,265,9.4,1.065321945120796,8.334678054879204,252.58724604491738,1.513336558152607,7.886663441847393,256.14492858727823
2015-09-23,2015,266,2.4,0.2114726673690249,2.188527332630975,250.3987187122864,0.8425273558158126,1.5574726441841873,254.58745594309406
2015-09-24,2015,267,0,2.3289605978354357,-2.3289605978354357,252.72767931012186,2.0186300144116998,-2.0186300144116998,256.60608595750574
2015-09-25,2015,268,0,1.948086987687649,-1.948086987687649,254.6757662978095,1.9737918696630112,-1.9737918696630112,258.57987782716873
2015-09-26,2015,269,0,1.628069432370876,-1.628069432370876,256.30383573018037,1.852083726087552,-1.852083726087552,260.43196155325626
2015-09-27,2015,270,0,0.6162033484676714,-0.6162033484676714,256.920039078648,1.6060196535947193,-1.6060196535947193,262.037981206851
2015-09-28,2015,271,0,1.1643510960124275,-1.1643510960124275,258.0843901746604,2.182660549033128,-2.182660549033128,264.2206417558841
2015-09-29,2015,272,0,1.3730699298573132,-1.3730699298573132,259.45746010451774,1.8756162083072976,-1.8756162083072976,266.0962579641914
2015-09-30,2015,273,0,1.8967206340511682,-1.8967206340511682,261.3541807385689,1.69754390379534,-1.69754390379534,267.79380186798676
2015-10-01,2015,274,0,1.6241388016486213,-1.6241388016486213,262.9783195402175,1.7271384422373335,-1.7271384422373335,269.5209403102241
2015-10-02,2015,275,0,1.8706907010082383,-1.8706907010082383,264.84901024122576,1.5629159968379587,-1.5629159968379587,271.08385630706204
2015-10-03,2015,276,10.1,1.6693562271334326,8.430643772866567,256.4183664683592,1.5523853025501753,8.547614697449823,262.5362416096122
2015-10-04,2015,277,0.6,2.14506527100065,-1.54506527100065,257.9634317393598,1.6365499445258596,-1.0365499445258597,263.57279155413806
2015-10-05,2015,278,1.9,2.0145197662020373,-0.11451976620203741,258.0779515055618,1.3988280779736528,0.5011719220263471,263.0716196321117
2015-10-06,2015,279,11.3,0.2924573463718655,11.007542653628136,247.07040885193368,0.7111705177907232,10.588829482209277,252.48279014990243
2015-10-07,2015,280,0,0.8931772008079579,-0.8931772008079579,247.96358605274165,1.0973677363796313,-1.0973677363796313,253.58015788628205
2015-10-08,2015,281,0,1.3026240919920857,-1.3026240919920857,249.26621014473372,1.3456137291867383,-1.3456137291867383,254.9257716154688
2015-10-09,2015,282,0,1.3478565827683249,-1.3478565827683249,250.61406672750203,1.3232005024018103,-1.3232005024018103,256.2489721178706
2015-10-10,2015,283,0,0.07438416778055408,-0.07438416778055408,250.68845089528259,0.6132142884172487,-0.6132142884172487,256.86218640628783
2015-10-11,2015,284,0,0.6774407600540989,-0.6774407600540989,251.3658916553367,1.0421077803423309,-1.0421077803423309,257.9042941866302
2015-10-12,2015,285,0,1.253007632912952,-1.253007632912952,252.61889928824965,1.0943714400650786,-1.0943714400650786,258.99866562669524
2015-10-13,2015,286,3.3,-0.0279696099272898,3.3279696099272895,249.29092967832236,0.6069044948764174,2.6930955051235825,256.30557012157163
2015-10-14,2015,287,0,1.0062042201873698,-1.0062042201873698,250.2971338985097,0.9913316271589658,-0.9913316271589658,257.2969017487306
2015-10-15,2015,288,3.3,0.4552059433515232,2.8447940566484764,247.45233984186123,0.5836025119673132,2.716397488032687,254.5805042606979
2015-10-16,2015,289,0,0.4149123014466548,-0.4149123014466548,247.8672521433079,0.6172571309547011,-0.6172571309547011,255.1977613916526
2015-10-17,2015,290,0,0.7245643303415555,-0.7245643303415555,248.59181647364946,0.6804090391358248,-0.6804090391358248,255.87817043078843
2015-10-18,2015,291,0.4,0.22800320194585297,0.17199679805414705,248.4198196755953,0.4779716149709546,-0.07797161497095456,255.95614204575938
2015-10-19,2015,292,0,0.2734379537469684,-0.2734379537469684,248.69325762934227,0.8662435851647765,-0.8662435851647765,256.82238563092415
2015-10-20,2015,293,0,0.7441961403952064,-0.7441961403952064,249.4374537697375,0.9380799678671428,-0.9380799678671428,257.7604655987913
2015-10-21,2015,294,0,0.6183145409508455,-0.6183145409508455,250.05576831068834,0.8151054325115892,-0.8151054325115892,258.5755710313029
2015-10-22,2015,295,0,0.7579229069052179,-0.7579229069052179,250.81369121759354,0.6496651291150553,-0.6496651291150553,259.225236160418
2015-10-23,2015,296,0,0.6696924432234845,-0.6696924432234845,251.48338366081703,0.6697847224208027,-0.6697847224208027,259.89502088283876
2015-10-24,2015,297,0,0.862399284903798,-0.862399284903798,252.34578294572083,0.9007974033112621,-0.9007974033112621,260.79581828615005
2015-10-25,2015,298,0,0.4062549010203463,-0.4062549010203463,252.75203784674116,0.8566580567611439,-0.8566580567611439,261.6524763429112
2015-10-26,2015,299,0,0.9512886917951235,-0.9512886917951235,253.7033265385363,0.6642960834095711,-0.6642960834095711,262.31677242632077
2015-10-27,2015,300,0.3,1.0419472446278086,-0.7419472446278086,254.44527378316408,0.7065578205635497,-0.40655782056354967,262.7233302468843
2015-10-28,2015,301,11,1.302835023896721,9.697164976103279,244.74810880706082,0.8104642565405521,10.189535743459448,252.53379450342484
2015-10-29,2015,302,0,0.8181153045745875,-0.8181153045745875,245.5662241116354,0.7453911357380442,-0.7453911357380442,253.27918563916288
2015-10-30,2015,303,0,1.0595610995539664,-1.0595610995539664,246.62578521118937,0.7723305956713089,-0.7723305956713089,254.0515162348342
2015-10-31,2015,304,0,0.6214789891188899,-0.6214789891188899,247.24726420030825,0.5246668509259723,-0.5246668509259723,254.57618308576016
2015-11-01,2015,305,0,0.9407504034790324,-0.9407504034790324,248.18801460378728,0.5885237938256996,-0.5885237938256996,255.16470687958585
2015-11-02,2015,306,0,0.7465663685094266,-0.7465663685094266,248.93458097229671,0.39823391702245714,-0.39823391702245714,255.5629407966083
2015-11-03,2015,307,0,0.11711639093996618,-0.11711639093996618,249.05169736323668,0.4236363670534949,-0.4236363670534949,255.9865771636618
2015-11-04,2015,308,0,0.7205823306578658,-0.7205823306578658,249.77227969389455,0.5745416791709228,-0.5745416791709228,256.56111884283274
2015-11-05,2015,309,0,0.6246950249936174,-0.6246950249936174,250.39697471888817,0.5422512992446723,-0.5422512992446723,257.10337014207744
2015-11-06,2015,310,0,0.6712617670658739,-0.6712617670658739,251.06823648595406,0.679382388573574,-0.679382388573574,257.782752530651
2015-11-07,2015,311,0,0.8753045479282825,-0.8753045479282825,251.94354103388235,0.680081467996276,-0.680081467996276,258.4628339986473
2015-11-08,2015,312,0,0.40086476728843634,-0.40086476728843634,252.34440580117078,0.6298478253654417,-0.6298478253654417,259.09268182401274
2015-11-09,2015,313,0,0.3779298295018394,-0.3779298295018394,252.72233563067263,0.8615708732087178,-0.8615708732087178,259.9542526972215
2015-11-10,2015,314,0,0.24963262616158255,-0.24963262616158255,252.9719682568342,0.5075689774820871,-0.5075689774820871,260.4618216747036
2015-11-11,2015,315,0,0.41194756785937897,-0.41194756785937897,253.3839158246936,0.4067963531890613,-0.4067963531890613,260.86861802789264
2015-11-12,2015,316,0,0.6066524300959446,-0.6066524300959446,253.99056825478954,0.3271530729247964,-0.3271530729247964,261.1957711008174
2015-11-13,2015,317,0,0.7252090010476043,-0.7252090010476043,254.71577725583714,0.39411613614089325,-0.39411613614089325,261.5898872369583
2015-11-14,2015,318,0,0.4023229510432222,-0.4023229510432222,255.11810020688037,0.5892777141389371,-0.5892777141389371,262.1791649510972
2015-11-15,2015,319,0,-0.06777966348435757,0.06777966348435757,255.05032054339603,1.0476673387572761,-1.0476673387572761,263.2268322898545
2015-11-16,2015,320,0,-0.19733888867609642,0.19733888867609642,254.85298165471994,0.4557249948470542,-0.4557249948470542,263.68255728470155
2015-11-17,2015,321,0.2,-0.053331133874738805,0.2533311338747388,254.5996505208452,0.9316714151511187,-0.7316714151511188,264.4142286998527
2015-11-18,2015,322,0,-0.14450119566366487,0.14450119566366487,254.4551493251815,1.2102586324872602,-1.2102586324872602,265.6244873323399
2015-11-19,2015,323,2.7,0.42224475662004,2.27775524337996,252.17739408180154,1.3352246078805317,1.3647753921194685,264.2597119402205
2015-11-20,2015,324,47.3,0.07040244154182454,47.229597558458174,204.94779652334336,1.0831094652978122,46.21689053470219,218.04282140551828
2015-11-21,2015,325,2.3,0.10929811572209609,2.1907018842779036,202.75709463906546,0.5170449966696795,1.7829550033303203,216.25986640218795
2015-11-22,2015,326,1.3,-0.0164735415483028,1.3164735415483029,201.44062109751715,0.3737831150720892,0.9262168849279109,215.33364951726003
2015-11-23,2015,327,0,-0.24943586870743056,0.24943586870743056,201.19118522880973,0.3158473291730494,-0.3158473291730494,215.64949684643307
2015-11-24,2015,328,3.1,0.07977716060481896,3.0202228393951813,198.17096238941454,0.33793622752673685,2.762063772473263,212.8874330739598
2015-11-25,2015,329,6,0.23117268454471865,5.768827315455281,192.40213507395927,0.3270615877575111,5.672938412242489,207.2144946617173
2015-11-26,2015,330,0.2,-0.1172715305493931,0.3172715305493931,192.08486354340988,0.28776852628710164,-0.08776852628710163,207.30226318800442
2015-11-27,2015,331,0,0.05512846131661083,-0.05512846131661083,192.13999200472648,0.2613875678939417,-0.2613875678939417,207.56365075589835
2015-11-28,2015,332,0.2,-0.03254683771749241,0.2325468377174924,191.907445167009,0.4102691086725944,-0.2102691086725944,207.77391986457096
2015-11-29,2015,333,2.2,-0.0638652776939781,2.263865277693978,189.64357988931502,0.6107917646662855,1.5892082353337147,206.18471162923723
2015-11-30,2015,334,0,0.16200220729967105,-0.16200220729967105,189.8055820966147,1.6367494902106288,-1.6367494902106288,207.82146111944786
2015-12-01,2015,335,0,-0.3354303345638196,0.3354303345638196,189.47015176205088,0.7211808707319687,-0.7211808707319687,208.54264199017982
2015-12-02,2015,336,0,0.05068143701034926,-0.05068143701034926,0,0.05497134033930329,-0.05497134033930329,0
2015-12-03,2015,337,0,0.43738145317794896,-0.43738145317794896,0.43738145317794896,0.14506162309693751,-0.14506162309693751,0.14506162309693751
2015-12-04,2015,338,0.5,0.152404003562247,0.34759599643775296,0.089785456740196,0.31939915402475627,0.18060084597524373,0
2015-12-05,2015,339,0,0.3532592801309967,-0.3532592801309967,0.4430447368711927,0.2040214670834318,-0.2040214670834318,0.2040214670834318
2015-12-06,2015,340,0,0.21829862580928877,-0.21829862580928877,0.6613433626804814,0.2057033778256245,-0.2057033778256245,0.4097248449090563
2015-12-07,2015,341,0,0.4433804095018491,-0.4433804095018491,1.1047237721823304,0.0338136417908112,-0.0338136417908112,0.4435384866998675
2015-12-08,2015,342,2.6,0.36076148878830794,2.239238511211692,0,0.2025220543993434,2.3974779456006567,0
2015-12-09,2015,343,0.9,-0.16072799908211335,1.0607279990821135,0,0.29303105741204777,0.6069689425879523,0
2015-12-10,2015,344,0,0.1859004560296327,-0.1859004560296327,0.1859004560296327,0.2525931837002577,-0.2525931837002577,0.2525931837002577
2015-12-11,2015,345,0,-0.007810002845692843,0.007810002845692843,0.17809045318393987,0.13848664579318465,-0.13848664579318465,0.39107982949344233
2015-12-12,2015,346,0,-0.16642631026282717,0.16642631026282717,0.011664142921112702,0.2888888152904849,-0.2888888152904849,0.6799686447839273
2015-12-13,2015,347,0,-0.3318230025633555,0.3318230025633555,0,0.05920318315538174,-0.05920318315538174,0.739171827939309
2015-12-14,2015,348,0,0.26137360668011383,-0.26137360668011383,0.26137360668011383,0,0,0.739171827939309
2015-12-15,2015,349,1.9,0.2668625986416187,1.6331374013583813,0,0.10566965651089641,1.7943303434891036,0
2015-12-16,2015,350,1.4,0.17460164707079653,1.2253983529292034,0,0.27111597368361273,1.128884026316387,0
2015-12-17,2015,351,0,0.14666995584562414,-0.14666995584562414,0.14666995584562414,0.06730715158556576,-0.06730715158556576,0.06730715158556576
2015-12-18,2015,352,0,0.04968939790312175,-0.04968939790312175,0.19635935374874589,0.24139300876588535,-0.24139300876588535,0.3087001603514511
2015-12-19,2015,353,0,-0.0396054722949183,0.0396054722949183,0.15675388145382757,0.016826243605876073,-0.016826243605876073,0.3255264039573272
2015-12-20,2015,354,0.1,0.10028020015260712,-2.802001526071157e-4,0.15703408160643467,0.14871565475739376,-0.048715654757393756,0.37424205871472094
2015-12-21,2015,355,7.1,-0.25449549413254074,7.35449549413254,0,0.3690296036698572,6.730970396330142,0
2015-12-22,2015,356,0,0.2359633128659761,-0.2359633128659761,0.2359633128659761,0.06530601583575225,-0.06530601583575225,0.06530601583575225
2015-12-23,2015,357,0,-0.07096538340740809,0.07096538340740809,0.164997929458568,0.19764048675777857,-0.19764048675777857,0.2629465025935308
2015-12-24,2015,358,0,-0.09159179450626947,0.09159179450626947,0.07340613495229853,0.2896542879617835,-0.2896542879617835,0.5526007905553143
2015-12-25,2015,359,0,-0.34039200172002004,0.34039200172002004,0,0.0800722672383355,-0.0800722672383355,0.6326730577936498
2015-12-26,2015,360,0,-0.3352139479384461,0.3352139479384461,0,0.04023422359655462,-0.04023422359655462,0.6729072813902044
2015-12-27,2015,361,0,-0.3062434287317528,0.3062434287317528,0,0.025142969911483747,-0.025142969911483747,0.6980502513016882
2015-12-28,2015,362,0,-0.14961769953682535,0.14961769953682535,0,0.006951716205724357,-0.006951716205724357,0.7050019675074125
2015-12-29,2015,363,1,0.3005699056309647,0.6994300943690352,0,0.10026851854652484,0.8997314814534751,0
2015-12-30,2015,364,0.2,0.38392704699402164,-0.18392704699402163,0.18392704699402163,0.20253493486679672,-0.0025349348667967064,0.0025349348667967064
2015-12-31,2015,365,2.5,0.23297259544882581,2.267027404551174,0,0.39127282186935186,2.108727178130648,0
2016-01-01,2016,1,2,0.35892126467592833,1.6410787353240717,0,0.24523853808657847,1.7547614619134215,0
2016-01-02,2016,2,6.7,0.05623915574232103,6.643760844257679,0,0.35741014656272985,6.34258985343727,0
2016-01-03,2016,3,8.5,0.22069406577920567,8.279305934220794,0,0.1901916014605612,8.309808398539438,0
2016-01-04,2016,4,4.1,0.16688827866708486,3.933111721332915,0,0.4668648859182122,3.6331351140817874,0
2016-01-05,2016,5,1,0.3545420738251923,0.6454579261748077,0,0.4881018875398968,0.5118981124601032,0
2016-01-06,2016,6,2.1,0.13020898825820054,1.9697910117417996,0,0.45178322949155303,1.648216770508447,0
2016-01-07,2016,7,10.8,-0.17089480775048807,10.970894807750488,0,0.5001415431734944,10.299858456826506,0
2016-01-08,2016,8,30.3,0.02017703158993571,30.279822968410066,0,0.3895825784498176,29.910417421550182,0
2016-01-09,2016,9,7.8,0.0023965607090036876,7.797603439290996,0,0.34253987826573645,7.457460121734264,0
2016-01-10,2016,10,27.7,0.10669502134502493,27.593304978654974,0,0.4217750397537997,27.2782249602462,0
2016-01-11,2016,11,4.9,0.1388706898052381,4.761129310194763,0,0.7932357382665798,4.106764261733421,0
2016-01-12,2016,12,6.1,0.16804565955786752,5.931954340442132,0,0.8540592983042419,5.2459407016957575,0
2016-01-13,2016,13,0,-0.10577581356168941,0.10577581356168941,0,0.9738573013541922,-0.9738573013541922,0.9738573013541922
2016-01-14,2016,14,1.5,-0.32982236012979277,1.8298223601297927,0,0.47559804823279067,1.0244019517672094,0
2016-01-15,2016,15,2.2,0.11977634905944697,2.080223650940553,0,0.745028607546756,1.4549713924532441,0
2016-01-16,2016,16,0.2,0.21747725401215157,-0.017477254012151555,0.017477254012151555,0.2920922222247082,-0.0920922222247082,0.0920922222247082
2016-01-17,2016,17,1.7,-0.1768234272699404,1.8768234272699404,0,0.29814635586019866,1.4018536441398013,0
2016-01-18,2016,18,0.1,0.04562908394614985,0.05437091605385016,0,0.14789964223861982,-0.04789964223861981,0.04789964223861981
2016-01-19,2016,19,2.2,0.4484326042923793,1.751567395707621,0,0.29579106012658407,1.904208939873416,0
2016-01-20,2016,20,2.4,0.5120063479452369,1.8879936520547629,0,0.2524150417671608,2.147584958232839,0
2016-01-21,2016,21,0,0.6104442488526681,-0.6104442488526681,0.6104442488526681,0.3585738562866166,-0.3585738562866166,0.3585738562866166
2016-01-22,2016,22,0.1,0.3835362778214612,-0.2835362778214612,0.8939805266741293,0.45093520626586375,-0.3509352062658637,0.7095090625524803
2016-01-23,2016,23,0,0.2759848908706346,-0.2759848908706346,1.169965417544764,0.29338294495276246,-0.29338294495276246,1.0028920075052428
2016-01-24,2016,24,0,0.16693532116907092,-0.16693532116907092,1.336900738713835,0.32094052719192256,-0.32094052719192256,1.3238325346971653
2016-01-25,2016,25,0,0.12185493210531202,-0.12185493210531202,1.458755670819147,0.3685994397304146,-0.3685994397304146,1.69243197442758
2016-01-26,2016,26,0,0.05257881579401143,-0.05257881579401143,1.5113344866131584,0.39681882733517004,-0.39681882733517004,2.0892508017627502
2016-01-27,2016,27,0,-0.05783828273722312,0.05783828273722312,1.4534962038759354,0.42155466616777926,-0.42155466616777926,2.5108054679305294
2016-01-28,2016,28,1.1,0.1787923865451872,0.9212076134548128,0.5322885904211225,0.46966305756200094,0.6303369424379992,1.8804685254925302
2016-01-29,2016,29,0,0.3506940249558172,-0.3506940249558172,0.8829826153769398,0.48310019185207,-0.48310019185207,2.3635687173446
2016-01-30,2016,30,6,0.2595437823582178,5.740456217641782,0,1.0097767936036022,4.990223206396398,0
2016-01-31,2016,31,9.1,0.3627736618199497,8.73722633818005,0,0.8220710746489125,8.277928925351087,0
2016-02-01,2016,32,0,0.0016525390029190638,-0.0016525390029190638,0.0016525390029190638,1.0541914233880878,-1.0541914233880878,1.0541914233880878
2016-02-02,2016,33,3.8,0.34871006019786205,3.451289939802138,0,0.8573358528991797,2.94266414710082,0
2016-02-03,2016,34,6.8,0.014071104790384937,6.785928895209615,0,0.6577339984867757,6.142266001513224,0
2016-02-04,2016,35,1.2,0.1581502789846089,1.041849721015391,0,0.707973610433488,0.4920263895665119,0
2016-02-05,2016,36,0,0.6199726752494888,-0.6199726752494888,0.6199726752494888,0.528333514247822,-0.528333514247822,0.528333514247822
2016-02-06,2016,37,0,0.1633380768042982,-0.1633380768042982,0.7833107520537871,0.41902097202907584,-0.41902097202907584,0.9473544862768979
2016-02-07,2016,38,1.5,-0.22644312631772875,1.7264431263177287,0,0.44692101320097377,1.0530789867990262,0
2016-02-08,2016,39,2.9,0.18204159966220082,2.7179584003377992,0,1.2052228451309186,1.6947771548690813,0
2016-02-09,2016,40,6.9,-0.20285099112541852,7.102850991125419,0,1.0240669940470843,5.875933005952916,0
2016-02-10,2016,41,0,0.014788728409822822,-0.014788728409822822,0.014788728409822822,1.0028050859022268,-1.0028050859022268,1.0028050859022268
2016-02-11,2016,42,0.5,0.5828418226383613,-0.08284182263836126,0.09763055104818408,0.5796490229730028,-0.0796490229730028,1.0824541088752295
2016-02-12,2016,43,8.1,0.3423151933097613,7.757684806690238,0,0.4621685224638641,7.637831477536135,0
2016-02-13,2016,44,2.3,0.20135640214911987,2.09864359785088,0,0.8538218809690898,1.44617811903091,0
2016-02-14,2016,45,10.2,0.007449162833452595,10.192550837166547,0,0.6309666227104274,9.569033377289571,0
2016-02-15,2016,46,0,0.10320281174552667,-0.10320281174552667,0.10320281174552667,0.5390347408743874,-0.5390347408743874,0.5390347408743874
2016-02-16,2016,47,0,0.010819275373331697,-0.010819275373331697,0.11402208711885838,0.6059348510385151,-0.6059348510385151,1.1449695919129024
2016-02-17,2016,48,0,0.27069934231223475,-0.27069934231223475,0.3847214294310931,0.6103644467690027,-0.6103644467690027,1.7553340386819052
2016-02-18,2016,49,3.7,0.5134863022738236,3.1865136977261765,0,0.9102157954791775,2.7897842045208225,0
2016-02-19,2016,50,0.1,0.28366063139882897,-0.18366063139882896,0.18366063139882896,0.7326043436435439,-0.6326043436435439,0.6326043436435439
2016-02-20,2016,51,1.5,0.07868450219371237,1.4213154978062876,0,0.8193508814365377,0.6806491185634623,0
2016-02-21,2016,52,0,1.1620778014313833,-1.1620778014313833,1.1620778014313833,1.7425205450244317,-1.7425205450244317,1.7425205450244317
2016-02-22,2016,53,1.4,0.6501151490966105,0.7498848509033894,0.4121929505279939,1.432433203348982,-0.03243320334898203,1.7749537483734137
2016-02-23,2016,54,8.1,0.26193118037662705,7.8380688196233725,0,0.874842522171036,7.225157477828963,0
2016-02-24,2016,55,6.7,0.49196453525751793,6.2080354647424825,0,0.42984229019404824,6.270157709805952,0
2016-02-25,2016,56,4.2,0.3934112477884524,3.806588752211548,0,0.47372794165538407,3.726272058344616,0
2016-02-26,2016,57,0,0.14498750749524003,-0.14498750749524003,0.14498750749524003,0.6021802932852999,-0.6021802932852999,0.6021802932852999
2016-02-27,2016,58,0,0.7655025789987638,-0.7655025789987638,0.9104900864940039,0.7485953720743243,-0.7485953720743243,1.3507756653596241
2016-02-28,2016,59,0,0.2816157347882487,-0.2816157347882487,1.1921058212822526,0.8137051207868986,-0.8137051207868986,2.1644807861465227
2016-02-29,2016,60,2.5,0.2950757075966743,2.2049242924033257,0,0.4821511136026133,2.0178488863973865,0.14663189974913626
2016-03-01,2016,61,0.8,1.2349088345471477,-0.4349088345471477,0.4349088345471477,1.0857016776499786,-0.28570167764997856,0.4323335773991148
2016-03-02,2016,62,3.3,0.4276379800207636,2.8723620199792363,0,0.7756362425362574,2.5243637574637425,0
2016-03-03,2016,63,2.4,0.22676409432625821,2.173235905673742,0,0.7524693034067835,1.6475306965932164,0
2016-03-04,2016,64,10.9,0.44537354317866695,10.454626456821334,0,0.7068826691317392,10.193117330868262,0
2016-03-05,2016,65,4.2,0.48628457771531747,3.713715422284683,0,0.5410856279556816,3.6589143720443187,0
2016-03-06,2016,66,0.3,0.6140116413786394,-0.3140116413786394,0.3140116413786394,0.9917812796426142,-0.6917812796426142,0.6917812796426142
2016-03-07,2016,67,5.5,0.997435179958808,4.502564820041192,0,0.9965063388158506,4.50349366118415,0
2016-03-08,2016,68,0,1.489248119154953,-1.489248119154953,1.489248119154953,0.9338533343114509,-0.9338533343114509,0.9338533343114509
2016-03-09,2016,69,0,1.3133325062754124,-1.3133325062754124,2.802580625430365,1.1103807308396454,-1.1103807308396454,2.0442340651510964
2016-03-10,2016,70,0,1.3812120209639849,-1.3812120209639849,4.18379264639435,1.3708513717703508,-1.3708513717703508,3.415085436921447
2016-03-11,2016,71,0,1.0850476842561216,-1.0850476842561216,5.268840330650471,1.3567531691210495,-1.3567531691210495,4.771838606042497
2016-03-12,2016,72,0,0.5818064066139632,-0.5818064066139632,5.850646737264435,1.1520896933408793,-1.1520896933408793,5.923928299383376
2016-03-13,2016,73,0,-0.30143589322929687,0.30143589322929687,5.549210844035137,1.0129473159716496,-1.0129473159716496,6.936875615355025
2016-03-14,2016,74,0,0.2892373767835927,-0.2892373767835927,5.83844822081873,1.0908721402990826,-1.0908721402990826,8.027747755654108
2016-03-15,2016,75,0.5,1.132673010955807,-0.632673010955807,6.4711212317745375,1.095021503976587,-0.5950215039765869,8.622769259630696
2016-03-16,2016,76,0.5,1.0096973351996719,-0.5096973351996719,6.980818566974209,1.1674859924509964,-0.6674859924509964,9.290255252081693
2016-03-17,2016,77,0,1.6550213809496233,-1.6550213809496233,8.635839947923833,1.678154012676962,-1.678154012676962,10.968409264758655
2016-03-18,2016,78,0,1.7371599466952599,-1.7371599466952599,10.372999894619092,1.83408675834119,-1.83408675834119,12.802496023099845
2016-03-19,2016,79,0,1.7903045833983067,-1.7903045833983067,12.163304478017398,2.0376525301742556,-2.0376525301742556,14.840148553274101
2016-03-20,2016,80,0,1.7784263960759168,-1.7784263960759168,13.941730874093315,1.68783501296689,-1.68783501296689,16.52798356624099
2016-03-21,2016,81,0,1.7413035206955199,-1.7413035206955199,15.683034394788834,1.6021859692426015,-1.6021859692426015,18.130169535483592
2016-03-22,2016,82,0,1.269390055359827,-1.269390055359827,16.952424450148662,1.9111965457564513,-1.9111965457564513,20.041366081240042
2016-03-23,2016,83,0,0.8966644851735688,-0.8966644851735688,17.849088935322232,1.3827374607256435,-1.3827374607256435,21.424103541965685
2016-03-24,2016,84,0,1.4060127325980887,-1.4060127325980887,19.25510166792032,1.712601465617918,-1.712601465617918,23.136705007583604
2016-03-25,2016,85,1.7,0.7940357573786887,0.9059642426213113,18.34913742529901,1.0860123322034243,0.6139876677965757,22.52271733978703
2016-03-26,2016,86,0,2.6927880696879587,-2.6927880696879587,21.04192549498697,2.2568417972173718,-2.2568417972173718,24.7795591370044
2016-03-27,2016,87,0,-0.052625839879489544,0.052625839879489544,20.98929965510748,1.1305382611238963,-1.1305382611238963,25.910097398128297
2016-03-28,2016,88,0.2,1.1211739715127162,-0.9211739715127163,21.910473626620195,1.9516527869617066,-1.7516527869617067,27.661750185090003
2016-03-29,2016,89,0.8,1.7029865839714131,-0.9029865839714131,22.813460210591607,2.37856173190574,-1.57856173190574,29.240311916995744
2016-03-30,2016,90,0,1.8335859644543167,-1.8335859644543167,24.647046175045922,2.575106083756942,-2.575106083756942,31.815418000752686
2016-03-31,2016,91,0,1.7335549378069226,-1.7335549378069226,26.380601112852844,2.2322571257228803,-2.2322571257228803,34.04767512647557
2016-04-01,2016,92,0,1.7486716885558844,-1.7486716885558844,28.129272801408728,1.9565947107033188,-1.9565947107033188,36.00426983717889
2016-04-02,2016,93,0,1.383331880012188,-1.383331880012188,29.512604681420918,1.4822583018535862,-1.4822583018535862,37.48652813903247
2016-04-03,2016,94,0,1.5257411798886478,-1.5257411798886478,31.038345861309566,1.6990669855395801,-1.6990669855395801,39.18559512457205
2016-04-04,2016,95,0,2.304087088677234,-2.304087088677234,33.3424329499868,2.194996486735223,-2.194996486735223,41.380591611307274
2016-04-05,2016,96,9.1,1.6788381008013675,7.421161899198632,25.92127105078817,1.6005924274590744,7.4994075725409255,33.88118403876635
2016-04-06,2016,97,0,2.2124178898694318,-2.2124178898694318,28.133688940657603,2.1139384979999174,-2.1139384979999174,35.99512253676627
2016-04-07,2016,98,0,0.575407535277794,-0.575407535277794,28.709096475935397,1.2858369893169797,-1.2858369893169797,37.280959526083244
2016-04-08,2016,99,2.7,0.7362840077637974,1.9637159922362026,26.745380483699194,1.0259385791669078,1.6740614208330924,35.60689810525015
2016-04-09,2016,100,0,0.5200416441547155,-0.5200416441547155,27.26542212785391,0.8122598664599384,-0.8122598664599384,36.41915797171009
2016-04-10,2016,101,0,3.0618278693683894,-3.0618278693683894,30.3272499972223,2.6443230991221984,-2.6443230991221984,39.06348107083229
2016-04-11,2016,102,1.3,2.9388514524026617,-1.6388514524026616,31.96610144962496,2.5520619910276676,-1.2520619910276676,40.315543061859955
2016-04-12,2016,103,10.1,3.8689954563871836,6.231004543612816,25.735096906012146,2.996278210471402,7.103721789528597,33.211821272331356
2016-04-13,2016,104,20.9,0.7850866034512832,20.114913396548715,5.6201835094634305,1.0198522481880488,19.88014775181195,13.331673520519406
2016-04-14,2016,105,1.2,2.5594156179010565,-1.3594156179010566,6.979599127364487,2.190320102197742,-0.9903201021977421,14.321993622717148
2016-04-15,2016,106,4.6,0.7738916270964727,3.826108372903527,3.1534907544609605,1.2137942581313619,3.386205741868638,10.93578788084851
2016-04-16,2016,107,16.9,2.664838701176597,14.235161298823401,0,2.360125938414817,14.53987406158518,0
2016-04-17,2016,108,9.1,1.731439443331007,7.368560556668992,0,1.423577924765645,7.676422075234354,0
2016-04-18,2016,109,6.2,0.7907251354324251,5.409274864567575,0,0.8579951910684211,5.342004808931579,0
2016-04-19,2016,110,0,3.5995275726294023,-3.5995275726294023,3.5995275726294023,2.6581167806602326,-2.6581167806602326,2.6581167806602326
2016-04-20,2016,111,0,3.4299230358841073,-3.4299230358841073,7.02945060851351,3.3510974448706303,-3.3510974448706303,6.009214225530863
2016-04-21,2016,112,0,3.3005437956024797,-3.3005437956024797,10.32999440411599,3.127372208926774,-3.127372208926774,9.136586434457637
2016-04-22,2016,113,2.8,3.612218934250273,-0.81221893425027325,11.142213338366263,3.032497958366903,-0.23249795836690312,9.36908439282454
2016-04-23,2016,114,8.4,1.2384281838529316,7.1615718161470685,3.9806415222191944,1.1448666345199998,7.255133365480001,2.113951027344539
2016-04-24,2016,115,3.6,1.7697875905342026,1.8302124094657974,2.1504291127533968,1.409266071374789,2.190733928625211,0
2016-04-25,2016,116,0,2.1167951834050536,-2.1167951834050536,4.26722429615845,2.0623752758227654,-2.0623752758227654,2.0623752758227654
2016-04-26,2016,117,7.2,0.9225310357075251,6.277468964292475,0,1.5662459112898532,5.6337540887101465,0
2016-04-27,2016,118,0,2.5646294300562045,-2.5646294300562045,2.5646294300562045,2.3421810869220296,-2.3421810869220296,2.3421810869220296
2016-04-28,2016,119,0,3.591975979735993,-3.591975979735993,6.156605409792197,2.994780732433077,-2.994780732433077,5.336961819355107
2016-04-29,2016,120,0,3.6703049953411755,-3.6703049953411755,9.826910405133372,3.1892293461124317,-3.1892293461124317,8.526191165467539
2016-04-30,2016,121,16.9,2.529230404132227,14.370769595867772,0,2.1971618996012308,14.702838100398768,0
2016-05-01,2016,122,8.9,0.7299579078064221,8.170042092193578,0,0.7975090312297097,8.10249096877029,0
2016-05-02,2016,123,0,4.303869229344207,-4.303869229344207,4.303869229344207,2.9185912016627986,-2.9185912016627986,2.9185912016627986
2016-05-03,2016,124,0.4,2.027656828056454,-1.627656828056454,5.931526057400662,2.235649701109313,-1.835649701109313,4.7542409027721115
2016-05-04,2016,125,0,3.8178169761826117,-3.8178169761826117,9.749343033583273,3.4301299366461633,-3.4301299366461633,8.184370839418275
2016-05-05,2016,126,0,4.141513429545368,-4.141513429545368,13.89085646312864,4.112382527213259,-4.112382527213259,12.296753366631535
2016-05-06,2016,127,0,4.479019437858494,-4.479019437858494,18.369875900987136,4.149759445254423,-4.149759445254423,16.44651281188596
2016-05-07,2016,128,0,4.727209261385727,-4.727209261385727,23.097085162372863,4.5945252022901055,-4.5945252022901055,21.041038014176067
2016-05-08,2016,129,0,3.7283221159505455,-3.7283221159505455,26.82540727832341,4.0660068265584615,-4.0660068265584615,25.107044840734527
2016-05-09,2016,130,0.6,2.276379985215062,-1.6763799852150618,28.50178726353847,2.7864061983885278,-2.1864061983885277,27.293451039123056
2016-05-10,2016,131,0.1,4.1581505547403,-4.0581505547403,32.55993781827877,3.858734525571916,-3.758734525571916,31.052185564694973
2016-05-11,2016,132,12.6,2.096365060336078,10.503634939663922,22.056302878614847,2.4130923040742793,10.18690769592572,20.865277868769255
2016-05-12,2016,133,30.4,1.0267413889728905,29.373258611027108,0,1.1391568410163915,29.260843158983608,0
2016-05-13,2016,134,6,1.137211743984479,4.862788256015521,0,1.1207150695629358,4.8792849304370645,0
2016-05-14,2016,135,6.6,2.04597537045207,4.55402462954793,0,1.8005735546259265,4.799426445374073,0
2016-05-15,2016,136,0,3.8212007096628877,-3.8212007096628877,3.8212007096628877,3.2005358303176075,-3.2005358303176075,3.2005358303176075
2016-05-16,2016,137,0.3,2.2681551148820933,-1.9681551148820933,5.789355824544981,2.331546425683183,-2.031546425683183,5.2320822560007905
2016-05-17,2016,138,0,4.21426452578099,-4.21426452578099,10.00362035032597,3.491587750258267,-3.491587750258267,8.723670006259058
2016-05-18,2016,139,7.5,4.5222995406389925,2.9777004593610075,7.025919890964963,3.9668480445456265,3.5331519554543735,5.190518050804684
2016-05-19,2016,140,2.1,2.2730347970641454,-0.17303479706414526,7.198954688029108,2.0545969541154014,0.04540304588459865,5.145115004920085
2016-05-20,2016,141,0,4.893971866162315,-4.893971866162315,12.092926554191422,4.05856703113216,-4.05856703113216,9.203682036052246
2016-05-21,2016,142,0,5.170419194506833,-5.170419194506833,17.263345748698256,4.587963016163759,-4.587963016163759,13.791645052216005
2016-05-22,2016,143,14.5,3.924258324705397,10.575741675294603,6.687604073403653,3.7655070660039534,10.734492933996046,3.0571521182199586
2016-05-23,2016,144,10.9,1.1257208792156401,9.77427912078436,0,1.1232868299731105,9.77671317002689,0
2016-05-24,2016,145,0,2.20814806358396,-2.20814806358396,2.20814806358396,2.1472544974567924,-2.1472544974567924,2.1472544974567924
2016-05-25,2016,146,0,3.834775424797227,-3.834775424797227,6.042923488381187,3.291467805604173,-3.291467805604173,5.438722303060965
2016-05-26,2016,147,0,4.991913977836978,-4.991913977836978,11.034837466218164,4.221564337273719,-4.221564337273719,9.660286640334684
2016-05-27,2016,148,9.7,5.479506552267037,4.220493447732962,6.814344018485202,4.681888265755495,5.0181117342445045,4.64217490609018
2016-05-28,2016,149,35,4.136168131602832,30.863831868397167,0,3.298020556602503,31.701979443397498,0
2016-05-29,2016,150,12.1,1.2882597344672246,10.811740265532775,0,1.359616057804724,10.740383942195276,0
2016-05-30,2016,151,1.3,3.068097300464273,-1.7680973004642728,1.7680973004642728,2.940065475048197,-1.6400654750481969,1.6400654750481969
2016-05-31,2016,152,0.4,3.318821641556318,-2.918821641556318,4.686918942020591,2.8809850839119395,-2.4809850839119396,4.121050558960136
2016-06-01,2016,153,1,2.962678806307273,-1.9626788063072729,6.649597748327864,2.6085037156477777,-1.6085037156477777,5.7295542746079136
2016-06-02,2016,154,5.2,2.248385840516304,2.951614159483696,3.6979835888441674,1.966150801658169,3.233849198341831,2.4957050762660824
2016-06-03,2016,155,1.8,2.53079677422904,-0.73079677422904,4.428780363073208,2.058463084287158,-0.2584630842871578,2.75416816055324
2016-06-04,2016,156,1.7,2.2551684939364374,-0.5551684939364374,4.983948857009645,2.10625569397998,-0.4062556939799802,3.16042385453322
2016-06-05,2016,157,0,2.973841950219426,-2.973841950219426,7.957790807229071,2.6814300304297496,-2.6814300304297496,5.841853884962969
2016-06-06,2016,158,0,5.411022750449195,-5.411022750449195,13.368813557678266,4.476620666258413,-4.476620666258413,10.318474551221382
2016-06-07,2016,159,0,3.587347798187946,-3.587347798187946,16.95616135586621,3.6921527523022974,-3.6921527523022974,14.010627303523679
2016-06-08,2016,160,26.3,1.5120107717386846,24.787989228261317,0,1.7546026539436876,24.545397346056312,0
2016-06-09,2016,161,4.2,3.7626034619903654,0.43739653800963474,0,3.202318747316606,0.9976812526833942,0
2016-06-10,2016,162,0.8,5.4581558599510185,-4.658155859951019,4.658155859951019,4.705554258664241,-3.9055542586642416,3.9055542586642416
2016-06-11,2016,163,7.7,2.4334544849216915,5.266545515078309,0,2.3198373940595785,5.380162605940422,0
2016-06-12,2016,164,4.9,2.5256015660449624,2.374398433955038,0,2.466389550256822,2.4336104497431785,0
2016-06-13,2016,165,6.4,2.6649629616928663,3.735037038307134,0,2.172742925898355,4.2272570741016455,0
2016-06-14,2016,166,3.5,2.7092200119943493,0.7907799880056507,0,2.525840277509689,0.9741597224903109,0
2016-06-15,2016,167,6.5,4.831425714185903,1.6685742858140973,0,3.7845091960959616,2.7154908039040384,0
2016-06-16,2016,168,22.1,1.231965504894713,20.868034495105288,0,1.3053108642944482,20.794689135705553,0
2016-06-17,2016,169,1.4,4.6592548892219074,-3.2592548892219075,3.2592548892219075,3.799655123120152,-2.399655123120152,2.399655123120152
2016-06-18,2016,170,6.2,2.4793493819768635,3.7206506180231367,0,2.30537967114259,3.8946203288574104,0
2016-06-19,2016,171,3.2,2.0426197576523237,1.1573802423476764,0,1.97570018470666,1.2242998152933402,0
2016-06-20,2016,172,0.9,5.09648650901383,-4.1964865090138295,4.1964865090138295,4.129148224050093,-3.229148224050093,3.229148224050093
2016-06-21,2016,173,1.5,2.168888737990625,-0.668888737990625,4.8653752470044545,1.9735862048483526,-0.47358620484835257,3.7027344288984456
2016-06-22,2016,174,0,6.804488676163509,-6.804488676163509,11.669863923167963,5.5598737517974675,-5.5598737517974675,9.262608180695914
2016-06-23,2016,175,0,6.909902846224824,-6.909902846224824,18.579766769392787,6.137169687181504,-6.137169687181504,15.399777867877418
2016-06-24,2016,176,7.7,6.737928761178996,0.9620712388210038,17.617695530571783,6.086502594207178,1.6134974057928222,13.786280462084596
2016-06-25,2016,177,6.4,2.8121685681386226,3.5878314318613778,14.029864098710405,2.528411952944914,3.8715880470550865,9.91469241502951
2016-06-26,2016,178,0,4.270932936997071,-4.270932936997071,18.300797035707475,3.766084950090788,-3.766084950090788,13.680777365120298
2016-06-27,2016,179,0,6.0256552977361695,-6.0256552977361695,24.326452333443644,5.037772783030236,-5.037772783030236,18.718550148150534
2016-06-28,2016,180,0,6.10985029737411,-6.10985029737411,30.436302630817753,5.248581837927457,-5.248581837927457,23.96713198607799
2016-06-29,2016,181,27.9,5.566627899881494,22.333372100118503,8.10293053069925,4.903690380549822,22.996309619450177,0.9708223666278144
2016-06-30,2016,182,0.4,3.5825616809637704,-3.1825616809637705,11.285492211663021,3.0444936040001966,-2.6444936040001967,3.615315970628011
2016-07-01,2016,183,13.5,5.89279950813319,7.60720049186681,3.678291719796211,5.000123802259726,8.499876197740274,0
2016-07-02,2016,184,6.4,0.8004625350894077,5.5995374649105925,0,1.2472769349287252,5.152723065071275,0
2016-07-03,2016,185,0,5.858804965653548,-5.858804965653548,5.858804965653548,4.9182352091989925,-4.9182352091989925,4.9182352091989925
2016-07-04,2016,186,0,5.918989268750537,-5.918989268750537,11.777794234404086,5.196319247913582,-5.196319247913582,10.114554457112575
2016-07-05,2016,187,0,5.838374744616408,-5.838374744616408,17.616168979020493,5.116495559265571,-5.116495559265571,15.231050016378147
2016-07-06,2016,188,0,5.362883581418143,-5.362883581418143,22.979052560438635,4.95663339346836,-4.95663339346836,20.187683409846507
2016-07-07,2016,189,0,5.829460566887264,-5.829460566887264,28.8085131273259,5.45105142770269,-5.45105142770269,25.638734837549197
2016-07-08,2016,190,0,5.0116536663551665,-5.0116536663551665,33.82016679368107,4.860183261422793,-4.860183261422793,30.49891809897199
2016-07-09,2016,191,0,6.480785044887678,-6.480785044887678,40.30095183856874,5.754244726027591,-5.754244726027591,36.253162824999585
2016-07-10,2016,192,0,6.1717855594784075,-6.1717855594784075,46.47273739804715,5.960519268117128,-5.960519268117128,42.21368209311672
2016-07-11,2016,193,27.1,3.58412899267825,23.515871007321753,22.9568663907254,3.6675501007393265,23.432449899260675,18.78123219385604
2016-07-12,2016,194,15.8,0.8304596044517207,14.96954039554828,7.987325995177118,1.162031117405262,14.63796888259474,4.143263311261302
2016-07-13,2016,195,2.2,1.6455338897590894,0.5544661102409107,7.432859884936207,2.0530846974360633,0.14691530256393692,3.9963480086973653
2016-07-14,2016,196,15.6,1.5777059350773797,14.02229406492262,0,1.6306657433174594,13.96933425668254,0
2016-07-15,2016,197,0,3.864511338547772,-3.864511338547772,3.864511338547772,3.4156638402208794,-3.4156638402208794,3.4156638402208794
2016-07-16,2016,198,0,5.149227379136476,-5.149227379136476,9.013738717684248,4.619245134454079,-4.619245134454079,8.03490897467496
2016-07-17,2016,199,0,5.629259622527313,-5.629259622527313,14.64299834021156,5.116768426818139,-5.116768426818139,13.151677401493098
2016-07-18,2016,200,0,5.886479465443192,-5.886479465443192,20.529477805654754,5.382903318991256,-5.382903318991256,18.534580720484353
2016-07-19,2016,201,0,5.934682957776982,-5.934682957776982,26.464160763431735,5.591307164075525,-5.591307164075525,24.12588788455988
2016-07-20,2016,202,0.7,5.97019592161889,-5.27019592161889,31.734356685050624,5.5276620602619655,-4.827662060261965,28.953549944821845
2016-07-21,2016,203,0.3,4.633676272778257,-4.333676272778257,36.06803295782888,4.4020222705108205,-4.102022270510821,33.05557221533267
2016-07-22,2016,204,1.9,2.343340719370833,-0.4433407193708332,36.511373677199714,2.4977260390600664,-0.5977260390600665,33.65329825439273
2016-07-23,2016,205,0,3.5420109268176216,-3.5420109268176216,40.05338460401734,3.09284021897101,-3.09284021897101,36.74613847336374
2016-07-24,2016,206,0,5.451296041049538,-5.451296041049538,45.50468064506688,4.497865308518906,-4.497865308518906,41.24400378188265
2016-07-25,2016,207,0,3.835400001634015,-3.835400001634015,49.34008064670089,3.6204244623154236,-3.6204244623154236,44.86442824419807
2016-07-26,2016,208,0,4.926845168480764,-4.926845168480764,54.26692581518165,4.439966987734552,-4.439966987734552,49.304395231932624
2016-07-27,2016,209,0,4.437292354975685,-4.437292354975685,58.70421817015733,4.346269063840317,-4.346269063840317,53.65066429577294
2016-07-28,2016,210,0,5.273237369711035,-5.273237369711035,63.977455539868366,4.837512080375173,-4.837512080375173,58.48817637614812
2016-07-29,2016,211,0,5.71730676451886,-5.71730676451886,69.69476230438723,5.261280382655735,-5.261280382655735,63.74945675880385
2016-07-30,2016,212,0.9,4.1655211854454475,-3.2655211854454476,72.96028348983268,4.241138166620241,-3.3411381666202407,67.0905949254241
2016-07-31,2016,213,24.4,2.2250868767372247,22.174913123262773,50.78537036656991,2.258513623733146,22.141486376266855,44.949108549157245
2016-08-01,2016,214,0,4.981325908656282,-4.981325908656282,55.76669627522619,4.261905171877286,-4.261905171877286,49.21101372103453
2016-08-02,2016,215,0,3.0029645436370096,-3.0029645436370096,58.7696608188632,3.033146780540901,-3.033146780540901,52.244160501575436
2016-08-03,2016,216,0,5.203843963680945,-5.203843963680945,63.97350478254415,4.960958119602414,-4.960958119602414,57.20511862117785
2016-08-04,2016,217,25.1,3.396563986941003,21.703436013058997,42.27006876948515,3.502075208470468,21.597924791529532,35.607193829648324
2016-08-05,2016,218,4.3,1.8993905519213339,2.400609448078666,39.86945932140648,1.9871598471595051,2.3128401528404945,33.29435367680783
2016-08-06,2016,219,0,4.705388830674143,-4.705388830674143,44.57484815208063,4.183661355616432,-4.183661355616432,37.47801503242426
2016-08-07,2016,220,0,4.909714275745693,-4.909714275745693,49.48456242782632,4.476887438459942,-4.476887438459942,41.9549024708842
2016-08-08,2016,221,0,5.0717030693436875,-5.0717030693436875,54.55626549717,4.469550374476543,-4.469550374476543,46.42445284536074
2016-08-09,2016,222,3.1,1.0585618619379153,2.0414381380620847,52.51482735910792,1.6003931740068207,1.4996068259931794,44.924846019367564
2016-08-10,2016,223,0.1,2.2302688533471873,-2.130268853347187,54.64509621245511,2.509141049178094,-2.409141049178094,47.33398706854566
2016-08-11,2016,224,0,4.463407230209884,-4.463407230209884,59.10850344266499,3.7488702451172804,-3.7488702451172804,51.08285731366294
2016-08-12,2016,225,0,4.631021650948813,-4.631021650948813,63.7395250936138,3.910805647735732,-3.910805647735732,54.99366296139868
2016-08-13,2016,226,0,4.893699811392204,-4.893699811392204,68.633224905006,4.307669746781969,-4.307669746781969,59.301332708180645
2016-08-14,2016,227,0,5.077534066580511,-5.077534066580511,73.71075897158651,4.60066130492569,-4.60066130492569,63.90199401310633
2016-08-15,2016,228,0,3.787878682390712,-3.787878682390712,77.49863765397723,3.774515695231995,-3.774515695231995,67.67650970833833
2016-08-16,2016,229,0,5.045460936449453,-5.045460936449453,82.54409859042669,4.687309822598536,-4.687309822598536,72.36381953093687
2016-08-17,2016,230,11.9,3.44109558775332,8.45890441224668,74.08519417818,3.3917794642940327,8.508220535705968,63.8555989952309
2016-08-18,2016,231,3.2,1.5939769715368288,1.6060230284631714,72.47917114971683,2.0322352423064602,1.16776475769354,62.68783423753736
2016-08-19,2016,232,0,3.831210072547718,-3.831210072547718,76.31038122226455,3.254757997282354,-3.254757997282354,65.94259223481971
2016-08-20,2016,233,3.9,0.7954339361766465,3.1045660638233534,73.2058151584412,1.3343892166791365,2.5656107833208637,63.37698145149885
2016-08-21,2016,234,0,4.1312257843406535,-4.1312257843406535,77.33704094278185,3.6442301003614848,-3.6442301003614848,67.02121155186033
2016-08-22,2016,235,0,4.158881141707995,-4.158881141707995,81.49592208448985,3.780633259043871,-3.780633259043871,70.8018448109042
2016-08-23,2016,236,0,4.360131548855907,-4.360131548855907,85.85605363334575,4.168899208149599,-4.168899208149599,74.9707440190538
2016-08-24,2016,237,0,4.5279719764400195,-4.5279719764400195,90.38402560978577,4.182331882396234,-4.182331882396234,79.15307590145002
2016-08-25,2016,238,0,4.7072018765950645,-4.7072018765950645,95.09122748638083,4.2878984380869705,-4.2878984380869705,83.440974339537
2016-08-26,2016,239,0,4.51456763030613,-4.51456763030613,99.60579511668696,4.698578644666158,-4.698578644666158,88.13955298420315
2016-08-27,2016,240,0,4.7409260072922965,-4.7409260072922965,104.34672112397926,4.507822107676362,-4.507822107676362,92.64737509187951
2016-08-28,2016,241,0,4.225438788049851,-4.225438788049851,108.57215991202912,4.350343593392729,-4.350343593392729,96.99771868527225
2016-08-29,2016,242,0,1.1584678049750436,-1.1584678049750436,109.73062771700417,1.6961884060621308,-1.6961884060621308,98.69390709133438
2016-08-30,2016,243,0,2.7395715745923144,-2.7395715745923144,112.47019929159649,3.1870679008607996,-3.1870679008607996,101.88097499219518
2016-08-31,2016,244,0,3.9961153929969724,-3.9961153929969724,116.46631468459346,3.5484028866687405,-3.5484028866687405,105.42937787886392
2016-09-01,2016,245,0,3.568201782614939,-3.568201782614939,120.03451646720839,3.4129544910844243,-3.4129544910844243,108.84233236994834
2016-09-02,2016,246,0,3.5886168245182053,-3.5886168245182053,123.6231332917266,3.4098752905235354,-3.4098752905235354,112.25220766047187
2016-09-03,2016,247,0,3.2378567211378333,-3.2378567211378333,126.86099001286443,3.244785268565296,-3.244785268565296,115.49699292903716
2016-09-04,2016,248,15.1,1.5057630065027061,13.594236993497294,113.26675301936714,2.116516101349644,12.983483898650356,102.51350903038681
2016-09-05,2016,249,6.3,0.7878290493890153,5.512170950610985,107.75458206875616,1.0201141008941865,5.279885899105813,97.233623131281007
2016-09-06,2016,250,0,3.6473476130139817,-3.6473476130139817,111.40192968177014,3.2057561501283875,-3.2057561501283875,100.4393792814094
2016-09-07,2016,251,0,3.396520150621831,-3.396520150621831,114.79844983239197,3.173775762340507,-3.173775762340507,103.61315504374991
2016-09-08,2016,252,0,3.5487926196411816,-3.5487926196411816,118.34724245203314,3.383055366722968,-3.383055366722968,106.99621041047288
2016-09-09,2016,253,0,3.5578801190140332,-3.5578801190140332,121.90512257104717,3.437739459570311,-3.437739459570311,110.4339498700432
2016-09-10,2016,254,0,3.43798776808849,-3.43798776808849,125.34311033913566,3.1668636846925167,-3.1668636846925167,113.60081355473571
2016-09-11,2016,255,0,3.1756148521998346,-3.1756148521998346,128.5187251913355,3.156776634756918,-3.156776634756918,116.75759018949263
2016-09-12,2016,256,0,3.2564424882093856,-3.2564424882093856,131.7751676795449,3.125692167740597,-3.125692167740597,119.88328235723323
2016-09-13,2016,257,0,3.271027710463669,-3.271027710463669,135.04619539000856,3.2277092320554663,-3.2277092320554663,123.11099158928869
2016-09-14,2016,258,0,3.044400377726598,-3.044400377726598,138.09059576773515,3.2713143250013323,-3.2713143250013323,126.38230591429001
2016-09-15,2016,259,4,0.7651924327379035,3.2348075672620964,134.85578820047306,1.298509078771184,2.701490921228816,123.6808149930612
2016-09-16,2016,260,0.9,1.2272078860745097,-0.3272078860745097,135.18299608654758,1.3911650489259986,-0.49116504892599855,124.1719800419872
2016-09-17,2016,261,6.1,0.6537322992228408,5.446267700777159,129.73672838577042,0.9836850568159018,5.116314943184098,119.0556650988031
2016-09-18,2016,262,11.8,1.0399761773334937,10.760023822666508,118.97670456310391,0.9926113968020666,10.807388603197934,108.24827649560517
2016-09-19,2016,263,0.8,1.2568822394004737,-0.4568822394004737,119.43358680250438,1.2249764687553508,-0.4249764687553508,108.67325296436051
2016-09-20,2016,264,0,2.07311732344866,-2.07311732344866,121.50670412595304,1.8447321162187544,-1.8447321162187544,110.51798508057927
2016-09-21,2016,265,0,1.1931729721461402,-1.1931729721461402,122.69987709809918,1.5656749474479879,-1.5656749474479879,112.08366002802725
2016-09-22,2016,266,0,2.028410461910109,-2.028410461910109,124.72828756000929,1.827170176083819,-1.827170176083819,113.91083020411108
2016-09-23,2016,267,0,1.9163236119308498,-1.9163236119308498,126.64461117194014,1.972167950880199,-1.972167950880199,115.88299815499128
2016-09-24,2016,268,0,2.2781330901116568,-2.2781330901116568,128.9227442620518,2.078830479450661,-2.078830479450661,117.96182863444194
2016-09-25,2016,269,0,2.3070110017793004,-2.3070110017793004,131.2297552638311,2.1942288796324503,-2.1942288796324503,120.15605751407439
2016-09-26,2016,270,0,2.011472368194975,-2.011472368194975,133.24122763202607,1.8969812005275521,-1.8969812005275521,122.05303871460194
2016-09-27,2016,271,0,2.14596130168758,-2.14596130168758,135.38718893371365,1.9210730144601933,-1.9210730144601933,123.97411172906213
2016-09-28,2016,272,0,2.080228284965059,-2.080228284965059,137.4674172186787,2.0093952235579216,-2.0093952235579216,125.98350695262005
2016-09-29,2016,273,0,2.041195913556657,-2.041195913556657,139.50861313223535,2.3314376201117435,-2.3314376201117435,128.3149445727318
2016-09-30,2016,274,0,2.0513845621381863,-2.0513845621381863,141.55999769437355,2.223828489516072,-2.223828489516072,130.53877306224788
2016-10-01,2016,275,6.2,0.7641093607359036,5.435890639264096,136.12410705510945,1.2585840308086238,4.941415969191376,125.5973570930565
2016-10-02,2016,276,0.7,1.058452523672982,-0.3584525236729821,136.48255957878243,1.3415835584209599,-0.6415835584209599,126.23894065147746
2016-10-03,2016,277,0,1.6278205131017993,-1.6278205131017993,138.11038009188422,1.65679756019894,-1.65679756019894,127.8957382116764
2016-10-04,2016,278,0,1.5208141171380014,-1.5208141171380014,139.63119420902223,1.8261845778803105,-1.8261845778803105,129.72192278955671
2016-10-05,2016,279,0,0.08756817704752963,-0.08756817704752963,139.71876238606976,1.5121404592946084,-1.5121404592946084,131.23406324885133
2016-10-06,2016,280,0,1.2492156855235288,-1.2492156855235288,140.96797807159328,1.5529797423647853,-1.5529797423647853,132.7870429912161
2016-10-07,2016,281,0,0.6238373880031681,-0.6238373880031681,141.59181545959646,0.9848038761655458,-0.9848038761655458,133.77184686738167
2016-10-08,2016,282,0,0.3536132540326,-0.3536132540326,141.94542871362907,0.850996173254817,-0.850996173254817,134.6228430406365
2016-10-09,2016,283,0,0.6698692720847168,-0.6698692720847168,142.6152979857138,0.8667581814957792,-0.8667581814957792,135.48960122213228
2016-10-10,2016,284,0,1.2376483071940507,-1.2376483071940507,143.85294629290786,1.068094118042409,-1.068094118042409,136.5576953401747
2016-10-11,2016,285,0,0.22675654085097866,-0.22675654085097866,144.07970283375883,0.9468704509547532,-0.9468704509547532,137.50456579112944
2016-10-12,2016,286,0,0.8289999304520307,-0.8289999304520307,144.90870276421086,0.9884955043162812,-0.9884955043162812,138.49306129544573
2016-10-13,2016,287,4.7,0.6756377693290464,4.0243622306709534,140.8843405335399,0.6258190222134773,4.074180977786523,134.41888031765922
2016-10-14,2016,288,2.8,0.4277850447896719,2.3722149552103278,138.51212557832957,0.6068152976777555,2.1931847023222444,132.22569561533697
2016-10-15,2016,289,0.1,1.164075486959777,-1.0640754869597768,139.57620106528935,0.9511836928228949,-0.851183692822895,133.07687930815987
2016-10-16,2016,290,0,1.289005864096766,-1.289005864096766,140.86520692938612,0.8781751959070462,-0.8781751959070462,133.9550545040669
2016-10-17,2016,291,5.3,0.26741847713362665,5.032581522866373,135.83262540651975,0.5888899757617525,4.7111100242382475,129.24394447982866
2016-10-18,2016,292,0.5,0.8137608575447918,-0.31376085754479177,136.14638626406455,0.8501811181376389,-0.35018111813763886,129.5941255979663
2016-10-19,2016,293,0.5,0.21553019265452436,0.28446980734547567,135.86191645671906,0.7209971674547986,-0.22099716745479858,129.8151227654211
2016-10-20,2016,294,0,1.0163962286391461,-1.0163962286391461,136.8783126853582,0.9708188125981533,-0.9708188125981533,130.78594157801925
2016-10-21,2016,295,0,0.482489496786729,-0.482489496786729,137.36080218214494,0.8329291649324914,-0.8329291649324914,131.61887074295174
2016-10-22,2016,296,0,0.7483322330810249,-0.7483322330810249,138.10913441522595,0.753768004423201,-0.753768004423201,132.37263874737494
2016-10-23,2016,297,5.5,0.21202609916546203,5.287973900834538,132.8211605143914,0.4997844278749365,5.000215572125064,127.37242317524988
2016-10-24,2016,298,16.8,1.3120022733387748,15.487997726661225,117.33316278773019,0.79530596268513,16.00469403731487,111.36772913793502
2016-10-25,2016,299,38.7,0.26261478058531,38.43738521941469,78.8957775683155,0.5568270795373494,38.14317292046265,73.22455621747235
2016-10-26,2016,300,4.8,0.7029119748423931,4.097088025157607,74.79868954315789,0.6366120021015703,4.16338799789843,69.06116821957393
2016-10-27,2016,301,0,0.3404086889332775,-0.3404086889332775,75.13909823209117,0.8034975574176889,-0.8034975574176889,69.86466577699161
2016-10-28,2016,302,0,1.4019837417867318,-1.4019837417867318,76.54108197387791,0.5176232530621819,-0.5176232530621819,70.3822890300538
2016-10-29,2016,303,0,1.1237641974205272,-1.1237641974205272,77.66484617129844,0.5815332693242861,-0.5815332693242861,70.96382229937808
2016-10-30,2016,304,0,0.7463426813138053,-0.7463426813138053,78.41118885261224,0.8206906292036151,-0.8206906292036151,71.78451292858169
2016-10-31,2016,305,0,0.21612408022843713,-0.21612408022843713,78.62731293284068,0.4760613005028942,-0.4760613005028942,72.26057422908458
2016-11-01,2016,306,0,0.6123620984771689,-0.6123620984771689,79.23967503131784,0.5535494709570833,-0.5535494709570833,72.81412370004166
2016-11-02,2016,307,0,0.676100129539819,-0.676100129539819,79.91577516085766,0.741397971876977,-0.741397971876977,73.55552167191864
2016-11-03,2016,308,0,0.6015511310538394,-0.6015511310538394,80.5173262919115,0.7374350158677263,-0.7374350158677263,74.29295668778637
2016-11-04,2016,309,1,0.46707937006117534,0.5329206299388247,79.98440566197267,0.5467411097390873,0.4532588902609127,73.83969779752546
2016-11-05,2016,310,33.4,0.3790665013638904,33.02093349863611,46.96347216333656,0.474364195667012,32.925635804332984,40.914061993192476
2016-11-06,2016,311,1.9,0.20314571118044847,1.6968542888195515,45.26661787451701,0.4961413990065832,1.4038586009934166,39.51020339219906
2016-11-07,2016,312,0.1,0.07549922946763003,0.024500770532369973,45.24211710398464,0.4143651605372577,-0.3143651605372577,39.82456855273632
2016-11-08,2016,313,0.4,-0.027013686041938413,0.42701368604193846,44.8151034179427,0.3577739189716555,0.04222608102834452,39.78234247170797
2016-11-09,2016,314,6.3,0.18375826298077716,6.116241737019223,38.69886168092348,0.48752461677940945,5.81247538322059,33.969867088487376
2016-11-10,2016,315,18.6,0.20386073051605785,18.396139269483943,20.302722411439536,0.6623227428960637,17.93767725710394,16.032189831383437
2016-11-11,2016,316,3.5,0.3521183793022845,3.1478816206977154,17.154840790741822,0.46330156419045965,3.0366984358095404,12.995491395573897
2016-11-12,2016,317,0,0.11649974370667975,-0.11649974370667975,17.271340534448502,0.2716580683443324,-0.2716580683443324,13.26714946391823
2016-11-13,2016,318,4.5,0.5228218148677807,3.977178185132219,13.294162349316283,0.35624876570740044,4.1437512342925995,9.12339822962563
2016-11-14,2016,319,0,0.28012580232375517,-0.28012580232375517,13.574288151640038,0.4346428343347843,-0.4346428343347843,9.558041063960415
2016-11-15,2016,320,0,0.4314889219242744,-0.4314889219242744,14.005777073564312,0.4425156044062277,-0.4425156044062277,10.000556668366643
2016-11-16,2016,321,0.7,0.39656165795265824,0.3034383420473417,13.70233873151697,0.3938505725714517,0.3061494274285483,9.694407240938094
2016-11-17,2016,322,1,0.21217805748332244,0.7878219425166776,12.914516789000293,0.4898938140204562,0.5101061859795438,9.184301054958551
2016-11-18,2016,323,15.2,0.1405579872526654,15.059442012747335,0,0.67829160962028745,14.521708390379711,0
2016-11-19,2016,324,6.4,0.0646645469416001,6.3353354530584,0,0.4452315333677862,5.954768466632214,0
2016-11-20,2016,325,0,-0.11353296861385408,0.11353296861385408,0,0.22653183734519103,-0.22653183734519103,0.22653183734519103
2016-11-21,2016,326,0,-0.0964514403966841,0.0964514403966841,0,0.36902955156595413,-0.36902955156595413,0.5955613889111452
2016-11-22,2016,327,0,0.14006418971965134,-0.14006418971965134,0.14006418971965134,0.3269345996221199,-0.3269345996221199,0.9224959885332651
2016-11-23,2016,328,0,-0.19473229798352945,0.19473229798352945,0,0.34277345893610073,-0.34277345893610073,1.2652694474693658
2016-11-24,2016,329,0,-0.15896793188590444,0.15896793188590444,0,0.3006564886064098,-0.3006564886064098,1.5659259360757756
2016-11-25,2016,330,0,0.07893677544419594,-0.07893677544419594,0.07893677544419594,0.48857505695261283,-0.48857505695261283,2.0545009930283884
2016-11-26,2016,331,0,0.32546695112081464,-0.32546695112081464,0.40440372656501056,0.3464616373494572,-0.3464616373494572,2.4009626303778457
2016-11-27,2016,332,0,0.5191230598630131,-0.5191230598630131,0.9235267864280237,0.3186807864363961,-0.3186807864363961,2.719643416814242
2016-11-28,2016,333,0,-0.017109488487920987,0.017109488487920987,0.9064172979401026,1.0773396743825563,-1.0773396743825563,3.796983091196798
2016-11-29,2016,334,0,-0.291425584022686,0.291425584022686,0.6149917139174166,0.55659535243484,-0.55659535243484,4.353578443631638
2016-11-30,2016,335,0,-0.3822709664034313,0.3822709664034313,0.2327207475139853,0.2181314928829874,-0.2181314928829874,4.571709936514625
2016-12-01,2016,336,0,-0.1731862364748662,0.1731862364748662,0,0.07260066663082188,-0.07260066663082188,0
2016-12-02,2016,337,0,-0.32701247989412696,0.32701247989412696,0,0.20173222512849026,-0.20173222512849026,0.20173222512849026
2016-12-03,2016,338,0,0.11089599765236692,-0.11089599765236692,0.11089599765236692,0.4840489333236798,-0.4840489333236798,0.68578115845217
2016-12-04,2016,339,0,0.17806200730610727,-0.17806200730610727,0.2889580049584742,0.2020826903014758,-0.2020826903014758,0.8878638487536459
2016-12-05,2016,340,0,0.4490992987969239,-0.4490992987969239,0.7380573037553981,0.10631254873990173,-0.10631254873990173,0.9941763974935476
2016-12-06,2016,341,0,0.20309177139573875,-0.20309177139573875,0.9411490751511369,0.04017034853388823,-0.04017034853388823,1.0343467460274358
2016-12-07,2016,342,0,0.40667137090897515,-0.40667137090897515,1.347820446060112,0.05674974258401775,-0.05674974258401775,1.0910964886114536
2016-12-08,2016,343,0,0.2760056250515005,-0.2760056250515005,1.6238260711116124,0.02749325607664205,-0.02749325607664205,1.1185897446880957
2016-12-09,2016,344,0,-0.07198310656804095,0.07198310656804095,1.5518429645435714,0.018445512777789504,-0.018445512777789504,1.1370352574658853
2016-12-10,2016,345,0,0.08881037636870893,-0.08881037636870893,1.6406533409122803,0,0,1.1370352574658853
2016-12-11,2016,346,0,-0.013353999910400392,0.013353999910400392,1.62729934100188,0.18044809266127906,-0.18044809266127906,1.3174833501271643
2016-12-12,2016,347,0,-0.1492684162916314,0.1492684162916314,1.4780309247102486,0.04110208048650904,-0.04110208048650904,1.3585854306136733
2016-12-13,2016,348,0,0.04704116390845218,-0.04704116390845218,1.5250720886187008,0.17190884643990176,-0.17190884643990176,1.530494277053575
2016-12-14,2016,349,0,0.45943931116510855,-0.45943931116510855,1.9845113997838093,0.012717210633704042,-0.012717210633704042,1.5432114876872791
2016-12-15,2016,350,0,0.27063653154952877,-0.27063653154952877,2.255147931333338,0.14629684925575612,-0.14629684925575612,1.6895083369430353
2016-12-16,2016,351,0,0.27835710703510197,-0.27835710703510197,2.53350503836844,0.15883912067190112,-0.15883912067190112,1.8483474576149364
2016-12-17,2016,352,0,0.3359006231021344,-0.3359006231021344,2.8694056614705743,0.11137349307370029,-0.11137349307370029,1.9597209506886366
2016-12-18,2016,353,0,0.4266993750526997,-0.4266993750526997,3.296105036523274,0.0695432578992439,-0.0695432578992439,2.0292642085878807
2016-12-19,2016,354,0.8,0.13646988490316275,0.6635301150968373,2.6325749214264365,0.2611908023011781,0.538809197698822,1.4904550108890589
2016-12-20,2016,355,0,0.2599347885101852,-0.2599347885101852,2.8925097099366215,0.24477651523591695,-0.24477651523591695,1.7352315261249758
2016-12-21,2016,356,0,0.304277691689118,-0.304277691689118,3.1967874016257394,0.1917625859935954,-0.1917625859935954,1.9269941121185712
2016-12-22,2016,357,0,0.2621424968809732,-0.2621424968809732,3.4589298985067125,0.20876041989427957,-0.20876041989427957,2.1357545320128506
2016-12-23,2016,358,0,0.44701210960465687,-0.44701210960465687,3.9059420081113694,0.1199030787267523,-0.1199030787267523,2.2556576107396027
2016-12-24,2016,359,0,0.11628851023562904,-0.11628851023562904,4.022230518346999,0.33521489833038187,-0.33521489833038187,2.5908725090699845
2016-12-25,2016,360,0,0.18025605796813485,-0.18025605796813485,4.202486576315134,0.3878066132425331,-0.3878066132425331,2.9786791223125175
2016-12-26,2016,361,0,0.012488160315980601,-0.012488160315980601,4.214974736631114,0.13779332387582754,-0.13779332387582754,3.116472446188345
2016-12-27,2016,362,0,-0.3336194819066184,0.3336194819066184,3.881355254724496,0.15975440900001303,-0.15975440900001303,3.2762268551883578
2016-12-28,2016,363,0,-0.5142795529434216,0.5142795529434216,3.367075701781074,0.27193911069830295,-0.27193911069830295,3.548165965886661
2016-12-29,2016,364,0,-0.1388799718358988,0.1388799718358988,3.2281957299451753,0.17293018641759053,-0.17293018641759053,3.7210961523042516
2016-12-30,2016,365,0,0.09204607695348778,-0.09204607695348778,3.320241806898663,0.19749320446585725,-0.19749320446585725,3.918589356770109
2016-12-31,2016,366,0,0.29778523509293275,-0.29778523509293275,3.618027041991596,0.18105014105779468,-0.18105014105779468,4.099639497827903
2017-01-01,2017,1,0,0.27053284963473184,-0.27053284963473184,3.8885598916263278,0.159835382398831,-0.159835382398831,4.259474880226734
2017-01-02,2017,2,0.6,0.34668660930880746,0.2533133906911925,3.635246500935135,0.20373312320585354,0.3962668767941464,3.8632080034325877
2017-01-03,2017,3,0,-0.1860769697568332,0.1860769697568332,3.4491695311783017,0.08798647291068673,-0.08798647291068673,3.9511944763432743
2017-01-04,2017,4,1.1,-0.00792189601162124,1.1079218960116213,2.34124763516668,0.43268240583276385,0.6673175941672362,3.2838768821760382
2017-01-05,2017,5,0.4,-0.24785986004798594,0.6478598600479859,1.6933877751186943,0.25363539882992736,0.14636460117007266,3.1375122810059657
2017-01-06,2017,6,0,-0.3178228604940182,0.3178228604940182,1.3755649146246762,0.20169472919062312,-0.20169472919062312,3.339207010196589
2017-01-07,2017,7,1.9,0.14687261209382388,1.753127387906176,0,0.16152853059134553,1.7384714694086543,1.6007355407879347
2017-01-08,2017,8,0.1,0.10490221974509807,-0.004902219745098066,0.004902219745098066,0.23652204605608806,-0.13652204605608806,1.7372575868440228
2017-01-09,2017,9,0,-0.02327120337769711,0.02327120337769711,0,0.3029265599749907,-0.3029265599749907,2.0401841468190134
2017-01-10,2017,10,2.9,0.12951769356563583,2.770482306434364,0,0.3308971588764629,2.569102841123537,0
2017-01-11,2017,11,2.5,0.36743831489686846,2.1325616851031315,0,0.34906440429880436,2.1509355957011955,0
2017-01-12,2017,12,6.8,0.0693592211511754,6.730640778848825,0,0.5609119046496149,6.239088095350385,0
2017-01-13,2017,13,2.6,0.11867550045534946,2.481324499544651,0,0.6135422499548223,1.9864577500451777,0
2017-01-14,2017,14,0.6,0.016033302831519526,0.5839666971684805,0,0.5254877236154263,0.0745122763845737,0
2017-01-15,2017,15,0.4,0.10091191957757015,0.29908808042242985,0,0.25203553795406414,0.14796446204593589,0
2017-01-16,2017,16,0,-0.04026580303331105,0.04026580303331105,0,0.22650325188531836,-0.22650325188531836,0.22650325188531836
2017-01-17,2017,17,0,-0.00594069072497487,0.00594069072497487,0,0.5213827466033775,-0.5213827466033775,0.7478859984886959
2017-01-18,2017,18,0,0.2040870230138949,-0.2040870230138949,0.2040870230138949,0.5390142921950546,-0.5390142921950546,1.2869002906837506
2017-01-19,2017,19,0,0.1920227663347607,-0.1920227663347607,0.3961097893486556,0.45860053110890553,-0.45860053110890553,1.745500821792656
2017-01-20,2017,20,0,0.35034349149506966,-0.35034349149506966,0.7464532808437252,0.2590169069953689,-0.2590169069953689,2.004517728788025
2017-01-21,2017,21,0,0.452010696811736,-0.452010696811736,1.1984639776554613,0.19240340004044412,-0.19240340004044412,2.196921128828469
2017-01-22,2017,22,0,0.4551321246615828,-0.4551321246615828,1.653596102317044,0.1746535162726903,-0.1746535162726903,2.371574645101159
2017-01-23,2017,23,0,0.42465576628604434,-0.42465576628604434,2.0782518686030884,0.1419264315287852,-0.1419264315287852,2.5135010766299444
2017-01-24,2017,24,0,0.37405586845676586,-0.37405586845676586,2.4523077370598543,0.25307658778916986,-0.25307658778916986,2.7665776644191142
2017-01-25,2017,25,0,0.2315506855527105,-0.2315506855527105,2.683858422612565,0.3708919920610554,-0.3708919920610554,3.1374696564801696
2017-01-26,2017,26,0,0.26598663208185486,-0.26598663208185486,2.9498450546944195,0.2701420546446428,-0.2701420546446428,3.4076117111248125
2017-01-27,2017,27,0,0.5564399766962085,-0.5564399766962085,3.506285031390628,0.23855102958190397,-0.23855102958190397,3.6461627407067163
2017-01-28,2017,28,0,0.3504671784310879,-0.3504671784310879,3.8567522098217157,0.27162906177873125,-0.27162906177873125,3.9177918024854477
2017-01-29,2017,29,0,0.35069668785152075,-0.35069668785152075,4.2074488976732365,0.3126466546186899,-0.3126466546186899,4.230438457104137
2017-01-30,2017,30,7,0.3305126098880526,6.669487390111947,0,0.43161462614592144,6.5683853738540785,0
2017-01-31,2017,31,16.5,0.35366905912235297,16.146330940877647,0,0.3846234790486421,16.115376520951358,0
2017-02-01,2017,32,0,0.8134026387612912,-0.8134026387612912,0.8134026387612912,0.4060393318685685,-0.4060393318685685,0.4060393318685685
2017-02-02,2017,33,0.1,0.1488059993467849,-0.048805999346784895,0.862208638108076,0.3563852997596354,-0.2563852997596354,0.6624246316282039
2017-02-03,2017,34,0.3,0.3694745337175761,-0.06947453371757611,0.9316831718256522,0.6315785055536368,-0.3315785055536368,0.9940031371818407
2017-02-04,2017,35,3.3,-0.38657121424529955,3.6865712142452995,0,0.6215695592286843,2.6784304407713155,0
2017-02-05,2017,36,17.4,0.007633459401400102,17.392366540598598,0,0.359616123783742,17.040383876216257,0
2017-02-06,2017,37,0.4,0.35751596874431724,0.042484031255682786,0,0.3458724987230622,0.05412750127693783,0
2017-02-07,2017,38,4.9,0.5687764793629179,4.331223520637082,0,0.3437019660933152,4.556298033906685,0
2017-02-08,2017,39,0.5,0.5355160960146507,-0.03551609601465067,0.03551609601465067,0.38507075751425784,0.11492924248574216,0
2017-02-09,2017,40,0,0.35594093810854305,-0.35594093810854305,0.3914570341231937,0.5558849669540704,-0.5558849669540704,0.5558849669540704
2017-02-10,2017,41,0.3,0.5704353468394081,-0.2704353468394081,0.6618923809626018,0.4105108042895305,-0.11051080428953053,0.6663957712436009
2017-02-11,2017,42,0,0.5145854876875309,-0.5145854876875309,1.1764778686501327,0.5240033431574829,-0.5240033431574829,1.190399114401084
2017-02-12,2017,43,0,0.42384705616360513,-0.42384705616360513,1.600324924813738,0.607070489553261,-0.607070489553261,1.797469603954345
2017-02-13,2017,44,0,0.3431705025601886,-0.3431705025601886,1.9434954273739264,0.48501898114747954,-0.48501898114747954,2.2824885851018246
2017-02-14,2017,45,0,0.8249234209704208,-0.8249234209704208,2.7684188483443473,0.6046825361751971,-0.6046825361751971,2.8871711212770217
2017-02-15,2017,46,0,0.5931111935966507,-0.5931111935966507,3.361530041940998,0.724227009883891,-0.724227009883891,3.6113981311609127
2017-02-16,2017,47,0,0.7902970784705685,-0.7902970784705685,4.151827120411566,0.8830979015292216,-0.8830979015292216,4.494496032690134
2017-02-17,2017,48,1.2,0.00318451355379578,1.1968154864462042,2.955011633965362,0.6336862469261086,0.5663137530738913,3.9281822796162427
2017-02-18,2017,49,0,0.7602620509579986,-0.7602620509579986,3.7152736849233605,0.5697060849000756,-0.5697060849000756,4.497888364516318
2017-02-19,2017,50,0,0.650280033228457,-0.650280033228457,4.365553718151817,0.7457191261725035,-0.7457191261725035,5.243607490688822
2017-02-20,2017,51,0.1,1.2919442526502625,-1.1919442526502624,5.55749797080208,1.103337774328904,-1.0033377743289038,6.246945265017725
2017-02-21,2017,52,0.2,0.4385391954033829,-0.23853919540338286,5.796037166205463,0.9539029921836281,-0.753902992183628,7.000848257201353
2017-02-22,2017,53,0,1.0803264150658896,-1.0803264150658896,6.876363581271352,1.5595619204106246,-1.5595619204106246,8.560410177611978
2017-02-23,2017,54,0.1,0.9081573865300061,-0.8081573865300061,7.684520967801358,2.9386660735336174,-2.8386660735336173,11.399076251145594
2017-02-24,2017,55,0,0.6095657508238901,-0.6095657508238901,8.294086718625248,1.3672497191985278,-1.3672497191985278,12.766325970344122
2017-02-25,2017,56,0,0.8791915676975581,-0.8791915676975581,9.173278286322807,1.1793062559991003,-1.1793062559991003,13.945632226343221
2017-02-26,2017,57,0,0.7823418573732192,-0.7823418573732192,9.955620143696025,1.0569408501228672,-1.0569408501228672,15.002573076466089
2017-02-27,2017,58,20.8,1.1635975993614345,19.636402400638566,0,1.7953283341376025,19.004671665862396,0
2017-02-28,2017,59,13.3,0.46679156812370193,12.8332084318763,0,1.0346932046163935,12.265306795383607,0
2017-03-01,2017,60,4.3,0.6359825437211822,3.6640174562788177,0,1.117318984720987,3.182681015279013,0
2017-03-02,2017,61,2.1,1.0981363851980894,1.0018636148019107,0,1.1941621952503365,0.9058378047496636,0
2017-03-03,2017,62,0,0.8423764584654163,-0.8423764584654163,0.8423764584654163,0.9901970606800914,-0.9901970606800914,0.9901970606800914
2017-03-04,2017,63,2.7,1.0676956904452617,1.6323043095547385,0,1.36695592314604,1.3330440768539602,0
2017-03-05,2017,64,8.8,0.9495691006323528,7.850430899367648,0,1.5002496020267058,7.299750397973295,0
2017-03-06,2017,65,11.3,0.3459479882844967,10.954052011715504,0,0.8277660210847783,10.472233978915222,0
2017-03-07,2017,66,1.1,1.0287625749708613,0.07123742502913877,0,0.9298391165473449,0.17016088345265523,0
2017-03-08,2017,67,4.7,0.7182467425158778,3.9817532574841223,0,0.7501347817072184,3.949865218292782,0
2017-03-09,2017,68,3.4,0.42557399396877926,2.9744260060312206,0,0.7069171297217486,2.693082870278251,0
2017-03-10,2017,69,0,1.7435899655348985,-1.7435899655348985,1.7435899655348985,1.6738706361241182,-1.6738706361241182,1.6738706361241182
2017-03-11,2017,70,0,1.4331684203344723,-1.4331684203344723,3.1767583858693706,1.5032451707755767,-1.5032451707755767,3.177115806899695
2017-03-12,2017,71,0,1.4143032349756128,-1.4143032349756128,4.591061620844983,1.4570750959757846,-1.4570750959757846,4.6341909028754795
2017-03-13,2017,72,0,1.5991078234549905,-1.5991078234549905,6.190169444299974,1.7512565595115313,-1.7512565595115313,6.3854474623870106
2017-03-14,2017,73,0,1.6244447156138384,-1.6244447156138384,7.814614159913813,1.9517273510407518,-1.9517273510407518,8.337174813427762
2017-03-15,2017,74,0,1.8294641404019882,-1.8294641404019882,9.644078300315801,2.1807412926854006,-2.1807412926854006,10.517916106113162
2017-03-16,2017,75,0,1.9125052947447672,-1.9125052947447672,11.556583595060568,1.87717453005134,-1.87717453005134,12.395090636164502
2017-03-17,2017,76,0,2.1682214766572367,-2.1682214766572367,13.724805071717805,2.7256331113929986,-2.7256331113929986,15.1207237475575
2017-03-18,2017,77,1.7,0.2753895949500023,1.4246104050499977,12.300194666667807,1.3719849982676597,0.3280150017323402,14.79270874582516
2017-03-19,2017,78,0,1.4967427653218255,-1.4967427653218255,13.796937431989631,1.5949707025957658,-1.5949707025957658,16.387679448420926
2017-03-20,2017,79,0,1.7180253150779476,-1.7180253150779476,15.514962747067578,1.7203147114083812,-1.7203147114083812,18.107994159829307
2017-03-21,2017,80,2.7,1.1376705452868938,1.5623294547131064,13.952633292354472,1.4129295957631387,1.2870704042368615,16.820923755592446
2017-03-22,2017,81,5.2,1.3955280565930324,3.804471943406968,10.148161348947504,1.124021479596491,4.07597852040351,12.744945235188936
2017-03-23,2017,82,0,2.3698740165137107,-2.3698740165137107,12.518035365461214,1.8989714452211208,-1.8989714452211208,14.643916680410058
2017-03-24,2017,83,0,1.066848147164388,-1.066848147164388,13.584883512625602,1.4395791993031077,-1.4395791993031077,16.083495879713166
2017-03-25,2017,84,0,2.9491228315061604,-2.9491228315061604,16.53400634413176,2.3913423285340816,-2.3913423285340816,18.47483820824725
2017-03-26,2017,85,0,1.00270272358368,-1.00270272358368,17.536709067715442,1.3066746087407508,-1.3066746087407508,19.781512816988
2017-03-27,2017,86,0,2.4541267989441895,-2.4541267989441895,19.99083586665963,2.223177982562657,-2.223177982562657,22.004690799550655
2017-03-28,2017,87,0,2.6712863182565725,-2.6712863182565725,22.662122184916203,2.490129857146899,-2.490129857146899,24.494820656697556
2017-03-29,2017,88,0,2.6662278396363708,-2.6662278396363708,25.328350024552574,2.5919547069101143,-2.5919547069101143,27.08677536360767
2017-03-30,2017,89,0,2.5997870967749748,-2.5997870967749748,27.92813712132755,2.5616607537384577,-2.5616607537384577,29.64843611734613
2017-03-31,2017,90,0,2.4053700695933506,-2.4053700695933506,30.333507190920898,2.640509103704896,-2.640509103704896,32.28894522105102
2017-04-01,2017,91,0,1.8722758959595907,-1.8722758959595907,32.20578308688049,2.092490520064248,-2.092490520064248,34.38143574111527
2017-04-02,2017,92,0,1.3454605452311739,-1.3454605452311739,33.551243632111664,1.485834966948695,-1.485834966948695,35.86727070806396
2017-04-03,2017,93,0,3.0590069182683965,-3.0590069182683965,36.61025055038006,2.6527178915609952,-2.6527178915609952,38.51998859962496
2017-04-04,2017,94,0.3,2.0863254926448085,-1.7863254926448084,38.396576043024865,2.2642550921372244,-1.9642550921372244,40.48424369176218
2017-04-05,2017,95,0,2.047466674152906,-2.047466674152906,40.44404271717777,2.2843286788155384,-2.2843286788155384,42.76857237057772
2017-04-06,2017,96,0,2.323011569836407,-2.323011569836407,42.76705428701418,2.4915360631720254,-2.4915360631720254,45.26010843374975
2017-04-07,2017,97,0,2.9174787840150014,-2.9174787840150014,45.684533071029186,3.061027557451785,-3.061027557451785,48.32113599120154
2017-04-08,2017,98,0,3.176533980690044,-3.176533980690044,48.86106705171923,3.168809691431744,-3.168809691431744,51.489945682633284
2017-04-09,2017,99,0,3.3709826005497803,-3.3709826005497803,52.23204965226901,3.433083000017103,-3.433083000017103,54.92302868265039
2017-04-10,2017,100,0,3.3794867789667933,-3.3794867789667933,55.611536431235805,3.9307106505394813,-3.9307106505394813,58.85373933318987
2017-04-11,2017,101,0,2.7330746292126853,-2.7330746292126853,58.34461106044849,2.926102602121939,-2.926102602121939,61.77984193531181
2017-04-12,2017,102,0,3.2035967797813925,-3.2035967797813925,61.548207840229885,3.220474422543822,-3.220474422543822,65.00031635785562
2017-04-13,2017,103,0,3.4109419859461974,-3.4109419859461974,64.95914982617609,3.710611034005698,-3.710611034005698,68.71092739186132
2017-04-14,2017,104,0,3.6240712239550525,-3.6240712239550525,68.58322105013114,3.1730592350425604,-3.1730592350425604,71.88398662690388
2017-04-15,2017,105,0.7,1.669377235243223,-0.9693772352432231,69.55259828537437,1.9552603676746716,-1.2552603676746716,73.13924699457854
2017-04-16,2017,106,2.6,0.6940016829296629,1.9059983170703372,67.64659996830403,1.288524151081707,1.3114758489182932,71.82777114566025
2017-04-17,2017,107,1,2.3978073630265033,-1.3978073630265033,69.04440733133053,2.231972190196674,-1.2319721901966738,73.05974333585692
2017-04-18,2017,108,0,2.5932730018115304,-2.5932730018115304,71.63768033314206,2.3946492391647856,-2.3946492391647856,75.45439257502171
2017-04-19,2017,109,1.3,1.5165227720497572,-0.21652277204975712,71.85420310519181,1.3405420456474952,-0.040542045647495195,75.49493462066921
2017-04-20,2017,110,0,2.341783101946817,-2.341783101946817,74.19598620713863,2.4540515158461567,-2.4540515158461567,77.94898613651537
2017-04-21,2017,111,0,3.1175752361794817,-3.1175752361794817,77.31356144331811,3.138420573445843,-3.138420573445843,81.08740670996121
2017-04-22,2017,112,0,3.952355367984723,-3.952355367984723,81.26591681130283,3.62204573668673,-3.62204573668673,84.70945244664794
2017-04-23,2017,113,0,3.8658171126190477,-3.8658171126190477,85.13173392392187,4.04500862658385,-4.04500862658385,88.7544610732318
2017-04-24,2017,114,0.2,3.782402010176901,-3.5824020101769007,88.71413593409878,4.065469377256509,-3.8654693772565087,92.6199304504883
2017-04-25,2017,115,37.3,0.6599042387736678,36.64009576122633,52.07404017287245,1.2691969490046167,36.03080305099538,56.58912739949292
2017-04-26,2017,116,9.1,1.194790099262774,7.905209900737225,44.168830272135224,0.8894358239732864,8.210564176026713,48.3785632234662
2017-04-27,2017,117,14,1.0598040985360562,12.940195901463944,31.22863437067128,0.8606561811425857,13.139343818857414,35.23921940460879
2017-04-28,2017,118,5.5,1.2411450560599844,4.258854943940015,26.969779426731264,1.1929418239950478,4.3070581760049524,30.93216122860384
2017-04-29,2017,119,0,3.4517878396681687,-3.4517878396681687,30.421567266399432,2.975894519720112,-2.975894519720112,33.90805574832395
2017-04-30,2017,120,1.9,4.018412785620735,-2.1184127856207353,32.53998005202017,3.6999470369820817,-1.7999470369820818,35.708002785306036
2017-05-01,2017,121,6.4,1.083491214278215,5.316508785721785,27.223471266298382,1.367477029146029,5.032522970853972,30.675479814452064
2017-05-02,2017,122,5.1,2.5320782915173106,2.567921708482689,24.655549557815693,2.1623323164971926,2.937667683502807,27.73781213094926
2017-05-03,2017,123,0,2.9948723324787703,-2.9948723324787703,27.650421890294464,2.3523302843843323,-2.3523302843843323,30.09014241533359
2017-05-04,2017,124,0.8,2.135579373441113,-1.335579373441113,28.986001263735577,1.9500516863248758,-1.1500516863248758,31.240194101658467
2017-05-05,2017,125,1.9,4.3097945178952175,-2.4097945178952176,31.395795781630795,3.623523028565887,-1.7235230285658871,32.96371713022435
2017-05-06,2017,126,18,1.2551994232673511,16.74480057673265,14.650995204898145,1.3761217167444697,16.62387828325553,16.339838846968824
2017-05-07,2017,127,8,1.0447347817699997,6.95526521823,7.695729986668145,1.1845249113768201,6.81547508862318,9.524363758345643
2017-05-08,2017,128,0,1.145223220155456,-1.145223220155456,8.8409532068236,1.274251736549251,-1.274251736549251,10.798615494894895
2017-05-09,2017,129,0,4.169177268876582,-4.169177268876582,13.010130475700183,3.1832671371479844,-3.1832671371479844,13.981882632042879
2017-05-10,2017,130,0,4.633119169195948,-4.633119169195948,17.64324964489613,3.9208128203329236,-3.9208128203329236,17.902695452375802
2017-05-11,2017,131,0,2.0749935329759044,-2.0749935329759044,19.718243177872033,2.4683060043185643,-2.4683060043185643,20.371001456694366
2017-05-12,2017,132,0.3,3.606440962356823,-3.3064409623568234,23.024684140228857,3.1039392293654595,-2.8039392293654597,23.174940686059827
2017-05-13,2017,133,1,4.78992527514939,-3.7899252751493897,26.814609415378246,3.785020422446408,-2.785020422446408,25.959961108506235
2017-05-14,2017,134,0,3.855764647806363,-3.855764647806363,30.67037406318461,3.4426051374325484,-3.4426051374325484,29.402566245938782
2017-05-15,2017,135,0,5.0078092684224185,-5.0078092684224185,35.67818333160703,4.4646032052301194,-4.4646032052301194,33.867169451168905
2017-05-16,2017,136,0,5.057981922520559,-5.057981922520559,40.73616525412759,4.79747781672262,-4.79747781672262,38.664647267891525
2017-05-17,2017,137,0,5.6304334637383935,-5.6304334637383935,46.36659871786598,4.908059461270043,-4.908059461270043,43.57270672916157
2017-05-18,2017,138,6,2.81318284851522,3.18681715148478,43.1797815663812,3.1982043043400643,2.8017956956599357,40.77091103350163
2017-05-19,2017,139,5.8,0.6803590569679343,5.119640943032065,38.060140623349135,1.280635383984064,4.5193646160159355,36.2515464174857
2017-05-20,2017,140,0,3.749177557459585,-3.749177557459585,41.80931818080872,2.9576730559429056,-2.9576730559429056,39.209219473428604
2017-05-21,2017,141,0,4.615601914316854,-4.615601914316854,46.42492009512557,4.074292906285529,-4.074292906285529,43.28351237971413
2017-05-22,2017,142,0,5.300789535206054,-5.300789535206054,51.72570963033162,4.845542217995085,-4.845542217995085,48.129054597709214
2017-05-23,2017,143,0,4.490799868636375,-4.490799868636375,56.216509498967994,4.646240435207148,-4.646240435207148,52.77529503291636
2017-05-24,2017,144,0,5.37098415038092,-5.37098415038092,61.587493649348914,4.823520505455861,-4.823520505455861,57.59881553837222
2017-05-25,2017,145,0,5.119444377541981,-5.119444377541981,66.7069380268909,5.32084200872001,-5.32084200872001,62.91965754709223
2017-05-26,2017,146,0,5.5920404710995495,-5.5920404710995495,72.29897849799045,5.545406048691396,-5.545406048691396,68.46506359578362
2017-05-27,2017,147,0,5.856646259882306,-5.856646259882306,78.15562475787276,5.324929070168909,-5.324929070168909,73.78999266595252
2017-05-28,2017,148,0,5.820645525362396,-5.820645525362396,83.97627028323515,5.6717769209299576,-5.6717769209299576,79.46176958688248
2017-05-29,2017,149,0.4,5.412570375355052,-5.012570375355051,88.9888406585902,5.499133931578699,-5.099133931578699,84.56090351846117
2017-05-30,2017,150,0.2,4.668715842767755,-4.468715842767755,93.45755650135796,4.511666834204132,-4.311666834204132,88.8725703526653
2017-05-31,2017,151,23.8,5.375050285851772,18.424949714148227,75.03260678720973,4.268243502714392,19.53175649728561,69.3408138553797
2017-06-01,2017,152,0,5.57003264296243,-5.57003264296243,80.60263943017216,4.448743167804241,-4.448743167804241,73.78955702318393
2017-06-02,2017,153,0,5.817702775952872,-5.817702775952872,86.42034220612503,5.137936116400382,-5.137936116400382,78.92749313958431
2017-06-03,2017,154,36.8,4.703179951756646,32.09682004824335,54.323522157881676,4.0307448773689405,32.76925512263106,46.158238016953256
2017-06-04,2017,155,2.6,3.4154415500682838,-0.8154415500682837,55.13896370794996,2.8053489159834983,-0.20534891598349825,46.363586932936755
2017-06-05,2017,156,0.6,2.271042159695604,-1.6710421596956038,56.810005867645565,2.251862777211287,-1.6518627772112868,48.01544971014804
2017-06-06,2017,157,18.3,1.899624876025067,16.400375123974932,40.40963074367063,2.1888109697051963,16.111189030294803,31.904260679853238
2017-06-07,2017,158,0,4.816089635548373,-4.816089635548373,45.225720379219005,4.038419366619087,-4.038419366619087,35.942680046472326
2017-06-08,2017,159,0,5.418803001121073,-5.418803001121073,50.644523380340075,4.694134859358075,-4.694134859358075,40.6368149058304
2017-06-09,2017,160,0,3.263932417804573,-3.263932417804573,53.90845579814465,3.531807461115557,-3.531807461115557,44.168622366945954
2017-06-10,2017,161,0,6.277299623666253,-6.277299623666253,60.1857554218109,5.3210114218871,-5.3210114218871,49.48963378883305
2017-06-11,2017,162,0,6.5036930083732525,-6.5036930083732525,66.68944843018416,5.575530088497445,-5.575530088497445,55.0651638773305
2017-06-12,2017,163,0,4.903620586453866,-4.903620586453866,71.59306901663803,4.7044604845487115,-4.7044604845487115,59.76962436187921
2017-06-13,2017,164,0,5.9992162239758,-5.9992162239758,77.59228524061382,5.535738558461454,-5.535738558461454,65.30536292034067
2017-06-14,2017,165,0,4.871532937442927,-4.871532937442927,82.46381817805674,4.554073805660152,-4.554073805660152,69.85943672600082
2017-06-15,2017,166,0,6.1202660303640215,-6.1202660303640215,88.58408420842076,5.251840938060102,-5.251840938060102,75.11127766406092
2017-06-16,2017,167,0,5.631450677118404,-5.631450677118404,94.21553488553917,5.423449341569543,-5.423449341569543,80.53472700563046
2017-06-17,2017,168,0,5.89467102973591,-5.89467102973591,100.11020591527509,5.726038638754093,-5.726038638754093,86.26076564438455
2017-06-18,2017,169,0,6.160051098664234,-6.160051098664234,106.27025701393933,5.980933507767048,-5.980933507767048,92.2416991521516
2017-06-19,2017,170,0,6.322841993548296,-6.322841993548296,112.59309900748762,5.640303958634558,-5.640303958634558,97.88200311078616
2017-06-20,2017,171,0,6.62662655080791,-6.62662655080791,119.21972555829554,6.142743533110572,-6.142743533110572,104.02474664389673
2017-06-21,2017,172,0,6.153590125491451,-6.153590125491451,125.37331568378698,5.772113289074306,-5.772113289074306,109.79685993297105
2017-06-22,2017,173,0,6.07584047781715,-6.07584047781715,131.44915616160412,6.403750519920819,-6.403750519920819,116.20061045289187
2017-06-23,2017,174,0,5.450698154359015,-5.450698154359015,136.89985431596313,6.0565968113454405,-6.0565968113454405,122.25720726423731
2017-06-24,2017,175,0.4,2.8994523327828112,-2.4994523327828113,139.39930664874595,3.3240629142864586,-2.9240629142864587,125.18127017852376
2017-06-25,2017,176,0,4.594077835698528,-4.594077835698528,143.99338448444448,4.407850913780876,-4.407850913780876,129.58912109230462
2017-06-26,2017,177,7.3,5.540736552332119,1.7592634476678812,142.2341210367766,5.08103966730783,2.21896033269217,127.37016075961245
2017-06-27,2017,178,8.5,5.158571530470644,3.3414284695293563,138.89269256724725,4.400886479819579,4.099113520180421,123.27104723943202
2017-06-28,2017,179,15.4,5.386461814694123,10.013538185305876,128.87915438194136,4.137770652453762,11.262229347546239,112.00881789188578
2017-06-29,2017,180,1.5,4.238711843070786,-2.738711843070786,131.61786622501214,3.7756277763779664,-2.2756277763779664,114.28444566826374
2017-06-30,2017,181,0,5.203336190903463,-5.203336190903463,136.8212024159156,4.591859770285295,-4.591859770285295,118.87630543854904
2017-07-01,2017,182,2.2,3.9515683584134194,-1.7515683584134192,138.572770774329,3.662335893606239,-1.4623358936062387,120.33864133215528
2017-07-02,2017,183,0.3,1.485958105124049,-1.1859581051240489,139.75872887945306,1.5880651674104944,-1.2880651674104944,121.62670649956577
2017-07-03,2017,184,0,5.211251772121608,-5.211251772121608,144.96998065157467,4.258816773418126,-4.258816773418126,125.8855232729839
2017-07-04,2017,185,0,5.6101197292524745,-5.6101197292524745,150.58010038082716,5.017172669998375,-5.017172669998375,130.9026959429823
2017-07-05,2017,186,0,5.474999272673475,-5.474999272673475,156.05509965350063,5.369047758674709,-5.369047758674709,136.271743701657
2017-07-06,2017,187,0,6.126880405110757,-6.126880405110757,162.1819800586114,6.25062221655173,-6.25062221655173,142.52236591820872
2017-07-07,2017,188,0,5.220845545221087,-5.220845545221087,167.4028256038325,5.643880019954543,-5.643880019954543,148.16624593816326
2017-07-08,2017,189,1.3,4.2067688415931475,-2.9067688415931476,170.30959444542563,4.663019680530497,-3.3630196805304973,151.52926561869376
2017-07-09,2017,190,5.6,2.6912171375600273,2.9087828624399723,167.40081158298565,2.7660552600340926,2.833944739965907,148.69532087872784
2017-07-10,2017,191,13.3,3.6916297938817157,9.608370206118284,157.79244137686737,3.099963535116818,10.200036464883183,138.49528441384467
2017-07-11,2017,192,0,3.760148548337323,-3.760148548337323,161.5525899252047,3.4461487569717155,-3.4461487569717155,141.9414331708164
2017-07-12,2017,193,0,4.73004891995711,-4.73004891995711,166.2826388451618,4.265263927134381,-4.265263927134381,146.20669709795078
2017-07-13,2017,194,0,5.788012382672223,-5.788012382672223,172.07065122783405,4.799701938659496,-4.799701938659496,151.00639903661028
2017-07-14,2017,195,0,5.696984718393332,-5.696984718393332,177.7676359462274,5.128880738365051,-5.128880738365051,156.13527977497532
2017-07-15,2017,196,0,4.703509345837283,-4.703509345837283,182.47114529206468,4.562042091992409,-4.562042091992409,160.6973218669677
2017-07-16,2017,197,0,5.8021123545039135,-5.8021123545039135,188.2732576465686,5.1280232255366895,-5.1280232255366895,165.8253450925044
2017-07-17,2017,198,0,5.710666193917636,-5.710666193917636,193.98392384048623,5.152239144008222,-5.152239144008222,170.97758423651263
2017-07-18,2017,199,0,5.811091815029822,-5.811091815029822,199.79501565551604,5.450481093876094,-5.450481093876094,176.42806533038873
2017-07-19,2017,200,0,5.429254603802873,-5.429254603802873,205.2242702593189,5.832507717771434,-5.832507717771434,182.26057304816015
2017-07-20,2017,201,0.8,4.97268566242985,-4.17268566242985,209.39695592174874,4.724999635204318,-3.924999635204318,186.18557268336448
2017-07-21,2017,202,5.5,4.577696764523186,0.9223032354768144,208.47465268627192,4.115775762066817,1.384224237933183,184.8013484454313
2017-07-22,2017,203,1.2,4.971873164274434,-3.7718731642744334,212.24652585054636,4.1533233162998515,-2.9533233162998513,187.75467176173115
2017-07-23,2017,204,0.7,4.466779932159609,-3.7667799321596087,216.01330578270597,3.836924673438423,-3.136924673438423,190.89159643516956
2017-07-24,2017,205,10.6,3.0706995491271085,7.529300450872891,208.4840053318331,2.7254346854406784,7.874565314559321,183.01703112061023
2017-07-25,2017,206,13.5,2.051299392393421,11.448700607606579,197.0353047242265,1.9413485879991463,11.558651412000854,171.45837970860939
2017-07-26,2017,207,0,3.3958126112848874,-3.3958126112848874,200.4311173355114,3.142777031011635,-3.142777031011635,174.60115673962102
2017-07-27,2017,208,3.5,3.28426961444996,0.2157303855500401,200.21538694996136,3.091947424985856,0.40805257501414394,174.19310416460686
2017-07-28,2017,209,0,4.403626308109573,-4.403626308109573,204.61901325807094,3.6899957202836635,-3.6899957202836635,177.88309988489053
2017-07-29,2017,210,0,5.271481850951171,-5.271481850951171,209.8904951090221,4.561568365350908,-4.561568365350908,182.44466825024142
2017-07-30,2017,211,1.7,4.592265919605425,-2.892265919605425,212.78276102862753,4.383498348442742,-2.6834983484427415,185.12816659868417
2017-07-31,2017,212,0.8,3.8286470694805406,-3.0286470694805407,215.81140809810807,3.692970637502226,-2.892970637502226,188.0211372361864
2017-08-01,2017,213,1.8,4.664618604822394,-2.864618604822394,218.67602670293047,4.385909268234954,-2.5859092682349543,190.60704650442136
2017-08-02,2017,214,0,5.418365600844818,-5.418365600844818,224.0943923037753,4.994182600225164,-4.994182600225164,195.60122910464654
2017-08-03,2017,215,0,5.411474817913601,-5.411474817913601,229.5058671216889,5.686082376627421,-5.686082376627421,201.28731148127395
2017-08-04,2017,216,0,4.452285018613187,-4.452285018613187,233.9581521403021,4.183762970382704,-4.183762970382704,205.47107445165665
2017-08-05,2017,217,0,5.6131039267584795,-5.6131039267584795,239.57125606706057,5.183170306723318,-5.183170306723318,210.65424475837997
2017-08-06,2017,218,0,2.603698517422394,-2.603698517422394,242.17495458448298,3.238789906823623,-3.238789906823623,213.8930346652036
2017-08-07,2017,219,1.6,5.030405222900681,-3.430405222900681,245.60535980738365,4.5252136004957775,-2.9252136004957774,216.81824826569937
2017-08-08,2017,220,19.2,0.5098596756646699,18.690140324335328,226.91521948304833,1.100684078394886,18.099315921605115,198.71893234409424
2017-08-09,2017,221,22.2,2.6839279676648933,19.516072032335106,207.39914745071323,2.4524476885451354,19.747552311454864,178.9713800326394
2017-08-10,2017,222,13.7,1.0610412061079415,12.638958793892058,194.76018865682119,1.2436590415521502,12.45634095844785,166.51503907419155
2017-08-11,2017,223,3.5,1.2740715852524545,2.2259284147475453,192.53426024207363,1.3453409260996845,2.1546590739003157,164.36038000029123
2017-08-12,2017,224,0,3.3447077438397974,-3.3447077438397974,195.87896798591342,2.8962782509996927,-2.8962782509996927,167.25665825129093
2017-08-13,2017,225,0,4.988925559867894,-4.988925559867894,200.86789354578133,4.1048088623789045,-4.1048088623789045,171.36146711366985
2017-08-14,2017,226,0,4.894196838098983,-4.894196838098983,205.76209038388032,4.3220525823377205,-4.3220525823377205,175.68351969600758
2017-08-15,2017,227,3.9,4.118475516438756,-0.21847551643875596,205.98056590031908,4.066704835299086,-0.16670483529908653,175.85022453130668
2017-08-16,2017,228,0,4.5043448593529885,-4.5043448593529885,210.48491075967206,3.7660310875177267,-3.7660310875177267,179.6162556188244
2017-08-17,2017,229,0,5.016724498802114,-5.016724498802114,215.50163525847418,4.194207084274057,-4.194207084274057,183.81046270309847
2017-08-18,2017,230,10.3,4.435360734418079,5.864639265581921,209.63699599289225,3.8860399124566216,6.413960087543379,177.39650261555508
2017-08-19,2017,231,0,3.985810743854273,-3.985810743854273,213.62280673674653,3.5232296187910923,-3.5232296187910923,180.91973223434618
2017-08-20,2017,232,0,3.956342005538158,-3.956342005538158,217.57914874228467,3.5861305198383246,-3.5861305198383246,184.5058627541845
2017-08-21,2017,233,0,3.4526805454071208,-3.4526805454071208,221.0318292876918,2.975974227343207,-2.975974227343207,187.48183698152772
2017-08-22,2017,234,0,4.638858810297885,-4.638858810297885,225.67068809798968,3.9165136946566994,-3.9165136946566994,191.3983506761844
2017-08-23,2017,235,0,4.624697525668197,-4.624697525668197,230.2953856236579,4.183581332867839,-4.183581332867839,195.58193200905225
2017-08-24,2017,236,3.5,2.6482590386734275,0.8517409613265725,229.4436446623313,2.8150560612553956,0.6849439387446044,194.89698807030766
2017-08-25,2017,237,0,4.186066285402854,-4.186066285402854,233.62971094773417,3.684912878187782,-3.684912878187782,198.58190094849544
2017-08-26,2017,238,0,3.5859948532634953,-3.5859948532634953,237.21570580099765,3.649895810744623,-3.649895810744623,202.23179675924007
2017-08-27,2017,239,0,2.1166516985474635,-2.1166516985474635,239.3323574995451,2.5547596280394624,-2.5547596280394624,204.78655638727952
2017-08-28,2017,240,0,3.424071183709351,-3.424071183709351,242.75642868325446,3.35459007441179,-3.35459007441179,208.1411464616913
2017-08-29,2017,241,0,4.087972023629271,-4.087972023629271,246.84440070688373,3.83570580465479,-3.83570580465479,211.9768522663461
2017-08-30,2017,242,0,3.6027562686646184,-3.6027562686646184,250.44715697554835,3.69445904099058,-3.69445904099058,215.67131130733668
2017-08-31,2017,243,19.8,0.605347907365918,19.194652092634083,231.25250488291428,1.0026871159699882,18.797312884030013,196.87399842330666
2017-09-01,2017,244,6.2,0.9359587219440068,5.264041278055993,225.98846360485828,1.0184902033797882,5.181509796620212,191.69248862668644
2017-09-02,2017,245,10.9,1.5336660004068015,9.366333999593198,216.6221296052651,1.4434786682106049,9.456521331789396,182.23596729489705
2017-09-03,2017,246,0,3.596397837792291,-3.596397837792291,220.21852744305738,2.808211768791194,-2.808211768791194,185.04417906368823
2017-09-04,2017,247,0,2.835237561846171,-2.835237561846171,223.05376500490357,2.395488794735018,-2.395488794735018,187.43966785842326
2017-09-05,2017,248,0,4.14636832841683,-4.14636832841683,227.2001333333204,3.498332265183881,-3.498332265183881,190.93800012360714
2017-09-06,2017,249,0,3.447628216441878,-3.447628216441878,230.64776154976227,3.2124576431813665,-3.2124576431813665,194.15045776678852
2017-09-07,2017,250,0,1.8456123149990493,-1.8456123149990493,232.4933738647613,2.0507079334297016,-2.0507079334297016,196.2011657002182
2017-09-08,2017,251,0,2.6269791543534122,-2.6269791543534122,235.12035301911473,2.5922360753223606,-2.5922360753223606,198.79340177554056
2017-09-09,2017,252,2.5,0.3617054494288365,2.1382945505711635,232.98205846854356,0.9950383795481154,1.5049616204518848,197.28844015508867
2017-09-10,2017,253,0,2.0837836164213397,-2.0837836164213397,235.06584208496488,1.8495225940545954,-1.8495225940545954,199.13796274914327
2017-09-11,2017,254,4.5,1.1354984229473892,3.3645015770526108,231.70134050791228,1.697736867053581,2.802263132946419,196.33569961619685
2017-09-12,2017,255,0.7,1.665708247261527,-0.965708247261527,232.6670487551738,1.7031683979251477,-1.0031683979251478,197.338868014122
2017-09-13,2017,256,0,1.198861357949196,-1.198861357949196,233.865910113123,2.1878965478903845,-2.1878965478903845,199.52676456201237
2017-09-14,2017,257,7.5,0.1788406337631673,7.321159366236833,226.54475074688617,1.9946096862306046,5.505390313769396,194.02137424824298
2017-09-15,2017,258,0,2.329388785412021,-2.329388785412021,228.8741395322982,2.095864073860903,-2.095864073860903,196.11723832210387
2017-09-16,2017,259,0.4,2.515996900360885,-2.115996900360885,230.99013643265909,1.9392185082246631,-1.5392185082246632,197.65645683032852
2017-09-17,2017,260,12.8,1.966737637218478,10.833262362781523,220.15687406987757,1.5830091520296983,11.216990847970303,186.43946598235823
2017-09-18,2017,261,1.9,1.663494299479504,0.23650570052049602,219.92036836935708,1.5673686390525428,0.33263136094745716,186.10683462141077
2017-09-19,2017,262,2.9,1.1134470823032387,1.7865529176967612,218.13381545166033,1.1278555760773754,1.7721444239226245,184.33469019748816
2017-09-20,2017,263,0,2.0185240924395247,-2.0185240924395247,220.15233954409985,1.8944061718165295,-1.8944061718165295,186.2290963693047
2017-09-21,2017,264,0,2.362349633648949,-2.362349633648949,222.5146891777488,1.991477243972225,-1.991477243972225,188.2205736132769
2017-09-22,2017,265,0,2.225811963908111,-2.225811963908111,224.74050114165692,1.9952760050056124,-1.9952760050056124,190.21584961828253
2017-09-23,2017,266,0,2.4903271779572136,-2.4903271779572136,227.23082831961415,2.087043435009784,-2.087043435009784,192.3028930532923
2017-09-24,2017,267,0,2.5648975956466837,-2.5648975956466837,229.79572591526082,2.2662959139766614,-2.2662959139766614,194.56918896726896
2017-09-25,2017,268,0,2.1960620561335538,-2.1960620561335538,231.99178797139436,2.0062461015837214,-2.0062461015837214,196.57543506885267
2017-09-26,2017,269,4.3,0.9611345968064465,3.3388654031935534,228.6529225682008,1.0424484711462623,3.2575515288537376,193.31788353999895
2017-09-27,2017,270,0,2.1850961405871043,-2.1850961405871043,230.8380187087879,1.7930083944770177,-1.7930083944770177,195.11089193447597
2017-09-28,2017,271,0,1.6203566886775125,-1.6203566886775125,232.4583753974654,1.6596556554960213,-1.6596556554960213,196.77054758997198
2017-09-29,2017,272,0,2.300509015210679,-2.300509015210679,234.75888441267608,1.9410269003077607,-1.9410269003077607,198.71157449027973
2017-09-30,2017,273,0.8,0.8248449250435629,-0.024844925043562838,234.78372933771965,1.2167476463406346,-0.41674764634063455,199.12832213662037
2017-10-01,2017,274,0,1.7012458719282695,-1.7012458719282695,236.48497520964793,1.4039072320043993,-1.4039072320043993,200.53222936862477
2017-10-02,2017,275,0.9,0.8988715191155349,0.001128480884465155,236.48384672876347,1.0241472653675476,-0.12414726536754761,200.65637663399232
2017-10-03,2017,276,13.4,1.379081898684501,12.0209181013155,224.46292862744798,1.4795197277627448,11.920480272237256,188.73589636175507
2017-10-04,2017,277,0,1.1178353632759004,-1.1178353632759004,225.58076399072388,1.2120799176566535,-1.2120799176566535,189.94797627941173
2017-10-05,2017,278,2.5,2.2632794909002243,0.2367205090997757,225.3440434816241,2.583217775030428,-0.08321777503042815,190.03119405444215
2017-10-06,2017,279,0.7,0.7652909525335438,-0.06529095253354389,225.40933443415764,1.1460341538149492,-0.44603415381494926,190.4772282082571
2017-10-07,2017,280,2.2,1.635379099384313,0.5646209006156873,224.84471353354195,1.3003091502355004,0.8996908497644998,189.57753735849258
2017-10-08,2017,281,0,1.893024710314288,-1.893024710314288,226.73773824385623,1.4226660455862865,-1.4226660455862865,191.00020340407886
2017-10-09,2017,282,0,1.548262897698623,-1.548262897698623,228.28600114155486,1.2343152077804638,-1.2343152077804638,192.23451861185933
2017-10-10,2017,283,0,1.4763112300841745,-1.4763112300841745,229.76231237163904,1.32931217145539,-1.32931217145539,193.56383078331473
2017-10-11,2017,284,0,1.4655807531339842,-1.4655807531339842,231.22789312477303,1.4910680836875063,-1.4910680836875063,195.05489886700224
2017-10-12,2017,285,0,1.3597758694653552,-1.3597758694653552,232.58766899423838,1.5140738531214928,-1.5140738531214928,196.56897272012372
2017-10-13,2017,286,0,1.5853400336789043,-1.5853400336789043,234.1730090279173,1.3318787261228757,-1.3318787261228757,197.9008514462466
2017-10-14,2017,287,0,1.4627497940654912,-1.4627497940654912,235.6357588219828,1.3474922847534363,-1.3474922847534363,199.24834373100003
2017-10-15,2017,288,0,1.4250695374262499,-1.4250695374262499,237.06082835940904,1.3763483654151105,-1.3763483654151105,200.62469209641515
2017-10-16,2017,289,0,1.3051577148427438,-1.3051577148427438,238.3659860742518,1.4142182621809178,-1.4142182621809178,202.03891035859607
2017-10-17,2017,290,0,1.3384918215958586,-1.3384918215958586,239.70447789584765,1.4224736881482472,-1.4224736881482472,203.4613840467443
2017-10-18,2017,291,0,1.114721296497997,-1.114721296497997,240.81919919234565,1.1887231594349308,-1.1887231594349308,204.65010720617926
2017-10-19,2017,292,0,1.5077989841672104,-1.5077989841672104,242.32699817651286,1.3547899515502677,-1.3547899515502677,206.00489715772952
2017-10-20,2017,293,0,0.6328996497839542,-0.6328996497839542,242.9598978262968,0.9338897982084297,-0.9338897982084297,206.93878695593796
2017-10-21,2017,294,9.1,1.011678238848032,8.088321761151967,234.87157606514484,1.4380850793117634,7.661914920688236,199.2768720352497
2017-10-22,2017,295,3.5,0.9770215647782163,2.5229784352217837,232.34859762992306,1.0904982400899363,2.4095017599100634,196.86737027533965
2017-10-23,2017,296,3.2,0.4837103633944811,2.716289636605519,229.63230799331754,0.716695216010821,2.4833047839891793,194.38406549135047
2017-10-24,2017,297,0,0.8568687120380698,-0.8568687120380698,230.48917670535562,0.9084245065555657,-0.9084245065555657,195.29248999790605
2017-10-25,2017,298,0,0.7439220598752667,-0.7439220598752667,231.2330987652309,0.9459178071931136,-0.9459178071931136,196.23840780509917
2017-10-26,2017,299,0,0.4114202769406638,-0.4114202769406638,231.64451904217157,0.947614336016192,-0.947614336016192,197.18602214111536
2017-10-27,2017,300,0,-0.17544803494693878,0.17544803494693878,231.46907100722464,0.8544570956453477,-0.8544570956453477,198.04047923676072
2017-10-28,2017,301,0,0.4961076033411663,-0.4961076033411663,231.9651786105658,0.7768775453111599,-0.7768775453111599,198.81735678207187
2017-10-29,2017,302,0,0.27407321424219827,-0.27407321424219827,232.239251824808,1.110800073332508,-1.110800073332508,199.92815685540438
2017-10-30,2017,303,0,0.4599542489329694,-0.4599542489329694,232.69920607374098,1.0593821742636147,-1.0593821742636147,200.987539029668
2017-10-31,2017,304,0,0.3835323974106768,-0.3835323974106768,233.08273847115166,0.6520675786788953,-0.6520675786788953,201.6396066083469
2017-11-01,2017,305,0,0.45186096603749437,-0.45186096603749437,233.53459943718914,0.5609475063076649,-0.5609475063076649,202.20055411465455
2017-11-02,2017,306,0,0.2329438681743633,-0.2329438681743633,233.76754330536352,0.8789890719837894,-0.8789890719837894,203.07954318663835
2017-11-03,2017,307,0,0.606594474316335,-0.606594474316335,234.37413777967984,0.8859701616688578,-0.8859701616688578,203.9655133483072
2017-11-04,2017,308,0,0.43869484972732437,-0.43869484972732437,234.81283262940715,0.5847112073631119,-0.5847112073631119,204.55022455567033
2017-11-05,2017,309,11.8,-0.01141993856526544,11.811419938565265,223.0014126908419,0.5150406367455418,11.284959363254458,193.26526519241588
2017-11-06,2017,310,2.9,0.06430210727005457,2.835697892729945,220.16571479811196,0.472237476637808,2.427762523362192,190.8375026690537
2017-11-07,2017,311,0.4,0.47067024670292573,-0.07067024670292571,220.23638504481488,0.41507947584753474,-0.015079475847534718,190.85258214490122
2017-11-08,2017,312,0.8,0.411894724189132,0.38810527581086807,219.84827976900402,0.44239766584039336,0.3576023341596067,190.49497981074163
2017-11-09,2017,313,0,0.2640674733549714,-0.2640674733549714,220.112347242359,0.45885147926838604,-0.45885147926838604,190.95383129001002
2017-11-10,2017,314,0,0.24146582058719074,-0.24146582058719074,220.3538130629462,0.5729767641918985,-0.5729767641918985,191.52680805420192
2017-11-11,2017,315,6.6,0.22912573172851117,6.370874268271488,213.9829387946747,0.6155826110274579,5.984417388972542,185.5423906652294
2017-11-12,2017,316,18.1,0.11656434698708772,17.983435653012915,195.9995031416618,0.7893141613450946,17.31068583865491,168.2317048265745
2017-11-13,2017,317,0,0.11046558118511483,-0.11046558118511483,196.1099687228469,0.33760798718258184,-0.33760798718258184,168.56931281375708
2017-11-14,2017,318,0,-0.19432552520482466,0.19432552520482466,195.91564319764208,0.3172122903695185,-0.3172122903695185,168.8865251041266
2017-11-15,2017,319,0,-0.09311278688076731,0.09311278688076731,195.82253041076132,0.32534508833453196,-0.32534508833453196,169.21187019246113
2017-11-16,2017,320,0,-0.0331240564490469,0.0331240564490469,195.78940635431226,0.3335636552883398,-0.3335636552883398,169.54543384774948
2017-11-17,2017,321,0,0.6728563338841623,-0.6728563338841623,196.46226268819643,0.3024344450937836,-0.3024344450937836,169.84786829284326
2017-11-18,2017,322,0,0.04080333571198298,-0.04080333571198298,196.50306602390842,0.49555310866321456,-0.49555310866321456,170.34342140150648
2017-11-19,2017,323,0.5,0.12814295003980145,0.3718570499601985,196.13120897394822,0.5483115408804417,-0.04831154088044165,170.3917329423869
2017-11-20,2017,324,0,0.013662209223539341,-0.013662209223539341,196.14487118317174,0.30177797531323813,-0.30177797531323813,170.69351091770014
2017-11-21,2017,325,0,-0.038937878302311525,0.038937878302311525,196.10593330486944,0.6231012319512764,-0.6231012319512764,171.3166121496514
2017-11-22,2017,326,0,-0.0953005600806287,0.0953005600806287,196.0106327447888,0.2412571297308837,-0.2412571297308837,171.5578692793823
2017-11-23,2017,327,0,-0.2954688960194409,0.2954688960194409,195.71516384876938,0.5476931972908586,-0.5476931972908586,172.10556247667316
2017-11-24,2017,328,0.7,0.16519051952622554,0.5348094804737744,195.1803543682956,0.45283772418100476,0.2471622758189952,171.85840020085416
2017-11-25,2017,329,17,-0.0016118920207791733,17.00161189202078,178.17874247627483,0.5041961430571436,16.495803856942857,155.36259634391132
2017-11-26,2017,330,0.8,-0.07469786405401029,0.8746978640540103,177.30404461222082,0.41924685916290044,0.3807531408370996,154.98184320307422
2017-11-27,2017,331,0,0.22593091088847161,-0.22593091088847161,177.5299755231093,0.6064831751612201,-0.6064831751612201,155.58832637823545
2017-11-28,2017,332,1.7,-0.12201974092411344,1.8220197409241135,175.7079557821852,0.8219002285598973,0.87809977144010265,154.71022660679535
2017-11-29,2017,333,2.8,0.25511218562762666,2.544887814372373,173.16306796781282,0.3073119788452696,2.49268802115473,152.21753858564063
2017-11-30,2017,334,2.9,0.12720323535579234,2.7727967646442075,170.39027120316862,0.3349581531547902,2.56504184684521,149.6524967387954
2017-12-01,2017,335,0,0.10404451018668996,-0.10404451018668996,170.49431571335532,0.19635521774686066,-0.19635521774686066,149.84885195654226
2017-12-02,2017,336,0,0.15091633929607562,-0.15091633929607562,0,0.4680943077791459,-0.4680943077791459,0
2017-12-03,2017,337,0,0.34201042295980383,-0.34201042295980383,0.34201042295980383,0.26267647755094053,-0.26267647755094053,0.26267647755094053
2017-12-04,2017,338,0,0.18406785368003672,-0.18406785368003672,0.5260782766398405,0.38493695181625504,-0.38493695181625504,0.6476134293671956
2017-12-05,2017,339,0,-0.27477416143894645,0.27477416143894645,0.2513041152008941,0.019559415717688607,-0.019559415717688607,0.6671728450848842
2017-12-06,2017,340,0,0.044030045141065684,-0.044030045141065684,0.29533416034195975,0.21964746187868306,-0.21964746187868306,0.8868203069635672
2017-12-07,2017,341,6.4,0.03650936687605502,6.363490633123945,0,0.23878222680925265,6.161217773190748,0
2017-12-08,2017,342,2.9,0.07920421247721682,2.820795787522783,0,0.5862236484286273,2.3137763515713727,0
2017-12-09,2017,343,0.2,-0.13659666960997355,0.3365966696099736,0,0.2038487623840464,-0.0038487623840463836,0.0038487623840463836
2017-12-10,2017,344,22,0.02060630626437118,21.979393693735627,0,0.3609951219900135,21.639004878009988,0
2017-12-11,2017,345,15.2,0.09032439973191839,15.109675600268082,0,0.32793672938210483,14.872063270617895,0
2017-12-12,2017,346,1.7,-0.35406654981801483,2.054066549818015,0,0.3282509741120853,1.3717490258879146,0
2017-12-13,2017,347,1.7,-0.010941132585975264,1.7109411325859751,0,0.20360152969136466,1.4963984703086353,0
2017-12-14,2017,348,52.2,-0.0027268609769514783,52.20272686097695,0,0.729179542461808,51.470820457538196,0
2017-12-15,2017,349,1.3,0.11154141156097218,1.188458588439028,0,0.6689470520332141,0.6310529479667859,0
2017-12-16,2017,350,0.1,-0.05177874752175757,0.15177874752175757,0,0.3311360918632753,-0.2311360918632753,0.2311360918632753
2017-12-17,2017,351,1.1,-0.2654483588412681,1.3654483588412683,0,0.35647985655714176,0.7435201434428583,0
2017-12-18,2017,352,1.9,0.08554265142033339,1.8144573485796665,0,0.27613001139916604,1.6238699886008339,0
2017-12-19,2017,353,0.4,0.26796851029261254,0.13203148970738748,0,0.2613578823321097,0.1386421176678903,0
2017-12-20,2017,354,0,0.23474167960825693,-0.23474167960825693,0.23474167960825693,0.06301461677073915,-0.06301461677073915,0.06301461677073915
2017-12-21,2017,355,1.5,0.6073502544974679,0.8926497455025321,0,0.0786823928996455,1.4213176071003546,0
2017-12-22,2017,356,1.7,0.338394824969233,1.361605175030767,0,0.23941979985612089,1.460580200143879,0
2017-12-23,2017,357,0,0.3163446278890504,-0.3163446278890504,0.3163446278890504,0.2989652711524185,-0.2989652711524185,0.2989652711524185
2017-12-24,2017,358,0,0.24250151368634937,-0.24250151368634937,0.5588461415753998,0.29798292281780997,-0.29798292281780997,0.5969481939702285
2017-12-25,2017,359,0,0.3241860220490361,-0.3241860220490361,0.8830321636244359,0.20044518969879904,-0.20044518969879904,0.7973933836690275
2017-12-26,2017,360,2.4,-0.15253898613423195,2.552538986134232,0,0.32463085517730195,2.075369144822698,0
2017-12-27,2017,361,3.9,-0.08235755544433236,3.9823575554443322,0,0.4022429348655864,3.4977570651344134,0
2017-12-28,2017,362,0,0.024299309856984697,-0.024299309856984697,0.024299309856984697,0.6211718237976999,-0.6211718237976999,0.6211718237976999
2017-12-29,2017,363,4.9,-0.16527295018182606,5.065272950181827,0,0.6159895258089828,4.284010474191017,0
2017-12-30,2017,364,9.4,0.20874739488440347,9.191252605115597,0,0.5429364119902927,8.857063588009707,0
2017-12-31,2017,365,7.5,-0.2868112065727832,7.786811206572783,0,0.6844469841852739,6.815553015814726,0
2018-01-01,2018,1,7,0.27299531694512214,6.7270046830548775,0,0.7814173226076473,6.2185826773923525,0
2018-01-02,2018,2,1.6,0.08910020055068198,1.510899799449318,0,0.7447842183319011,0.855215781668099,0
2018-01-03,2018,3,16.1,-0.24640476196259298,16.346404761962596,0,1.3982917323086035,14.701708267691398,0
2018-01-04,2018,4,20.6,0.05900196791533476,20.540998032084666,0,0.8068689100738761,19.793131089926124,0
2018-01-05,2018,5,1.6,-0.029567186659473284,1.6295671866594734,0,0.735688212547343,0.8643117874526571,0
2018-01-06,2018,6,0,0.35623515149696794,-0.35623515149696794,0.35623515149696794,0.3223696493054474,-0.3223696493054474,0.3223696493054474
2018-01-07,2018,7,0,0.0014572715051776864,-0.0014572715051776864,0.3576924230021456,0.40437794923174014,-0.40437794923174014,0.7267475985371876
2018-01-08,2018,8,0,0.1318606788660081,-0.1318606788660081,0.4895531018681537,0.2920760774666347,-0.2920760774666347,1.0188236760038223
2018-01-09,2018,9,0,-0.3426747535377434,0.3426747535377434,0.1468783483304103,0.2893508942779215,-0.2893508942779215,1.3081745702817438
2018-01-10,2018,10,0.3,-0.1267848196657978,0.4267848196657978,0,0.22951373481861115,0.07048626518138884,1.2376883051003549
2018-01-11,2018,11,0,-0.009816704401114054,0.009816704401114054,0,0.305867485250239,-0.305867485250239,1.5435557903505939
2018-01-12,2018,12,0,-0.024647432142511003,0.024647432142511003,0,0.3631648746397764,-0.3631648746397764,1.9067206649903703
2018-01-13,2018,13,0,-0.05705600416054624,0.05705600416054624,0,0.22661837290458925,-0.22661837290458925,2.1333390378949595
2018-01-14,2018,14,0,0.1566770987959459,-0.1566770987959459,0.1566770987959459,0.28310895586322427,-0.28310895586322427,2.416447993758184
2018-01-15,2018,15,0.7,0.27188341086206275,0.4281165891379372,0,0.5434274260891377,0.1565725739108622,2.259875419847322
2018-01-16,2018,16,10.7,0.047358794919849234,10.65264120508015,0,1.3375336087196101,9.362466391280389,0
2018-01-17,2018,17,4.4,0.044036269490015996,4.355963730509984,0,1.0849277550685188,3.3150722449314816,0
2018-01-18,2018,18,7.5,0.10348538754414942,7.39651461245585,0,0.9240115851563433,6.575988414843657,0
2018-01-19,2018,19,2.6,-0.01427593797853655,2.6142759379785367,0,0.8982938650104709,1.701706134989529,0
2018-01-20,2018,20,10.3,0.10116874894762237,10.198831251052379,0,0.7984744044763893,9.501525595523612,0
2018-01-21,2018,21,24.2,-0.030702380391322618,24.23070238039132,0,0.5740402158122301,23.62595978418777,0
2018-01-22,2018,22,20.6,0.099581116309012,20.50041888369099,0,0.519303946782715,20.080696053217288,0
2018-01-23,2018,23,0,-0.11063185873420525,0.11063185873420525,0,0.3831252958130623,-0.3831252958130623,0.3831252958130623
2018-01-24,2018,24,0,0.06410116906477228,-0.06410116906477228,0.06410116906477228,0.27871165834260325,-0.27871165834260325,0.6618369541556656
2018-01-25,2018,25,0,0.006021645622845642,-0.006021645622845642,0.07012281468761793,0.3915588592139748,-0.3915588592139748,1.0533958133696404
2018-01-26,2018,26,0,0.1422192086556902,-0.1422192086556902,0.21234202334330815,0.4528181187319546,-0.4528181187319546,1.506213932101595
2018-01-27,2018,27,0,0.17233989025222848,-0.17233989025222848,0.3846819135955366,0.5376451633240752,-0.5376451633240752,2.0438590954256703
2018-01-28,2018,28,0,0.4132693534422789,-0.4132693534422789,0.7979512670378155,0.47464755940575915,-0.47464755940575915,2.5185066548314294
2018-01-29,2018,29,0,0.5202946909033558,-0.5202946909033558,1.3182459579411714,0.2729226023728122,-0.2729226023728122,2.791429257204242
2018-01-30,2018,30,0,0.5522443505744722,-0.5522443505744722,1.8704903085156435,0.41245032641537055,-0.41245032641537055,3.2038795836196123
2018-01-31,2018,31,14.5,0.32878899931308253,14.171211000686917,0,0.8692634592620136,13.630736540737987,0
2018-02-01,2018,32,3.9,0.11043259050369633,3.7895674094963034,0,0.6203973346657642,3.279602665334236,0
2018-02-02,2018,33,0,0.294262603275505,-0.294262603275505,0.294262603275505,0.5859862736638433,-0.5859862736638433,0.5859862736638433
2018-02-03,2018,34,0,0.09912968847432783,-0.09912968847432783,0.39339229174983287,0.5283747540546148,-0.5283747540546148,1.114361027718458
2018-02-04,2018,35,0,0.07277510389221153,-0.07277510389221153,0.4661673956420444,0.5110535866917246,-0.5110535866917246,1.6254146144101824
2018-02-05,2018,36,0,-0.04084909777176769,0.04084909777176769,0.4253182978702767,0.592560993621448,-0.592560993621448,2.2179756080316304
2018-02-06,2018,37,0,0.29901819829201765,-0.29901819829201765,0.7243364961622943,0.40489495412866344,-0.40489495412866344,2.6228705621602937
2018-02-07,2018,38,0.2,0.22991101619886778,-0.029911016198867768,0.754247512361162,0.40954802299570603,-0.20954802299570602,2.8324185851559998
2018-02-08,2018,39,0.1,0.060468160242345706,0.0395318397576543,0.7147156726035078,0.4895005356089815,-0.38950053560898146,3.2219191207649813
2018-02-09,2018,40,0.4,0.1943001630951178,0.20569983690488222,0.5090158356986255,0.4617769335697366,-0.06177693356973657,3.283696054334718
2018-02-10,2018,41,0,0.5456594664846377,-0.5456594664846377,1.0546753021832633,0.4860290275444311,-0.4860290275444311,3.769725081879149
2018-02-11,2018,42,6.1,0.19276268422478882,5.907237315775211,0,0.5216497492047677,5.578350250795232,0
2018-02-12,2018,43,0.1,0.29794480084092845,-0.19794480084092844,0.19794480084092844,0.5267555813126152,-0.42675558131261526,0.42675558131261526
2018-02-13,2018,44,0,0.50918313833539,-0.50918313833539,0.7071279391763184,0.5436539108562154,-0.5436539108562154,0.9704094921688307
2018-02-14,2018,45,0.4,0.4156540600423794,-0.015654060042379403,0.7227819992186979,0.5571802500953122,-0.15718025009531222,1.127589742264143
2018-02-15,2018,46,9,0.4471809866864604,8.55281901331354,0,0.450567890389393,8.549432109610606,0
2018-02-16,2018,47,2.4,0.7765331764579717,1.6234668235420282,0,0.4725691062345182,1.9274308937654818,0
2018-02-17,2018,48,11.6,0.2828378072025352,11.317162192797465,0,0.47225677055605875,11.12774322944394,0
2018-02-18,2018,49,0,0.3574736511250741,-0.3574736511250741,0.3574736511250741,0.5227088863902306,-0.5227088863902306,0.5227088863902306
2018-02-19,2018,50,0,0.3876429169380504,-0.3876429169380504,0.7451165680631245,0.5967279607910747,-0.5967279607910747,1.1194368471813054
2018-02-20,2018,51,0,0.7680642977766712,-0.7680642977766712,1.5131808658397956,0.9432603626168782,-0.9432603626168782,2.0626972097981837
2018-02-21,2018,52,0,0.051460575144141936,-0.051460575144141936,1.5646414409839375,0.8602787363600931,-0.8602787363600931,2.9229759461582767
2018-02-22,2018,53,0,0.1825775872609265,-0.1825775872609265,1.747219028244864,0.7347467335358442,-0.7347467335358442,3.657722679694121
2018-02-23,2018,54,0,0.09153931476881813,-0.09153931476881813,1.8387583430136822,0.6489006857153594,-0.6489006857153594,4.3066233654094805
2018-02-24,2018,55,0,0.14004506891632643,-0.14004506891632643,1.9788034119300086,0.8254191286355004,-0.8254191286355004,5.132042494044981
2018-02-25,2018,56,0,-0.09275648349868525,0.09275648349868525,1.8860469284313235,0.9999390198723646,-0.9999390198723646,6.131981513917346
2018-02-26,2018,57,0,0.5836412767501816,-0.5836412767501816,2.4696882051815052,0.9745103369103899,-0.9745103369103899,7.1064918508277355
2018-02-27,2018,58,0,0.23986739216209957,-0.23986739216209957,2.7095555973436047,0.7577546022006724,-0.7577546022006724,7.864246453028408
2018-02-28,2018,59,2.9,0.7102843633790082,2.1897156366209916,0.5198399607226132,0.8791500276167578,2.020849972383242,5.843396480645167
2018-03-01,2018,60,2.7,0.6308661054143238,2.0691338945856765,0,0.4641411965571135,2.235858803442887,3.60753767720228
2018-03-02,2018,61,1.8,0.3956970231015519,1.404302976898448,0,0.4518136738502325,1.3481863261497675,2.259351351052512
2018-03-03,2018,62,2.8,0.624389521092925,2.1756104789070747,0,0.48914592248980315,2.3108540775101964,0
2018-03-04,2018,63,0.1,1.7187516086641579,-1.6187516086641578,1.6187516086641578,0.7512066285890159,-0.6512066285890159,0.6512066285890159
2018-03-05,2018,64,0,1.5586029260000493,-1.5586029260000493,3.1773545346642074,1.0077298681645546,-1.0077298681645546,1.6589364967535705
2018-03-06,2018,65,3.9,0.6516638057817525,3.2483361942182474,0,0.6487483887942378,3.2512516112057623,0
2018-03-07,2018,66,6.3,1.0785251464341732,5.221474853565827,0,1.009602879947403,5.290397120052597,0
2018-03-08,2018,67,0,1.6559223571247306,-1.6559223571247306,1.6559223571247306,1.63409263558559,-1.63409263558559,1.63409263558559
2018-03-09,2018,68,0.6,1.0708836855056785,-0.4708836855056785,2.126806042630409,1.7953532661653573,-1.1953532661653572,2.8294459017509475
2018-03-10,2018,69,0.7,0.5777483065597534,0.12225169344024656,2.0045543491901627,0.8045080768220909,-0.10450807682209096,2.9339539785730384
2018-03-11,2018,70,3.6,0.05341691350689635,3.546583086493104,0,0.5541099459864701,3.04589005401353,0
2018-03-12,2018,71,5.9,1.3659370344663124,4.534062965533688,0,1.1257066895392747,4.774293310460726,0
2018-03-13,2018,72,2.6,0.7679895340297098,1.8320104659702903,0,1.2614512982423405,1.3385487017576596,0
2018-03-14,2018,73,0,1.5918694674392044,-1.5918694674392044,1.5918694674392044,1.438511850175879,-1.438511850175879,1.438511850175879
2018-03-15,2018,74,0,0.6603004416585604,-0.6603004416585604,2.252169909097765,0.9493441121998771,-0.9493441121998771,2.387855962375756
2018-03-16,2018,75,0.4,1.5939684130035876,-1.1939684130035877,3.4461383221013526,1.4504584240440044,-1.0504584240440042,3.4383143864197603
2018-03-17,2018,76,12.8,0.43322239549776725,12.366777604502234,0,0.6774799906717701,12.12252000932823,0
2018-03-18,2018,77,0,0.889109526263718,-0.889109526263718,0.889109526263718,0.5608963199479078,-0.5608963199479078,0.5608963199479078
2018-03-19,2018,78,0,1.2032833237433327,-1.2032833237433327,2.0923928500070508,0.8237464548206415,-0.8237464548206415,1.3846427747685492
2018-03-20,2018,79,0.7,1.4373692909829037,-0.7373692909829037,2.8297621409899545,1.1315851397167362,-0.4315851397167363,1.8162279144852855
2018-03-21,2018,80,0,0.9849766917387207,-0.9849766917387207,3.814738832728675,1.2542354439232284,-1.2542354439232284,3.0704633584085137
2018-03-22,2018,81,0.9,1.5502195930137597,-0.6502195930137596,4.464958425742434,1.3972974240195901,-0.4972974240195901,3.567760782428104
2018-03-23,2018,82,0,2.3758403741778875,-2.3758403741778875,6.8407987999203215,1.7557920408180179,-1.7557920408180179,5.323552823246121
2018-03-24,2018,83,0,1.9886367503617688,-1.9886367503617688,8.82943555028209,1.9017644696235667,-1.9017644696235667,7.225317292869688
2018-03-25,2018,84,0,1.706274395402758,-1.706274395402758,10.535709945684848,1.747207154091317,-1.747207154091317,8.972524446961005
2018-03-26,2018,85,3.8,0.8489109162901451,2.9510890837098547,7.584620861974994,1.2509569842431398,2.54904301575686,6.423481431204145
2018-03-27,2018,86,6.7,1.5175158171671137,5.182484182832886,2.4021366791421075,1.3137484631456733,5.386251536854327,1.0372298943498182
2018-03-28,2018,87,18.9,1.4653810459657999,17.4346189540342,0,1.282430198120817,17.61756980187918,0
2018-03-29,2018,88,2.4,0.40757370716033275,1.9924262928396672,0,0.8136598774651457,1.5863401225348541,0
2018-03-30,2018,89,9.2,1.4695864542264705,7.730413545773529,0,1.0187277205635341,8.181272279436465,0
2018-03-31,2018,90,7.5,0.8229456625163217,6.677054337483678,0,0.9330258045674534,6.566974195432547,0
2018-04-01,2018,91,0.3,1.55671622593071,-1.2567162259307099,1.2567162259307099,1.4866904407487587,-1.1866904407487586,1.1866904407487586
2018-04-02,2018,92,0,1.8560905577768996,-1.8560905577768996,3.1128067837076094,1.6490071535688011,-1.6490071535688011,2.8356975943175597
2018-04-03,2018,93,0,1.6666212207984767,-1.6666212207984767,4.779428004506086,1.9043739018039771,-1.9043739018039771,4.740071496121537
2018-04-04,2018,94,12.8,1.8110441934431023,10.988955806556898,0,1.9814068125245046,10.818593187475496,0
2018-04-05,2018,95,1.1,1.560499393640345,-0.460499393640345,0.460499393640345,1.8354459491302555,-0.7354459491302554,0.7354459491302554
2018-04-06,2018,96,0,2.787392819316179,-2.787392819316179,3.2478922129565237,2.475768933235526,-2.475768933235526,3.2112148823657813
2018-04-07,2018,97,0,2.8285885641403605,-2.8285885641403605,6.076480777096885,2.7767047004497103,-2.7767047004497103,5.987919582815492
2018-04-08,2018,98,0,2.9341509766443474,-2.9341509766443474,9.010631753741233,3.207034690265369,-3.207034690265369,9.19495427308086
2018-04-09,2018,99,0,2.4052650072055313,-2.4052650072055313,11.415896760946765,2.678103816455398,-2.678103816455398,11.873058089536258
2018-04-10,2018,100,0.1,0.9953051647930061,-0.8953051647930061,12.311201925739772,1.5620454692863899,-1.4620454692863898,13.335103558822647
2018-04-11,2018,101,0,1.8615901010126472,-1.8615901010126472,14.172792026752418,2.3196605150495415,-2.3196605150495415,15.654764073872188
2018-04-12,2018,102,0,2.9618221429711538,-2.9618221429711538,17.134614169723573,3.072857460865335,-3.072857460865335,18.727621534737523
2018-04-13,2018,103,0,2.703968773140579,-2.703968773140579,19.83858294286415,2.877049660187221,-2.877049660187221,21.604671194924745
2018-04-14,2018,104,0,2.937247598548089,-2.937247598548089,22.77583054141224,2.8414901820579663,-2.8414901820579663,24.44616137698271
2018-04-15,2018,105,0.4,2.642364420812831,-2.242364420812831,25.01819496222507,2.65345076370845,-2.25345076370845,26.699612140691162
2018-04-16,2018,106,0,1.8801976546769372,-1.8801976546769372,26.898392616902008,2.087698861533909,-2.087698861533909,28.78731100222507
2018-04-17,2018,107,0,3.718669576698344,-3.718669576698344,30.61706219360035,3.5014592831006177,-3.5014592831006177,32.28877028532569
2018-04-18,2018,108,0,3.914113504600603,-3.914113504600603,34.531175698200954,3.904125139421617,-3.904125139421617,36.192895424747306
2018-04-19,2018,109,0,4.032142007079004,-4.032142007079004,38.56331770527996,4.01411704278314,-4.01411704278314,40.20701246753045
2018-04-20,2018,110,0,3.9988976150156033,-3.9988976150156033,42.56221532029556,4.06885358673765,-4.06885358673765,44.2758660542681
2018-04-21,2018,111,0,4.158922170433927,-4.158922170433927,46.72113749072948,4.379172249999833,-4.379172249999833,48.65503830426793
2018-04-22,2018,112,0,4.147429052109085,-4.147429052109085,50.868566542838565,4.298103299091606,-4.298103299091606,52.95314160335954
2018-04-23,2018,113,0.2,2.5213245463830996,-2.3213245463830994,53.18989108922166,3.175220247146985,-2.975220247146985,55.928361850506526
2018-04-24,2018,114,0,4.309261740781895,-4.309261740781895,57.49915283000355,3.926474839865765,-3.926474839865765,59.854836690372295
2018-04-25,2018,115,0,4.001273063794572,-4.001273063794572,61.50042589379812,4.295871372077467,-4.295871372077467,64.15070806244977
2018-04-26,2018,116,0,1.8024331152936308,-1.8024331152936308,63.302859009091755,2.5735074896857704,-2.5735074896857704,66.72421555213553
2018-04-27,2018,117,0,4.320968161510654,-4.320968161510654,67.62382717060241,4.071815596737994,-4.071815596737994,70.79603114887352
2018-04-28,2018,118,0,4.421461537867582,-4.421461537867582,72.04528870847,3.972863547255669,-3.972863547255669,74.7688946961292
2018-04-29,2018,119,4.9,3.75230150065717,1.1476984993428303,70.89759020912717,4.0128880034702155,0.8871119965297849,73.88178269959941
2018-04-30,2018,120,0.8,4.493645383313453,-3.693645383313453,74.59123559244063,3.849849948589025,-3.049849948589025,76.93163264818844
2018-05-01,2018,121,2.9,2.2998932024997965,0.6001067975002035,73.99112879494042,2.0232311031812555,0.8767688968187444,76.0548637513697
2018-05-02,2018,122,4.6,2.2332962959390508,2.366703704060949,71.62442509087947,2.0171342404835415,2.582865759516458,73.47199799185324
2018-05-03,2018,123,0.7,1.0264590857847884,-0.32645908578478844,71.95088417666426,1.23001254117131,-0.5300125411713101,74.00201053302456
2018-05-04,2018,124,0,0.7741557704759956,-0.7741557704759956,72.72503994714026,1.6620748004930275,-1.6620748004930275,75.66408533351759
2018-05-05,2018,125,0,4.635923878146404,-4.635923878146404,77.36096382528666,4.016953662913955,-4.016953662913955,79.68103899643154
2018-05-06,2018,126,0,4.868291630363589,-4.868291630363589,82.22925545565025,4.135828795543565,-4.135828795543565,83.8168677919751
2018-05-07,2018,127,3.4,4.55730307203236,-1.1573030720323598,83.38655852768261,4.214208070849494,-0.8142080708494936,84.63107586282459
2018-05-08,2018,128,0,4.96415135940778,-4.96415135940778,88.35070988709039,4.373310981596055,-4.373310981596055,89.00438684442064
2018-05-09,2018,129,0.4,3.858881007630629,-3.458881007630629,91.80959089472101,3.6790619925738905,-3.2790619925738906,92.28344883699452
2018-05-10,2018,130,0.7,0.6817943603010489,0.01820563969895106,91.79138525502206,1.2418765227898902,-0.5418765227898903,92.82532535978442
2018-05-11,2018,131,0,4.9541663394538,-4.9541663394538,96.74555159447587,4.02858237935797,-4.02858237935797,96.85390773914239
2018-05-12,2018,132,0.3,4.783567624318914,-4.483567624318914,101.22911921879478,4.16236585740056,-3.86236585740056,100.71627359654295
2018-05-13,2018,133,0.7,0.5531131292622803,0.14688687073771967,101.08223234805706,1.042979541017186,-0.3429795410171861,101.05925313756013
2018-05-14,2018,134,15.6,2.8212431603879566,12.778756839612043,88.30347550844502,2.104457707801498,13.495542292198502,87.56371084536163
2018-05-15,2018,135,11.6,1.847885839707385,9.752114160292615,78.5513613481524,1.5139133939932035,10.086086606006797,77.47762423935482
2018-05-16,2018,136,3.6,1.3968607164105489,2.203139283589451,76.34822206456295,1.4477844161626585,2.1522155838373416,75.32540865551748
2018-05-17,2018,137,3,3.4162239751001566,-0.41622397510015663,76.7644460396631,2.686645326647421,0.31335467335257894,75.0120539821649
2018-05-18,2018,138,0,4.41784823597248,-4.41784823597248,81.18229427563558,3.656633646280657,-3.656633646280657,78.66868762844555
2018-05-19,2018,139,25.6,4.081491407631785,21.518508592368217,59.66378568326736,3.279772535858291,22.32022746414171,56.348460164303845
2018-05-20,2018,140,0,4.164429585828762,-4.164429585828762,63.82821526909613,3.1886139761088104,-3.1886139761088104,59.537074140412656
2018-05-21,2018,141,0,5.404973187463259,-5.404973187463259,69.23318845655939,4.498718971315346,-4.498718971315346,64.035793111728
2018-05-22,2018,142,16.9,5.071811265873529,11.82818873412647,57.40499972243292,4.101678706614086,12.798321293385913,51.23747181834209
2018-05-23,2018,143,11.4,3.4994372782574668,7.900562721742533,49.50443700069039,2.7819973283854527,8.618002671614548,42.61946914672754
2018-05-24,2018,144,0,5.001101872894139,-5.001101872894139,54.50553887358453,4.1437423536379265,-4.1437423536379265,46.763211500365465
2018-05-25,2018,145,0,5.686651610357093,-5.686651610357093,60.19219048394162,5.087186346406702,-5.087186346406702,51.85039784677217
2018-05-26,2018,146,3.3,4.328428775652441,-1.0284287756524408,61.220619259594066,4.117815422101893,-0.8178154221018934,52.66821326887406
2018-05-27,2018,147,9.1,3.3219790969332683,5.778020903066731,55.442598356527334,3.37880909745159,5.721190902548409,46.947022366325655
2018-05-28,2018,148,3.2,5.012389695189762,-1.8123896951897622,57.2549880517171,4.1928762507727955,-0.9928762507727953,47.93989861709845
2018-05-29,2018,149,0,4.327557942409879,-4.327557942409879,61.582545994126974,3.4949067144886454,-3.4949067144886454,51.43480533158709
2018-05-30,2018,150,8.6,4.635253940378925,3.964746059621075,57.617799934505896,4.005616256141596,4.594383743858404,46.84042158772869
2018-05-31,2018,151,6.7,3.540971387525411,3.159028612474589,54.45877132203131,3.1237602886745406,3.5762397113254596,43.264181876403235
2018-06-01,2018,152,0,5.3948744333669225,-5.3948744333669225,59.85364575539823,4.438349977607033,-4.438349977607033,47.70253185401027
2018-06-02,2018,153,0,5.472564003715788,-5.472564003715788,65.32620975911402,4.769622304771143,-4.769622304771143,52.47215415878141
2018-06-03,2018,154,1.2,4.683335993592507,-3.4833359935925072,68.80954575270653,4.105531337850698,-2.9055313378506975,55.377685496632104
2018-06-04,2018,155,2.6,3.702540174149351,-1.1025401741493508,69.91208592685588,3.2396522168547044,-0.6396522168547043,56.01733771348681
2018-06-05,2018,156,0,6.09636331416135,-6.09636331416135,76.00844924101723,4.783830083104486,-4.783830083104486,60.801167796591294
2018-06-06,2018,157,7.5,4.547667313449031,2.952332686550969,73.05611655446626,3.7944161973543196,3.7055838026456804,57.09558399394561
2018-06-07,2018,158,1.1,4.638582443915237,-3.5385824439152374,76.59469899838149,3.731128967076522,-2.631128967076522,59.72671296102213
2018-06-08,2018,159,14,3.2030050387150326,10.796994961284968,65.79770403709652,2.690019572076493,11.309980427923508,48.416732533098624
2018-06-09,2018,160,0,5.401670236767628,-5.401670236767628,71.19937427386415,4.38487157527569,-4.38487157527569,52.80160410837431
2018-06-10,2018,161,0,5.662709596627211,-5.662709596627211,76.86208387049136,4.996314469541518,-4.996314469541518,57.79791857791583
2018-06-11,2018,162,17.4,2.5791889359878746,14.820811064012124,62.041272806479235,2.50122418854186,14.898775811458139,42.89914276645769
2018-06-12,2018,163,23.5,2.4267352360750176,21.073264763924982,40.96800804255425,2.0793294580166006,21.420670541983398,21.478472224474295
2018-06-13,2018,164,3,1.3861639592187691,1.6138360407812309,39.35417200177302,1.3317346101476406,1.6682653898523594,19.810206834621937
2018-06-14,2018,165,0,5.2910995101822715,-5.2910995101822715,44.64527151195529,4.1756677022931,-4.1756677022931,23.985874536915038
2018-06-15,2018,166,0,5.730603024753537,-5.730603024753537,50.37587453670883,4.798766536073996,-4.798766536073996,28.784641072989032
2018-06-16,2018,167,0,5.790766452378698,-5.790766452378698,56.166640989087526,4.914488860982993,-4.914488860982993,33.699129933972024
2018-06-17,2018,168,0,3.4942752296938133,-3.4942752296938133,59.66091621878134,3.3422033645581117,-3.3422033645581117,37.041333298530134
2018-06-18,2018,169,0,5.994644391002562,-5.994644391002562,65.6555606097839,4.985151334324272,-4.985151334324272,42.026484632854405
2018-06-19,2018,170,0,6.133517025207631,-6.133517025207631,71.78907763499154,5.314792913430933,-5.314792913430933,47.34127754628534
2018-06-20,2018,171,0,6.279741868231261,-6.279741868231261,78.0688195032228,5.43715229272396,-5.43715229272396,52.7784298390093
2018-06-21,2018,172,0,5.790674182027383,-5.790674182027383,83.85949368525019,5.398151487602853,-5.398151487602853,58.17658132661215
2018-06-22,2018,173,0,5.634486472064346,-5.634486472064346,89.49398015731452,5.608513815526122,-5.608513815526122,63.785095142138275
2018-06-23,2018,174,0,5.447595143779289,-5.447595143779289,94.94157530109382,4.9981197381208196,-4.9981197381208196,68.7832148802591
2018-06-24,2018,175,0,4.514271024755841,-4.514271024755841,99.45584632584966,4.518883379212941,-4.518883379212941,73.30209825947203
2018-06-25,2018,176,0,5.878092909920606,-5.878092909920606,105.33393923577027,5.190221631660021,-5.190221631660021,78.49231989113206
2018-06-26,2018,177,0,5.882649212148987,-5.882649212148987,111.21658844791926,5.50443395236816,-5.50443395236816,83.99675384350022
2018-06-27,2018,178,0,5.809886017332639,-5.809886017332639,117.02647446525191,5.769306526615944,-5.769306526615944,89.76606037011616
2018-06-28,2018,179,0,5.237226926577719,-5.237226926577719,122.26370139182963,5.419990698966003,-5.419990698966003,95.18605106908217
2018-06-29,2018,180,0,5.521234276788454,-5.521234276788454,127.78493566861808,4.674678391895278,-4.674678391895278,99.86072946097745
2018-06-30,2018,181,0,6.372887194704604,-6.372887194704604,134.15782286332268,5.652573317475572,-5.652573317475572,105.51330277845302
2018-07-01,2018,182,0,6.356286451287054,-6.356286451287054,140.51410931460973,6.13072520264703,-6.13072520264703,111.64402798110005
2018-07-02,2018,183,15.5,6.293657871792154,9.206342128207847,131.3077671864019,5.879771216478201,9.6202287835218,102.02379919757826
2018-07-03,2018,184,12.3,2.941381726362589,9.358618273637411,121.94914891276449,2.987594215286592,9.312405784713409,92.71139341286485
2018-07-04,2018,185,4.4,5.768839908590065,-1.3688399085900649,123.31798882135455,5.0852500454497385,-0.6852500454497381,93.39664345831459
2018-07-05,2018,186,5.4,2.766009306192992,2.6339906938070086,120.68399812754754,2.642704833531945,2.7572951664680554,90.63934829184653
2018-07-06,2018,187,11.6,1.9763924652089553,9.623607534791045,111.06039059275649,2.0824148579980215,9.517585142001979,81.12176314984455
2018-07-07,2018,188,0,5.962968651046689,-5.962968651046689,117.02335924380318,5.069887946756948,-5.069887946756948,86.1916510966015
2018-07-08,2018,189,0,5.885966892767667,-5.885966892767667,122.90932613657085,5.341728069934471,-5.341728069934471,91.53337916653598
2018-07-09,2018,190,0,5.860527324448338,-5.860527324448338,128.76985346101918,5.5663981510897,-5.5663981510897,97.09977731762568
2018-07-10,2018,191,0,3.585689228501669,-3.585689228501669,132.35554268952086,3.8035280038016053,-3.8035280038016053,100.90330532142728
2018-07-11,2018,192,0,5.379051611613225,-5.379051611613225,137.73459430113408,4.953525565679711,-4.953525565679711,105.856830887107
2018-07-12,2018,193,0,5.421472573083956,-5.421472573083956,143.15606687421803,5.149959550352979,-5.149959550352979,111.00679043745997
2018-07-13,2018,194,0,5.8102773416802105,-5.8102773416802105,148.96634421589823,5.304419082230857,-5.304419082230857,116.31120951969082
2018-07-14,2018,195,2.9,5.544173214657025,-2.6441732146570254,151.61051743055526,5.278951282097915,-2.378951282097915,118.69016080178874
2018-07-15,2018,196,1.7,5.145807115816939,-3.4458071158169385,155.0563245463722,4.915454600992006,-3.2154546009920058,121.90561540278074
2018-07-16,2018,197,0,5.7124582816253815,-5.7124582816253815,160.76878282799757,5.4723140585401335,-5.4723140585401335,127.37792946132087
2018-07-17,2018,198,9.4,4.266625179245236,5.1333748207547645,155.6354080072428,4.401666153989215,4.998333846010786,122.3795956153101
2018-07-18,2018,199,0,5.834004263531232,-5.834004263531232,161.46941227077403,5.492780863546337,-5.492780863546337,127.87237647885644
2018-07-19,2018,200,0,5.318228088088987,-5.318228088088987,166.78764035886303,5.158730550774658,-5.158730550774658,133.0311070296311
2018-07-20,2018,201,9.4,2.7171020294592787,6.682897970540722,160.1047423883223,3.306594717211407,6.093405282788593,126.9377017468425
2018-07-21,2018,202,0.2,2.2548092494809966,-2.0548092494809964,162.1595516378033,2.391839106280341,-2.191839106280341,129.12954085312285
2018-07-22,2018,203,0,4.796918259959431,-4.796918259959431,166.95646989776273,4.563275372236949,-4.563275372236949,133.6928162253598
2018-07-23,2018,204,0,4.85071161006087,-4.85071161006087,171.8071815078236,4.703996447310098,-4.703996447310098,138.39681267266988
2018-07-24,2018,205,6.3,5.8704560927124785,0.42954390728752134,171.37763760053608,5.468710638931335,0.8312893610686647,137.56552331160123
2018-07-25,2018,206,0,4.87063077511933,-4.87063077511933,176.2482683756554,4.78793838480543,-4.78793838480543,142.35346169640667
2018-07-26,2018,207,0,5.688130111758961,-5.688130111758961,181.93639848741438,6.271841647057129,-6.271841647057129,148.6253033434638
2018-07-27,2018,208,7.7,5.689960372380587,2.0100396276194132,179.92635885979496,5.569125663432596,2.1308743365674045,146.49442900689638
2018-07-28,2018,209,1.8,1.279741007852682,0.520258992147318,179.40609986764764,1.961224793828835,-0.16122479382883492,146.65565380072522
2018-07-29,2018,210,0,5.678446496940383,-5.678446496940383,185.08454636458802,5.0707361930819985,-5.0707361930819985,151.72638999380723
2018-07-30,2018,211,0,5.525676470311249,-5.525676470311249,190.61022283489928,5.3279183573255855,-5.3279183573255855,157.05430835113282
2018-07-31,2018,212,0,5.482256997566883,-5.482256997566883,196.09247983246615,5.384226339226478,-5.384226339226478,162.4385346903593
2018-08-01,2018,213,1.8,3.979305880045119,-2.179305880045119,198.27178571251127,4.133069947302159,-2.3330699473021594,164.77160463766145
2018-08-02,2018,214,0,5.647418373735439,-5.647418373735439,203.9192040862467,5.414221354791772,-5.414221354791772,170.18582599245323
2018-08-03,2018,215,0,5.694515341231882,-5.694515341231882,209.6137194274786,6.032008873623156,-6.032008873623156,176.2178348660764
2018-08-04,2018,216,0,4.1145429907266005,-4.1145429907266005,213.7282624182052,4.600764558559384,-4.600764558559384,180.81859942463578
2018-08-05,2018,217,0,5.723040717459519,-5.723040717459519,219.45130313566472,5.882433140755594,-5.882433140755594,186.70103256539136
2018-08-06,2018,218,1.5,5.0096103879247655,-3.5096103879247655,222.96091352358948,5.571290034709579,-4.071290034709579,190.77232260010095
2018-08-07,2018,219,0.5,4.260678396258576,-3.7606783962585757,226.72159191984807,4.807955991486277,-4.307955991486277,195.08027859158722
2018-08-08,2018,220,0.1,3.9244251660547462,-3.824425166054746,230.5460170859028,4.487132500330898,-4.387132500330899,199.4674110919181
2018-08-09,2018,221,0.6,2.884177779056482,-2.284177779056482,232.83019486495928,3.7122751018097784,-3.1122751018097783,202.5796861937279
2018-08-10,2018,222,0,4.790684035048118,-4.790684035048118,237.6208789000074,4.3678190043235325,-4.3678190043235325,206.94750519805143
2018-08-11,2018,223,0,4.0766898234861335,-4.0766898234861335,241.69756872349353,4.392865031098247,-4.392865031098247,211.34037022914967
2018-08-12,2018,224,0,4.750651959578894,-4.750651959578894,246.44822068307244,5.258302628023379,-5.258302628023379,216.59867285717306
2018-08-13,2018,225,23.6,2.4817219088485616,21.11827809115144,225.329942591921,2.77322862838065,20.82677137161935,195.7719014855537
2018-08-14,2018,226,6.4,2.8112765148692875,3.588723485130713,221.74121910679028,2.430890245235109,3.9691097547648915,191.8027917307888
2018-08-15,2018,227,0,4.663075940698069,-4.663075940698069,226.40429504748835,4.283892682691225,-4.283892682691225,196.08668441348004
2018-08-16,2018,228,0,4.6642502534684835,-4.6642502534684835,231.06854530095683,4.376407308914256,-4.376407308914256,200.4630917223943
2018-08-17,2018,229,21.7,2.5901080278465254,19.109891972153473,211.95865332880336,3.035644636643238,18.664355363356762,181.79873635903755
2018-08-18,2018,230,0,4.161002708784518,-4.161002708784518,216.11965603758787,3.6127807178841476,-3.6127807178841476,185.41151707692168
2018-08-19,2018,231,0,4.453019919983174,-4.453019919983174,220.57267595757105,4.019116254660936,-4.019116254660936,189.4306333315826
2018-08-20,2018,232,0,4.603908745559908,-4.603908745559908,225.17658470313097,4.675172121066627,-4.675172121066627,194.10580545264924
2018-08-21,2018,233,0,4.509488575134501,-4.509488575134501,229.68607327826547,4.716009579430131,-4.716009579430131,198.82181503207937
2018-08-22,2018,234,0.4,4.535005335984686,-4.135005335984686,233.82107861425015,4.946977845763947,-4.546977845763947,203.3687928778433
2018-08-23,2018,235,6.2,4.477396534865236,1.722603465134764,232.0984751491154,4.666601022786569,1.533398977213431,201.83539390062987
2018-08-24,2018,236,0,3.2284390355034867,-3.2284390355034867,235.3269141846189,3.410936787812778,-3.410936787812778,205.24633068844264
2018-08-25,2018,237,3.5,0.3517647871476142,3.1482352128523856,232.1786789717665,1.3810498984377644,2.118950101562236,203.1273805868804
2018-08-26,2018,238,0,3.6365090281904315,-3.6365090281904315,235.81518799995692,3.1917658692022264,-3.1917658692022264,206.31914645608262
2018-08-27,2018,239,0,4.147422862475563,-4.147422862475563,239.96261086243248,3.7282094862289936,-3.7282094862289936,210.0473559423116
2018-08-28,2018,240,0,3.7177365869147585,-3.7177365869147585,243.68034744934724,3.719492557613668,-3.719492557613668,213.7668484999253
2018-08-29,2018,241,25.7,3.0815190328959243,22.618480967104077,221.06186648224315,3.0856851266152048,22.614314873384796,191.1525336265405
2018-08-30,2018,242,0,1.672337340048349,-1.672337340048349,222.7342038222915,1.802069826870482,-1.802069826870482,192.95460345341098
2018-08-31,2018,243,2.3,0.8184283786621082,1.4815716213378916,221.25263220095363,1.1780148926686205,1.1219851073313793,191.8326183460796
2018-09-01,2018,244,1,0.9331907747073798,0.06680922529262023,221.185822975661,1.1891421391860861,-0.18914213918608613,192.0217604852657
2018-09-02,2018,245,0,0.88710257138097,-0.88710257138097,222.072925547042,1.3261794046432418,-1.3261794046432418,193.34793988990896
2018-09-03,2018,246,0,1.8628483207839028,-1.8628483207839028,223.9357738678259,1.8806466229582546,-1.8806466229582546,195.22858651286722
2018-09-04,2018,247,0,3.6319301678197036,-3.6319301678197036,227.5677040356456,3.0978394821208806,-3.0978394821208806,198.3264259949881
2018-09-05,2018,248,0,3.4469629426976653,-3.4469629426976653,231.01466697834326,3.09160990491356,-3.09160990491356,201.41803589990167
2018-09-06,2018,249,2.5,2.056771576132407,0.443228423867593,230.57143855447566,2.0530925383510796,0.44690746164892037,200.97112843825275
2018-09-07,2018,250,0,3.7084092483879996,-3.7084092483879996,234.27984780286366,3.1574529056381535,-3.1574529056381535,204.12858134389091
2018-09-08,2018,251,0,3.400935535937018,-3.400935535937018,237.68078333880067,3.2445084768399872,-3.2445084768399872,207.3730898207309
2018-09-09,2018,252,0,3.4074490491942666,-3.4074490491942666,241.08823238799494,3.2796571699177197,-3.2796571699177197,210.65274699064864
2018-09-10,2018,253,0,3.2032729571886955,-3.2032729571886955,244.29150534518362,3.189047912859027,-3.189047912859027,213.84179490350766
2018-09-11,2018,254,0,3.300202929209859,-3.300202929209859,247.59170827439348,3.4532713813646057,-3.4532713813646057,217.29506628487226
2018-09-12,2018,255,6.6,3.5645940988158102,3.0354059011841894,244.5563023732093,3.5106252716285686,3.089374728371431,214.20569155650082
2018-09-13,2018,256,7.3,3.222294939962364,4.077705060037635,240.47859731317166,2.618994438176486,4.681005561823514,209.5246859946773
2018-09-14,2018,257,0,2.994477025196637,-2.994477025196637,243.4730743383683,2.483455864194454,-2.483455864194454,212.00814185887174
2018-09-15,2018,258,0,3.0044897662504937,-3.0044897662504937,246.47756410461878,3.0930714219252424,-3.0930714219252424,215.10121328079697
2018-09-16,2018,259,0,2.0135484644428194,-2.0135484644428194,248.49111256906158,2.222725865466518,-2.222725865466518,217.32393914626348
2018-09-17,2018,260,0,2.970506951110975,-2.970506951110975,251.46161952017255,2.8926722065550523,-2.8926722065550523,220.21661135281855
2018-09-18,2018,261,0,2.755044536176198,-2.755044536176198,254.21666405634875,2.762508236441229,-2.762508236441229,222.97911958925977
2018-09-19,2018,262,0,2.878733424708743,-2.878733424708743,257.0953974810575,2.9394601017166875,-2.9394601017166875,225.91857969097646
2018-09-20,2018,263,0,2.852601845082522,-2.852601845082522,259.94799932614,3.01657385595998,-3.01657385595998,228.93515354693645
2018-09-21,2018,264,0.3,1.4056094782027546,-1.1056094782027546,261.0536088043428,2.671451131855168,-2.371451131855168,231.30660467879162
2018-09-22,2018,265,0,2.764744183551487,-2.764744183551487,263.8183529878943,2.6421566015521987,-2.6421566015521987,233.9487612803438
2018-09-23,2018,266,11.9,3.2174601246114527,8.682539875388548,255.13581311250573,4.082450217554974,7.817549782445027,226.1312114978988
2018-09-24,2018,267,0,1.0495176592600894,-1.0495176592600894,256.1853307717658,1.8904887166845212,-1.8904887166845212,228.02170021458332
2018-09-25,2018,268,0,1.863154262883676,-1.863154262883676,258.04848503464945,2.5495162307086288,-2.5495162307086288,230.57121644529195
2018-09-26,2018,269,0,2.1103157615399737,-2.1103157615399737,260.15880079618944,2.0833982597426868,-2.0833982597426868,232.65461470503465
2018-09-27,2018,270,0,2.211923624481652,-2.211923624481652,262.3707244206711,2.201101111502147,-2.201101111502147,234.8557158165368
2018-09-28,2018,271,0,2.2335264119244447,-2.2335264119244447,264.60425083259554,2.529534616384613,-2.529534616384613,237.3852504329214
2018-09-29,2018,272,0,1.554662448712411,-1.554662448712411,266.15891328130795,1.753005919034067,-1.753005919034067,239.13825635195548
2018-09-30,2018,273,9.5,2.3891380827810313,7.110861917218969,259.04805136408896,1.9096823905578062,7.590317609442193,231.54793874251328
2018-10-01,2018,274,0.8,0.546517729364311,0.25348227063568907,258.7945690934533,0.9929061432074623,-0.19290614320746224,231.74084488572075
2018-10-02,2018,275,0,1.8098736540098785,-1.8098736540098785,260.60444274746317,1.3719879881769677,-1.3719879881769677,233.1128328738977
2018-10-03,2018,276,0,1.4386670873626746,-1.4386670873626746,262.0431098348258,1.5596669487914976,-1.5596669487914976,234.6724998226892
2018-10-04,2018,277,0,1.5307283085336918,-1.5307283085336918,263.5738381433595,1.622046113751143,-1.622046113751143,236.29454593644033
2018-10-05,2018,278,0,1.8982163691129512,-1.8982163691129512,265.4720545124725,1.8035389665479418,-1.8035389665479418,238.09808490298826
2018-10-06,2018,279,0,1.0362795239507046,-1.0362795239507046,266.5083340364232,1.2782886968084817,-1.2782886968084817,239.37637359979675
2018-10-07,2018,280,0,0.9130966291860778,-0.9130966291860778,267.4214306656093,1.3317735338777013,-1.3317735338777013,240.70814713367446
2018-10-08,2018,281,0,0.5797196982485343,-0.5797196982485343,268.00115036385785,1.0833857235412128,-1.0833857235412128,241.79153285721569
2018-10-09,2018,282,0,1.92676739770409,-1.92676739770409,269.92791776156196,1.5590763196672939,-1.5590763196672939,243.35060917688298
2018-10-10,2018,283,0,1.9473851361488979,-1.9473851361488979,271.87530289771087,1.323113776587948,-1.323113776587948,244.67372295347093
2018-10-11,2018,284,0,0.5105875438145322,-0.5105875438145322,272.3858904415254,1.0432846102147615,-1.0432846102147615,245.71700756368568
2018-10-12,2018,285,0,1.530136511974735,-1.530136511974735,273.91602695350014,1.6039743215289761,-1.6039743215289761,247.32098188521465
2018-10-13,2018,286,0,1.4648947254325124,-1.4648947254325124,275.3809216789326,1.556572458023602,-1.556572458023602,248.87755434323824
2018-10-14,2018,287,0,1.3044347822775162,-1.3044347822775162,276.6853564612101,1.4838365736370427,-1.4838365736370427,250.36139091687528
2018-10-15,2018,288,0,1.0755421037856916,-1.0755421037856916,277.7608985649958,1.5451205901813627,-1.5451205901813627,251.90651150705665
2018-10-16,2018,289,0,1.0015878644026026,-1.0015878644026026,278.7624864293984,1.3902135989970534,-1.3902135989970534,253.2967251060537
2018-10-17,2018,290,0,0.9501483748726526,-0.9501483748726526,279.71263480427103,1.306176384512158,-1.306176384512158,254.60290149056587
2018-10-18,2018,291,0,0.9582740155694679,-0.9582740155694679,280.6709088198405,1.4854302320548376,-1.4854302320548376,256.0883317226207
2018-10-19,2018,292,0,0.751648869950512,-0.751648869950512,281.422557689791,1.0652573849862745,-1.0652573849862745,257.153589107607
2018-10-20,2018,293,0,1.0607770440750908,-1.0607770440750908,282.4833347338661,1.1260641595634002,-1.1260641595634002,258.2796532671704
2018-10-21,2018,294,0,0.6236326289459162,-0.6236326289459162,283.10696736281204,0.9599044137218117,-0.9599044137218117,259.2395576808922
2018-10-22,2018,295,0,0.717512481920604,-0.717512481920604,283.82447984473265,1.3815004142011464,-1.3815004142011464,260.6210580950933
2018-10-23,2018,296,0,0.8683564533598154,-0.8683564533598154,284.69283629809246,0.9623636340139572,-0.9623636340139572,261.5834217291073
2018-10-24,2018,297,0,0.5814070280487106,-0.5814070280487106,285.2742433261412,1.3303990205194245,-1.3303990205194245,262.9138207496267
2018-10-25,2018,298,0,0.7868291868909726,-0.7868291868909726,286.0610725130322,0.9351171225986543,-0.9351171225986543,263.84893787222535
2018-10-26,2018,299,0.7,0.41690947454474975,0.2830905254552502,285.77798198757694,0.6588508281379986,0.0411491718620014,263.80778870036335
2018-10-27,2018,300,31.8,0.19538196048230363,31.604618039517696,254.17336394805923,0.5400341178134633,31.25996588218654,232.5478228181768
2018-10-28,2018,301,2.5,0.5537950261257383,1.9462049738742617,252.22715897418496,0.4179854100090635,2.0820145899909366,230.46580822818586
2018-10-29,2018,302,3.9,0.010388565970111152,3.889611434029889,248.33754754015507,0.4631123011334732,3.436887698866527,227.02892052931935
2018-10-30,2018,303,0.6,-0.19184108429032173,0.7918410842903217,247.54570645586475,0.8086939981009643,-0.20869399810096434,227.2376145274203
2018-10-31,2018,304,0,-0.09234807868415516,0.09234807868415516,247.4533583771806,0.44220218136257833,-0.44220218136257833,227.67981670878288
2018-11-01,2018,305,2.8,1.018999710085047,1.7810002899149528,245.67235808726565,0.6477380711687053,2.1522619288312947,225.52755477995157
2018-11-02,2018,306,0.5,0.19776617463519225,0.30223382536480775,245.37012426190086,0.4832728100021917,0.01672718999780831,225.51082758995378
2018-11-03,2018,307,0,0.7232013219101711,-0.7232013219101711,246.09332558381104,0.8644726026441719,-0.8644726026441719,226.37530019259796
2018-11-04,2018,308,0,0.4686826226192736,-0.4686826226192736,246.5620082064303,0.589638502934551,-0.589638502934551,226.9649386955325
2018-11-05,2018,309,0,0.6204207485660569,-0.6204207485660569,247.18242895499637,0.4990373683169121,-0.4990373683169121,227.46397606384943
2018-11-06,2018,310,0,1.0609397333572714,-1.0609397333572714,248.24336868835363,0.6033998244116481,-0.6033998244116481,228.06737588826107
2018-11-07,2018,311,4.4,0.48298269167116054,3.9170173083288398,244.3263513800248,0.5151072409453288,3.8848927590546714,224.1824831292064
2018-11-08,2018,312,0,0.3888834686509832,-0.3888834686509832,244.71523484867578,0.4957585208892545,-0.4957585208892545,224.67824165009566
2018-11-09,2018,313,0,0.6311594591403277,-0.6311594591403277,245.3463943078161,0.33597018026825687,-0.33597018026825687,225.0142118303639
2018-11-10,2018,314,1.7,0.5797934746210147,1.1202065253789852,244.2261877824371,0.3853492032749157,1.3146507967250842,223.69956103363882
2018-11-11,2018,315,2.3,0.46233772743317686,1.837662272566823,242.38852550987028,0.4131125733176405,1.8868874266823594,221.81267360695645
2018-11-12,2018,316,0,0.8263371084928752,-0.8263371084928752,243.21486261836316,0.39454737390438926,-0.39454737390438926,222.20722098086085
2018-11-13,2018,317,6.4,0.10443085555182184,6.295569144448178,236.919293473915,0.4349146953124575,5.965085304687543,216.24213567617332
2018-11-14,2018,318,0,0.5224161725937907,-0.5224161725937907,237.44170964650877,0.47718319631857115,-0.47718319631857115,216.7193188724919
2018-11-15,2018,319,0,0.28919675092747976,-0.28919675092747976,237.73090639743626,0.4554783441860443,-0.4554783441860443,217.17479721667794
2018-11-16,2018,320,0,0.1329373987644222,-0.1329373987644222,237.86384379620068,0.46176480200733955,-0.46176480200733955,217.63656201868528
2018-11-17,2018,321,0,0.07161113387770784,-0.07161113387770784,237.93545493007838,0.5532016896085326,-0.5532016896085326,218.1897637082938
2018-11-18,2018,322,0,0.10348944968789973,-0.10348944968789973,238.0389443797663,0.5477272929601437,-0.5477272929601437,218.73749100125394
2018-11-19,2018,323,0.2,-0.08334114314820248,0.28334114314820247,237.7556032366181,0.4477617071765322,-0.24776170717653218,218.98525270843047
2018-11-20,2018,324,0,0.15721226198958083,-0.15721226198958083,237.91281549860767,0.3622377302712362,-0.3622377302712362,219.3474904387017
2018-11-21,2018,325,0.1,0.45589695919970247,-0.35589695919970243,238.26871245780737,0.28206598944877637,-0.18206598944877636,219.52955642815047
2018-11-22,2018,326,0,0.7131623896460311,-0.7131623896460311,238.9818748474534,0.1461051498358928,-0.1461051498358928,219.67566157798638
2018-11-23,2018,327,1.1,0.30598449936189215,0.794015500638108,238.18785934681532,0.27430494420856644,0.8256950557914337,218.84996652219493
2018-11-24,2018,328,0,0.44592575383966687,-0.44592575383966687,238.633785100655,0.14575949544396255,-0.14575949544396255,218.9957260176389
2018-11-25,2018,329,0,0.22430902453221813,-0.22430902453221813,238.85809412518722,0.23927098336631666,-0.23927098336631666,219.2349970010052
2018-11-26,2018,330,1.4,0.15674647999754016,1.2432535200024597,237.61484060518475,0.3687842964680169,1.0312157035319829,218.20378129747323
2018-11-27,2018,331,1.9,0.06841404815159828,1.8315859518484017,235.78325465333634,0.3059689581392539,1.594031041860746,216.60975025561248
2018-11-28,2018,332,0,0.43228822929501676,-0.43228822929501676,236.21554288263135,0.14358806095492338,-0.14358806095492338,216.7533383165674
2018-11-29,2018,333,0,-0.2028155724504888,0.2028155724504888,236.01272731018088,0.25176068973707516,-0.25176068973707516,217.00509900630448
2018-11-30,2018,334,1.1,0.0157262347449047,1.0842737652550953,234.9284535449258,0.30899519159989763,0.7910048084001025,216.2140941979044
2018-12-01,2018,335,0.9,0.24663693494371833,0.6533630650562817,234.2750904798695,0.19167483944306096,0.7083251605569391,215.50576903734745
2018-12-02,2018,336,25.8,0.1673363143433192,25.63266368565668,0,0.4279005907711266,25.372099409228873,0
2018-12-03,2018,337,19.2,0.09197814307754486,19.108021856922456,0,0.6398927293814367,18.560107270618563,0
2018-12-04,2018,338,1.3,0.06061366009967866,1.2393863399003213,0,0.46426198490848863,0.8357380150915115,0
2018-12-05,2018,339,1.5,0.12911280669865072,1.3708871933013493,0,0.31650084216211827,1.1834991578378817,0
2018-12-06,2018,340,0.1,0.1816638434799868,-0.08166384347998679,0.08166384347998679,0.3474179008325759,-0.2474179008325759,0.2474179008325759
2018-12-07,2018,341,5.7,0.22020691689138666,5.479793083108613,0,0.584372394587138,5.115627605412862,0
2018-12-08,2018,342,5.7,-0.24760980513908515,5.947609805139085,0,1.280170731034625,4.419829268965375,0
2018-12-09,2018,343,21.2,-0.01277320637044453,21.212773206370443,0,0.9479675312117242,20.252032468788276,0
2018-12-10,2018,344,1.4,-0.02707819493834812,1.427078194938348,0,0.39410569647020754,1.0058943035297925,0
2018-12-11,2018,345,0,-0.3224367632806669,0.3224367632806669,0,0.20150532179590536,-0.20150532179590536,0.20150532179590536
2018-12-12,2018,346,0,-0.27170589990664257,0.27170589990664257,0,0.09026941039208582,-0.09026941039208582,0.29177473218799116
2018-12-13,2018,347,0,0.04077524839373277,-0.04077524839373277,0.04077524839373277,0.2516635756025214,-0.2516635756025214,0.5434383077905125
2018-12-14,2018,348,0,0.03336070168291404,-0.03336070168291404,0.0741359500766468,0.4468580741278276,-0.4468580741278276,0.9902963819183401
2018-12-15,2018,349,5.9,-0.05049116884922164,5.950491168849222,0,0.4609014200622367,5.439098579937764,0
2018-12-16,2018,350,0,0.293282582683586,-0.293282582683586,0.293282582683586,0.1996654419149044,-0.1996654419149044,0.1996654419149044
2018-12-17,2018,351,0,0.007204958623098683,-0.007204958623098683,0.30048754130668465,0.19808375909840914,-0.19808375909840914,0.39774920101331357
2018-12-18,2018,352,0,-0.2116469501229763,0.2116469501229763,0.08884059118370835,0,0,0.39774920101331357
2018-12-19,2018,353,4.4,-0.027118920320661665,4.4271189203206625,0,0.3251208118194358,4.074879188180565,0
2018-12-20,2018,354,0,-0.2778211539334757,0.2778211539334757,0,0.3281346563211485,-0.3281346563211485,0.3281346563211485
2018-12-21,2018,355,10.4,-0.11032575480163354,10.510325754801634,0,0.5905021667006564,9.809497833299345,0
2018-12-22,2018,356,1.5,-0.27328921507786436,1.7732892150778643,0,0.9908966095340049,0.5091033904659951,0
2018-12-23,2018,357,10.1,-0.09063550112898411,10.190635501128984,0,0.7042600716178667,9.395739928382133,0
2018-12-24,2018,358,8.5,-0.45742400485546103,8.957424004855461,0,0.49137721996186995,8.00862278003813,0
2018-12-25,2018,359,0,0.11555792906106571,-0.11555792906106571,0.11555792906106571,0.08211254292609152,-0.08211254292609152,0.08211254292609152
2018-12-26,2018,360,0,0.28217423738557734,-0.28217423738557734,0.39773216644664305,0.2228961176566623,-0.2228961176566623,0.30500866058275383
2018-12-27,2018,361,0,0.4557547780013606,-0.4557547780013606,0.8534869444480037,0.1147412548405587,-0.1147412548405587,0.4197499154233125
2018-12-28,2018,362,0,0.2958360028181144,-0.2958360028181144,1.1493229472661182,0.16958391757513253,-0.16958391757513253,0.589333832998445
2018-12-29,2018,363,0,0.19519436780104532,-0.19519436780104532,1.3445173150671634,0.3204917799571584,-0.3204917799571584,0.9098256129556034
2018-12-30,2018,364,0,0.1054568334744497,-0.1054568334744497,1.449974148541613,0.2726566251573797,-0.2726566251573797,1.1824822381129831
2018-12-31,2018,365,0,0.38491017720950593,-0.38491017720950593,1.8348843257511191,0.20468413487630077,-0.20468413487630077,1.387166372989284
2019-01-01,2019,1,0.4,0.03723311844570115,0.36276688155429887,1.4721174441968203,0.4306375594471583,-0.03063755944715829,1.4178039324364424
2019-01-02,2019,2,1,0.014317592735503475,0.9856824072644965,0.4864350369323238,0.33281079415273307,0.6671892058472669,0.7506147265891755
2019-01-03,2019,3,0,-0.2509087147092176,0.2509087147092176,0.2355263222231062,0.35288420082811855,-0.35288420082811855,1.1034989274172942
2019-01-04,2019,4,0,-0.005445168843169568,0.005445168843169568,0.23008115337993665,0.4258517823574958,-0.4258517823574958,1.52935070977479
2019-01-05,2019,5,1.5,0.0041806636852988865,1.4958193363147012,0,0.3097930607421953,1.1902069392578047,0.3391437705169853
2019-01-06,2019,6,0,0.4245287551357957,-0.4245287551357957,0.4245287551357957,0.21631797114992413,-0.21631797114992413,0.5554617416669094
2019-01-07,2019,7,0,0.08634919472933729,-0.08634919472933729,0.510877949865133,0.42238769665201176,-0.42238769665201176,0.9778494383189211
2019-01-08,2019,8,0.5,0.028226421776537405,0.4717735782234626,0.03910437164167041,0.5467657393763433,-0.04676573937634332,1.0246151776952646
2019-01-09,2019,9,3.5,0.08928701827455376,3.410712981725446,0,0.31191474238574,3.1880852576142598,0
2019-01-10,2019,10,0.2,0.29704185412012746,-0.09704185412012745,0.09704185412012745,0.19859504527827412,0.0014049547217258873,0
2019-01-11,2019,11,0.7,0.398311114248757,0.301688885751243,0,0.20915270207841766,0.4908472979215823,0
2019-01-12,2019,12,2.5,0.4213163565357138,2.078683643464286,0,0.38705725225588905,2.112942747744111,0
2019-01-13,2019,13,13.1,0.04317899690822879,13.056821003091772,0,0.6266486257345929,12.473351374265407,0
2019-01-14,2019,14,0.7,-0.01745064977338069,0.7174506497733807,0,0.6610806573456269,0.038919342654373024,0
2019-01-15,2019,15,0,-0.03203004571893521,0.03203004571893521,0,0.1587444907664398,-0.1587444907664398,0.1587444907664398
2019-01-16,2019,16,0,-0.03740418783823932,0.03740418783823932,0,0.20708540230730138,-0.20708540230730138,0.36582989307374114
2019-01-17,2019,17,3.1,-0.3674197262638482,3.467419726263848,0,0.8013976357636509,2.2986023642363493,0
2019-01-18,2019,18,0,0.012286053982185364,-0.012286053982185364,0.012286053982185364,0.2350877220102796,-0.2350877220102796,0.2350877220102796
2019-01-19,2019,19,0,0.03989080303173664,-0.03989080303173664,0.052176857013922,0.1766580991324361,-0.1766580991324361,0.41174582114271574
2019-01-20,2019,20,0,0.10712420271623076,-0.10712420271623076,0.15930105973015277,0.30901691210447446,-0.30901691210447446,0.7207627332471902
2019-01-21,2019,21,0,0.15197026026442298,-0.15197026026442298,0.31127131999457575,0.3213698828883755,-0.3213698828883755,1.0421326161355657
2019-01-22,2019,22,0,-0.23410285623540994,0.23410285623540994,0.0771684637591658,0.3325487737368923,-0.3325487737368923,1.3746813898724581
2019-01-23,2019,23,0,0.27038092117345985,-0.27038092117345985,0.34754938493262566,0.3785796700945288,-0.3785796700945288,1.753261059966987
2019-01-24,2019,24,0,0.287610916164445,-0.287610916164445,0.6351603010970707,0.5637278229914428,-0.5637278229914428,2.3169888829584298
2019-01-25,2019,25,0,0.28429239108564514,-0.28429239108564514,0.9194526921827157,0.5081365651886984,-0.5081365651886984,2.825125448147128
2019-01-26,2019,26,0,0.2767349729584556,-0.2767349729584556,1.1961876651411714,0.687648791854964,-0.687648791854964,3.5127742400020923
2019-01-27,2019,27,2.2,0.3259297222546758,1.8740702777453244,0,0.8171263064655797,1.3828736935344206,2.1299005464676717
2019-01-28,2019,28,2.2,0.11976321035472023,2.08023678964528,0,0.6253236927459528,1.5746763072540473,0.5552242392136244
2019-01-29,2019,29,0.2,0.3451403840892823,-0.14514038408928231,0.14514038408928231,0.28518271861243655,-0.08518271861243654,0.6404069578260609
2019-01-30,2019,30,0.5,0.1015282587376251,0.3984717412623749,0,0.9058698539031719,-0.4058698539031719,1.046276811729233
2019-01-31,2019,31,0.2,0.5477001502981775,-0.3477001502981775,0.3477001502981775,0.39641724972298004,-0.19641724972298003,1.2426940614522128
2019-02-01,2019,32,14.7,0.10331419309114385,14.596685806908855,0,0.3810513549123971,14.318948645087602,0
2019-02-02,2019,33,8.8,0.551054451874694,8.248945548125306,0,0.3063131172816542,8.493686882718347,0
2019-02-03,2019,34,3.8,0.387100119519271,3.4128998804807287,0,0.35187172533966354,3.4481282746603363,0
2019-02-04,2019,35,0,0.4297245637554762,-0.4297245637554762,0.4297245637554762,0.3295262844842882,-0.3295262844842882,0.3295262844842882
2019-02-05,2019,36,0,0.6544714169571307,-0.6544714169571307,1.084195980712607,0.28858268345918586,-0.28858268345918586,0.6181089679434741
2019-02-06,2019,37,0,0.7516308096209019,-0.7516308096209019,1.8358267903335088,0.2927996068505533,-0.2927996068505533,0.9109085747940274
2019-02-07,2019,38,3.6,0.298507108655634,3.301492891344366,0,0.38530941439998073,3.214690585600019,0
2019-02-08,2019,39,0.1,0.2460630611219223,-0.1460630611219223,0.1460630611219223,0.4699111566357802,-0.3699111566357802,0.3699111566357802
2019-02-09,2019,40,1.7,0.2174250528951629,1.482574947104837,0,0.7939229529612474,0.9060770470387526,0
2019-02-10,2019,41,10.8,0.26920289921967583,10.530797100780324,0,1.1130914999202752,9.686908500079726,0
2019-02-11,2019,42,0.1,0.42035559387022436,-0.3203555938702244,0.3203555938702244,0.5688382477792273,-0.46883824777922734,0.46883824777922734
2019-02-12,2019,43,0,0.26999995591490117,-0.26999995591490117,0.5903555497851256,0.6192432283803323,-0.6192432283803323,1.0880814761595596
2019-02-13,2019,44,0,0.5309930234539398,-0.5309930234539398,1.1213485732390653,0.5992076021688918,-0.5992076021688918,1.6872890783284515
2019-02-14,2019,45,0,0.56747310581352,-0.56747310581352,1.6888216790525852,0.7163529711987628,-0.7163529711987628,2.4036420495272144
2019-02-15,2019,46,0,0.6005290036908779,-0.6005290036908779,2.2893506827434633,0.7287554658244471,-0.7287554658244471,3.1323975153516614
2019-02-16,2019,47,0,0.613645084290958,-0.613645084290958,2.9029957670344215,0.9294322452315579,-0.9294322452315579,4.061829760583219
2019-02-17,2019,48,0,0.63355168923369,-0.63355168923369,3.5365474562681114,1.022672613721705,-1.022672613721705,5.084502374304924
2019-02-18,2019,49,0,0.6920387751725094,-0.6920387751725094,4.228586231440621,0.9463509334701243,-0.9463509334701243,6.030853307775048
2019-02-19,2019,50,0,0.6723837458990879,-0.6723837458990879,4.9009699773397095,0.9412693382316868,-0.9412693382316868,6.972122646006735
2019-02-20,2019,51,0,0.7820012891348218,-0.7820012891348218,5.6829712664745315,0.8923674171914612,-0.8923674171914612,7.864490063198196
2019-02-21,2019,52,0,0.8547693838765036,-0.8547693838765036,6.537740650351035,0.9873650303573539,-0.9873650303573539,8.85185509355555
2019-02-22,2019,53,0,1.0871821209702541,-1.0871821209702541,7.624922771321289,1.5317965309702364,-1.5317965309702364,10.383651624525786
2019-02-23,2019,54,0,0.7315580793492172,-0.7315580793492172,8.356480850670506,1.4899216625828222,-1.4899216625828222,11.87357328710861
2019-02-24,2019,55,0,0.8612313056819079,-0.8612313056819079,9.217712156352414,1.4798308404282015,-1.4798308404282015,13.35340412753681
2019-02-25,2019,56,0,0.98903283864333,-0.98903283864333,10.206744994995745,1.1760187400844462,-1.1760187400844462,14.529422867621257
2019-02-26,2019,57,0,0.9356224170209622,-0.9356224170209622,11.142367412016707,1.1393105269113926,-1.1393105269113926,15.66873339453265
2019-02-27,2019,58,0,1.1460575897673173,-1.1460575897673173,12.288425001784024,1.354670677820766,-1.354670677820766,17.023404072353415
2019-02-28,2019,59,0.1,1.2572676563663643,-1.1572676563663642,13.445692658150389,2.107751411205118,-2.007751411205118,19.031155483558532
2019-03-01,2019,60,0.8,0.301633588365835,0.49836641163416506,12.947326246516223,1.0663417675541393,-0.2663417675541393,19.29749725111267
2019-03-02,2019,61,0,0.8388984513623844,-0.8388984513623844,13.786224697878607,1.016664401767584,-1.016664401767584,20.314161652880255
2019-03-03,2019,62,0,1.048067207621401,-1.048067207621401,14.834291905500008,1.7055918625136028,-1.7055918625136028,22.01975351539386
2019-03-04,2019,63,6.5,-0.17107628026513844,6.671076280265138,8.16321562523487,1.7971010865736505,4.702898913426349,17.31685460196751
2019-03-05,2019,64,0,1.2440350705696888,-1.2440350705696888,9.407250695804558,1.921811986415916,-1.921811986415916,19.238666588383424
2019-03-06,2019,65,5.1,0.5941416530189305,4.50585834698107,4.901392348823489,1.0632694492403247,4.036730550759675,15.20193603762375
2019-03-07,2019,66,1.9,0.6897494639179236,1.2102505360820763,3.6911418127414124,1.3060738337355167,0.5939261662644832,14.608009871359267
2019-03-08,2019,67,4.7,0.3476909566081245,4.352309043391876,0,1.0225028683895367,3.6774971316104637,10.930512739748803
2019-03-09,2019,68,3.1,0.6891390047000987,2.4108609952999016,0,1.3996136573329243,1.7003863426670758,9.230126397081728
2019-03-10,2019,69,6.6,0.6100504139907266,5.989949586009273,0,1.7900331359164894,4.80996686408351,4.420159532998218
2019-03-11,2019,70,3.3,0.166370553050649,3.133629446949351,0,1.0984992100081319,2.2015007899918677,2.2186587430063502
2019-03-12,2019,71,1.6,1.322832375511731,0.27716762448826904,0,1.5999816905205189,1.830947948122663e-5,2.2186404335268692
2019-03-13,2019,72,3.8,0.9971511816742151,2.802848818325785,0,1.3728895730100772,2.4271104269899224,0
2019-03-14,2019,73,17.2,0.4472013298725636,16.752798670127437,0,0.9206379535906979,16.2793620464093,0
2019-03-15,2019,74,3.1,0.37251626908034396,2.7274837309196562,0,1.2956615000099656,1.8043384999900345,0
2019-03-16,2019,75,0,2.110551843992301,-2.110551843992301,2.110551843992301,2.7507315628930757,-2.7507315628930757,2.7507315628930757
2019-03-17,2019,76,6,1.3076584719985853,4.692341528001415,0,1.820326617239142,4.179673382760858,0
2019-03-18,2019,77,0,1.0132990837578306,-1.0132990837578306,1.0132990837578306,1.2104435634715636,-1.2104435634715636,1.2104435634715636
2019-03-19,2019,78,0,1.2746862754246286,-1.2746862754246286,2.2879853591824593,1.508013634724609,-1.508013634724609,2.7184571981961723
2019-03-20,2019,79,0,1.763936423352423,-1.763936423352423,4.051921782534882,2.0487726944728917,-2.0487726944728917,4.767229892669064
2019-03-21,2019,80,0,1.8793951994369598,-1.8793951994369598,5.931316981971842,1.9770665911492569,-1.9770665911492569,6.744296483818321
2019-03-22,2019,81,0,2.120096972106761,-2.120096972106761,8.051413954078603,2.194525669299289,-2.194525669299289,8.93882215311761
2019-03-23,2019,82,0,2.2148919548276575,-2.2148919548276575,10.266305908906261,2.3794713624969246,-2.3794713624969246,11.318293515614535
2019-03-24,2019,83,0,2.273731498201553,-2.273731498201553,12.540037407107814,2.453074308533463,-2.453074308533463,13.771367824147998
2019-03-25,2019,84,0.2,1.6063164239336734,-1.4063164239336734,13.946353831041488,1.987934595180112,-1.787934595180112,15.559302419328109
2019-03-26,2019,85,0,1.7858733359909826,-1.7858733359909826,15.732227167032471,1.965545325368231,-1.965545325368231,17.52484774469634
2019-03-27,2019,86,0,2.023315157099163,-2.023315157099163,17.755542324131635,2.242912175764597,-2.242912175764597,19.76775992046094
2019-03-28,2019,87,0,2.0609740963804066,-2.0609740963804066,19.81651642051204,2.5283299223564866,-2.5283299223564866,22.296089842817427
2019-03-29,2019,88,0,2.36724218762406,-2.36724218762406,22.183758608136102,2.2782260882658854,-2.2782260882658854,24.574315931083312
2019-03-30,2019,89,0,2.4906424669138216,-2.4906424669138216,24.674401075049925,2.5762683878306842,-2.5762683878306842,27.150584318913996
2019-03-31,2019,90,0,2.537499233405767,-2.537499233405767,27.211900308455693,2.8298627148482507,-2.8298627148482507,29.980447033762246
2019-04-01,2019,91,0,2.5946739120099322,-2.5946739120099322,29.806574220465624,2.6080266947914295,-2.6080266947914295,32.58847372855367
2019-04-02,2019,92,0.2,2.6815214685833326,-2.4815214685833324,32.28809568904896,3.220423023578903,-3.020423023578903,35.60889675213257
2019-04-03,2019,93,22.6,1.1939425034908078,21.406057496509195,10.882038192539763,1.237584218874877,21.362415781125126,14.246480971007447
2019-04-04,2019,94,10,0.4458578602992144,9.554142139700785,1.3278960528389785,0.5660315191064508,9.43396848089355,4.812512490113898
2019-04-05,2019,95,0,1.848695808712724,-1.848695808712724,3.1765918615517026,1.3855313812133405,-1.3855313812133405,6.198043871327238
2019-04-06,2019,96,0,1.9432547157270776,-1.9432547157270776,5.11984657727878,1.7859740125497832,-1.7859740125497832,7.984017883877021
2019-04-07,2019,97,0,0.8816689742893787,-0.8816689742893787,6.001515551568159,1.1315884012570263,-1.1315884012570263,9.115606285134048
2019-04-08,2019,98,0,1.8664467525098054,-1.8664467525098054,7.867962304077964,1.803646082455612,-1.803646082455612,10.91925236758966
2019-04-09,2019,99,0,2.886805346010325,-2.886805346010325,10.75476765008829,2.4646867712993377,-2.4646867712993377,13.383939138888998
2019-04-10,2019,100,0,1.9459213607127783,-1.9459213607127783,12.700689010801069,1.7435698795895664,-1.7435698795895664,15.127509018478564
2019-04-11,2019,101,0,2.3448297400651854,-2.3448297400651854,15.045518750866254,2.0583860767208524,-2.0583860767208524,17.185895095199417
2019-04-12,2019,102,0,2.7116763200430016,-2.7116763200430016,17.757195070909255,2.763572572701322,-2.763572572701322,19.949467667900738
2019-04-13,2019,103,0,1.7836032584593395,-1.7836032584593395,19.540798329368595,1.8535848594806317,-1.8535848594806317,21.803052527381368
2019-04-14,2019,104,0,1.8088408933258016,-1.8088408933258016,21.349639222694396,1.5713061682459653,-1.5713061682459653,23.374358695627333
2019-04-15,2019,105,0,2.9027697722915358,-2.9027697722915358,24.25240899498593,2.3378587376291,-2.3378587376291,25.712217433256434
2019-04-16,2019,106,1.5,2.313727371600612,-0.8137273716006121,25.066136366586544,1.9136079713561713,-0.41360797135617133,26.125825404612605
2019-04-17,2019,107,0,3.6691366081319927,-3.6691366081319927,28.735272974718537,2.9301221403226414,-2.9301221403226414,29.055947544935247
2019-04-18,2019,108,0,2.4641359148224087,-2.4641359148224087,31.199408889540948,3.0541756900945267,-3.0541756900945267,32.110123235029775
2019-04-19,2019,109,0,2.476506806161291,-2.476506806161291,33.67591569570224,2.97092323755897,-2.97092323755897,35.081046472588746
2019-04-20,2019,110,0,3.2413968128697404,-3.2413968128697404,36.917312508571975,3.7206431074734203,-3.7206431074734203,38.80168958006217
2019-04-21,2019,111,0,2.7055677318194458,-2.7055677318194458,39.62288024039142,3.201871196651467,-3.201871196651467,42.003560776713634
2019-04-22,2019,112,0,3.5026374093808927,-3.5026374093808927,43.12551764977231,3.9066025090078886,-3.9066025090078886,45.910163285721524
2019-04-23,2019,113,0,2.858224334945648,-2.858224334945648,45.98374198471796,3.39947207699517,-3.39947207699517,49.30963536271669
2019-04-24,2019,114,2.1,2.428048306162117,-0.3280483061621169,46.311790290880076,2.8962424804779445,-0.7962424804779444,50.105877843194634
2019-04-25,2019,115,4.5,3.46863489083518,1.03136510916482,45.28042518171526,3.2345792707154555,1.2654207292845445,48.84045711391009
2019-04-26,2019,116,4.3,1.7132796951250995,2.5867203048749,42.69370487684036,1.6876549753601875,2.6123450246398123,46.228112089270276
2019-04-27,2019,117,6.6,2.08185400102785,4.51814599897215,38.175558877868205,1.9855270433438625,4.614472956656137,41.61363913261414
2019-04-28,2019,118,0.7,2.4816340140628546,-1.7816340140628546,39.95719289193106,1.9252322359657705,-1.2252322359657706,42.83887136857991
2019-04-29,2019,119,0.1,2.0965107235204687,-1.9965107235204687,41.95370361545152,2.0203038467738086,-1.9203038467738085,44.759175215353714
2019-04-30,2019,120,0,3.967205478865567,-3.967205478865567,45.92090909431709,3.0609992509690844,-3.0609992509690844,47.8201744663228
2019-05-01,2019,121,0,4.027918411546822,-4.027918411546822,49.94882750586391,3.5902857413953404,-3.5902857413953404,51.41046020771814
2019-05-02,2019,122,3.7,1.8131062537813183,1.8868937462186819,48.06193375964523,1.9805824430116175,1.7194175569883827,49.691042650729756
2019-05-03,2019,123,0,2.1336289731955174,-2.1336289731955174,50.19556273284075,1.940143900158431,-1.940143900158431,51.63118655088819
2019-05-04,2019,124,10.7,1.3887925987574907,9.311207401242509,40.88435533159824,1.4183828846814348,9.281617115318564,42.34956943556962
2019-05-05,2019,125,0,1.5936237573635101,-1.5936237573635101,42.47797908896175,1.5273173190239209,-1.5273173190239209,43.87688675459354
2019-05-06,2019,126,0,2.025240441913599,-2.025240441913599,44.503219530875356,2.211060521083007,-2.211060521083007,46.08794727567655
2019-05-07,2019,127,0.1,3.6028354259758304,-3.5028354259758303,48.00605495685119,2.9731697219078375,-2.8731697219078374,48.961116997584384
2019-05-08,2019,128,27.5,0.645503440546565,26.854496559453434,21.151558397397753,1.0413357915468477,26.45866420845315,22.502452789131233
2019-05-09,2019,129,6.6,1.8545875515580652,4.745412448441934,16.406145948955817,2.03216556153024,4.56783443846976,17.934618350661474
2019-05-10,2019,130,5.1,3.2315462498061733,1.8684537501938263,14.537692198761992,2.580905949294106,2.5190940507058937,15.41552429995558
2019-05-11,2019,131,4.3,2.433487036161628,1.866512963838372,12.67117923492362,2.102834432359392,2.197165567640608,13.218358732314972
2019-05-12,2019,132,0.3,2.6166671340962924,-2.3166671340962925,14.987846369019913,2.5434349480992178,-2.243434948099218,15.461793680414189
2019-05-13,2019,133,0,1.7897209025136556,-1.7897209025136556,16.777567271533567,2.9317436513016135,-2.9317436513016135,18.3935373317158
2019-05-14,2019,134,0,4.192878201542235,-4.192878201542235,20.970445473075802,4.314074485534613,-4.314074485534613,22.707611817250417
2019-05-15,2019,135,0,2.126933288370001,-2.126933288370001,23.097378761445803,2.7186576749126354,-2.7186576749126354,25.42626949216305
2019-05-16,2019,136,0,3.8886117485348706,-3.8886117485348706,26.985990509980674,3.334219499543384,-3.334219499543384,28.760488991706435
2019-05-17,2019,137,1.9,2.9823747006568597,-1.0823747006568598,28.068365210637534,2.529536453706225,-0.6295364537062249,29.39002544541266
2019-05-18,2019,138,2.4,2.678865144137779,-0.2788651441377792,28.347230354775313,2.361874633012608,0.038125366987391995,29.35190007842527
2019-05-19,2019,139,19.5,2.841886350053444,16.658113649946557,11.689116704828756,2.232719986738917,17.267280013261082,12.084620065164188
2019-05-20,2019,140,28.7,0.4433768107563344,28.256623189243665,0,0.8648156280888863,27.83518437191111,0
2019-05-21,2019,141,0.6,2.8992665915509273,-2.299266591550927,2.299266591550927,2.6370832408795133,-2.037083240879513,2.037083240879513
2019-05-22,2019,142,0,4.936389514654243,-4.936389514654243,7.23565610620517,4.1767607058586425,-4.1767607058586425,6.213843946738155
2019-05-23,2019,143,0,5.050099402450529,-5.050099402450529,12.285755508655699,4.445355273964697,-4.445355273964697,10.659199220702853
2019-05-24,2019,144,4.7,5.28151020641017,-0.5815102064101696,12.86726571506587,4.2217454711414675,0.4782545288585327,10.18094469184432
2019-05-25,2019,145,2.8,3.337512451592578,-0.537512451592578,13.404778166658447,2.854712782281292,-0.05471278228129206,10.235657474125613
2019-05-26,2019,146,0,3.2321190988083908,-3.2321190988083908,16.63689726546684,2.9224270881571237,-2.9224270881571237,13.158084562282736
2019-05-27,2019,147,0.2,3.4739780374061815,-3.2739780374061813,19.91087530287302,3.092218019220185,-2.8922180192201847,16.050302581502923
2019-05-28,2019,148,12.6,0.6739751587702133,11.926024841229786,7.984850461643234,1.1788105744146788,11.421189425585322,4.629113155917601
2019-05-29,2019,149,1.3,2.818242011818154,-1.518242011818154,9.503092473461388,2.4307784168773785,-1.1307784168773785,5.759891572794979
2019-05-30,2019,150,0,5.161341130540561,-5.161341130540561,14.66443360400195,4.447680743053186,-4.447680743053186,10.207572315848164
2019-05-31,2019,151,0,5.4415403468496235,-5.4415403468496235,20.105973950851574,4.878716054067198,-4.878716054067198,15.086288369915362
2019-06-01,2019,152,0,5.784427831474351,-5.784427831474351,25.890401782325924,5.095461339709329,-5.095461339709329,20.18174970962469
2019-06-02,2019,153,0,6.007824990432661,-6.007824990432661,31.898226772758584,5.51303320903852,-5.51303320903852,25.694782918663208
2019-06-03,2019,154,0,4.697965053208269,-4.697965053208269,36.596191825966855,4.614812426124334,-4.614812426124334,30.309595344787542
2019-06-04,2019,155,0,5.923628408409692,-5.923628408409692,42.519820234376546,5.2897635843348745,-5.2897635843348745,35.59935892912242
2019-06-05,2019,156,0,5.86698520173374,-5.86698520173374,48.386805436110286,5.724724623393474,-5.724724623393474,41.32408355251589
2019-06-06,2019,157,7.1,0.49062982726311083,6.609370172736889,41.7774352633734,1.3184239606314547,5.781576039368545,35.54250751314734
2019-06-07,2019,158,1.4,3.979162996771993,-2.579162996771993,44.35659826014539,3.0958295870137755,-1.6958295870137756,37.23833710016112
2019-06-08,2019,159,0,5.605930192632272,-5.605930192632272,49.96252845277766,5.192264723117708,-5.192264723117708,42.43060182327883
2019-06-09,2019,160,10.2,0.7044322273528669,9.495567772647131,40.466960680130526,1.3200724846995868,8.879927515300412,33.55067430797841
2019-06-10,2019,161,36.3,1.7667865308184874,34.53321346918151,5.933747210949015,1.6156044445041846,34.68439555549581,0
2019-06-11,2019,162,0.1,2.8263549217213457,-2.7263549217213456,8.66010213267036,2.3151044385768556,-2.2151044385768555,2.2151044385768555
2019-06-12,2019,163,2.3,4.749302399622618,-2.449302399622618,11.109404532292977,3.5051770950524075,-1.2051770950524077,3.420281533629263
2019-06-13,2019,164,0.1,5.870144091286638,-5.770144091286638,16.879548623579616,4.945183539514652,-4.845183539514652,8.265465073143915
2019-06-14,2019,165,0,3.7114401470274174,-3.7114401470274174,20.590988770607034,3.7181345524543072,-3.7181345524543072,11.983599625598222
2019-06-15,2019,166,20.4,3.743242554245926,16.656757445754074,3.9342313248529592,3.4148233282396827,16.985176671760314,0
2019-06-16,2019,167,0,5.8454694563204805,-5.8454694563204805,9.779700781173439,4.513286241759806,-4.513286241759806,4.513286241759806
2019-06-17,2019,168,0,6.012521204596354,-6.012521204596354,15.792221985769793,5.10815046704469,-5.10815046704469,9.621436708804495
2019-06-18,2019,169,0,5.5996668872206925,-5.5996668872206925,21.391888872990485,5.414821927829812,-5.414821927829812,15.036258636634308
2019-06-19,2019,170,0.4,5.556784025004404,-5.156784025004404,26.54867289799489,5.914312543062643,-5.514312543062642,20.550571179696952
2019-06-20,2019,171,0.1,4.548168178013185,-4.448168178013185,30.996841076008074,4.141634812678148,-4.041634812678148,24.5922059923751
2019-06-21,2019,172,0.3,2.5139926572336044,-2.2139926572336046,33.21083373324168,2.7864970655611017,-2.486497065561102,27.078703057936202
2019-06-22,2019,173,3,3.1396526289465436,-0.13965262894654362,33.35048636218822,2.930298831193728,0.06970116880627186,27.00900188912993
2019-06-23,2019,174,0,5.826987768337694,-5.826987768337694,39.177474130525916,4.978671108574901,-4.978671108574901,31.98767299770483
2019-06-24,2019,175,0,6.099688663290549,-6.099688663290549,45.277162793816466,5.58939343625053,-5.58939343625053,37.57706643395536
2019-06-25,2019,176,0,6.358551123220012,-6.358551123220012,51.635713917036476,5.9132341148543714,-5.9132341148543714,43.49030054880973
2019-06-26,2019,177,0,6.683231849946602,-6.683231849946602,58.31894576698308,6.279106751685005,-6.279106751685005,49.769407300494734
2019-06-27,2019,178,0,6.647651105108314,-6.647651105108314,64.96659687209139,6.659985228756756,-6.659985228756756,56.42939252925149
2019-06-28,2019,179,0,6.474499844381941,-6.474499844381941,71.44109671647333,6.560175845182754,-6.560175845182754,62.98956837443424
2019-06-29,2019,180,0,6.501005988920109,-6.501005988920109,77.94210270539344,6.161411044465455,-6.161411044465455,69.1509794188997
2019-06-30,2019,181,0,6.901359492978119,-6.901359492978119,84.84346219837155,6.519697212314278,-6.519697212314278,75.67067663121398
2019-07-01,2019,182,0.1,6.291934131375943,-6.191934131375944,91.0353963297475,6.712543213043328,-6.612543213043328,82.2832198442573
2019-07-02,2019,183,0,5.980820475435147,-5.980820475435147,97.01621680518265,5.473474456242845,-5.473474456242845,87.75669430050014
2019-07-03,2019,184,0,4.432390437350824,-4.432390437350824,101.44860724253347,5.178308367362002,-5.178308367362002,92.93500266786215
2019-07-04,2019,185,0,6.27506132618981,-6.27506132618981,107.72366856872328,6.1683652897078,-6.1683652897078,99.10336795756994
2019-07-05,2019,186,0,6.339701689568747,-6.339701689568747,114.06337025829203,6.221313407550691,-6.221313407550691,105.32468136512064
2019-07-06,2019,187,25.4,2.245372945192193,23.154627054807804,90.90874320348422,2.8331443646403778,22.56685563535962,82.75782572976102
2019-07-07,2019,188,0,5.864087970976037,-5.864087970976037,96.77283117446026,5.5302454549285525,-5.5302454549285525,88.28807118468957
2019-07-08,2019,189,0.1,4.541816632514769,-4.44181663251477,101.21464780697504,4.271560095904129,-4.1715600959041295,92.4596312805937
2019-07-09,2019,190,0,5.285942237165056,-5.285942237165056,106.5005900441401,5.160813797817933,-5.160813797817933,97.62044507841163
2019-07-10,2019,191,0,5.430082639255547,-5.430082639255547,111.93067268339564,5.409103236577958,-5.409103236577958,103.0295483149896
2019-07-11,2019,192,0,2.1226712319810916,-2.1226712319810916,114.05334391537673,2.6167898119317448,-2.6167898119317448,105.64633812692134
2019-07-12,2019,193,0.1,4.051720572061382,-3.9517205720613817,118.0050644874381,4.253110506422765,-4.153110506422765,109.7994486333441
2019-07-13,2019,194,0,5.484474869328755,-5.484474869328755,123.48953935676685,5.15648223015827,-5.15648223015827,114.95593086350237
2019-07-14,2019,195,13.1,5.944446757162825,7.155553242837175,116.33398611392968,5.136577516640174,7.9634224833598255,106.99250838014255
2019-07-15,2019,196,0,2.153784188598737,-2.153784188598737,118.48777030252842,2.292680478530449,-2.292680478530449,109.285188858673
2019-07-16,2019,197,0,5.521857882218636,-5.521857882218636,124.00962818474706,5.093515249431908,-5.093515249431908,114.3787041081049
2019-07-17,2019,198,0,5.1606670778198716,-5.1606670778198716,129.17029526256692,5.13271167255402,-5.13271167255402,119.51141578065892
2019-07-18,2019,199,0,4.761717692228974,-4.761717692228974,133.9320129547959,4.717238464341119,-4.717238464341119,124.22865424500004
2019-07-19,2019,200,0,5.603183794439635,-5.603183794439635,139.53519674923555,5.35555723634715,-5.35555723634715,129.58421148134718
2019-07-20,2019,201,5.8,4.615333560856571,1.1846664391434292,138.35053031009213,5.161122099139952,0.6388779008600478,128.94533358048713
2019-07-21,2019,202,0.1,5.549845493487549,-5.449845493487549,143.80037580357967,5.197246103839311,-5.0972461038393115,134.04257968432645
2019-07-22,2019,203,0,5.334188838216664,-5.334188838216664,149.13456464179635,5.301767836914804,-5.301767836914804,139.34434752124125
2019-07-23,2019,204,0,6.103122221203463,-6.103122221203463,155.2376868629998,5.803768839311024,-5.803768839311024,145.14811636055228
2019-07-24,2019,205,0,5.896509036936223,-5.896509036936223,161.134195899936,6.075609518393059,-6.075609518393059,151.22372587894534
2019-07-25,2019,206,0,5.65102164925689,-5.65102164925689,166.7852175491929,6.043643939336488,-6.043643939336488,157.26736981828182
2019-07-26,2019,207,3.7,5.601030650602796,-1.901030650602796,168.6862481997957,5.835911434848769,-2.1359114348487687,159.4032812531306
2019-07-27,2019,208,12.2,3.8027401150683513,8.397259884931648,160.28898831486404,3.3783464187310988,8.821653581268901,150.5816276718617
2019-07-28,2019,209,12.6,0.839128067903775,11.760871932096224,148.52811638276782,1.1098198666303924,11.490180133369607,139.09144753849208
2019-07-29,2019,210,0,3.258540243854233,-3.258540243854233,151.78665662662206,3.0046566468962514,-3.0046566468962514,142.09610418538833
2019-07-30,2019,211,0,5.522529892393358,-5.522529892393358,157.3091865190154,4.798518154749157,-4.798518154749157,146.8946223401375
2019-07-31,2019,212,0,3.232447005408685,-3.232447005408685,160.5416335244241,3.208937507224511,-3.208937507224511,150.103559847362
2019-08-01,2019,213,1,5.1009221316893605,-4.1009221316893605,164.64255565611347,4.722379759073628,-3.722379759073628,153.8259396064356
2019-08-02,2019,214,1.6,3.059559203462798,-1.4595592034627978,166.10211485957626,3.219261177119293,-1.6192611771192928,155.4452007835549
2019-08-03,2019,215,0,4.582859451639709,-4.582859451639709,170.68497431121597,4.675240304835203,-4.675240304835203,160.1204410883901
2019-08-04,2019,216,0,5.233876645421786,-5.233876645421786,175.91885095663775,4.744899130265464,-4.744899130265464,164.86534021865555
2019-08-05,2019,217,2,5.467462121830587,-3.4674621218305868,179.38631307846833,5.406789966043949,-3.4067899660439487,168.2721301846995
2019-08-06,2019,218,6.7,2.10894068633253,4.59105931366747,174.79525376480086,2.4433333173171117,4.256666682682889,164.01546350201662
2019-08-07,2019,219,4.8,1.008292542927858,3.7917074570721416,171.00354630772873,1.7628128044024531,3.0371871955975465,160.97827630641908
2019-08-08,2019,220,0,5.100222536416577,-5.100222536416577,176.1037688441453,4.526023950008391,-4.526023950008391,165.50430025642746
2019-08-09,2019,221,14.5,5.148492137107339,9.35150786289266,166.75226098125262,4.589551611386813,9.910448388613187,155.59385186781427
2019-08-10,2019,222,2.2,2.371553525507453,-0.17155352550745295,166.92381450676007,2.5751812878586646,-0.37518128785866445,155.96903315567292
2019-08-11,2019,223,8.9,4.610154600205451,4.289845399794549,162.6339691069655,3.804461882890679,5.095538117109321,150.8734950385636
2019-08-12,2019,224,3.4,2.331755400140199,1.068244599859801,161.5657245071057,2.254400988256802,1.1455990117431978,149.7278960268204
2019-08-13,2019,225,0,3.20753405476603,-3.20753405476603,164.77325856187173,2.979765121665316,-2.979765121665316,152.7076611484857
2019-08-14,2019,226,0,4.381659310523185,-4.381659310523185,169.15491787239492,3.9983804248914017,-3.9983804248914017,156.7060415733771
2019-08-15,2019,227,0.1,3.5816738133098283,-3.481673813309828,172.63659168570476,3.5084022889272912,-3.408402288927291,160.11444386230437
2019-08-16,2019,228,0,4.1268003781927005,-4.1268003781927005,176.76339206389747,3.862258236261036,-3.862258236261036,163.9767020985654
2019-08-17,2019,229,0,2.469391803231991,-2.469391803231991,179.23278386712946,2.917199324326912,-2.917199324326912,166.8939014228923
2019-08-18,2019,230,22,4.6818869871094595,17.318113012890542,161.91467085423892,4.915767505439768,17.084232494560233,149.80966892833206
2019-08-19,2019,231,21.7,2.6625818059088435,19.037418194091156,142.87725266014778,2.2809620522805343,19.419037947719467,130.3906309806126
2019-08-20,2019,232,34.7,0.5742899338660818,34.12571006613392,108.75154259401386,0.9360510369020855,33.76394896309792,96.62668201751468
2019-08-21,2019,233,0,2.876817176695259,-2.876817176695259,111.62835977070911,2.5204020545279318,-2.5204020545279318,99.14708407204262
2019-08-22,2019,234,0,2.9016494972456215,-2.9016494972456215,114.53000926795474,2.6475270782281566,-2.6475270782281566,101.79461115027077
2019-08-23,2019,235,0,1.9254607160988813,-1.9254607160988813,116.45546998405362,2.045620807710586,-2.045620807710586,103.84023195798136
2019-08-24,2019,236,0,4.235793653469378,-4.235793653469378,120.691263637523,3.550677660275838,-3.550677660275838,107.3909096182572
2019-08-25,2019,237,0,4.2297975301314645,-4.2297975301314645,124.92106116765446,4.006503887314759,-4.006503887314759,111.39741350557196
2019-08-26,2019,238,0,4.148115698217157,-4.148115698217157,129.0691768658716,3.971017754650653,-3.971017754650653,115.36843126022262
2019-08-27,2019,239,0.4,4.187794664269449,-3.7877946642694487,132.85697153014107,3.7740905441768087,-3.3740905441768088,118.74252180439943
2019-08-28,2019,240,0,4.391645345327237,-4.391645345327237,137.24861687546831,4.019127810908472,-4.019127810908472,122.7616496153079
2019-08-29,2019,241,0,4.057066096451898,-4.057066096451898,141.30568297192022,3.9301631547204936,-3.9301631547204936,126.69181277002839
2019-08-30,2019,242,0,4.119312758607062,-4.119312758607062,145.42499573052729,3.9093478710800555,-3.9093478710800555,130.60116064110844
2019-08-31,2019,243,0.1,3.782356679254738,-3.6823566792547378,149.107352409782,4.089778584572498,-3.989778584572498,134.59093922568093
2019-09-01,2019,244,12.2,2.628638131942255,9.571361868057744,139.53599054172426,2.4528246011356925,9.747175398864307,124.84376382681663
2019-09-02,2019,245,0.1,0.7638371159951628,-0.6638371159951628,140.19982765771942,1.2796327665971357,-1.1796327665971356,126.02339659341376
2019-09-03,2019,246,0,3.487694767052806,-3.487694767052806,143.68752242477223,3.084043267356442,-3.084043267356442,129.1074398607702
2019-09-04,2019,247,0,3.5038857500502667,-3.5038857500502667,147.1914081748225,3.3092765949806067,-3.3092765949806067,132.41671645575082
2019-09-05,2019,248,0.1,0.5982679162508497,-0.49826791625084976,147.68967609107335,1.5928842101209304,-1.4928842101209303,133.90960066587175
2019-09-06,2019,249,0.7,0.5381484396165458,0.16185156038345416,147.52782453068988,1.1337838679446588,-0.43378386794465884,134.34338453381642
2019-09-07,2019,250,7.4,3.4478772275569223,3.952122772443078,143.5757017582468,2.8457786986080906,4.55422130139191,129.7891632324245
2019-09-08,2019,251,18.6,1.6900030769018806,16.90999692309812,126.66570483514867,1.3678165579578934,17.232183442042107,112.5569797903824
2019-09-09,2019,252,0,2.6012601814184078,-2.6012601814184078,129.26696501656707,2.2922690176586027,-2.2922690176586027,114.849248808041
2019-09-10,2019,253,0,2.7963801241247404,-2.7963801241247404,132.0633451406918,2.616627316194671,-2.616627316194671,117.46587612423566
2019-09-11,2019,254,0,2.3215779029912844,-2.3215779029912844,134.3849230436831,2.181923611252192,-2.181923611252192,119.64779973548785
2019-09-12,2019,255,0,3.160083895689284,-3.160083895689284,137.5450069393724,2.900275057671076,-2.900275057671076,122.54807479315893
2019-09-13,2019,256,0,3.1606908917297454,-3.1606908917297454,140.70569783110216,3.1251834611471354,-3.1251834611471354,125.67325825430606
2019-09-14,2019,257,0,2.5098904307157186,-2.5098904307157186,143.21558826181789,2.48058356620725,-2.48058356620725,128.15384182051332
2019-09-15,2019,258,0,3.1953909566828234,-3.1953909566828234,146.4109792185007,2.9641148075017236,-2.9641148075017236,131.11795662801504
2019-09-16,2019,259,0,3.0810415988299473,-3.0810415988299473,149.49202081733065,3.056918025169783,-3.056918025169783,134.17487465318482
2019-09-17,2019,260,0,3.0255115555697993,-3.0255115555697993,152.51753237290046,3.3007735127296707,-3.3007735127296707,137.4756481659145
2019-09-18,2019,261,0,2.073878648355261,-2.073878648355261,154.5914110212557,2.872427602862773,-2.872427602862773,140.34807576877728
2019-09-19,2019,262,0,2.198408546570365,-2.198408546570365,156.78981956782607,3.199304969767481,-3.199304969767481,143.54738073854475
2019-09-20,2019,263,0,2.369545575485848,-2.369545575485848,159.15936514331193,2.6463794678343864,-2.6463794678343864,146.19376020637912
2019-09-21,2019,264,0.1,2.727049905533678,-2.627049905533678,161.7864150488456,2.320980105800314,-2.220980105800314,148.41474031217945
2019-09-22,2019,265,23.8,2.723166465853682,21.076833534146317,140.7095815146993,2.153480378306504,21.646519621693496,126.76822069048595
2019-09-23,2019,266,0.6,2.2886364166120505,-1.6886364166120504,142.39821793131134,2.0293028983764296,-1.4293028983764295,128.19752358886237
2019-09-24,2019,267,4,0.8659832066818846,3.1340167933181156,139.2642011379932,1.1147167263952993,2.885283273604701,125.31224031525767
2019-09-25,2019,268,2.5,1.8050965634242042,0.6949034365757958,138.5692977014174,1.9190065148853424,0.5809934851146576,124.73124683014301
2019-09-26,2019,269,0,1.6798407093692787,-1.6798407093692787,140.24913841078668,1.5126458403274405,-1.5126458403274405,126.24389267047044
2019-09-27,2019,270,3.7,2.890507400059584,0.8094925999404161,139.43964581084626,2.7129706228808526,0.9870293771191476,125.2568632933513
2019-09-28,2019,271,0,2.3933093834995973,-2.3933093834995973,141.83295519434586,2.2395914312660308,-2.2395914312660308,127.49645472461734
2019-09-29,2019,272,0,2.2082253624105617,-2.2082253624105617,144.04118055675642,3.2462973625668123,-3.2462973625668123,130.74275208718416
2019-09-30,2019,273,0,2.1219331745445906,-2.1219331745445906,146.163113731301,2.538230582072834,-2.538230582072834,133.28098266925699
2019-10-01,2019,274,8.1,2.52249397585829,5.57750602414171,140.58560770715928,2.057200937375709,6.04279906262429,127.2381836066327
2019-10-02,2019,275,6.7,1.3370968174641262,5.362903182535874,135.2227045246234,1.4159105464456627,5.284089453554337,121.95409415307836
2019-10-03,2019,276,0,1.7759775474216728,-1.7759775474216728,136.99868207204506,1.5124060707592648,-1.5124060707592648,123.46650022383763
2019-10-04,2019,277,2.3,0.10611972332627889,2.193880276673721,134.80480179537133,0.8427560077417168,1.4572439922582832,122.00925623157934
2019-10-05,2019,278,1.1,1.794178511871773,-0.6941785118717729,135.4989803072431,1.3768793005910902,-0.2768793005910901,122.28613553217043
2019-10-06,2019,279,6.4,0.9737175528646032,5.426282447135398,130.0726978601077,1.0457781748871209,5.354221825112879,116.93191370705756
2019-10-07,2019,280,0,1.7030587271954156,-1.7030587271954156,131.7757565873031,1.391016970151692,-1.391016970151692,118.32293067720926
2019-10-08,2019,281,23.2,1.668574724168349,21.53142527583165,110.24433131147146,1.5224296897992255,21.677570310200775,96.64536036700848
2019-10-09,2019,282,20,0.18969737629398628,19.810302623706015,90.43402868776545,0.8143067582225203,19.18569324177748,77.459667125231
2019-10-10,2019,283,0.1,0.5534744970192127,-0.4534744970192127,90.88750318478466,1.2767696852943058,-1.1767696852943057,78.6364368105253
2019-10-11,2019,284,0,1.3221612549648298,-1.3221612549648298,92.20966443974949,1.3229532999939586,-1.3229532999939586,79.95939011051925
2019-10-12,2019,285,0,0.8771486217191986,-0.8771486217191986,93.08681306146869,1.219649058481195,-1.219649058481195,81.17903916900045
2019-10-13,2019,286,0,1.3129908705012214,-1.3129908705012214,94.39980393196991,1.4635738448628024,-1.4635738448628024,82.64261301386325
2019-10-14,2019,287,0,1.4848065524567151,-1.4848065524567151,95.88461048442663,1.4059297204581471,-1.4059297204581471,84.0485427343214
2019-10-15,2019,288,17.6,-0.032761632420410094,17.63276163242041,78.25184885200622,0.6047545580059603,16.99524544199404,67.05329729232736
2019-10-16,2019,289,0,1.107330019798503,-1.107330019798503,79.35917887180472,1.16807338813361,-1.16807338813361,68.22137068046096
2019-10-17,2019,290,1.8,1.5445198781788472,0.2554801218211529,79.10369874998356,1.0434224635978468,0.7565775364021532,67.46479314405882
2019-10-18,2019,291,20.5,1.0162072895408216,19.483792710459177,59.61990603952439,0.8771759977724773,19.622824002227524,47.84196914183129
2019-10-19,2019,292,6,0.9346199823867605,5.06538001761324,54.554526021911144,0.7045634139225628,5.295436586077437,42.546532555753856
2019-10-20,2019,293,5.4,0.72263107349454,4.67736892650546,49.877157095405686,0.6625642455906059,4.737435754409394,37.80909680134446
2019-10-21,2019,294,11.7,0.4143850021247645,11.285614997875236,38.59154209753045,0.57681586969540255,11.123184130304598,26.685912671039862
2019-10-22,2019,295,0,0.6207247654635877,-0.6207247654635877,39.212266862994035,0.6183742515750564,-0.6183742515750564,27.304286922614917
2019-10-23,2019,296,0,0.8862038020164619,-0.8862038020164619,40.098470665010495,0.7815635711153031,-0.7815635711153031,28.08585049373022
2019-10-24,2019,297,0.5,0.5726422775620006,-0.07264227756200059,40.1711129425725,0.8183335232712652,-0.3183335232712652,28.404184017001484
2019-10-25,2019,298,0.1,0.7865179892956481,-0.6865179892956481,40.857630931868144,0.8295114793105703,-0.7295114793105704,29.133695496312054
2019-10-26,2019,299,0,0.8299908359653183,-0.8299908359653183,41.68762176783346,0.8187918831774957,-0.8187918831774957,29.95248737948955
2019-10-27,2019,300,0,0.976781253611524,-0.976781253611524,42.66440302144499,0.8086433550503529,-0.8086433550503529,30.761130734539904
2019-10-28,2019,301,12.8,0.7308091389244871,12.069190861075514,30.595212160369478,0.5710012713056278,12.228998728694373,18.532132005845533
2019-10-29,2019,302,1.6,0.5976246076190698,1.0023753923809302,29.592836767988548,0.44759694026073754,1.1524030597392625,17.37972894610627
2019-10-30,2019,303,1.5,0.4384597789359223,1.0615402210640776,28.53129654692447,0.3895704468495606,1.1104295531504393,16.26929939295583
2019-10-31,2019,304,0.2,0.6783914742288423,-0.47839147422884226,29.009688021153313,0.4264817473297765,-0.2264817473297765,16.495781140285608
2019-11-01,2019,305,10.5,0.4417233413113488,10.058276658688651,18.95141136246466,0.5499946262212986,9.950005373778701,6.545775766506907
2019-11-02,2019,306,2.6,0.4886048838575462,2.111395116142454,16.840016246322207,0.9582531383600416,1.6417468616399584,4.904028904866948
2019-11-03,2019,307,7.3,0.2127707991059182,7.087229200894082,9.752787045428125,0.6252292301016472,6.674770769898353,0
2019-11-04,2019,308,2.2,0.23853356677767262,1.9614664332223275,7.791320612205798,1.2468000889148587,0.9531999110851415,0
2019-11-05,2019,309,7.1,0.29319616662854187,6.806803833371458,0.9845167788343403,0.659221899416757,6.440778100583243,0
2019-11-06,2019,310,0.3,0.15599927405404576,0.14400072594595423,0.840516052888386,0.5722202478270849,-0.2722202478270849,0.2722202478270849
2019-11-07,2019,311,1.3,-0.08599831255152128,1.3859983125515214,0,0.5259093103905125,0.7740906896094876,0
2019-11-08,2019,312,4.4,0.014783588247641876,4.385216411752358,0,0.4099487124293725,3.990051287570628,0
2019-11-09,2019,313,0,0.06955025633278011,-0.06955025633278011,0.06955025633278011,0.36793142521050953,-0.36793142521050953,0.36793142521050953
2019-11-10,2019,314,0,0.22306414385534634,-0.22306414385534634,0.29261440018812646,0.32360048597010355,-0.32360048597010355,0.6915319111806131
2019-11-11,2019,315,0.7,0.43049653819220246,0.2695034618077975,0.02311093838032896,0.36450317456330367,0.3354968254366963,0.3560350857439168
2019-11-12,2019,316,0.1,0.0010738119577934104,0.0989261880422066,0,0.4610011101484233,-0.3610011101484233,0.7170361958923401
2019-11-13,2019,317,0,-0.06973856692535882,0.06973856692535882,0,0.35487274505268107,-0.35487274505268107,1.071908940945021
2019-11-14,2019,318,2.4,-0.19916867142292993,2.59916867142293,0,0.3479434257754659,2.052056574224534,0
2019-11-15,2019,319,0.2,-0.04298911099197256,0.24298911099197257,0,0.3177613466765162,-0.11776134667651617,0.11776134667651617
2019-11-16,2019,320,0,-0.15859826922654927,0.15859826922654927,0,0.2937553032405404,-0.2937553032405404,0.41151664991705655
2019-11-17,2019,321,7.8,0.12308674279257094,7.676913257207429,0,0.3423913661864822,7.457608633813518,0
2019-11-18,2019,322,0,0.26120733750507696,-0.26120733750507696,0.26120733750507696,0.4238825350578678,-0.4238825350578678,0.4238825350578678
2019-11-19,2019,323,0,0.07684593138391758,-0.07684593138391758,0.33805326888899456,0.31204635048219775,-0.31204635048219775,0.7359288855400656
2019-11-20,2019,324,0,0.12266275435804817,-0.12266275435804817,0.46071602324704275,0.3635038120372745,-0.3635038120372745,1.09943269757734
2019-11-21,2019,325,0,0.29033061565881385,-0.29033061565881385,0.7510466389058565,0.3511762801008489,-0.3511762801008489,1.450608977678189
2019-11-22,2019,326,0,0.2325392855644942,-0.2325392855644942,0.9835859244703508,0.3685560445425801,-0.3685560445425801,1.8191650222207691
2019-11-23,2019,327,0,-0.07776698196156534,0.07776698196156534,0.9058189425087855,0.2970742932741496,-0.2970742932741496,2.116239315494919
2019-11-24,2019,328,0,-0.10405911081109064,0.10405911081109064,0.8017598316976948,0.2329612819742682,-0.2329612819742682,2.349200597469187
2019-11-25,2019,329,0,0.47946902376579315,-0.47946902376579315,1.281228855463488,0.14827567945850986,-0.14827567945850986,2.497476276927697
2019-11-26,2019,330,2.7,-0.027087173487196605,2.7270871734871966,0,0.2611288411664322,2.438871158833568,0.05860511809412916
2019-11-27,2019,331,5.8,0.23285129133398197,5.567148708666018,0,0.6534264193899403,5.14657358061006,0
2019-11-28,2019,332,21.6,0.03262560557647966,21.56737439442352,0,0.7589329681490213,20.84106703185098,0
2019-11-29,2019,333,12.7,0.16594970233680953,12.534050297663189,0,0.45829481911636893,12.241705180883631,0
2019-11-30,2019,334,0,0.28426681809366805,-0.28426681809366805,0.28426681809366805,0.2598141621686686,-0.2598141621686686,0.2598141621686686
2019-12-01,2019,335,4.2,0.11003160152486437,4.089968398475135,0,0.3510648154071565,3.8489351845928437,0
2019-12-02,2019,336,0,0.13093048089378315,-0.13093048089378315,0,0.43023643254911464,-0.43023643254911464,0
2019-12-03,2019,337,0,0.1293360185073608,-0.1293360185073608,0.1293360185073608,0.32656644776159954,-0.32656644776159954,0.32656644776159954
2019-12-04,2019,338,0,0.22790759546358516,-0.22790759546358516,0.35724361397094595,0.24807423720388477,-0.24807423720388477,0.5746406849654844
2019-12-05,2019,339,0,0.33553487673462784,-0.33553487673462784,0.6927784907055738,0.22181433514437734,-0.22181433514437734,0.7964550201098617
2019-12-06,2019,340,0,0.30870857127880497,-0.30870857127880497,1.0014870619843788,0.19304000830607745,-0.19304000830607745,0.9894950284159392
2019-12-07,2019,341,0.1,-0.06717245005236323,0.16717245005236325,0.8343146119320155,0.8379321160396933,-0.7379321160396933,1.7274271444556324
2019-12-08,2019,342,1.4,-0.06461737454704103,1.464617374547041,0,0.5501338650475475,0.8498661349524524,0.87756100950318
2019-12-09,2019,343,5.9,-0.061507006988512344,5.961507006988513,0,0.8679954288253536,5.032004571174647,0
2019-12-10,2019,344,0,-0.2643320721693083,0.2643320721693083,0,0.12100043566328343,-0.12100043566328343,0.12100043566328343
2019-12-11,2019,345,4.1,-0.1882020080327967,4.288202008032797,0,0.35787718116427286,3.742122818835727,0
2019-12-12,2019,346,4.4,0.051649364551578245,4.348350635448422,0,0.3126875864076795,4.087312413592321,0
2019-12-13,2019,347,10.7,0.24304693327174343,10.456953066728255,0,0.5479805096997412,10.152019490300258,0
2019-12-14,2019,348,3.4,0.453090026146449,2.946909973853551,0,0.9344476677639714,2.4655523322360287,0
2019-12-15,2019,349,0,-0.33688649573639207,0.33688649573639207,0,0.7289361726672152,-0.7289361726672152,0.7289361726672152
2019-12-16,2019,350,0,-0.2993226514475181,0.2993226514475181,0,0.17179163070929762,-0.17179163070929762,0.9007278033765128
2019-12-17,2019,351,0,-0.3275609958014831,0.3275609958014831,0,0.26115007774851823,-0.26115007774851823,1.161877881125031
2019-12-18,2019,352,0,-0.21487342048049735,0.21487342048049735,0,0.2381211930202973,-0.2381211930202973,1.3999990741453283
2019-12-19,2019,353,0,-0.35471584050340343,0.35471584050340343,0,0.12348490920516808,-0.12348490920516808,1.5234839833504963
2019-12-20,2019,354,11.4,-0.2235246756271533,11.623524675627154,0,0.3984304988118263,11.001569501188174,0
2019-12-21,2019,355,3.9,0.03775187440303354,3.8622481255969663,0,0.2512583669927894,3.6487416330072104,0
2019-12-22,2019,356,10.1,-0.08050417215443842,10.180504172154437,0,0.5308738627468824,9.569126137253118,0
2019-12-23,2019,357,3.6,-0.06430421527287401,3.664304215272874,0,0.5739197129249858,3.0260802870750143,0
2019-12-24,2019,358,9,-0.506506382637328,9.506506382637328,0,0.6976394695280524,8.302360530471947,0
2019-12-25,2019,359,0,-0.2776020198878148,0.2776020198878148,0,0.7334773224160894,-0.7334773224160894,0.7334773224160894
2019-12-26,2019,360,6.3,0.027962726581606322,6.272037273418394,0,0.24777293349004056,6.05222706650996,0
2019-12-27,2019,361,5,0.17278397899629483,4.827216021003705,0,0.36672690625429843,4.633273093745702,0
2019-12-28,2019,362,0,0.07700741796784763,-0.07700741796784763,0.07700741796784763,0.3204548334476332,-0.3204548334476332,0.3204548334476332
2019-12-29,2019,363,0,-0.38152265187307005,0.38152265187307005,0,0.26484911291175883,-0.26484911291175883,0.5853039463593921
2019-12-30,2019,364,0,0.21726680159750247,-0.21726680159750247,0.21726680159750247,0.23664131042771477,-0.23664131042771477,0.8219452567871068
2019-12-31,2019,365,0,0.3531400226964375,-0.3531400226964375,0.57040682429394,0.1762189071767428,-0.1762189071767428,0.9981641639638497
2020-01-01,2020,1,0,0.23076595452266746,-0.23076595452266746,0.8011727788166074,0.21703470962456847,-0.21703470962456847,1.215198873588418
2020-01-02,2020,2,0,0.25152305753908316,-0.25152305753908316,1.0526958363556906,0.2368741630887778,-0.2368741630887778,1.452073036677196
2020-01-03,2020,3,0.3,0.3656434553057205,-0.06564345530572052,1.1183392916614112,0.26745043927931406,0.03254956072068593,1.41952347595651
2020-01-04,2020,4,0,0.03452988772564773,-0.03452988772564773,1.152869179387059,0.3408449983579025,-0.3408449983579025,1.7603684743144126
2020-01-05,2020,5,0,-0.3549177165065486,0.3549177165065486,0.7979514628805103,0.19817230236903272,-0.19817230236903272,1.9585407766834453
2020-01-06,2020,6,0,0.07836846399707158,-0.07836846399707158,0.8763199268775819,0.04263048659409279,-0.04263048659409279,2.0011712632775382
2020-01-07,2020,7,0,-0.15276232090146194,0.15276232090146194,0.72355760597612,0.16115395345708225,-0.16115395345708225,2.1623252167346205
2020-01-08,2020,8,0,0.1974717409040794,-0.1974717409040794,0.9210293468801993,0.1130936625742664,-0.1130936625742664,2.2754188793088868
2020-01-09,2020,9,0,-0.11790913803730589,0.11790913803730589,0.8031202088428935,0.2653848503254259,-0.2653848503254259,2.5408037296343124
2020-01-10,2020,10,0,0.2354492491151585,-0.2354492491151585,1.038569457958052,0.6032658758267333,-0.6032658758267333,3.1440696054610457
2020-01-11,2020,11,0,-0.1837811368442512,0.1837811368442512,0.8547883211138008,0.18786990114291482,-0.18786990114291482,3.3319395066039608
2020-01-12,2020,12,0,-0.17193272355211428,0.17193272355211428,0.6828555975616865,0.16928627972472765,-0.16928627972472765,3.501225786328688
2020-01-13,2020,13,0,-0.26927643845043125,0.26927643845043125,0.4135791591112552,0.2333181853918325,-0.2333181853918325,3.734543971720521
2020-01-14,2020,14,0,-0.11876122993642602,0.11876122993642602,0.2948179291748292,0.3220473960552283,-0.3220473960552283,4.0565913677757495
2020-01-15,2020,15,0,-0.12642538544081688,0.12642538544081688,0.1683925437340123,0.4169931398891851,-0.4169931398891851,4.473584507664935
2020-01-16,2020,16,0,-0.03475361660991195,0.03475361660991195,0.13363892712410036,0.2764979160001191,-0.2764979160001191,4.750082423665054
2020-01-17,2020,17,6.4,-0.05130128397326038,6.451301283973261,0,0.3009031948278127,6.099096805172188,0
2020-01-18,2020,18,0,0.026255295243300718,-0.026255295243300718,0.026255295243300718,0.2574784739155833,-0.2574784739155833,0.2574784739155833
2020-01-19,2020,19,0,-0.41624656126848136,0.41624656126848136,0,0.49076343239687964,-0.49076343239687964,0.748241906312463
2020-01-20,2020,20,0,-0.297271783950682,0.297271783950682,0,0.6048098891499635,-0.6048098891499635,1.3530517954624264
2020-01-21,2020,21,0,-0.09748440171762274,0.09748440171762274,0,0.22615567818814175,-0.22615567818814175,1.5792074736505681
2020-01-22,2020,22,0,0.1839875682877687,-0.1839875682877687,0.1839875682877687,0.2682356505648049,-0.2682356505648049,1.847443124215373
2020-01-23,2020,23,0,0.28545615548580416,-0.28545615548580416,0.46944372377357285,0.281907311232956,-0.281907311232956,2.129350435448329
2020-01-24,2020,24,0,0.4775870169358502,-0.4775870169358502,0.9470307407094231,0.23904135206759752,-0.23904135206759752,2.3683917875159266
2020-01-25,2020,25,0,0.4502493602352152,-0.4502493602352152,1.3972801009446383,0.20724445379624362,-0.20724445379624362,2.57563624131217
2020-01-26,2020,26,1.5,0.6097752283827653,0.8902247716172347,0.5070553293274036,0.2651064871771984,1.2348935128228016,1.3407427284893685
2020-01-27,2020,27,9.1,0.28114770572437603,8.818852294275624,0,0.38459850280800056,8.715401497192,0
2020-01-28,2020,28,17.6,-0.21133534909025248,17.811335349090253,0,1.043366617805521,16.55663338219448,0
2020-01-29,2020,29,4.5,-0.008929744619828598,4.508929744619828,0,0.550650523342259,3.949349476657741,0
2020-01-30,2020,30,3.1,0.47250382059979074,2.627496179400209,0,0.4603604510579862,2.639639548942014,0
2020-01-31,2020,31,0,0.8184356470178987,-0.8184356470178987,0.8184356470178987,0.5299824203749192,-0.5299824203749192,0.5299824203749192
2020-02-01,2020,32,0.5,-0.08978460296199142,0.5897846029619914,0.2286510440559073,0.9535965508600719,-0.4535965508600719,0.983578971234991
2020-02-02,2020,33,10.4,0.10100586181041811,10.298994138189583,0,0.992191320476328,9.407808679523672,0
2020-02-03,2020,34,5.8,-0.40731300632153206,6.207313006321532,0,2.6301325439527004,3.1698674560472995,0
2020-02-04,2020,35,3.3,0.2355388435208773,3.0644611564791226,0,1.3728172942813668,1.927182705718633,0
2020-02-05,2020,36,0,0.14880622595224557,-0.14880622595224557,0.14880622595224557,0.6416572658539934,-0.6416572658539934,0.6416572658539934
2020-02-06,2020,37,0,0.10491991872568514,-0.10491991872568514,0.2537261446779307,0.5275509758616355,-0.5275509758616355,1.1692082417156289
2020-02-07,2020,38,0,0.18233199668829872,-0.18233199668829872,0.43605814136622945,0.45568525948902444,-0.45568525948902444,1.6248935012046533
2020-02-08,2020,39,0,0.2419073786081729,-0.2419073786081729,0.6779655199744024,0.5303291223327152,-0.5303291223327152,2.1552226235373686
2020-02-09,2020,40,1.5,0.49052427692359624,1.0094757230764038,0,1.1826763112406826,0.3173236887593174,1.8378989347780512
2020-02-10,2020,41,8.7,0.6259351546425024,8.074064845357498,0,2.638477698293349,6.061522301706651,0
2020-02-11,2020,42,3.8,0.01024045962489529,3.7897595403751043,0,1.664371773158706,2.135628226841294,0
2020-02-12,2020,43,0.1,0.05734159528236526,0.04265840471763475,0,1.2995594677549633,-1.1995594677549632,1.1995594677549632
2020-02-13,2020,44,14.8,0.28995211371368335,14.510047886286317,0,0.8176453844858785,13.982354615514122,0
2020-02-14,2020,45,0,0.49203665988519085,-0.49203665988519085,0.49203665988519085,0.7958972343373368,-0.7958972343373368,0.7958972343373368
2020-02-15,2020,46,0,0.6140204466375891,-0.6140204466375891,1.10605710652278,0.7758268375155998,-0.7758268375155998,1.5717240718529366
2020-02-16,2020,47,0,0.13663036048888197,-0.13663036048888197,1.2426874670116619,1.1925269532345295,-1.1925269532345295,2.764251025087466
2020-02-17,2020,48,12.1,0.005496246858742211,12.094503753141257,0,1.021436509389615,11.078563490610385,0
2020-02-18,2020,49,0,0.33403809520383954,-0.33403809520383954,0.33403809520383954,1.0533575983953989,-1.0533575983953989,1.0533575983953989
2020-02-19,2020,50,4.3,0.4343137458301317,3.865686254169868,0,0.8876128564690059,3.412387143530994,0
2020-02-20,2020,51,0.8,0.9170005342670959,-0.11700053426709589,0.11700053426709589,1.2492202986775314,-0.4492202986775313,0.4492202986775313
2020-02-21,2020,52,0,0.9743306411527527,-0.9743306411527527,1.0913311754198487,1.0688947860456126,-1.0688947860456126,1.518115084723144
2020-02-22,2020,53,0,0.9524991507202848,-0.9524991507202848,2.0438303261401334,1.2470461638742738,-1.2470461638742738,2.7651612485974177
2020-02-23,2020,54,0,0.6357580936735112,-0.6357580936735112,2.6795884198136446,2.6891218172198603,-2.6891218172198603,5.454283065817278
2020-02-24,2020,55,0,1.1890340764472445,-1.1890340764472445,3.868622496260889,2.358228967548913,-2.358228967548913,7.8125120333661915
2020-02-25,2020,56,22.3,-0.19207092055524902,22.49207092055525,0,1.312928889750038,20.987071110249964,0
2020-02-26,2020,57,5.1,0.6564999955506554,4.443500004449344,0,0.8142331361428726,4.285766863857127,0
2020-02-27,2020,58,5.5,0.07062882967642953,5.42937117032357,0,0.739483479762017,4.760516520237983,0
2020-02-28,2020,59,0.2,1.2813890921526172,-1.0813890921526172,1.0813890921526172,1.2754560000591708,-1.0754560000591709,1.0754560000591709
2020-02-29,2020,60,24.1,1.1662653667653908,22.93373463323461,0,1.5756143598188623,22.52438564018114,0
2020-03-01,2020,61,3.2,1.6946213042909513,1.505378695709049,0,1.6751114000374703,1.52488859996253,0
2020-03-02,2020,62,8,0.07587662435860158,7.924123375641399,0,0.691351236579393,7.3086487634206065,0
2020-03-03,2020,63,0,1.3003881929235828,-1.3003881929235828,1.3003881929235828,1.2512548351115624,-1.2512548351115624,1.2512548351115624
2020-03-04,2020,64,0.4,1.419540812400106,-1.019540812400106,2.3199290053236887,1.2917734822702505,-0.8917734822702504,2.143028317381813
2020-03-05,2020,65,19.5,0.37949892831301635,19.120501071686984,0,0.7095522089695776,18.790447791030424,0
2020-03-06,2020,66,0.1,0.7569060851431649,-0.656906085143165,0.656906085143165,1.7582270777274642,-1.6582270777274641,1.6582270777274641
2020-03-07,2020,67,0,0.6644640560847626,-0.6644640560847626,1.3213701412279275,1.1170556396290243,-1.1170556396290243,2.7752827173564887
2020-03-08,2020,68,1.8,1.4766470947167527,0.32335290528324734,0.9980172359446802,1.317212821980866,0.48278717801913396,2.292495539337355
2020-03-09,2020,69,1.9,1.2858822294388828,0.6141177705611172,0.383899465383563,1.2369209918700075,0.6630790081299924,1.6294165312073625
2020-03-10,2020,70,4.3,0.25040173130687016,4.0495982686931296,0,0.6456894070435204,3.654310592956479,0
2020-03-11,2020,71,0,1.2213921479148626,-1.2213921479148626,1.2213921479148626,1.405498194911833,-1.405498194911833,1.405498194911833
2020-03-12,2020,72,0,1.17055721808699,-1.17055721808699,2.3919493660018527,1.9479253648040529,-1.9479253648040529,3.353423559715886
2020-03-13,2020,73,0,0.930845305361041,-0.930845305361041,3.3227946713628937,1.5359191851303045,-1.5359191851303045,4.88934274484619
2020-03-14,2020,74,0,1.2374885560366349,-1.2374885560366349,4.560283227399529,1.2922776234890296,-1.2922776234890296,6.18162036833522
2020-03-15,2020,75,0,1.7757803486456873,-1.7757803486456873,6.336063576045216,1.6605814277461974,-1.6605814277461974,7.842201796081417
2020-03-16,2020,76,0,1.833099982838833,-1.833099982838833,8.16916355888405,1.8755174251531757,-1.8755174251531757,9.717719221234592
2020-03-17,2020,77,0,2.0351059291128264,-2.0351059291128264,10.204269487996875,1.955459492749897,-1.955459492749897,11.67317871398449
2020-03-18,2020,78,0,2.112982281270545,-2.112982281270545,12.31725176926742,2.0672545686601094,-2.0672545686601094,13.740433282644599
2020-03-19,2020,79,0,2.176013853432646,-2.176013853432646,14.493265622700067,2.0754350659425906,-2.0754350659425906,15.81586834858719
2020-03-20,2020,80,10.5,1.8934742270546498,8.60652577294535,5.886739849754717,1.8284160387588035,8.671583961241197,7.1442843873459925
2020-03-21,2020,81,0,2.2845396010849526,-2.2845396010849526,8.17127945083967,1.5820731429693369,-1.5820731429693369,8.72635753031533
2020-03-22,2020,82,0,0.6176052474118919,-0.6176052474118919,8.788884698251561,1.1479837624034044,-1.1479837624034044,9.874341292718734
2020-03-23,2020,83,0,1.6896604199813154,-1.6896604199813154,10.478545118232876,2.3489662194461105,-2.3489662194461105,12.223307512164844
2020-03-24,2020,84,0,1.6244902596684752,-1.6244902596684752,12.103035377901351,2.441822162066405,-2.441822162066405,14.665129674231249
2020-03-25,2020,85,0,1.7149337585315438,-1.7149337585315438,13.817969136432895,2.2413732977212484,-2.2413732977212484,16.9065029719525
2020-03-26,2020,86,0,1.7268272849399642,-1.7268272849399642,15.544796421372858,2.1491677041641775,-2.1491677041641775,19.055670676116677
2020-03-27,2020,87,0,1.9548723571766913,-1.9548723571766913,17.499668778549548,1.9359425138893276,-1.9359425138893276,20.991613190006003
2020-03-28,2020,88,0,2.5045596381326245,-2.5045596381326245,20.004228416682174,2.4540399208898434,-2.4540399208898434,23.445653110895847
2020-03-29,2020,89,1.6,1.1568081437965108,0.44319185620348933,19.561036560478684,1.3748458409053215,0.22515415909467862,23.22049895180117
2020-03-30,2020,90,0,0.32273669443541236,-0.32273669443541236,19.883773254914097,0.9322506985436144,-0.9322506985436144,24.152749650344784
2020-03-31,2020,91,0,1.9418589619425892,-1.9418589619425892,21.825632216856686,2.5842873944937605,-2.5842873944937605,26.737037044838544
2020-04-01,2020,92,0,2.1711336446956992,-2.1711336446956992,23.996765861552387,2.220801434180431,-2.220801434180431,28.957838479018974
2020-04-02,2020,93,0,2.3996956982376587,-2.3996956982376587,26.396461559790044,2.4751706393388986,-2.4751706393388986,31.433009118357873
2020-04-03,2020,94,0,2.5288216366956395,-2.5288216366956395,28.925283196485683,2.6377289559386345,-2.6377289559386345,34.07073807429651
2020-04-04,2020,95,0,2.58841124629764,-2.58841124629764,31.513694442783322,2.7124673387170355,-2.7124673387170355,36.78320541301354
2020-04-05,2020,96,0,2.848490691146543,-2.848490691146543,34.36218513392986,2.88890778093359,-2.88890778093359,39.67211319394713
2020-04-06,2020,97,0,2.881894136781364,-2.881894136781364,37.244079270711225,3.0314089126537036,-3.0314089126537036,42.703522106600836
2020-04-07,2020,98,0,3.049598311090348,-3.049598311090348,40.293677581801575,3.4053056423572796,-3.4053056423572796,46.10882774895811
2020-04-08,2020,99,0,3.0904467553048263,-3.0904467553048263,43.3841243371064,3.227478479272939,-3.227478479272939,49.33630622823105
2020-04-09,2020,100,0,2.95570630044598,-2.95570630044598,46.33983063755238,3.3520194402249817,-3.3520194402249817,52.68832566845603
2020-04-10,2020,101,0,3.2410834665826833,-3.2410834665826833,49.58091410413506,3.3650642981327565,-3.3650642981327565,56.05338996658879
2020-04-11,2020,102,0,3.3375467401931798,-3.3375467401931798,52.918460844328244,3.406137903266005,-3.406137903266005,59.459527869854796
2020-04-12,2020,103,0,3.3568566065536722,-3.3568566065536722,56.275317450881914,3.496198461892305,-3.496198461892305,62.9557263317471
2020-04-13,2020,104,0,3.130078355231537,-3.130078355231537,59.405395806113454,3.651896431834433,-3.651896431834433,66.60762276358153
2020-04-14,2020,105,0,3.1272959772401943,-3.1272959772401943,62.53269178335365,3.9436248568256294,-3.9436248568256294,70.55124762040717
2020-04-15,2020,106,0,3.2212119553445064,-3.2212119553445064,65.75390373869816,3.5289830578979795,-3.5289830578979795,74.08023067830514
2020-04-16,2020,107,0,3.454488270561897,-3.454488270561897,69.20839200926005,3.4141490115022304,-3.4141490115022304,77.49437968980737
2020-04-17,2020,108,0,3.3119068832715,-3.3119068832715,72.52029889253156,3.384564203908205,-3.384564203908205,80.87894389371559
2020-04-18,2020,109,0,3.4995021245503377,-3.4995021245503377,76.01980101708189,3.5367410425825074,-3.5367410425825074,84.41568493629809
2020-04-19,2020,110,0,2.572338167753284,-2.572338167753284,78.59213918483518,2.9262117258987153,-2.9262117258987153,87.3418966621968
2020-04-20,2020,111,0,3.9780706206674163,-3.9780706206674163,82.57020980550259,3.8515933079104885,-3.8515933079104885,91.1934899701073
2020-04-21,2020,112,0,1.9881450161312866,-1.9881450161312866,84.55835482163387,2.7028368356350683,-2.7028368356350683,93.89632680574236
2020-04-22,2020,113,0,3.90472093492698,-3.90472093492698,88.46307575656085,4.016201017191286,-4.016201017191286,97.91252782293365
2020-04-23,2020,114,0,3.89194982932203,-3.89194982932203,92.35502558588288,3.985076452056075,-3.985076452056075,101.89760427498973
2020-04-24,2020,115,0,3.472752124724719,-3.472752124724719,95.8277777106076,3.6441935556326697,-3.6441935556326697,105.5417978306224
2020-04-25,2020,116,0,2.9453533951807533,-2.9453533951807533,98.77313110578837,3.0279383223501486,-3.0279383223501486,108.56973615297255
2020-04-26,2020,117,15.3,2.5230646924482456,12.776935307551755,85.99619579823661,2.2658356712495853,13.034164328750416,95.53557182422213
2020-04-27,2020,118,7.5,4.884831824728878,2.6151681752711218,83.38102762296549,3.722183113663806,3.777816886336194,91.75775493788593
2020-04-28,2020,119,13,1.6438736902565578,11.356126309743441,72.02490131322205,1.5377060987809177,11.462293901219082,80.29546103666685
2020-04-29,2020,120,0.5,3.1807986239218558,-2.6807986239218558,74.7056999371439,2.6430291801873964,-2.1430291801873964,82.43849021685425
2020-04-30,2020,121,10.9,0.8264142790906721,10.073585720909328,64.63211421623458,1.148975248731089,9.751024751268911,72.68746546558533
2020-05-01,2020,122,13.6,1.3783773398904968,12.221622660109503,52.41049155612508,1.5174690774452224,12.082530922554778,60.60493454303055
2020-05-02,2020,123,7.4,2.0516590573068525,5.348340942693148,47.06215061343193,1.7628035351723983,5.637196464827602,54.96773807820295
2020-05-03,2020,124,0,2.9595178685040473,-2.9595178685040473,50.021668481935976,2.4727743478778086,-2.4727743478778086,57.44051242608076
2020-05-04,2020,125,8.9,5.231407375070303,3.6685926249296976,46.353075857006274,4.257174037389584,4.6428259626104165,52.79768646347034
2020-05-05,2020,126,17,0.9392786040391606,16.06072139596084,30.292354461045434,1.093825911783787,15.906174088216213,36.89151237525413
2020-05-06,2020,127,0,3.1660557200688513,-3.1660557200688513,33.45841018111429,2.487272318131944,-2.487272318131944,39.37878469338607
2020-05-07,2020,128,0,4.607611589042715,-4.607611589042715,38.06602177015701,4.085302239056287,-4.085302239056287,43.46408693244236
2020-05-08,2020,129,0,4.708029087300415,-4.708029087300415,42.774050857457425,4.173957611394326,-4.173957611394326,47.63804454383669
2020-05-09,2020,130,0.5,5.2621053418723225,-4.7621053418723225,47.536156199329746,4.550864169645757,-4.050864169645757,51.68890871348245
2020-05-10,2020,131,0.5,5.00420713500018,-4.50420713500018,52.040363334329925,3.9963849886066765,-3.4963849886066765,55.185293702089126
2020-05-11,2020,132,4.6,1.2778096809012751,3.3221903190987243,48.7181730152312,1.3692572938661833,3.2307427061338165,51.95455099595531
2020-05-12,2020,133,0.1,2.5254977495080446,-2.4254977495080445,51.14367076473925,1.9277704739475867,-1.8277704739475866,53.7823214699029
2020-05-13,2020,134,13.1,1.3333295697218528,11.766670430278147,39.3770003344611,1.1125655601528524,11.987434439847148,41.79488703005575
2020-05-14,2020,135,0.6,1.873188800869254,-1.2731888008692542,40.65018913533036,1.2978734205482785,-0.6978734205482785,42.492760450604024
2020-05-15,2020,136,0,1.5050342961306513,-1.5050342961306513,42.15522343146101,1.5655921129614503,-1.5655921129614503,44.05835256356547
2020-05-16,2020,137,0,4.244141553950193,-4.244141553950193,46.399364985411204,3.357795943166577,-3.357795943166577,47.41614850673205
2020-05-17,2020,138,0,4.9189357521566635,-4.9189357521566635,51.31830073756787,4.367646113002059,-4.367646113002059,51.78379461973411
2020-05-18,2020,139,0,5.142917158653245,-5.142917158653245,56.461217896221115,4.897658931232492,-4.897658931232492,56.6814535509666
2020-05-19,2020,140,2,5.148197130253446,-3.148197130253446,59.60941502647456,4.6484710177607935,-2.6484710177607935,59.32992456872739
2020-05-20,2020,141,0,5.286194942621554,-5.286194942621554,64.89560996909611,5.235988216249596,-5.235988216249596,64.56591278497699
2020-05-21,2020,142,0,5.406956942375088,-5.406956942375088,70.3025669114712,5.118565868548842,-5.118565868548842,69.68447865352583
2020-05-22,2020,143,0,4.134135629774979,-4.134135629774979,74.43670254124618,4.182530509555264,-4.182530509555264,73.8670091630811
2020-05-23,2020,144,10.7,1.5103290315921434,9.189670968407857,65.24703157283832,2.0844092778637218,8.615590722136277,65.25141844094482
2020-05-24,2020,145,0,4.542340385672643,-4.542340385672643,69.78937195851097,3.817578620094827,-3.817578620094827,69.06899706103964
2020-05-25,2020,146,0,5.198011743905185,-5.198011743905185,74.98738370241615,4.688152717247852,-4.688152717247852,73.75714977828748
2020-05-26,2020,147,0,4.959260926874112,-4.959260926874112,79.94664462929026,5.025260928039873,-5.025260928039873,78.78241070632735
2020-05-27,2020,148,0,5.204389955521486,-5.204389955521486,85.15103458481175,5.222828627365291,-5.222828627365291,84.00523933369264
2020-05-28,2020,149,0,5.400187425603321,-5.400187425603321,90.55122201041507,5.028993895323055,-5.028993895323055,89.0342332290157
2020-05-29,2020,150,0,5.159088994374958,-5.159088994374958,95.71031100479003,5.360013099809582,-5.360013099809582,94.39424632882528
2020-05-30,2020,151,0,5.044661759592016,-5.044661759592016,100.75497276438205,4.8376481525678745,-4.8376481525678745,99.23189448139316
2020-05-31,2020,152,0,5.242659415019293,-5.242659415019293,105.99763217940134,5.125180399107792,-5.125180399107792,104.35707488050095
2020-06-01,2020,153,0,5.502471792100176,-5.502471792100176,111.50010397150152,5.207419213074244,-5.207419213074244,109.56449409357519
2020-06-02,2020,154,0,5.6535421651575515,-5.6535421651575515,117.15364613665906,5.4502399143452225,-5.4502399143452225,115.01473400792041
2020-06-03,2020,155,7.3,4.658501209849576,2.6414987901504237,114.51214734650864,4.49823343327946,2.8017665667205396,112.21296744119986
2020-06-04,2020,156,4.6,1.7435510780837253,2.8564489219162743,111.65569842459237,1.8351278781394929,2.764872121860507,109.44809531933936
2020-06-05,2020,157,2.4,1.9612672384902925,0.4387327615097074,111.21696566308266,2.2563213143564695,0.14367868564353037,109.30441663369582
2020-06-06,2020,158,12.1,3.562474929971326,8.537525070028673,102.67944059305398,3.4941315085090188,8.60586849149098,100.69854814220484
2020-06-07,2020,159,3.4,1.8070531860475616,1.5929468139524383,101.08649377910154,1.6796525881610034,1.7203474118389965,98.97820073036584
2020-06-08,2020,160,10.3,2.4173099937524145,7.882690006247586,93.20380377285396,2.240238204961809,8.059761795038192,90.91843893532766
2020-06-09,2020,161,0.9,1.4436207893959452,-0.5436207893959452,93.7474245622499,1.4068641036931384,-0.5068641036931384,91.42530303902079
2020-06-10,2020,162,12,2.2823808809276374,9.717619119072364,84.02980544317754,1.9182387320698233,10.081761267930176,81.34354177109061
2020-06-11,2020,163,1.1,5.091873878278675,-3.991873878278675,88.02167932145622,3.8520697846911944,-2.7520697846911943,84.0956115557818
2020-06-12,2020,164,0,6.132366308011792,-6.132366308011792,94.15404562946802,4.997863309349585,-4.997863309349585,89.09347486513138
2020-06-13,2020,165,12,4.10119356043887,7.89880643956113,86.25523918990689,3.3676494810773545,8.632350518922646,80.46112434620873
2020-06-14,2020,166,1.3,1.2883578129447948,0.011642187055205255,86.24359700285169,1.4683067570019828,-0.16830675700198272,80.62943110321072
2020-06-15,2020,167,0,2.6349095685668518,-2.6349095685668518,88.87850657141854,2.4569093382867067,-2.4569093382867067,83.08634044149743
2020-06-16,2020,168,24.4,4.953031165038392,19.446968834961606,69.43153773645693,4.012840166812643,20.387159833187354,62.69918060831007
2020-06-17,2020,169,10.7,1.8302850791861622,8.869714920813838,60.5618228156431,1.7690427307238814,8.930957269276117,53.76822333903395
2020-06-18,2020,170,5.2,4.407755462172657,0.7922445378273428,59.769578277815754,3.528983083853653,1.671016916146347,52.0972064228876
2020-06-19,2020,171,4.6,3.3718018826282123,1.2281981173717873,58.541380160443964,2.862848642022399,1.7371513579776008,50.36005506491
2020-06-20,2020,172,0,5.694233567757573,-5.694233567757573,64.23561372820154,4.498024566075035,-4.498024566075035,54.85807963098503
2020-06-21,2020,173,0,5.740158946333113,-5.740158946333113,69.97577267453465,4.897992693785678,-4.897992693785678,59.75607232477071
2020-06-22,2020,174,0,6.498728379257838,-6.498728379257838,76.4745010537925,5.340097102947238,-5.340097102947238,65.09616942771795
2020-06-23,2020,175,0,6.164941522447419,-6.164941522447419,82.63944257623992,5.887826631335032,-5.887826631335032,70.98399605905298
2020-06-24,2020,176,0,6.0862859294178095,-6.0862859294178095,88.72572850565773,5.794308055016263,-5.794308055016263,76.77830411406924
2020-06-25,2020,177,0,5.846091106342169,-5.846091106342169,94.5718196119999,5.145865784115759,-5.145865784115759,81.924169898185
2020-06-26,2020,178,4.1,4.79255877100501,-0.6925587710050101,95.26437838300491,4.7356035669627,-0.6356035669627005,82.5597734651477
2020-06-27,2020,179,0,5.330625817977376,-5.330625817977376,100.59500420098229,5.189823755331862,-5.189823755331862,87.74959722047956
2020-06-28,2020,180,29.7,4.1354672309186995,25.5645327690813,75.03047143190099,3.6354522431082223,26.064547756891777,61.68504946358778
2020-06-29,2020,181,2.3,4.9746459123491364,-2.6746459123491366,77.70511734425013,4.119367305270658,-1.8193673052706583,63.50441676885844
2020-06-30,2020,182,0,6.271046264761923,-6.271046264761923,83.97616360901205,5.341478682225113,-5.341478682225113,68.84589545108355
2020-07-01,2020,183,6.3,5.939400392397498,0.3605996076025022,83.61556400140955,5.2749050962889,1.0250949037111,67.82080054737244
2020-07-02,2020,184,0.1,4.470954295195459,-4.370954295195459,87.98651829660501,3.9673569730536618,-3.8673569730536617,71.6881575204261
2020-07-03,2020,185,0,1.8545087024043585,-1.8545087024043585,89.84102699900937,2.256903799488408,-2.256903799488408,73.94506131991452
2020-07-04,2020,186,0,5.9936473665862415,-5.9936473665862415,95.83467436559562,5.05640862810076,-5.05640862810076,79.00146994801527
2020-07-05,2020,187,0,6.3038169598546405,-6.3038169598546405,102.13849132545026,5.511641355638761,-5.511641355638761,84.51311130365403
2020-07-06,2020,188,0,4.244928324929563,-4.244928324929563,106.38341965037982,4.390885898913813,-4.390885898913813,88.90399720256784
2020-07-07,2020,189,0,5.538058667011571,-5.538058667011571,111.92147831739139,5.186253939105988,-5.186253939105988,94.09025114167383
2020-07-08,2020,190,0,5.677612411801428,-5.677612411801428,117.59909072919282,5.233844127024538,-5.233844127024538,99.32409526869837
2020-07-09,2020,191,0,5.728950752323495,-5.728950752323495,123.32804148151632,5.574786916906611,-5.574786916906611,104.89888218560498
2020-07-10,2020,192,32.9,5.554294439162536,27.345705560837462,95.98233592067886,5.26684676772992,27.63315323227008,77.2657289533349
2020-07-11,2020,193,0.7,4.245125754198808,-3.545125754198808,99.52746167487767,3.7332407598396595,-3.03324075983966,80.29896971317456
2020-07-12,2020,194,0,5.62031636973882,-5.62031636973882,105.14777804461649,5.300608974406465,-5.300608974406465,85.59957868758102
2020-07-13,2020,195,0,5.403166829179928,-5.403166829179928,110.55094487379641,4.98546902585392,-4.98546902585392,90.58504771343493
2020-07-14,2020,196,0,5.475554080892322,-5.475554080892322,116.02649895468873,4.89758075400554,-4.89758075400554,95.48262846744048
2020-07-15,2020,197,0.6,1.9237904777572497,-1.3237904777572496,117.35028943244598,2.3687576408424094,-1.7687576408424093,97.25138610828289
2020-07-16,2020,198,0.1,2.4712465066362963,-2.371246506636296,119.72153593908227,2.317108529863727,-2.2171085298637268,99.46849463814661
2020-07-17,2020,199,0,2.5672058691450252,-2.5672058691450252,122.2887418082273,2.445528925649879,-2.445528925649879,101.91402356379649
2020-07-18,2020,200,0,5.50643430916242,-5.50643430916242,127.79517611738972,5.023176594725268,-5.023176594725268,106.93720015852176
2020-07-19,2020,201,0,5.538099104939045,-5.538099104939045,133.33327522232875,5.091735391458516,-5.091735391458516,112.02893554998028
2020-07-20,2020,202,6,5.669028598193453,0.33097140180654705,133.0023038205222,5.386835453204841,0.6131645467951587,111.41577100318511
2020-07-21,2020,203,0.1,4.119423432595164,-4.019423432595165,137.02172725311738,3.8006696864445626,-3.7006696864445625,115.11644068962967
2020-07-22,2020,204,17.1,4.837777492607851,12.26222250739215,124.75950474572522,4.160143545625859,12.939856454374143,102.17658423525553
2020-07-23,2020,205,0,5.691330418409827,-5.691330418409827,130.45083516413504,5.171785452403471,-5.171785452403471,107.348369687659
2020-07-24,2020,206,3.1,1.8419075678576824,1.2580924321423177,129.19274273199272,2.464675399553174,0.6353246004468263,106.71304508721218
2020-07-25,2020,207,0,5.561226877161185,-5.561226877161185,134.7539696091539,4.975673395617358,-4.975673395617358,111.68871848282954
2020-07-26,2020,208,0,5.505178110207234,-5.505178110207234,140.25914771936112,5.213191136531034,-5.213191136531034,116.90190961936058
2020-07-27,2020,209,0,5.739854681810633,-5.739854681810633,145.99900240117177,5.593041418545802,-5.593041418545802,122.49495103790639
2020-07-28,2020,210,0.3,4.902911695474086,-4.602911695474086,150.60191409664586,4.95277820046522,-4.65277820046522,127.14772923837161
2020-07-29,2020,211,0,5.40136999638785,-5.40136999638785,156.0032840930337,5.075481112003053,-5.075481112003053,132.22321035037467
2020-07-30,2020,212,0,5.6741243057477995,-5.6741243057477995,161.6774083987815,5.355812830950913,-5.355812830950913,137.5790231813256
2020-07-31,2020,213,0,5.815634819811016,-5.815634819811016,167.4930432185925,6.068715646370098,-6.068715646370098,143.6477388276957
2020-08-01,2020,214,2.8,4.257386727780937,-1.4573867277809374,168.95042994637345,4.6651746469149495,-1.8651746469149497,145.51291347461063
2020-08-02,2020,215,19.9,2.6446970869988045,17.255302913001195,151.69512703337224,2.4126179352417707,17.48738206475823,128.0255314098524
2020-08-03,2020,216,23.1,0.40003696029791,22.69996303970209,128.99516399367016,1.0279696968717744,22.072030303128226,105.95350110672416
2020-08-04,2020,217,0.2,1.6227209424367046,-1.4227209424367047,130.41788493610687,1.7885532988311574,-1.5885532988311575,107.54205440555532
2020-08-05,2020,218,0,4.732943620962759,-4.732943620962759,135.15082855706964,3.9913475638179747,-3.9913475638179747,111.5334019693733
2020-08-06,2020,219,0,5.009045396880273,-5.009045396880273,140.15987395394993,4.488237927890174,-4.488237927890174,116.02163989726347
2020-08-07,2020,220,0,5.207584369243589,-5.207584369243589,145.36745832319352,4.765266291540377,-4.765266291540377,120.78690618880384
2020-08-08,2020,221,0,5.241735196391689,-5.241735196391689,150.6091935195852,4.9375983869657425,-4.9375983869657425,125.72450457576959
2020-08-09,2020,222,0,5.193098875725132,-5.193098875725132,155.80229239531033,4.980041061474227,-4.980041061474227,130.70454563724383
2020-08-10,2020,223,0,4.6741856754100874,-4.6741856754100874,160.47647807072042,4.474810879364863,-4.474810879364863,135.1793565166087
2020-08-11,2020,224,0,5.252195000398326,-5.252195000398326,165.72867307111875,4.921799279699852,-4.921799279699852,140.10115579630855
2020-08-12,2020,225,4.3,4.420529436658572,-0.12052943665857185,165.8492025077773,4.609182659921393,-0.30918265992139293,140.41033845622994
2020-08-13,2020,226,6.4,3.1822247827710823,3.217775217228918,162.6314272905484,3.501233781401418,2.8987662185985825,137.51157223763136
2020-08-14,2020,227,0.2,3.4531466477232846,-3.2531466477232844,165.8845739382717,2.9748217112454842,-2.774821711245484,140.28639394887685
2020-08-15,2020,228,0,4.936935898926826,-4.936935898926826,170.82150983719853,4.38288685524708,-4.38288685524708,144.66928080412393
2020-08-16,2020,229,33.5,4.529249572116583,28.970750427883416,141.85075940931512,4.084205459620638,29.415794540379363,115.25348626374456
2020-08-17,2020,230,14.6,4.426910249495719,10.173089750504282,131.67766965881083,3.522404582324504,11.077595417675496,104.17589084606907
2020-08-18,2020,231,2.8,3.783669430109712,-0.9836694301097122,132.66133908892053,3.3123514650091535,-0.5123514650091536,104.68824231107823
2020-08-19,2020,232,0,3.8892598499343114,-3.8892598499343114,136.55059893885485,3.4448379160824163,-3.4448379160824163,108.13308022716065
2020-08-20,2020,233,0,5.027114480250624,-5.027114480250624,141.57771341910546,4.66095013680777,-4.66095013680777,112.79403036396842
2020-08-21,2020,234,0.6,4.746801546115372,-4.146801546115372,145.72451496522083,4.849567691924039,-4.24956769192404,117.04359805589246
2020-08-22,2020,235,0.4,2.308376598869409,-1.9083765988694092,147.63289156409024,2.517848059043518,-2.117848059043518,119.16144611493598
2020-08-23,2020,236,0,3.6974253148741085,-3.6974253148741085,151.33031687896434,3.446452373441068,-3.446452373441068,122.60789848837705
2020-08-24,2020,237,0,4.112684641570866,-4.112684641570866,155.4430015205352,3.7405986926340695,-3.7405986926340695,126.34849718101111
2020-08-25,2020,238,0,3.089472775540309,-3.089472775540309,158.53247429607552,3.2677113911476163,-3.2677113911476163,129.61620857215874
2020-08-26,2020,239,0,3.7232007635989546,-3.7232007635989546,162.25567505967447,4.632492763504647,-4.632492763504647,134.24870133566338
2020-08-27,2020,240,0,3.5299237166630673,-3.5299237166630673,165.78559877633754,3.503298879139318,-3.503298879139318,137.7520002148027
2020-08-28,2020,241,12,1.0520002452102184,10.947999754789782,154.83759902154776,1.8332640632523893,10.16673593674761,127.58526427805509
2020-08-29,2020,242,11.8,0.6265496665954883,11.173450333404512,143.66414868814326,0.9691489961934534,10.830851003806547,116.75441327424855
2020-08-30,2020,243,26,0.48669474517386596,25.513305254826133,118.15084343331712,0.8533047624359187,25.14669523756408,91.60771803668447
2020-08-31,2020,244,0,3.21739992025245,-3.21739992025245,121.36824335356957,2.5903797946766063,-2.5903797946766063,94.19809783136108
2020-09-01,2020,245,0,2.6965648704602354,-2.6965648704602354,124.0648082240298,2.545617212056984,-2.545617212056984,96.74371504341806
2020-09-02,2020,246,0,3.512936751536416,-3.512936751536416,127.57774497556622,2.9601658881180377,-2.9601658881180377,99.7038809315361
2020-09-03,2020,247,0,3.518053535627639,-3.518053535627639,131.09579851119386,3.1127023258646282,-3.1127023258646282,102.81658325740074
2020-09-04,2020,248,0,3.752137137465696,-3.752137137465696,134.84793564865956,3.371186668029807,-3.371186668029807,106.18776992543054
2020-09-05,2020,249,0,3.836779478994056,-3.836779478994056,138.68471512765362,3.8218273295253176,-3.8218273295253176,110.00959725495586
2020-09-06,2020,250,0,0.6347050900309709,-0.6347050900309709,139.31942021768458,1.376854960867878,-1.376854960867878,111.38645221582374
2020-09-07,2020,251,0,2.111361283637392,-2.111361283637392,141.43078150132197,2.382342929462317,-2.382342929462317,113.76879514528605
2020-09-08,2020,252,0,3.2559211020002907,-3.2559211020002907,144.68670260332226,2.932164738482137,-2.932164738482137,116.70095988376819
2020-09-09,2020,253,0,3.450474569077008,-3.450474569077008,148.13717717239928,3.0684516550300294,-3.0684516550300294,119.76941153879822
2020-09-10,2020,254,0,3.158941677333335,-3.158941677333335,151.2961188497326,3.1179466869125654,-3.1179466869125654,122.88735822571078
2020-09-11,2020,255,0,3.1633704863423744,-3.1633704863423744,154.459489336075,2.9403329822182447,-2.9403329822182447,125.82769120792904
2020-09-12,2020,256,0,3.3296026440533537,-3.3296026440533537,157.78909198012835,3.0204144074363364,-3.0204144074363364,128.84810561536537
2020-09-13,2020,257,0,3.1006327570328547,-3.1006327570328547,160.8897247371612,3.0680809769418227,-3.0680809769418227,131.91618659230718
2020-09-14,2020,258,0,3.209109442791771,-3.209109442791771,164.09883417995297,3.0767522462601566,-3.0767522462601566,134.99293883856734
2020-09-15,2020,259,0,3.246480562826096,-3.246480562826096,167.34531474277907,3.2779059785964137,-3.2779059785964137,138.27084481716375
2020-09-16,2020,260,0,2.6954483732977126,-2.6954483732977126,170.0407631160768,2.834736155295942,-2.834736155295942,141.10558097245968
2020-09-17,2020,261,0,2.864675757020562,-2.864675757020562,172.90543887309735,3.3598528738881166,-3.3598528738881166,144.4654338463478
2020-09-18,2020,262,0,2.84432653384083,-2.84432653384083,175.7497654069382,2.933435328233421,-2.933435328233421,147.39886917458122
2020-09-19,2020,263,0.2,0.9755709721584865,-0.7755709721584865,176.52533637909667,1.341838069380883,-1.141838069380883,148.54070724396212
2020-09-20,2020,264,4.5,2.8257204447522697,1.6742795552477303,174.85105682384895,2.3385714547614214,2.1614285452385786,146.37927869872354
2020-09-21,2020,265,0.1,2.8729223545200506,-2.7729223545200505,177.623979178369,2.289064894874283,-2.189064894874283,148.56834359359783
2020-09-22,2020,266,12.2,2.0102612238830577,10.189738776116942,167.43424040225207,1.9019636291045614,10.298036370895439,138.2703072227024
2020-09-23,2020,267,15.1,1.9879995570390574,13.112000442960943,154.32223995929112,2.039147548782029,13.06085245121797,125.20945477148443
2020-09-24,2020,268,23.7,1.4186474203822106,22.28135257961779,132.04088737967334,1.4660939920425133,22.233906007957486,102.97554876352694
2020-09-25,2020,269,9.9,0.617307536745765,9.282692463254236,122.7581949164191,1.0498795801290988,8.850120419870901,94.12542834365604
2020-09-26,2020,270,3.7,1.0641359143103377,2.6358640856896622,120.12233083072944,1.3259673251681887,2.3740326748318115,91.75139566882423
2020-09-27,2020,271,0,1.0553900075837055,-1.0553900075837055,121.17772083831315,1.3933478318415522,-1.3933478318415522,93.14474350066578
2020-09-28,2020,272,12.5,1.698643870251348,10.801356129748651,110.3763647085645,1.3094283668071556,11.190571633192844,81.95417186747294
2020-09-29,2020,273,0.4,0.39302861974047676,0.006971380259523263,110.36939332830497,0.822805179638105,-0.42280517963810493,82.37697704711104
2020-09-30,2020,274,0,1.7331393411360734,-1.7331393411360734,112.10253266944103,1.2820221051198573,-1.2820221051198573,83.6589991522309
2020-10-01,2020,275,0.6,1.0165206214477156,-0.4165206214477156,112.51905329088875,1.0995470783091552,-0.49954707830915523,84.15854623054005
2020-10-02,2020,276,17.6,0.6302223863895151,16.969777613610486,95.54927567727826,0.8735007697946343,16.726499230205366,67.43204700033469
2020-10-03,2020,277,9,1.2384720714813866,7.761527928518613,87.78774774875964,1.2179378978156694,7.78206210218433,59.649984898150365
2020-10-04,2020,278,3.6,1.3712656065567077,2.2287343934432924,85.55901335531635,1.6714456564399895,1.9285543435600105,57.721430554590356
2020-10-05,2020,279,1.8,0.6169835254025329,1.1830164745974672,84.37599688071889,1.1939705535700824,0.6060294464299176,57.11540110816044
2020-10-06,2020,280,6,0.6163352416708747,5.383664758329125,78.99233212238977,1.4598471610173243,4.540152838982676,52.57524826917776
2020-10-07,2020,281,2,0.6885608341232371,1.311439165876763,77.680892956513,1.0382604805086157,0.9617395194913843,51.61350874968638
2020-10-08,2020,282,0,1.5781141052301866,-1.5781141052301866,79.25900706174319,1.5134298171924898,-1.5134298171924898,53.12693856687887
2020-10-09,2020,283,2.5,1.3177955442877187,1.1822044557122813,78.07680260603091,1.2755765697723425,1.2244234302276575,51.90251513665121
2020-10-10,2020,284,1.8,0.4557290267229291,1.344270973277071,76.73253163275383,0.8432338259258539,0.9567661740741461,50.94574896257706
2020-10-11,2020,285,5.9,0.9045703936403244,4.995429606359676,71.73710202639415,0.9286167255371046,4.971383274462895,45.97436568811417
2020-10-12,2020,286,0,0.6111582961127769,-0.6111582961127769,72.34826032250693,0.811065211456354,-0.811065211456354,46.78543089957052
2020-10-13,2020,287,0.1,1.1890291504715664,-1.0890291504715663,73.43728947297849,0.8481360733814312,-0.7481360733814312,47.53356697295195
2020-10-14,2020,288,0,1.6086877588496447,-1.6086877588496447,75.04597723182813,1.2969087144588434,-1.2969087144588434,48.8304756874108
2020-10-15,2020,289,1.3,0.7184401146393354,0.5815598853606646,74.46441734646747,0.9473278316658049,0.3526721683341951,48.4778035190766
2020-10-16,2020,290,0.5,0.8981873750036812,-0.3981873750036812,74.86260472147116,0.7365136588587048,-0.2365136588587048,48.71431717793531
2020-10-17,2020,291,0,0.7897039085992177,-0.7897039085992177,75.65230863007038,0.8493053985221182,-0.8493053985221182,49.563622576457426
2020-10-18,2020,292,0,0.869540225866571,-0.869540225866571,76.52184885593695,0.8805539138329525,-0.8805539138329525,50.44417649029038
2020-10-19,2020,293,0,0.675513544337859,-0.675513544337859,77.19736240027481,0.8129315710244156,-0.8129315710244156,51.257108061314796
2020-10-20,2020,294,0,0.6133595725175036,-0.6133595725175036,77.81072197279232,0.8229773561244769,-0.8229773561244769,52.08008541743927
2020-10-21,2020,295,0,0.6133633307172525,-0.6133633307172525,78.42408530350957,0.8972573609913267,-0.8972573609913267,52.9773427784306
2020-10-22,2020,296,12.7,0.5558287635342383,12.14417123646576,66.2799140670438,0.7386177541380998,11.9613822458619,41.0159605325687
2020-10-23,2020,297,28.4,0.11636354764054092,28.283636452359456,37.996277614684345,0.5327355334595347,27.867264466540465,13.148696066028233
2020-10-24,2020,298,0,0.7801982339747138,-0.7801982339747138,38.77647584865906,0.8424730791419666,-0.8424730791419666,13.991169145170199
2020-10-25,2020,299,13.9,1.0123779085761033,12.887622091423896,25.888853757235164,0.807131774793224,13.092868225206777,0.8983009199634218
2020-10-26,2020,300,11.3,-0.01914630555206357,11.319146305552064,14.569707451683101,0.5475231712801901,10.75247682871981,0
2020-10-27,2020,301,0.2,0.9975660443282405,-0.7975660443282404,15.367273496011341,0.9122541603423004,-0.7122541603423005,0.7122541603423005
2020-10-28,2020,302,4.4,0.47067176876402256,3.929328231235978,11.437945264775363,0.851655318223929,3.5483446817760713,0
2020-10-29,2020,303,0.7,0.5441860403941492,0.15581395960585076,11.282131305169512,0.9978523155929148,-0.2978523155929148,0.2978523155929148
2020-10-30,2020,304,0,0.6183418061144701,-0.6183418061144701,11.900473111283983,0.7574824206943347,-0.7574824206943347,1.0553347362872496
2020-10-31,2020,305,0.1,0.9905614817071855,-0.8905614817071855,12.791034592991169,0.5805036632564617,-0.48050366325646177,1.5358383995437115
2020-11-01,2020,306,0.2,0.7050639539951608,-0.5050639539951607,13.296098546986329,0.6488014137038554,-0.44880141370385535,1.9846398132475669
2020-11-02,2020,307,0,1.3813223281388252,-1.3813223281388252,14.677420875125154,0.9897665129889937,-0.9897665129889937,2.9744063262365605
2020-11-03,2020,308,7.7,0.14557992242837683,7.554420077571623,7.123000797553531,0.6651788740012243,7.034821125998776,0
2020-11-04,2020,309,5.7,0.0889640852657843,5.611035914734216,1.5119648828193153,0.5063186792448879,5.193681320755112,0
2020-11-05,2020,310,0,0.11532408954657104,-0.11532408954657104,1.6272889723658863,0.5577621755878015,-0.5577621755878015,0.5577621755878015
2020-11-06,2020,311,0,0.29553597082956645,-0.29553597082956645,1.9228249431954527,0.5017489263440298,-0.5017489263440298,1.0595111019318313
2020-11-07,2020,312,0,0.6775065624967459,-0.6775065624967459,2.6003315056921985,0.3680051676308188,-0.3680051676308188,1.4275162695626502
2020-11-08,2020,313,0,0.5730895494923184,-0.5730895494923184,3.173421055184517,0.45019679188088346,-0.45019679188088346,1.8777130614435338
2020-11-09,2020,314,0.1,0.48016235205299074,-0.38016235205299076,3.5535834072375074,0.3898434436890133,-0.28984344368901327,2.167556505132547
2020-11-10,2020,315,0.1,0.8109519358568537,-0.7109519358568537,4.264535343094361,0.3295343855052698,-0.2295343855052698,2.3970908906378168
2020-11-11,2020,316,0,0.4310352258813678,-0.4310352258813678,4.695570568975729,0.44021125891626334,-0.44021125891626334,2.83730214955408
2020-11-12,2020,317,0,0.3493832073331055,-0.3493832073331055,5.044953776308835,0.5797174127102249,-0.5797174127102249,3.417019562264305
2020-11-13,2020,318,0,-0.021722024718204516,0.021722024718204516,5.02323175159063,0.3737352708294422,-0.3737352708294422,3.7907548330937475
2020-11-14,2020,319,0,0.08170597969306387,-0.08170597969306387,5.104937731283694,0.30721826252464707,-0.30721826252464707,4.097973095618395
2020-11-15,2020,320,16.2,0.46381837260386316,15.736181627396135,0,0.3923815136247303,15.807618486375269,0
2020-11-16,2020,321,1.7,0.03672806059287023,1.6632719394071298,0,0.5197376937445939,1.180262306255406,0
2020-11-17,2020,322,0,0.08090115961927259,-0.08090115961927259,0.08090115961927259,0.24839053734831998,-0.24839053734831998,0.24839053734831998
2020-11-18,2020,323,0,0.004384496501432048,-0.004384496501432048,0.08528565612070464,0.20235300270728784,-0.20235300270728784,0.4507435400556078
2020-11-19,2020,324,1.9,-0.2697162893902971,2.169716289390297,0,0.5525244130742757,1.3474755869257242,0
2020-11-20,2020,325,0.6,-0.30073135810896173,0.9007313581089618,0,0.41450266384435774,0.18549733615564223,0
2020-11-21,2020,326,0,-0.2582279320622373,0.2582279320622373,0,0.21057194546498845,-0.21057194546498845,0.21057194546498845
2020-11-22,2020,327,0,0.005371799382989901,-0.005371799382989901,0.005371799382989901,0.1360970314280178,-0.1360970314280178,0.34666897689300624
2020-11-23,2020,328,0,-0.2999367306091486,0.2999367306091486,0,0.232160668119703,-0.232160668119703,0.5788296450127093
2020-11-24,2020,329,0,0.097161919778158,-0.097161919778158,0.097161919778158,0.2449814914672786,-0.2449814914672786,0.8238111364799878
2020-11-25,2020,330,0,0.31851443408571795,-0.31851443408571795,0.4156763538638759,0.2678051213649487,-0.2678051213649487,1.0916162578449367
2020-11-26,2020,331,0,0.42900820856397337,-0.42900820856397337,0.8446845624278493,0.21922503118037975,-0.21922503118037975,1.3108412890253165
2020-11-27,2020,332,0,0.3172792323997175,-0.3172792323997175,1.1619637948275667,0.24248028991246437,-0.24248028991246437,1.5533215789377808
2020-11-28,2020,333,0,0.26750207359843936,-0.26750207359843936,1.4294658684260062,0.2666444067497873,-0.2666444067497873,1.819965985687568
2020-11-29,2020,334,0,0.014423641592442108,-0.014423641592442108,1.4438895100184483,0.4256734243432954,-0.4256734243432954,2.2456394100308636
2020-11-30,2020,335,4,0.03898819283267038,3.9610118071673295,0,0.438484065879902,3.561515934120098,0
2020-12-01,2020,336,2.6,0.20069994482176834,2.399300055178232,0,0.3004670838599007,2.2995329161400995,0
2020-12-02,2020,337,0,0.025150812783957283,-0.025150812783957283,0.025150812783957283,0.40868945487392655,-0.40868945487392655,0.40868945487392655
2020-12-03,2020,338,0,-0.04930126712857452,0.04930126712857452,0,0.27797647629100786,-0.27797647629100786,0.6866659311649344
2020-12-04,2020,339,6.6,0.004809499354617624,6.595190500645382,0,0.3672717859484459,6.232728214051554,0
2020-12-05,2020,340,7.9,0.24419662313879392,7.655803376861207,0,0.18761946225304868,7.712380537746951,0
2020-12-06,2020,341,2.9,0.3890173772223677,2.5109826227776324,0,0.19347439549713374,2.706525604502866,0
2020-12-07,2020,342,0.1,0.041201159822288225,0.05879884017771178,0,0.26228157459338763,-0.16228157459338763,0.16228157459338763
2020-12-08,2020,343,1.1,0.11863562861147343,0.9813643713885266,0,0.29868172040195484,0.8013182795980452,0
2020-12-09,2020,344,1.9,0.009879940457762589,1.8901200595422374,0,0.3035008249186155,1.5964991750813844,0
2020-12-10,2020,345,0,-0.1356978963918907,0.1356978963918907,0,0.3014760975764423,-0.3014760975764423,0.3014760975764423
2020-12-11,2020,346,2.9,0.06973206520193102,2.830267934798069,0,0.3018219623022332,2.5981780376977666,0
2020-12-12,2020,347,6.3,0.2752390608033185,6.024760939196681,0,0.2820416249896638,6.017958375010336,0
2020-12-13,2020,348,0,0.06026224282396361,-0.06026224282396361,0.06026224282396361,0.1719977642507016,-0.1719977642507016,0.1719977642507016
2020-12-14,2020,349,0,-0.1847585968392491,0.1847585968392491,0,0.09637461676568555,-0.09637461676568555,0.26837238101638716
2020-12-15,2020,350,3.5,-0.06553421914632104,3.565534219146321,0,0.34161386103357916,3.1583861389664207,0
2020-12-16,2020,351,0,0.2029136201916472,-0.2029136201916472,0.2029136201916472,0.3015401357882271,-0.3015401357882271,0.3015401357882271
2020-12-17,2020,352,0,0.18989282103444047,-0.18989282103444047,0.39280644122608765,0.2677284200191452,-0.2677284200191452,0.5692685558073722
2020-12-18,2020,353,0,-0.028976110753143963,0.028976110753143963,0.36383033047294366,0.12003688815378064,-0.12003688815378064,0.6893054439611529
2020-12-19,2020,354,0,0.08396421294143251,-0.08396421294143251,0.4477945434143762,0.18994303807494187,-0.18994303807494187,0.8792484820360947
2020-12-20,2020,355,0.3,0.07111036226418672,0.22888963773581328,0.2189049056785629,0.24542981625927787,0.05457018374072212,0.8246782982953726
2020-12-21,2020,356,2.1,0.152253961313913,1.9477460386860872,0,0.3964354623767085,1.7035645376232915,0
2020-12-22,2020,357,0.1,-0.055007664736452855,0.15500766473645286,0,0.48249467804928636,-0.3824946780492864,0.3824946780492864
2020-12-23,2020,358,12.1,0.023740496762217057,12.076259503237782,0,0.3956778815197074,11.704322118480292,0
2020-12-24,2020,359,1.4,-0.011968945354861076,1.411968945354861,0,0.9323008066373647,0.4676991933626352,0
2020-12-25,2020,360,0,-0.29097907137238593,0.29097907137238593,0,0.4540510973215227,-0.4540510973215227,0.4540510973215227
2020-12-26,2020,361,0,-0.6373869783851327,0.6373869783851327,0,0.31688072198405826,-0.31688072198405826,0.770931819305581
2020-12-27,2020,362,0.9,-0.24101229866483506,1.141012298664835,0,0.46160340659304644,0.4383965934069536,0.3325352258986274
2020-12-28,2020,363,6,-0.12552558298893127,6.1255255829889315,0,0.3492094895404513,5.650790510459549,0
2020-12-29,2020,364,4.7,0.09108639326549944,4.608913606734501,0,0.6442053700542045,4.055794629945796,0
2020-12-30,2020,365,2.5,0.14506204187933566,2.354937958120664,0,0.25971672362742476,2.2402832763725753,0
2020-12-31,2020,366,8.8,-0.01838336704095861,8.81838336704096,0,0.19047514775835583,8.609524852241645,0
2021-01-01,2021,1,0.5,0.3355992985985551,0.16440070140144492,0,0.25277747126469546,0.24722252873530454,0
2021-01-02,2021,2,0.4,0.03263354685056729,0.3673664531494327,0,0.43896763355066526,-0.03896763355066524,0.03896763355066524
2021-01-03,2021,3,0,-0.011296059367784089,0.011296059367784089,0,0.27498827041665663,-0.27498827041665663,0.31395590396732187
2021-01-04,2021,4,0,0.09732303917715433,-0.09732303917715433,0.09732303917715433,0.3978839935963529,-0.3978839935963529,0.7118398975636748
2021-01-05,2021,5,0,0.09332046052345194,-0.09332046052345194,0.1906434997006063,0.4069280148330691,-0.4069280148330691,1.118767912396744
2021-01-06,2021,6,0,0.1338008320334726,-0.1338008320334726,0.3244443317340789,0.3881407346598416,-0.3881407346598416,1.5069086470565856
2021-01-07,2021,7,0,0.4234892483484201,-0.4234892483484201,0.747933580082499,0.17001377199108098,-0.17001377199108098,1.6769224190476666
2021-01-08,2021,8,0,-0.12209713724352347,0.12209713724352347,0.6258364428389755,0.2725672704816771,-0.2725672704816771,1.9494896895293437
2021-01-09,2021,9,0,0.12801389642398397,-0.12801389642398397,0.7538503392629595,0.27403309823557104,-0.27403309823557104,2.2235227877649146
2021-01-10,2021,10,0,0.14901557684418132,-0.14901557684418132,0.9028659161071408,0.6317614672518284,-0.6317614672518284,2.855284255016743
2021-01-11,2021,11,0,0.007205889388813548,-0.007205889388813548,0.9100718054959543,0.25776939556570083,-0.25776939556570083,3.1130536505824438
2021-01-12,2021,12,9.2,0.07828918833387657,9.121710811666123,0,0.38135534753779443,8.818644652462204,0
2021-01-13,2021,13,7.6,0.06091045161804273,7.539089548381957,0,0.3740074274526648,7.225992572547335,0
2021-01-14,2021,14,10.5,0.22431792656423694,10.275682073435764,0,0.5043444839153639,9.995655516084636,0
2021-01-15,2021,15,2.9,-0.0689633581200574,2.968963358120057,0,0.39021265430677343,2.5097873456932263,0
2021-01-16,2021,16,0.6,0.05419178586560794,0.5458082141343921,0,0.3284596887627528,0.2715403112372472,0
2021-01-17,2021,17,2,0.13478885466772716,1.8652111453322728,0,0.34761642242425833,1.6523835775757416,0
2021-01-18,2021,18,0,0.22180909014943723,-0.22180909014943723,0.22180909014943723,0.20684047627172403,-0.20684047627172403,0.20684047627172403
2021-01-19,2021,19,0,-0.16570665151123096,0.16570665151123096,0.05610243863820627,0.3918917916628418,-0.3918917916628418,0.5987322679345659
2021-01-20,2021,20,0,-0.1801034234886605,0.1801034234886605,0,0.32042007834318664,-0.32042007834318664,0.9191523462777526
2021-01-21,2021,21,4.4,0.24305997200207363,4.156940027997926,0,0.4507413872620114,3.9492586127379887,0
2021-01-22,2021,22,10.1,0.3866977971413527,9.713302202858648,0,0.41100798508265274,9.688992014917346,0
2021-01-23,2021,23,3.9,0.33028608147100647,3.5697139185289934,0,0.410754770411665,3.489245229588335,0
2021-01-24,2021,24,2.9,0.31621160568588097,2.583788394314119,0,0.530533477132897,2.369466522867103,0
2021-01-25,2021,25,1.2,0.21658660154950832,0.9834133984504916,0,0.36286680006869254,0.8371331999313074,0
2021-01-26,2021,26,0,0.1901055058878712,-0.1901055058878712,0.1901055058878712,0.36254055681288455,-0.36254055681288455,0.36254055681288455
2021-01-27,2021,27,9.8,0.21434134955424847,9.585658650445753,0,0.3618336313242927,9.438166368675708,0
2021-01-28,2021,28,21.1,0.27489911889485763,20.825100881105143,0,0.5542554983798756,20.545744501620124,0
2021-01-29,2021,29,10.8,0.30681450547356415,10.493185494526436,0,1.008761651900717,9.791238348099284,0
2021-01-30,2021,30,8.3,-0.04816307739853526,8.348163077398535,0,0.5226833332358253,7.777316666764175,0
2021-01-31,2021,31,5.8,0.3672600690965895,5.43273993090341,0,0.5132869514117369,5.286713048588263,0
2021-02-01,2021,32,6.9,0.38449904905290694,6.515500950947094,0,0.5186777676630534,6.381322232336947,0
2021-02-02,2021,33,3.6,0.34140546158484886,3.258594538415151,0,0.5663533515554366,3.0336466484445634,0
2021-02-03,2021,34,9.3,-0.15219852441994175,9.452198524419943,0,0.895395089745065,8.404604910254935,0
2021-02-04,2021,35,0,-0.12744342625329544,0.12744342625329544,0,0.5860380070808985,-0.5860380070808985,0.5860380070808985
2021-02-05,2021,36,0,0.2114208889619727,-0.2114208889619727,0.2114208889619727,0.5697308002972711,-0.5697308002972711,1.1557688073781696
2021-02-06,2021,37,0,-0.08785002681935475,0.08785002681935475,0.12357086214261795,0.44431568233841345,-0.44431568233841345,1.6000844897165831
2021-02-07,2021,38,0.8,-0.04932614866300053,0.8493261486630006,0,0.6007458840079377,0.19925411599206233,1.4008303737245207
2021-02-08,2021,39,2.6,0.7443919459521463,1.855608054047854,0,1.045219927651565,1.554780072348435,0
2021-02-09,2021,40,3.1,0.5489818969264297,2.55101810307357,0,0.44468199636860295,2.6553180036313973,0
2021-02-10,2021,41,2.8,0.729368701817566,2.070631298182434,0,0.47375964272011395,2.326240357279886,0
2021-02-11,2021,42,0,0.4290186286532291,-0.4290186286532291,0.4290186286532291,0.5314530328619812,-0.5314530328619812,0.5314530328619812
2021-02-12,2021,43,0,0.33123737802555703,-0.33123737802555703,0.7602560066787861,0.5940371126751813,-0.5940371126751813,1.1254901455371624
2021-02-13,2021,44,0,0.00592808720728104,-0.00592808720728104,0.7661840938860671,0.6541985187039275,-0.6541985187039275,1.7796886642410898
2021-02-14,2021,45,0,0.3752315157428437,-0.3752315157428437,1.1414156096289108,0.5953302997063747,-0.5953302997063747,2.375018963947465
2021-02-15,2021,46,0.2,0.6340317125660712,-0.43403171256607115,1.5754473221949818,0.7217124658225471,-0.5217124658225472,2.896731429770012
2021-02-16,2021,47,2.1,0.9995313959206377,1.1004686040793623,0.47497871811561954,0.8103599382583097,1.2896400617416903,1.6070913680283216
2021-02-17,2021,48,0,0.6196205346774819,-0.6196205346774819,1.0945992527931014,0.7621444170806827,-0.7621444170806827,2.3692357851090042
2021-02-18,2021,49,0,0.11939051784453111,-0.11939051784453111,1.2139897706376326,0.6441613161074381,-0.6441613161074381,3.013397101216442
2021-02-19,2021,50,0,1.0093803961162149,-1.0093803961162149,2.2233701667538472,1.0248251900435894,-1.0248251900435894,4.038222291260031
2021-02-20,2021,51,0,0.818546682435737,-0.818546682435737,3.041916849189584,0.981222958858719,-0.981222958858719,5.019445250118751
2021-02-21,2021,52,0,0.7710803640632659,-0.7710803640632659,3.81299721325285,1.1428258976866366,-1.1428258976866366,6.162271147805387
2021-02-22,2021,53,0,0.14454704306783242,-0.14454704306783242,3.9575442563206824,0.8257073704556848,-0.8257073704556848,6.987978518261071
2021-02-23,2021,54,0,0.8489669659548942,-0.8489669659548942,4.806511222275576,1.0899703358176083,-1.0899703358176083,8.077948854078679
2021-02-24,2021,55,0,0.8868024687913059,-0.8868024687913059,5.693313691066882,1.1479075949163007,-1.1479075949163007,9.22585644899498
2021-02-25,2021,56,0,0.9780188386999179,-0.9780188386999179,6.6713325297668,1.3240735411554843,-1.3240735411554843,10.549929990150464
2021-02-26,2021,57,0,0.849910586421006,-0.849910586421006,7.521243116187806,1.3542701937097572,-1.3542701937097572,11.90420018386022
2021-02-27,2021,58,0,0.2775608085017593,-0.2775608085017593,7.798803924689565,1.2248709448315385,-1.2248709448315385,13.12907112869176
2021-02-28,2021,59,0,0.7385336559417128,-0.7385336559417128,8.537337580631277,1.0062875401228908,-1.0062875401228908,14.13535866881465
2021-03-01,2021,60,0,1.043899710413331,-1.043899710413331,9.581237291044609,1.059396417537276,-1.059396417537276,15.194755086351925
2021-03-02,2021,61,0,1.1607270257090996,-1.1607270257090996,10.741964316753709,1.2449514873185792,-1.2449514873185792,16.439706573670506
2021-03-03,2021,62,0,0.08899501855089796,-0.08899501855089796,10.830959335304607,0.8481035851155421,-0.8481035851155421,17.287810158786048
2021-03-04,2021,63,2.1,1.2970321465194785,0.8029678534805216,10.027991481824085,1.354253341387435,0.7457466586125652,16.542063500173484
2021-03-05,2021,64,0,0.4099358705414762,-0.4099358705414762,10.437927352365561,0.8300508639009918,-0.8300508639009918,17.372114364074477
2021-03-06,2021,65,0,0.7232468358798857,-0.7232468358798857,11.161174188245447,1.0792808719661307,-1.0792808719661307,18.451395236040607
2021-03-07,2021,66,0.5,1.2929971648589893,-0.7929971648589893,11.954171353104435,1.040032615653619,-0.540032615653619,18.991427851694226
2021-03-08,2021,67,0,1.1256552162369293,-1.1256552162369293,13.079826569341364,1.4192401665168655,-1.4192401665168655,20.41066801821109
2021-03-09,2021,68,0,1.0906832981076746,-1.0906832981076746,14.170509867449038,1.2598739357939133,-1.2598739357939133,21.670541954005003
2021-03-10,2021,69,0,1.5943566331420427,-1.5943566331420427,15.764866500591081,1.4898403442012715,-1.4898403442012715,23.160382298206276
2021-03-11,2021,70,8.1,0.7826433170535277,7.317356682946472,8.447509817644608,2.3931963780988386,5.706803621901161,17.453578676305114
2021-03-12,2021,71,0,1.099799411114157,-1.099799411114157,9.547309228758765,2.2315080194663897,-2.2315080194663897,19.685086695771503
2021-03-13,2021,72,12.3,1.1467715334313269,11.153228466568674,0,2.572218140168209,9.727781859831792,9.957304835939711
2021-03-14,2021,73,10.2,0.6003936871245983,9.599606312875402,0,0.8228125308144228,9.377187469185577,0.5801173667541342
2021-03-15,2021,74,7.2,0.48686845638909787,6.713131543610903,0,0.6725032403485826,6.5274967596514175,0
2021-03-16,2021,75,2.2,1.1006418567368408,1.0993581432631594,0,1.0771743527027244,1.1228256472972757,0
2021-03-17,2021,76,1.2,0.6641415443290796,0.5358584556709204,0,0.7581715671468141,0.44182843285318585,0
2021-03-18,2021,77,0,1.0383753057451413,-1.0383753057451413,1.0383753057451413,1.155132762332194,-1.155132762332194,1.155132762332194
2021-03-19,2021,78,0.1,1.284237496061604,-1.184237496061604,2.2226128018067453,1.407685160557393,-1.307685160557393,2.4628179228895872
2021-03-20,2021,79,0,1.1715353186256339,-1.1715353186256339,3.394148120432379,1.639993350189926,-1.639993350189926,4.102811273079514
2021-03-21,2021,80,0,1.345362543759944,-1.345362543759944,4.7395106641923235,1.383486073121558,-1.383486073121558,5.486297346201072
2021-03-22,2021,81,0,1.6397099735681393,-1.6397099735681393,6.379220637760463,1.7263097133966698,-1.7263097133966698,7.212607059597742
2021-03-23,2021,82,0,1.9232563977445734,-1.9232563977445734,8.302477035505037,1.9478315787798606,-1.9478315787798606,9.160438638377602
2021-03-24,2021,83,0,2.1190186099476755,-2.1190186099476755,10.421495645452712,2.114810935300594,-2.114810935300594,11.275249573678197
2021-03-25,2021,84,0,2.1525568068925183,-2.1525568068925183,12.57405245234523,2.2339128194374793,-2.2339128194374793,13.509162393115677
2021-03-26,2021,85,11.9,2.115892955311553,9.784107044688447,2.7899454076567825,2.2366638084869535,9.663336191513046,3.8458262016026303
2021-03-27,2021,86,0,1.7523562686917764,-1.7523562686917764,4.542301676348559,1.9515957877393717,-1.9515957877393717,5.797421989342002
2021-03-28,2021,87,0,2.281287049467316,-2.281287049467316,6.823588725815874,2.1766956711658576,-2.1766956711658576,7.97411766050786
2021-03-29,2021,88,0,2.4273648556611827,-2.4273648556611827,9.250953581477056,2.5843748392222547,-2.5843748392222547,10.558492499730114
2021-03-30,2021,89,0,2.688680321342362,-2.688680321342362,11.939633902819418,2.761252558662017,-2.761252558662017,13.319745058392131
2021-03-31,2021,90,0,2.81916778138869,-2.81916778138869,14.758801684208109,3.0764810150270403,-3.0764810150270403,16.39622607341917
2021-04-01,2021,91,0,2.9224438547819838,-2.9224438547819838,17.681245538990094,3.139013260504996,-3.139013260504996,19.535239333924167
2021-04-02,2021,92,0,2.6191746103170668,-2.6191746103170668,20.30042014930716,3.1054412170573666,-3.1054412170573666,22.640680550981536
2021-04-03,2021,93,0,0.8192989235009905,-0.8192989235009905,21.119719072808152,2.1125796730169393,-2.1125796730169393,24.753260223998474
2021-04-04,2021,94,0,2.5165719080978186,-2.5165719080978186,23.636290980905972,2.830568562379317,-2.830568562379317,27.58382878637779
2021-04-05,2021,95,2.6,2.0915207759392236,0.5084792240607765,23.127811756845198,2.6858254262145547,-0.08582542621455458,27.669654212592345
2021-04-06,2021,96,1.2,1.8079368393588264,-0.6079368393588265,23.735748596204026,1.796931157077269,-0.5969311570772691,28.266585369669613
2021-04-07,2021,97,0,1.851284133320985,-1.851284133320985,25.58703272952501,1.8681859493419495,-1.8681859493419495,30.134771319011563
2021-04-08,2021,98,0,2.49956525970236,-2.49956525970236,28.08659798922737,2.77541814057913,-2.77541814057913,32.91018945959069
2021-04-09,2021,99,0,2.6353360839265907,-2.6353360839265907,30.72193407315396,2.957371563782816,-2.957371563782816,35.867561023373504
2021-04-10,2021,100,0,3.0470771970748274,-3.0470771970748274,33.76901127022879,2.897821532009466,-2.897821532009466,38.76538255538297
2021-04-11,2021,101,18.6,3.4731226566460465,15.126877343353955,18.642133926874834,2.8295301414758462,15.770469858524155,22.994912696858815
2021-04-12,2021,102,1.3,1.5371513771851026,-0.2371513771851026,18.879285304059938,1.3427147858371213,-0.042714785837121294,23.037627482695935
2021-04-13,2021,103,0,1.8305234502134524,-1.8305234502134524,20.70980875427339,1.7417932517234729,-1.7417932517234729,24.779420734419407
2021-04-14,2021,104,0,1.7927818511899918,-1.7927818511899918,22.502590605463382,2.1769375863936062,-2.1769375863936062,26.956358320813013
2021-04-15,2021,105,0,2.3844787415618907,-2.3844787415618907,24.887069347025275,2.45209972939818,-2.45209972939818,29.408458050211195
2021-04-16,2021,106,0,2.2442807508951135,-2.2442807508951135,27.13135009792039,2.6338636078401243,-2.6338636078401243,32.04232165805132
2021-04-17,2021,107,0,2.6382947494041864,-2.6382947494041864,29.769644847324574,2.5297654158525558,-2.5297654158525558,34.57208707390388
2021-04-18,2021,108,0,2.6589797454565534,-2.6589797454565534,32.42862459278113,2.161549218104423,-2.161549218104423,36.733636292008306
2021-04-19,2021,109,0,2.352124645643122,-2.352124645643122,34.78074923842425,2.279251113296566,-2.279251113296566,39.01288740530487
2021-04-20,2021,110,0,3.167057941174556,-3.167057941174556,37.947807179598804,2.857772611098223,-2.857772611098223,41.87066001640309
2021-04-21,2021,111,0,3.126385501860957,-3.126385501860957,41.07419268145976,2.8438036278677123,-2.8438036278677123,44.71446364427081
2021-04-22,2021,112,0,3.8860882110784853,-3.8860882110784853,44.96028089253825,3.5149121470146483,-3.5149121470146483,48.229375791285456
2021-04-23,2021,113,0,3.8342166591810933,-3.8342166591810933,48.794497551719346,4.418779386112881,-4.418779386112881,52.64815517739834
2021-04-24,2021,114,0,3.963017257959315,-3.963017257959315,52.75751480967866,3.755518707597714,-3.755518707597714,56.40367388499605
2021-04-25,2021,115,0,4.221914212085125,-4.221914212085125,56.979429021763785,4.314074441684305,-4.314074441684305,60.71774832668036
2021-04-26,2021,116,0,3.718235390523765,-3.718235390523765,60.69766441228755,4.400145507935251,-4.400145507935251,65.11789383461561
2021-04-27,2021,117,0.2,4.26557418063182,-4.0655741806318195,64.76323859291936,4.164488980686373,-3.9644889806863732,69.08238281530198
2021-04-28,2021,118,6.7,2.9940985720182076,3.7059014279817926,61.05733716493757,2.744596013369405,3.955403986630595,65.12697882867138
2021-04-29,2021,119,0.2,2.1350365970109317,-1.9350365970109318,62.99237376194851,2.02584097481027,-1.82584097481027,66.95281980348166
2021-04-30,2021,120,11,1.1917000036483916,9.808299996351609,53.1840737655969,1.238836118023907,9.761163881976094,57.191655921505564
2021-05-01,2021,121,23.2,0.9935821899682635,22.206417810031734,30.977655955565165,0.9287853014371714,22.27121469856283,34.920441222942735
2021-05-02,2021,122,6.7,1.8085090860159132,4.891490913984087,26.08616504158108,1.5458663222511857,5.154133677748814,29.76630754519392
2021-05-03,2021,123,0,3.8832936501264097,-3.8832936501264097,29.969458691707487,3.1948183368586403,-3.1948183368586403,32.96112588205256
2021-05-04,2021,124,9.5,2.9251124466098064,6.574887553390194,23.394571138317293,3.67628760713604,5.8237123928639605,27.137413489188603
2021-05-05,2021,125,0,2.31801903073584,-2.31801903073584,25.712590169053133,3.013197928318699,-3.013197928318699,30.150611417507303
2021-05-06,2021,126,14.6,0.5897721406966029,14.010227859303397,11.702362309749736,1.4116310607553688,13.188368939244631,16.962242478262674
2021-05-07,2021,127,3.5,1.604981540458702,1.895018459541298,9.807343850208438,2.0474454000923683,1.4525545999076317,15.509687878355042
2021-05-08,2021,128,0,4.432124501590058,-4.432124501590058,14.239468351798497,4.217422285999182,-4.217422285999182,19.727110164354222
2021-05-09,2021,129,0,4.609980079724768,-4.609980079724768,18.849448431523264,4.781597754959346,-4.781597754959346,24.50870791931357
2021-05-10,2021,130,0.5,0.5063682914662471,-0.006368291466247067,18.855816722989513,1.391888656025628,-0.8918886560256281,25.400596575339197
2021-05-11,2021,131,16.5,0.6449653006477867,15.855034699352213,3.0007820236372993,0.9946022529986345,15.505397747001366,9.895198828337831
2021-05-12,2021,132,0,3.123176465420169,-3.123176465420169,6.123958489057468,2.6997380498902905,-2.6997380498902905,12.594936878228122
2021-05-13,2021,133,0.7,1.897869693544623,-1.1978696935446231,7.321828182602092,2.0628001713423454,-1.3628001713423454,13.957737049570467
2021-05-14,2021,134,1.5,2.7034663787620437,-1.2034663787620437,8.525294561364134,2.561146372392415,-1.061146372392415,15.018883421962881
2021-05-15,2021,135,12.2,1.2388891727772655,10.961110827222734,0,1.5535356368064877,10.646464363193513,4.372419058769369
2021-05-16,2021,136,18.9,1.3519177302282002,17.548082269771797,0,1.4722459962117258,17.427754003788273,0
2021-05-17,2021,137,3.1,2.983758516784248,0.1162414832157519,0,2.530865055858795,0.5691349441412052,0
2021-05-18,2021,138,1.2,3.6742146428587876,-2.4742146428587874,2.4742146428587874,3.1732655564652252,-1.9732655564652253,1.9732655564652253
2021-05-19,2021,139,6.2,2.182358788357673,4.017641211642327,0,2.0060762749876413,4.193923725012359,0
2021-05-20,2021,140,0,4.214247801005471,-4.214247801005471,4.214247801005471,3.4564193244010126,-3.4564193244010126,3.4564193244010126
2021-05-21,2021,141,17.8,1.4809186712985756,16.319081328701426,0,1.557167540702464,16.242832459297535,0
2021-05-22,2021,142,7.9,5.043524239013292,2.856475760986708,0,3.963811963924688,3.9361880360753125,0
2021-05-23,2021,143,0,4.407235451754293,-4.407235451754293,4.407235451754293,3.621303297937134,-3.621303297937134,3.621303297937134
2021-05-24,2021,144,4.7,1.446045015756816,3.253954984243184,1.1532804675111086,2.142172833412199,2.557827166587801,1.0634761313493328
2021-05-25,2021,145,0.2,4.121864061263419,-3.9218640612634186,5.075144528774527,3.7435447214832123,-3.543544721483212,4.6070208528325445
2021-05-26,2021,146,0,3.490121160392116,-3.490121160392116,8.565265689166644,3.6569467370704345,-3.6569467370704345,8.263967589902979
2021-05-27,2021,147,0,3.48225938124781,-3.48225938124781,12.047525070414455,3.088255891502618,-3.088255891502618,11.352223481405597
2021-05-28,2021,148,0,5.13953951385694,-5.13953951385694,17.187064584271397,4.64069026429532,-4.64069026429532,15.992913745700918
2021-05-29,2021,149,0,4.774488265072052,-4.774488265072052,21.961552849343448,4.418592995933634,-4.418592995933634,20.41150674163455
2021-05-30,2021,150,0,5.129333562015559,-5.129333562015559,27.09088641135901,5.316006433734524,-5.316006433734524,25.727513175369076
2021-05-31,2021,151,0,5.168359414508781,-5.168359414508781,32.25924582586779,4.921047784913848,-4.921047784913848,30.648560960282925
2021-06-01,2021,152,0,5.657111392999805,-5.657111392999805,37.91635721886759,5.246901031142581,-5.246901031142581,35.895461991425506
2021-06-02,2021,153,0,4.9857637185480215,-4.9857637185480215,42.90212093741561,4.244213035753432,-4.244213035753432,40.13967502717894
2021-06-03,2021,154,1.4,4.862967847409651,-3.4629678474096512,46.36508878482526,4.217259089680174,-2.817259089680174,42.95693411685911
2021-06-04,2021,155,14.3,4.1100745590780825,10.189925440921918,36.17516334390334,3.5756929554961587,10.724307044503842,32.23262707235527
2021-06-05,2021,156,10.9,2.3168456400742934,8.583154359925707,27.592008983977635,2.1476371391103246,8.752362860889676,23.480264211465595
2021-06-06,2021,157,0,4.712277772415466,-4.712277772415466,32.304286756393104,3.4978361100614452,-3.4978361100614452,26.97810032152704
2021-06-07,2021,158,1.9,3.4306853011328644,-1.5306853011328645,33.83497205752597,2.7753522004535567,-0.8753522004535568,27.853452521980596
2021-06-08,2021,159,26.1,2.233162704160856,23.866837295839147,9.96813476168682,2.105074113502339,23.99492588649766,3.858526635482935
2021-06-09,2021,160,0.2,4.620709770819238,-4.420709770819238,14.388844532506058,3.8074628486338797,-3.6074628486338796,7.465989484116815
2021-06-10,2021,161,0,5.760801688659903,-5.760801688659903,20.14964622116596,5.026181833996638,-5.026181833996638,12.492171318113453
2021-06-11,2021,162,0,6.085686785093067,-6.085686785093067,26.235333006259026,5.407327788907698,-5.407327788907698,17.89949910702115
2021-06-12,2021,163,0,5.764234450492607,-5.764234450492607,31.999567456751635,5.3170347554278905,-5.3170347554278905,23.21653386244904
2021-06-13,2021,164,0,6.243499788454799,-6.243499788454799,38.24306724520643,5.898013817198588,-5.898013817198588,29.11454767964763
2021-06-14,2021,165,0,6.059807880108612,-6.059807880108612,44.30287512531505,6.091102241074893,-6.091102241074893,35.20564992072252
2021-06-15,2021,166,0,6.065548080600589,-6.065548080600589,50.36842320591563,5.775794713911948,-5.775794713911948,40.98144463463447
2021-06-16,2021,167,0,6.3121138094633915,-6.3121138094633915,56.680537015379024,5.633474061096437,-5.633474061096437,46.61491869573091
2021-06-17,2021,168,0,6.126285338257799,-6.126285338257799,62.806822353636825,5.737637789278016,-5.737637789278016,52.352556485008925
2021-06-18,2021,169,0,5.0756288489351915,-5.0756288489351915,67.88245120257201,5.048674293282555,-5.048674293282555,57.40123077829148
2021-06-19,2021,170,0,5.619408697975256,-5.619408697975256,73.50185990054727,5.112385132511808,-5.112385132511808,62.51361591080329
2021-06-20,2021,171,11.2,3.630693084776701,7.569306915223298,65.93255298532398,3.49185610105523,7.708143898944769,54.80547201185852
2021-06-21,2021,172,20,5.091571038775922,14.908428961224079,51.024124024099905,4.081123481476802,15.918876518523199,38.88659549333532
2021-06-22,2021,173,10.3,4.313654818595459,5.986345181404542,45.03777884269536,3.326771451798795,6.973228548201206,31.913366945134115
2021-06-23,2021,174,9.5,4.752377068712388,4.747622931287612,40.29015591140775,3.8100542972212526,5.689945702778747,26.223421242355368
2021-06-24,2021,175,34.6,3.106284559115405,31.493715440884596,8.796440470523155,2.6311244364991775,31.968875563500823,0
2021-06-25,2021,176,0.2,2.5502902168842474,-2.350290216884247,11.146730687407402,2.3751070037277526,-2.1751070037277525,2.1751070037277525
2021-06-26,2021,177,0,5.467682537623512,-5.467682537623512,16.614413225030916,4.644313970450704,-4.644313970450704,6.819420974178456
2021-06-27,2021,178,0,5.4559218356796,-5.4559218356796,22.070335060710516,4.8426713540483535,-4.8426713540483535,11.662092328226809
2021-06-28,2021,179,26,4.189377873286199,21.810622126713803,0.25971293399671325,3.672559956571772,22.32744004342823,0
2021-06-29,2021,180,37.4,3.562474929971326,33.837525070028676,0,2.851956840859533,34.54804315914046,0
2021-06-30,2021,181,8.4,3.9518505488129976,4.448149451187003,0,3.2533657142778103,5.14663428572219,0
2021-07-01,2021,182,0,4.063473188125244,-4.063473188125244,4.063473188125244,3.476641398444428,-3.476641398444428,3.476641398444428
2021-07-02,2021,183,0,5.810459499586392,-5.810459499586392,9.873932687711637,5.101087820363812,-5.101087820363812,8.57772921880824
2021-07-03,2021,184,3.5,2.6503042482802037,0.8496957517197963,9.02423693599184,2.622330593933911,0.8776694060660888,7.700059812742152
2021-07-04,2021,185,0.9,2.191409474532323,-1.291409474532323,10.315646410524163,2.379894150088306,-1.479894150088306,9.179953962830458
2021-07-05,2021,186,0,3.2611333312540927,-3.2611333312540927,13.576779741778257,3.4401793814039343,-3.4401793814039343,12.620133344234393
2021-07-06,2021,187,14.5,1.774116138875968,12.725883861124032,0.8508958806542246,2.0483179402997784,12.451682059700222,0.16845128453417146
2021-07-07,2021,188,7.4,3.8879792321986493,3.512020767801351,0,3.1203116102965174,4.279688389703483,0
2021-07-08,2021,189,26.1,1.5050636026181687,24.594936397381833,0,1.577698224236926,24.522301775763076,0
2021-07-09,2021,190,0,5.049370027228233,-5.049370027228233,5.049370027228233,4.240361066748039,-4.240361066748039,4.240361066748039
2021-07-10,2021,191,6.4,5.731477636521551,0.6685223634784494,4.380847663749783,4.690127396295605,1.7098726037043956,2.5304884630436435
2021-07-11,2021,192,0,5.50634402163316,-5.50634402163316,9.887191685382943,4.562469845273318,-4.562469845273318,7.092958308316962
2021-07-12,2021,193,48.3,3.7720165157866488,44.52798348421335,0,3.3276888727741456,44.97231112722585,0
2021-07-13,2021,194,19.8,1.9102056659247886,17.889794334075212,0,1.8287666438333767,17.971233356166625,0
2021-07-14,2021,195,19.7,3.453874922726443,16.246125077273557,0,2.7504726629150995,16.9495273370849,0
2021-07-15,2021,196,5.3,1.641135459762631,3.658864540237369,0,1.696273407711972,3.6037265922880275,0
2021-07-16,2021,197,0.2,3.092135381940535,-2.892135381940535,2.892135381940535,2.7325631993246597,-2.5325631993246596,2.5325631993246596
2021-07-17,2021,198,1.8,2.9558816631018674,-1.1558816631018674,4.0480170450424025,2.401114804031376,-0.6011148040313758,3.133678003356035
2021-07-18,2021,199,0,5.845498752248808,-5.845498752248808,9.893515797291212,5.107768437048495,-5.107768437048495,8.24144644040453
2021-07-19,2021,200,0,5.664900847920182,-5.664900847920182,15.558416645211395,5.573008179809639,-5.573008179809639,13.81445462021417
2021-07-20,2021,201,0,5.655290372290922,-5.655290372290922,21.213707017502315,5.555552702539502,-5.555552702539502,19.370007322753672
2021-07-21,2021,202,0,5.549915137989571,-5.549915137989571,26.763622155491888,5.317030105760403,-5.317030105760403,24.687037428514074
2021-07-22,2021,203,0,5.5736739178532515,-5.5736739178532515,32.337296073345136,5.0759491222425295,-5.0759491222425295,29.762986550756604
2021-07-23,2021,204,0.1,5.404337851414069,-5.304337851414069,37.641633924759205,5.021809973345945,-4.921809973345946,34.68479652410255
2021-07-24,2021,205,13.5,2.7868651309539367,10.713134869046064,26.92849905571314,2.958886713126721,10.54111328687328,24.143683237229272
2021-07-25,2021,206,33,3.3157584626966976,29.6842415373033,0,2.968926720760401,30.0310732792396,0
2021-07-26,2021,207,6,3.4791881825524493,2.5208118174475507,0,2.9584661958349945,3.0415338041650055,0
2021-07-27,2021,208,13.9,4.73880452215088,9.16119547784912,0,3.998687183556774,9.901312816443227,0
2021-07-28,2021,209,1.6,3.462707459045383,-1.862707459045383,1.862707459045383,3.0050767932026896,-1.4050767932026895,1.4050767932026895
2021-07-29,2021,210,0.1,5.157433276804676,-5.057433276804677,6.92014073585006,4.478406353410624,-4.378406353410624,5.783483146613314
2021-07-30,2021,211,14,4.063855931116638,9.936144068883362,0,3.4843124954287674,10.515687504571233,0
2021-07-31,2021,212,26.8,3.0292742023246197,23.770725797675382,0,2.6948534624354537,24.105146537564547,0
2021-08-01,2021,213,4.9,1.588224797883147,3.3117752021168534,0,1.6575477610701983,3.2424522389298023,0
2021-08-02,2021,214,0,4.924442381483682,-4.924442381483682,4.924442381483682,3.9995967171491573,-3.9995967171491573,3.9995967171491573
2021-08-03,2021,215,10.6,1.8843756866247778,8.715624313375223,0,2.062527521681357,8.537472478318643,0
2021-08-04,2021,216,11.8,1.3211892465378312,10.47881075346217,0,1.3224180994042578,10.477581900595743,0
2021-08-05,2021,217,0.7,3.0831575825436484,-2.3831575825436486,2.3831575825436486,2.752937707150854,-2.0529377071508543,2.0529377071508543
2021-08-06,2021,218,0,4.035991022105872,-4.035991022105872,6.4191486046495205,3.7066137900514744,-3.7066137900514744,5.759551497202329
2021-08-07,2021,219,28.8,0.768869875552732,28.03113012444727,0,1.397852116908016,27.402147883091985,0
2021-08-08,2021,220,0,4.124358108174913,-4.124358108174913,4.124358108174913,3.481072879520029,-3.481072879520029,3.481072879520029
2021-08-09,2021,221,0,3.041439376507703,-3.041439376507703,7.165797484682616,2.963799992763484,-2.963799992763484,6.444872872283513
2021-08-10,2021,222,0,4.9532798450751985,-4.9532798450751985,12.119077329757815,4.418588587781722,-4.418588587781722,10.863461460065235
2021-08-11,2021,223,0,5.051055938410509,-5.051055938410509,17.170133268168325,4.671494869452905,-4.671494869452905,15.53495632951814
2021-08-12,2021,224,0,5.087821800659726,-5.087821800659726,22.25795506882805,4.654055952250308,-4.654055952250308,20.18901228176845
2021-08-13,2021,225,0,5.094658592873716,-5.094658592873716,27.352613661701767,4.6996866332274045,-4.6996866332274045,24.888698914995853
2021-08-14,2021,226,0,5.214250532579837,-5.214250532579837,32.56686419428161,4.644350563216957,-4.644350563216957,29.53304947821281
2021-08-15,2021,227,0,4.206962025168436,-4.206962025168436,36.773826219450044,4.083078972102006,-4.083078972102006,33.61612845031482
2021-08-16,2021,228,3.1,2.2702729772100025,0.8297270227899975,35.94409919666005,2.7488272450528344,0.3511727549471657,33.264955695367654
2021-08-17,2021,229,0,3.7641075279577745,-3.7641075279577745,39.708206724617824,3.1957929864054986,-3.1957929864054986,36.460748681773154
2021-08-18,2021,230,0,4.696169995167034,-4.696169995167034,44.40437671978486,3.7983416507080916,-3.7983416507080916,40.25909033248124
2021-08-19,2021,231,0,3.1384839093275345,-3.1384839093275345,47.54286062911239,2.9672340490531166,-2.9672340490531166,43.22632438153436
2021-08-20,2021,232,0,4.157481784884592,-4.157481784884592,51.70034241399698,3.723920059618121,-3.723920059618121,46.950244441152485
2021-08-21,2021,233,4.8,4.482824597828834,0.31717540217116547,51.38316701182581,4.129727479341077,0.6702725206589228,46.279971920493566
2021-08-22,2021,234,0.5,2.315636061974705,-1.815636061974705,53.19880307380052,2.2718007645875766,-1.7718007645875766,48.05177268508114
2021-08-23,2021,235,0,3.3890790228518437,-3.3890790228518437,56.587882096652365,3.2662684945078344,-3.2662684945078344,51.318041179588974
2021-08-24,2021,236,0,1.728757731669653,-1.728757731669653,58.31663982832202,2.2483301003750937,-2.2483301003750937,53.566371279964066
2021-08-25,2021,237,0,1.751464660853241,-1.751464660853241,60.068104489175255,2.194299932399342,-2.194299932399342,55.760671212363405
2021-08-26,2021,238,0,3.6461961551352293,-3.6461961551352293,63.714300644310484,3.2308805997260515,-3.2308805997260515,58.991551812089455
2021-08-27,2021,239,0,3.7463729094226177,-3.7463729094226177,67.4606735537331,3.531366612964411,-3.531366612964411,62.52291842505387
2021-08-28,2021,240,0.2,3.0600493964184983,-2.860049396418498,70.3207229501516,2.732265088298076,-2.5322650882980757,65.05518351335195
2021-08-29,2021,241,0,1.7479912807571856,-1.7479912807571856,72.0687142309088,1.840487110707508,-1.840487110707508,66.89567062405946
2021-08-30,2021,242,0,3.6163313491568414,-3.6163313491568414,75.68504558006563,3.1256283069151642,-3.1256283069151642,70.02129893097462
2021-08-31,2021,243,0,3.727676141109833,-3.727676141109833,79.41272172117547,3.2502540541465015,-3.2502540541465015,73.27155298512112
2021-09-01,2021,244,0,3.6658336648957093,-3.6658336648957093,83.07855538607119,3.6861348047725717,-3.6861348047725717,76.9576877898937
2021-09-02,2021,245,0,3.6151645984173073,-3.6151645984173073,86.6937199844885,3.5005396431895917,-3.5005396431895917,80.4582274330833
2021-09-03,2021,246,0,3.421414512737902,-3.421414512737902,90.11513449722639,3.251985801213292,-3.251985801213292,83.71021323429659
2021-09-04,2021,247,0,3.6536730915678763,-3.6536730915678763,93.76880758879427,3.5141202504449134,-3.5141202504449134,87.2243334847415
2021-09-05,2021,248,0,3.4970742098239183,-3.4970742098239183,97.2658817986182,3.4804737969613386,-3.4804737969613386,90.70480728170284
2021-09-06,2021,249,0,3.525683378894953,-3.525683378894953,100.79156517751315,3.4675415633659123,-3.4675415633659123,94.17234884506875
2021-09-07,2021,250,0,2.978725363375891,-2.978725363375891,103.77029054088904,3.070449496158274,-3.070449496158274,97.24279834122703
2021-09-08,2021,251,0,3.5183687886796697,-3.5183687886796697,107.2886593295687,3.1930149150033356,-3.1930149150033356,100.43581325623036
2021-09-09,2021,252,0.6,0.9522204312600997,-0.3522204312600997,107.6408797608288,1.4997462906714119,-0.8997462906714119,101.33555954690178
2021-09-10,2021,253,0.4,1.372618437651908,-0.9726184376519079,108.6134981984807,1.6985790531637444,-1.2985790531637442,102.63413860006553
2021-09-11,2021,254,0,3.23152639013789,-3.23152639013789,111.84502458861859,2.8831330825465478,-2.8831330825465478,105.51727168261208
2021-09-12,2021,255,0,2.9427844823771765,-2.9427844823771765,114.78780907099576,2.7382452456273487,-2.7382452456273487,108.25551692823943
2021-09-13,2021,256,0,3.1032805305618454,-3.1032805305618454,117.89108960155761,2.991070869572097,-2.991070869572097,111.24658779781153
2021-09-14,2021,257,0.3,2.3039259792565874,-2.0039259792565876,119.8950155808142,2.330022063581667,-2.0300220635816673,113.2766098613932
2021-09-15,2021,258,4.8,1.3140899623642044,3.4859100376357954,116.40910554317841,1.4723152601305196,3.32768473986948,109.94892512152371
2021-09-16,2021,259,11.4,1.8389662141428205,9.56103378585718,106.84807175732124,1.5136997540667376,9.886300245933263,100.06262487559044
2021-09-17,2021,260,0,2.4257528698484303,-2.4257528698484303,109.27382462716966,2.3073408734144496,-2.3073408734144496,102.36996574900489
2021-09-18,2021,261,4.9,2.532122618055985,2.3678773819440155,106.90594724522565,2.2836763545312975,2.616323645468703,99.7536421035362
2021-09-19,2021,262,17.4,0.6804963180130473,16.71950368198695,90.1864435632387,0.9733709172799376,16.426629082720062,83.32701302081614
2021-09-20,2021,263,1.7,0.9056800042213341,0.7943199957786659,89.39212356746003,1.1010978750753948,0.5989021249246052,82.72811089589153
2021-09-21,2021,264,0,2.4145583460144113,-2.4145583460144113,91.80668191347445,2.1807476801653305,-2.1807476801653305,84.90885857605686
2021-09-22,2021,265,0,2.290616059799868,-2.290616059799868,94.09729797327432,2.154470113700376,-2.154470113700376,87.06332868975723
2021-09-23,2021,266,0,1.9519549702095675,-1.9519549702095675,96.04925294348389,1.8636918525450998,-1.8636918525450998,88.92702054230233
2021-09-24,2021,267,0,2.4605853652364797,-2.4605853652364797,98.50983830872038,2.2979883230238505,-2.2979883230238505,91.22500886532617
2021-09-25,2021,268,3.9,2.318801674196941,1.5811983258030589,96.92863998291732,2.0609248377836513,1.8390751622163486,89.38593370310983
2021-09-26,2021,269,1.1,0.8560112298373803,0.24398877016261977,96.6846512127547,1.3317421747695313,-0.23174217476953118,89.61767587787936
2021-09-27,2021,270,0,2.242614838762016,-2.242614838762016,98.92726605151671,1.9065158436448593,-1.9065158436448593,91.52419172152422
2021-09-28,2021,271,0.3,2.2552034905843517,-1.9552034905843516,100.88246954210106,1.9919425406002307,-1.6919425406002306,93.21613426212446
2021-09-29,2021,272,0,2.128788400775573,-2.128788400775573,103.01125794287664,2.2069553462080993,-2.2069553462080993,95.42308960833256
2021-09-30,2021,273,0,1.9974405477436468,-1.9974405477436468,105.00869849062029,1.9114512157326862,-1.9114512157326862,97.33454082406524
2021-10-01,2021,274,0.1,1.97666939967013,-1.8766693996701298,106.88536789029042,1.7838126864457509,-1.6838126864457508,99.01835351051099
2021-10-02,2021,275,0,2.1868388534164005,-2.1868388534164005,109.07220674370683,1.9407227566087017,-1.9407227566087017,100.9590762671197
2021-10-03,2021,276,4,0.9166088868358221,3.083391113164178,105.98881563054265,1.2207447779036495,2.7792552220963502,98.17982104502335
2021-10-04,2021,277,4.7,0.5244627880006729,4.175537211999327,101.81327841854332,0.819400027927524,3.880599972072476,94.29922107295087
2021-10-05,2021,278,3.8,1.1475097183346734,2.6524902816653264,99.160788136878,1.1712065768664988,2.628793423133501,91.67042764981737
2021-10-06,2021,279,5.9,1.1477026323297594,4.752297367670241,94.40849076920776,1.1938667782428156,4.7061332217571845,86.96429442806019
2021-10-07,2021,280,0,1.493118077117653,-1.493118077117653,95.90160884632542,1.316704007394938,-1.316704007394938,88.28099843545512
2021-10-08,2021,281,0,0.15133412399343849,-0.15133412399343849,96.05294297031885,0.9759013742189067,-0.9759013742189067,89.25689980967402
2021-10-09,2021,282,0,0.665105646059618,-0.665105646059618,96.71804861637847,1.0653492778928433,-1.0653492778928433,90.32224908756687
2021-10-10,2021,283,0,1.0292771388264026,-1.0292771388264026,97.74732575520487,1.1855424215708101,-1.1855424215708101,91.50779150913769
2021-10-11,2021,284,0,1.1621501791629039,-1.1621501791629039,98.90947593436778,1.2948211453292584,-1.2948211453292584,92.80261265446694
2021-10-12,2021,285,1.8,0.6283676493057809,1.1716323506942192,97.73784358367355,0.8308093484962308,0.9691906515037693,91.83342200296318
2021-10-13,2021,286,0,1.2029742568066977,-1.2029742568066977,98.94081784048025,1.2739140314056205,-1.2739140314056205,93.1073360343688
2021-10-14,2021,287,0,0.9961186986039415,-0.9961186986039415,99.93693653908419,1.1187304238661124,-1.1187304238661124,94.22606645823491
2021-10-15,2021,288,0,1.0919756923359076,-1.0919756923359076,101.0289122314201,1.0516087661401563,-1.0516087661401563,95.27767522437507
2021-10-16,2021,289,0,1.0316837545131947,-1.0316837545131947,102.06059598593329,1.005611929055443,-1.005611929055443,96.28328715343052
2021-10-17,2021,290,0,1.1077644171344379,-1.1077644171344379,103.16836040306772,0.9273618869923771,-0.9273618869923771,97.2106490404229
2021-10-18,2021,291,0,1.0450230338821025,-1.0450230338821025,104.21338343694983,1.113816845648746,-1.113816845648746,98.32446588607164
2021-10-19,2021,292,0,0.8768560591858623,-0.8768560591858623,105.0902394961357,1.0281264563144363,-1.0281264563144363,99.35259234238607
2021-10-20,2021,293,3.5,0.7735461994381009,2.7264538005618992,102.3637856955738,1.2830804387994483,2.2169195612005517,97.13567278118552
2021-10-21,2021,294,0.4,1.114241379189062,-0.7142413791890619,103.07802707476286,2.52608292787711,-2.12608292787711,99.26175570906263
2021-10-22,2021,295,0.5,0.3521357887537308,0.1478642112462692,102.93016286351659,0.827694568964941,-0.327694568964941,99.58945027802757
2021-10-23,2021,296,0,0.6674325701996091,-0.6674325701996091,103.5975954337162,0.988962108382087,-0.988962108382087,100.57841238640965
2021-10-24,2021,297,0,0.8112344056139513,-0.8112344056139513,104.40882983933014,0.7660169318809408,-0.7660169318809408,101.3444293182906
2021-10-25,2021,298,0.1,0.9539710888402112,-0.8539710888402112,105.26280092817035,0.8695354289542938,-0.7695354289542938,102.11396474724489
2021-10-26,2021,299,0,0.7689559983604491,-0.7689559983604491,106.0317569265308,0.803032922009445,-0.803032922009445,102.91699766925434
2021-10-27,2021,300,0,0.6264808445045821,-0.6264808445045821,106.65823777103539,0.5470323926921681,-0.5470323926921681,103.46403006194652
2021-10-28,2021,301,0,0.7379321969242172,-0.7379321969242172,107.39616996795961,0.5494920257061273,-0.5494920257061273,104.01352208765265
2021-10-29,2021,302,0,0.5472960427827616,-0.5472960427827616,107.94346601074237,0.5795389662219347,-0.5795389662219347,104.59306105387458
2021-10-30,2021,303,2,0.055850008540560776,1.9441499914594391,105.99931601928293,0.4548433749448193,1.5451566250551807,103.0479044288194
2021-10-31,2021,304,6.5,0.9673790896052187,5.532620910394781,100.46669510888815,0.658072573832865,5.8419274261671355,97.20597700265226
2021-11-01,2021,305,6.5,0.21394460886334316,6.286055391136657,94.18063971775149,0.6129297591020215,5.8870702408979785,91.31890676175428
2021-11-02,2021,306,2.8,0.3125885894135479,2.4874114105864518,91.69322830716504,0.6572046774454415,2.142795322554558,89.17611143919972
2021-11-03,2021,307,1.4,-0.1674659160903697,1.5674659160903697,90.12576239107467,0.4796659427529637,0.9203340572470362,88.25577738195268
2021-11-04,2021,308,0.4,0.3861174707625941,0.013882529237405905,90.11187986183727,0.7280129375170654,-0.3280129375170654,88.58379031946974
2021-11-05,2021,309,0,0.1999301346155651,-0.1999301346155651,90.31180999645284,0.598547417929314,-0.598547417929314,89.18233773739905
2021-11-06,2021,310,0,0.16217264496560818,-0.16217264496560818,90.47398264141844,0.4876914234413376,-0.4876914234413376,89.67002916084039
2021-11-07,2021,311,0,0.5770047628942182,-0.5770047628942182,91.05098740431266,0.4383682589918495,-0.4383682589918495,90.10839741983223
2021-11-08,2021,312,0,0.015153746175086769,-0.015153746175086769,91.06614115048775,0.5984844093415389,-0.5984844093415389,90.70688182917377
2021-11-09,2021,313,0,0.10061864989680189,-0.10061864989680189,91.16675980038455,0.48060138502166677,-0.48060138502166677,91.18748321419544
2021-11-10,2021,314,0,-0.27723585824192065,0.27723585824192065,90.88952394214263,0.34563148964036855,-0.34563148964036855,91.5331147038358
2021-11-11,2021,315,0,0.3783084597843924,-0.3783084597843924,91.26783240192702,0.32192400456934556,-0.32192400456934556,91.85503870840515
2021-11-12,2021,316,0,0.7311703821134609,-0.7311703821134609,91.99900278404048,0.26590923641895736,-0.26590923641895736,92.12094794482411
2021-11-13,2021,317,1.8,0.285920032353828,1.514079967646172,90.48492281639432,0.3939546791221042,1.4060453208778958,90.71490262394622
2021-11-14,2021,318,0.1,0.3467715442410291,-0.24677154424102907,90.73169436063534,0.3983770958521618,-0.29837709585216177,91.01327971979838
2021-11-15,2021,319,0,0.07802680444321614,-0.07802680444321614,90.80972116507856,0.455112555675749,-0.455112555675749,91.46839227547413
2021-11-16,2021,320,0.1,0.1250892543270642,-0.025089254327064187,90.83481041940563,0.4448520429518251,-0.34485204295182514,91.81324431842596
2021-11-17,2021,321,0,0.13454738610281133,-0.13454738610281133,90.96935780550844,0.45031192793232305,-0.45031192793232305,92.26355624635828
2021-11-18,2021,322,0,-0.15647711369024545,0.15647711369024545,90.8128806918182,0.29100635630865884,-0.29100635630865884,92.55456260266693
2021-11-19,2021,323,0,0.465623555352795,-0.465623555352795,91.27850424717099,0.22608914631665974,-0.22608914631665974,92.78065174898359
2021-11-20,2021,324,0,0.4131701464549492,-0.4131701464549492,91.69167439362593,0.2548916414623018,-0.2548916414623018,93.0355433904459
2021-11-21,2021,325,0.2,0.5016504346830561,-0.30165043468305613,91.99332482830899,0.24104409272066324,-0.04104409272066323,93.07658748316656
2021-11-22,2021,326,0,0.09310232879025897,-0.09310232879025897,92.08642715709924,0.5436912336762395,-0.5436912336762395,93.6202787168428
2021-11-23,2021,327,0,0.09658168904782811,-0.09658168904782811,92.18300884614706,0.6043544418257287,-0.6043544418257287,94.22463315866854
2021-11-24,2021,328,0,0.16462837787656306,-0.16462837787656306,92.34763722402363,0.4248751157849302,-0.4248751157849302,94.64950827445347
2021-11-25,2021,329,0.4,0.2436445830154132,0.15635541698458683,92.19128180703905,0.3124178008518579,0.08758219914814214,94.56192607530532
2021-11-26,2021,330,0.4,-0.035850802732921405,0.4358508027329214,91.75543100430613,0.41517897383555324,-0.015178973835553222,94.57710504914087
2021-11-27,2021,331,0.2,-0.07471696505141137,0.2747169650514114,91.48071403925472,0.4881066915934759,-0.2881066915934759,94.86521174073434
2021-11-28,2021,332,1.7,-0.019674774477575672,1.7196747744775756,89.76103926477714,0.3243843604047994,1.3756156395952006,93.48959610113914
2021-11-29,2021,333,0,-0.007221592365790612,0.007221592365790612,89.75381767241134,0.4245076498314515,-0.4245076498314515,93.9141037509706
2021-11-30,2021,334,0.4,-0.06127984850570317,0.4612798485057032,89.29253782390565,0.6875432801940862,-0.28754328019408615,94.20164703116468
2021-12-01,2021,335,2.9,-0.06558837559822021,2.96558837559822,86.32694944830743,0.4504441055296693,2.449555894470331,91.75209113669435
2021-12-02,2021,336,3.1,-0.015799411362731886,3.115799411362732,0,0.44820876801670767,2.6517912319832924,0
2021-12-03,2021,337,11.2,0.05608771916233382,11.143912280837666,0,0.30443653883443583,10.895563461165564,0
2021-12-04,2021,338,16.8,-0.04501036212616146,16.84501036212616,0,0.4225316130684779,16.377468386931522,0
2021-12-05,2021,339,3.1,0.02155143418751835,3.0784485658124816,0,0.24057957934742402,2.859420420652576,0
2021-12-06,2021,340,0.6,-0.04977334803685181,0.6497733480368518,0,0.23999871015368088,0.3600012898463191,0
2021-12-07,2021,341,9.2,0.12231180172364323,9.077688198276356,0,0.1657716944820766,9.034228305517923,0
2021-12-08,2021,342,13.2,0.16105453032154463,13.038945469678454,0,0.3300416759917242,12.869958324008275,0
2021-12-09,2021,343,0,-0.08622796542857362,0.08622796542857362,0,0.2222685022302051,-0.2222685022302051,0.2222685022302051
2021-12-10,2021,344,9.6,-0.03284695020828376,9.632846950208283,0,0.39280800947481553,9.207191990525184,0
2021-12-11,2021,345,0.3,-0.05630754354601175,0.35630754354601174,0,0.34588171519650096,-0.04588171519650097,0.04588171519650097
2021-12-12,2021,346,0,0.2258579200864675,-0.2258579200864675,0.2258579200864675,0.09085725304616421,-0.09085725304616421,0.13673896824266518
2021-12-13,2021,347,0,0.17257314644064212,-0.17257314644064212,0.3984310665271096,0,0,0.13673896824266518
2021-12-14,2021,348,0,0.47128671479623363,-0.47128671479623363,0.8697177813233432,0.13885346373422439,-0.13885346373422439,0.27559243197688954
2021-12-15,2021,349,0,0.32587480665144664,-0.32587480665144664,1.1955925879747897,0.18374747629398336,-0.18374747629398336,0.4593399082708729
2021-12-16,2021,350,0,0.13143438689391762,-0.13143438689391762,1.3270269748687074,0.3520050243577444,-0.3520050243577444,0.8113449326286173
2021-12-17,2021,351,0,0.20582402696516286,-0.20582402696516286,1.5328510018338701,0.38670256525849495,-0.38670256525849495,1.1980474978871123
2021-12-18,2021,352,0,-0.004045208386957346,0.004045208386957346,1.5288057934469128,0.09473805437286702,-0.09473805437286702,1.2927855522599794
2021-12-19,2021,353,0,0.20784311043653822,-0.20784311043653822,1.736648903883451,0.21839821624362266,-0.21839821624362266,1.511183768503602
2021-12-20,2021,354,0,0.12661363285866511,-0.12661363285866511,1.863262536742116,0.27703874446356613,-0.27703874446356613,1.788222512967168
2021-12-21,2021,355,0,0.1500961002005889,-0.1500961002005889,2.013358636942705,0.37993554038182975,-0.37993554038182975,2.1681580533489977
2021-12-22,2021,356,0,0.1883479329576906,-0.1883479329576906,2.2017065699003955,0.2887955171257282,-0.2887955171257282,2.456953570474726
2021-12-23,2021,357,0,0.4926999708012032,-0.4926999708012032,2.694406540701599,0.33852199670042593,-0.33852199670042593,2.795475567175152
2021-12-24,2021,358,1.1,-0.10795207087398591,1.207952070873986,1.486454469827613,0.4511092498180977,0.6488907501819023,2.1465848169932498
2021-12-25,2021,359,7.1,0.011532735085854035,7.088467264914145,0,0.2552523071697039,6.844747692830296,0
2021-12-26,2021,360,5.4,0.3256812183159762,5.074318781684024,0,0.24510674465041668,5.154893255349584,0
2021-12-27,2021,361,9.9,-0.008032399068521066,9.90803239906852,0,0.32111047174215174,9.578889528257848,0
2021-12-28,2021,362,3.9,-0.12774198793149313,4.027741987931493,0,0.7318686431197404,3.1681313568802594,0
2021-12-29,2021,363,11.6,0.040232394880166486,11.559767605119832,0,0.6434776628344696,10.95652233716553,0
2021-12-30,2021,364,0.5,0.605439195659529,-0.10543919565952897,0.10543919565952897,0.3375578456012003,0.16244215439879972,0
2021-12-31,2021,365,0,-0.10322351407129057,0.10322351407129057,0.0022156815882383996,0.23402447057760928,-0.23402447057760928,0.23402447057760928
2022-01-01,2022,1,0,-0.24724145032260209,0.24724145032260209,0,0.07801169850760663,-0.07801169850760663,0.3120361690852159
2022-01-02,2022,2,0,-0.18511098622746175,0.18511098622746175,0,0.46355029536884595,-0.46355029536884595,0.7755864644540619
2022-01-03,2022,3,1.7,-0.12443571060257061,1.8244357106025706,0,1.3091001969217042,0.39089980307829575,0.3846866613757661
2022-01-04,2022,4,16.2,-0.06242436476543867,16.262424364765437,0,1.4950943944083086,14.70490560559169,0
2022-01-05,2022,5,1.1,0.04058785906124194,1.0594121409387582,0,0.48389585248658085,0.6161041475134192,0
2022-01-06,2022,6,0,-0.30577193566911237,0.30577193566911237,0,0.35570210113655654,-0.35570210113655654,0.35570210113655654
2022-01-07,2022,7,2.6,-0.15312368442178861,2.7531236844217886,0,0.338966372060939,2.261033627939061,0
2022-01-08,2022,8,3.1,0.22113353892930496,2.8788664610706953,0,0.4084130059254039,2.691586994074596,0
2022-01-09,2022,9,2.2,0.10382220816776233,2.096177791832238,0,0.4678043810883193,1.732195618911681,0
2022-01-10,2022,10,0,-0.080394530434014,0.080394530434014,0,0.16605538168440365,-0.16605538168440365,0.16605538168440365
2022-01-11,2022,11,0,-0.11877690997085158,0.11877690997085158,0,0.5733855408694848,-0.5733855408694848,0.7394409225538885
2022-01-12,2022,12,0,-0.29806212174516455,0.29806212174516455,0,0.34882876673409574,-0.34882876673409574,1.0882696892879842
2022-01-13,2022,13,0,-0.11618568069904114,0.11618568069904114,0,0.2480482213407187,-0.2480482213407187,1.3363179106287029
2022-01-14,2022,14,0,-0.09363556580799241,0.09363556580799241,0,0.13752763171410284,-0.13752763171410284,1.4738455423428056
2022-01-15,2022,15,0,0.02364333910821724,-0.02364333910821724,0.02364333910821724,0.08619407587168017,-0.08619407587168017,1.5600396182144858
2022-01-16,2022,16,0,0.33624643936765847,-0.33624643936765847,0.3598897784758757,0.1494360728154143,-0.1494360728154143,1.7094756910299
2022-01-17,2022,17,0,0.1870421943719302,-0.1870421943719302,0.5469319728478059,0.3075437549938921,-0.3075437549938921,2.017019446023792
2022-01-18,2022,18,0,-0.16175654949162796,0.16175654949162796,0.38517542335617794,0.27582891154591105,-0.27582891154591105,2.292848357569703
2022-01-19,2022,19,0,0.3862710928614739,-0.3862710928614739,0.7714465162176518,0.39982468605642285,-0.39982468605642285,2.692673043626126
2022-01-20,2022,20,0,0.03497044065398075,-0.03497044065398075,0.8064169568716326,0.5683654911568903,-0.5683654911568903,3.261038534783016
2022-01-21,2022,21,0,-0.1357233308643775,0.1357233308643775,0.6706936260072551,0.6057228870781668,-0.6057228870781668,3.8667614218611828
2022-01-22,2022,22,0,0.07186988942337372,-0.07186988942337372,0.7425635154306288,0.44076975624519865,-0.44076975624519865,4.307531178106381
2022-01-23,2022,23,0,0.1884228864773557,-0.1884228864773557,0.9309864019079845,0.2866230019642227,-0.2866230019642227,4.594154180070604
2022-01-24,2022,24,0,0.16918420918216606,-0.16918420918216606,1.1001706110901506,0.32133999093937476,-0.32133999093937476,4.915494171009979
2022-01-25,2022,25,0,0.49991849714649744,-0.49991849714649744,1.600089108236648,0.22102088005622011,-0.22102088005622011,5.136515051066199
2022-01-26,2022,26,0,0.5069969272402056,-0.5069969272402056,2.1070860354768537,0.20118996303615755,-0.20118996303615755,5.337705014102357
2022-01-27,2022,27,0,0.4963934109465736,-0.4963934109465736,2.603479446423427,0.21176770805202905,-0.21176770805202905,5.549472722154386
2022-01-28,2022,28,0,0.40621074291000975,-0.40621074291000975,3.009690189333437,0.33811486786216094,-0.33811486786216094,5.887587590016547
2022-01-29,2022,29,0,0.5262581615516487,-0.5262581615516487,3.5359483508850857,0.6689727655996345,-0.6689727655996345,6.556560355616181
2022-01-30,2022,30,0,0.4228592002903477,-0.4228592002903477,3.9588075511754335,0.6189751471116846,-0.6189751471116846,7.1755355027278656
2022-01-31,2022,31,5.1,0.030868755590087515,5.069131244409912,0,0.6354263448201375,4.464573655179862,2.7109618475480035
2022-02-01,2022,32,0.4,0.2918301605517381,0.10816983944826192,0,0.7942754147784818,-0.3942754147784818,3.1052372623264852
2022-02-02,2022,33,0.7,-0.012021798804891765,0.7120217988048917,0,0.6151506915631935,0.08484930843680649,3.0203879538896787
2022-02-03,2022,34,0,0.258866283422723,-0.258866283422723,0.258866283422723,0.3522213590371224,-0.3522213590371224,3.372609312926801
2022-02-04,2022,35,0.2,0.8334309149282967,-0.6334309149282966,0.8922971983510196,0.5473919677836433,-0.3473919677836433,3.7200012807104446
2022-02-05,2022,36,0,0.4357550662178987,-0.4357550662178987,1.3280522645689183,0.6568621199773252,-0.6568621199773252,4.376863400687769
2022-02-06,2022,37,8.7,0.12060160609922335,8.579398393900776,0,0.9936582107546709,7.706341789245329,0
2022-02-07,2022,38,0,0.48029481774280625,-0.48029481774280625,0.48029481774280625,1.005488394370637,-1.005488394370637,1.005488394370637
2022-02-08,2022,39,0,0.3483516817168037,-0.3483516817168037,0.8286464994596099,0.5445198838668073,-0.5445198838668073,1.5500082782374442
2022-02-09,2022,40,0,0.3267745412982064,-0.3267745412982064,1.1554210407578163,0.6376896318162414,-0.6376896318162414,2.1876979100536857
2022-02-10,2022,41,8.3,0.7529102038882685,7.547089796111733,0,1.0283695997395637,7.271630400260437,0
2022-02-11,2022,42,1.5,0.44168718686427233,1.0583128131357276,0,0.6907694876821268,0.8092305123178732,0
2022-02-12,2022,43,0,0.27122565895229556,-0.27122565895229556,0.27122565895229556,0.57713327158614,-0.57713327158614,0.57713327158614
2022-02-13,2022,44,0,0.3942245697326249,-0.3942245697326249,0.6654502286849204,0.859276479743029,-0.859276479743029,1.436409751329169
2022-02-14,2022,45,4.1,0.1975555263548393,3.9024444736451604,0,0.5977556036669767,3.502244396333023,0
2022-02-15,2022,46,0.8,0.36517355353542696,0.4348264464645731,0,0.640092377718531,0.15990762228146904,0
2022-02-16,2022,47,4.7,0.26110906908041026,4.43889093091959,0,0.6034478667365512,4.096552133263449,0
2022-02-17,2022,48,4.5,0.1470862521873352,4.352913747812665,0,1.6226934621930231,2.8773065378069766,0
2022-02-18,2022,49,5,0.5945730787427382,4.405426921257262,0,1.7354387602698669,3.264561239730133,0
2022-02-19,2022,50,0,0.3302041882092112,-0.3302041882092112,0.3302041882092112,1.2299591717935232,-1.2299591717935232,1.2299591717935232
2022-02-20,2022,51,2.6,0.7933628537550322,1.806637146244968,0,2.0335801965375344,0.5664198034624657,0.6635393683310575
2022-02-21,2022,52,6.9,0.5961978938352008,6.3038021061648,0,1.1512804885721823,5.748719511427818,0
2022-02-22,2022,53,0.3,0.7372332999625377,-0.43723329996253774,0.43723329996253774,1.1043928929916402,-0.8043928929916402,0.8043928929916402
2022-02-23,2022,54,0,1.0102898614030036,-1.0102898614030036,1.4475231613655413,1.0472836960151954,-1.0472836960151954,1.8516765890068356
2022-02-24,2022,55,0,0.5112236950304357,-0.5112236950304357,1.958746856395977,1.1620966261357524,-1.1620966261357524,3.013773215142588
2022-02-25,2022,56,0.8,1.5602447892811708,-0.7602447892811708,2.7189916456771477,1.2790781246534064,-0.4790781246534064,3.492851339795994
2022-02-26,2022,57,0,0.8569607417298207,-0.8569607417298207,3.5759523874069683,1.3331241833697094,-1.3331241833697094,4.825975523165703
2022-02-27,2022,58,0,0.6963952908640971,-0.6963952908640971,4.272347678271066,1.3176020064570786,-1.3176020064570786,6.143577529622782
2022-02-28,2022,59,0,0.8540853230693214,-0.8540853230693214,5.126433001340387,1.2862502085152108,-1.2862502085152108,7.429827738137993
2022-03-01,2022,60,0,0.7912904396689625,-0.7912904396689625,5.9177234410093495,1.1053144481544728,-1.1053144481544728,8.535142186292466
2022-03-02,2022,61,0,1.0324445808893,-1.0324445808893,6.95016802189865,1.1266890908125204,-1.1266890908125204,9.661831277104987
2022-03-03,2022,62,0,1.0662838430021713,-1.0662838430021713,8.016451864900821,1.3671251485654357,-1.3671251485654357,11.028956425670422
2022-03-04,2022,63,0,0.9039979404938968,-0.9039979404938968,8.920449805394718,1.732928764294186,-1.732928764294186,12.761885189964609
2022-03-05,2022,64,0,0.8632326745228565,-0.8632326745228565,9.783682479917575,1.5651357845384926,-1.5651357845384926,14.327020974503101
2022-03-06,2022,65,0,0.8228327669698898,-0.8228327669698898,10.606515246887465,1.4516017758520745,-1.4516017758520745,15.778622750355176
2022-03-07,2022,66,0,0.9159699243486791,-0.9159699243486791,11.522485171236145,1.5211475009181241,-1.5211475009181241,17.2997702512733
2022-03-08,2022,67,0,1.0530817022433143,-1.0530817022433143,12.57556687347946,1.344813819981892,-1.344813819981892,18.644584071255192
2022-03-09,2022,68,0,1.2047274420911895,-1.2047274420911895,13.78029431557065,1.3350481949684063,-1.3350481949684063,19.979632266223597
2022-03-10,2022,69,0,1.2541028241190197,-1.2541028241190197,15.03439713968967,1.497429448015348,-1.497429448015348,21.477061714238946
2022-03-11,2022,70,0,1.2240291909200252,-1.2240291909200252,16.258426330609694,1.4121152323243513,-1.4121152323243513,22.889176946563296
2022-03-12,2022,71,0,1.6268609535553784,-1.6268609535553784,17.885287284165074,1.824257318477615,-1.824257318477615,24.71343426504091
2022-03-13,2022,72,0.1,1.7591884389931551,-1.659188438993155,19.54447572315823,2.022013831084776,-1.9220138310847759,26.635448096125685
2022-03-14,2022,73,5,2.011655991511706,2.988344008488294,16.556131714669934,1.8527622944500808,3.1472377055499194,23.488210390575766
2022-03-15,2022,74,0.2,0.6448545736024163,-0.44485457360241626,17.00098628827235,0.8937653983062516,-0.6937653983062515,24.181975788882017
2022-03-16,2022,75,0,1.06138360000935,-1.06138360000935,18.0623698882817,1.2066208838047414,-1.2066208838047414,25.38859667268676
2022-03-17,2022,76,0,1.6794481533784587,-1.6794481533784587,19.74181804166016,1.649720103632138,-1.649720103632138,27.038316776318897
2022-03-18,2022,77,0,0.00797226185550538,-0.00797226185550538,19.749790303515667,1.4132599448620566,-1.4132599448620566,28.451576721180952
2022-03-19,2022,78,0,1.7077484437816224,-1.7077484437816224,21.45753874729729,2.2645933735758366,-2.2645933735758366,30.71617009475679
2022-03-20,2022,79,0,1.9503640742531638,-1.9503640742531638,23.40790282155045,1.9500945750768306,-1.9500945750768306,32.66626466983362
2022-03-21,2022,80,0,1.7827896077961884,-1.7827896077961884,25.19069242934664,2.0496260967235074,-2.0496260967235074,34.71589076655713
2022-03-22,2022,81,0,1.9108841121379407,-1.9108841121379407,27.10157654148458,2.1047851891391423,-2.1047851891391423,36.820675955696274
2022-03-23,2022,82,0,1.9949507871693049,-1.9949507871693049,29.096527328653885,2.304532412971002,-2.304532412971002,39.12520836866727
2022-03-24,2022,83,0,2.0790779096164553,-2.0790779096164553,31.17560523827034,2.503768865568455,-2.503768865568455,41.62897723423573
2022-03-25,2022,84,0,2.099405241324125,-2.099405241324125,33.275010479594464,2.7027509891502564,-2.7027509891502564,44.33172822338598
2022-03-26,2022,85,0,2.1990938257931196,-2.1990938257931196,35.474104305387584,2.8433569564013177,-2.8433569564013177,47.175085179787295
2022-03-27,2022,86,0,2.2142236614987416,-2.2142236614987416,37.68832796688633,2.4722394407924946,-2.4722394407924946,49.64732462057979
2022-03-28,2022,87,0,2.22069006362114,-2.22069006362114,39.90901803050747,2.5753768274753095,-2.5753768274753095,52.2227014480551
2022-03-29,2022,88,0,1.9468126446064942,-1.9468126446064942,41.855830675113964,2.6966307190997143,-2.6966307190997143,54.91933216715481
2022-03-30,2022,89,2.1,1.4579300490910283,0.6420699509089718,41.213760724204995,1.651457570428177,0.448542429571823,54.47078973758299
2022-03-31,2022,90,10.9,0.7176226311616292,10.18237736883837,31.031383355366625,0.8520529806464705,10.04794701935353,44.42284271822946
2022-04-01,2022,91,14.4,0.6971107342514822,13.702889265748517,17.328494089618108,0.6205721874413364,13.779427812558664,30.643414905670795
2022-04-02,2022,92,1.3,1.3604434388979054,-0.06044343889790538,17.388937528516013,0.8871213139083964,0.4128786860916036,30.230536219579193
2022-04-03,2022,93,0,1.099760862127754,-1.099760862127754,18.48869839064377,1.0629754652292318,-1.0629754652292318,31.293511684808426
2022-04-04,2022,94,0,2.460222266122103,-2.460222266122103,20.94892065676587,1.9927333273039762,-1.9927333273039762,33.2862450121124
2022-04-05,2022,95,0,1.6569288723901998,-1.6569288723901998,22.60584952915607,1.7313136133230256,-1.7313136133230256,35.01755862543543
2022-04-06,2022,96,1.1,2.9416956867911748,-1.8416956867911747,24.447545215947244,2.4751317877077597,-1.3751317877077596,36.392690413143185
2022-04-07,2022,97,8,1.1551626478380046,6.844837352161996,17.60270786378525,1.786954243547789,6.213045756452211,30.179644656690975
2022-04-08,2022,98,6.2,0.9721683448848546,5.227831655115145,12.374876208670102,2.1697551821032373,4.030244817896763,26.14939983879421
2022-04-09,2022,99,4.1,1.3216835921203571,2.7783164078796423,9.596559800790459,1.3252294117869738,2.774770588213026,23.374629250581183
2022-04-10,2022,100,0,2.777979580852752,-2.777979580852752,12.37453938164321,2.3036336462959803,-2.3036336462959803,25.678262896877165
2022-04-11,2022,101,0,2.7602330661629644,-2.7602330661629644,15.134772447806174,2.528684181356927,-2.528684181356927,28.20694707823409
2022-04-12,2022,102,0,3.4733895843055627,-3.4733895843055627,18.608162032111736,3.0054257461611695,-3.0054257461611695,31.21237282439526
2022-04-13,2022,103,0,3.363018860844394,-3.363018860844394,21.97118089295613,3.20058247066439,-3.20058247066439,34.412955295059646
2022-04-14,2022,104,0,3.8905288667888236,-3.8905288667888236,25.861709759744954,3.5001863407730807,-3.5001863407730807,37.91314163583273
2022-04-15,2022,105,0,3.7193649305686964,-3.7193649305686964,29.58107469031365,3.4639443631808016,-3.4639443631808016,41.37708599901353
2022-04-16,2022,106,0,3.4102214102031967,-3.4102214102031967,32.99129610051685,3.6273587462630545,-3.6273587462630545,45.00444474527659
2022-04-17,2022,107,0,3.1445640316660586,-3.1445640316660586,36.135860132182906,3.9364062458809816,-3.9364062458809816,48.94085099115757
2022-04-18,2022,108,0,3.3735059294476843,-3.3735059294476843,39.50936606163059,3.3978061894210683,-3.3978061894210683,52.338657180578636
2022-04-19,2022,109,0,3.251365515552809,-3.251365515552809,42.76073157718339,3.329492874252455,-3.329492874252455,55.66815005483109
2022-04-20,2022,110,0,3.3304400468845885,-3.3304400468845885,46.09117162406798,3.734265765299832,-3.734265765299832,59.40241582013092
2022-04-21,2022,111,0,3.4433836913460043,-3.4433836913460043,49.53455531541399,3.7149754868692284,-3.7149754868692284,63.11739130700015
2022-04-22,2022,112,0.2,2.8500227563525655,-2.6500227563525653,52.18457807176655,2.9667831562247176,-2.7667831562247174,65.88417446322487
2022-04-23,2022,113,3.8,1.9916839293379138,1.808316070662086,50.376262001104465,1.9975418724827618,1.802458127517238,64.08171633570763
2022-04-24,2022,114,17.4,1.0734940498874368,16.326505950112562,34.0497560509919,1.216267700000183,16.183732299999814,47.89798403570781
2022-04-25,2022,115,18.7,0.9142514336839395,17.78574856631606,16.264007484675844,0.9751380184343026,17.724861981565695,30.173122054142112
2022-04-26,2022,116,1.4,3.092486221249304,-1.692486221249304,17.956493705925148,2.3788213045999376,-0.9788213045999377,31.15194335874205
2022-04-27,2022,117,0,3.870201025070779,-3.870201025070779,21.826694730995925,3.2768154215314502,-3.2768154215314502,34.4287587802735
2022-04-28,2022,118,0,4.0425603641315915,-4.0425603641315915,25.869255095127517,3.8731076514801615,-3.8731076514801615,38.30186643175366
2022-04-29,2022,119,0.4,3.4809128018864333,-3.0809128018864333,28.95016789701395,3.2919644364497644,-2.8919644364497645,41.19383086820342
2022-04-30,2022,120,0.1,3.0469395337866523,-2.946939533786652,31.897107430800602,2.7746709125904,-2.6746709125904,43.86850178079382
2022-05-01,2022,121,0,4.162650209888774,-4.162650209888774,36.05975764068938,3.4433235178723978,-3.4433235178723978,47.31182529866622
2022-05-02,2022,122,0,4.090041540267778,-4.090041540267778,40.14979918095715,3.5343835786781406,-3.5343835786781406,50.84620887734436
2022-05-03,2022,123,1.1,2.3506291899570306,-1.2506291899570305,41.400428370914184,2.4960362039504704,-1.3960362039504703,52.24224508129483
2022-05-04,2022,124,8.2,3.0503327130847206,5.149667286915278,36.25076108399891,2.7140154357265565,5.485984564273442,46.75626051702139
2022-05-05,2022,125,15.7,0.7781442994969049,14.921855700503095,21.328905383495815,0.9625539256974613,14.737446074302538,32.01881444271885
2022-05-06,2022,126,0,1.2131012506144094,-1.2131012506144094,22.542006634110226,1.2322627223065328,-1.2322627223065328,33.25107716502538
2022-05-07,2022,127,0,3.8652509673139037,-3.8652509673139037,26.40725760142413,2.932662385581493,-2.932662385581493,36.18373955060687
2022-05-08,2022,128,0,0.8803320004074529,-0.8803320004074529,27.287589601831584,1.6322149535419759,-1.6322149535419759,37.81595450414885
2022-05-09,2022,129,0,4.131809992149826,-4.131809992149826,31.41939959398141,3.560511620827532,-3.560511620827532,41.37646612497638
2022-05-10,2022,130,0,4.897897478845413,-4.897897478845413,36.317297072826825,4.356347350495061,-4.356347350495061,45.732813475471445
2022-05-11,2022,131,0,5.207179582729926,-5.207179582729926,41.524476655556754,5.359252043977117,-5.359252043977117,51.09206551944856
2022-05-12,2022,132,1.7,4.5841342373690726,-2.8841342373690724,44.40861089292583,4.8070311521920095,-3.1070311521920093,54.19909667164057
2022-05-13,2022,133,0,4.557365317417121,-4.557365317417121,48.96597621034295,3.538497521750106,-3.538497521750106,57.73759419339068
2022-05-14,2022,134,0,5.417399158420326,-5.417399158420326,54.383375368763275,4.828423214063126,-4.828423214063126,62.566017407453806
2022-05-15,2022,135,0,5.320045651748397,-5.320045651748397,59.70342102051167,4.841534280263692,-4.841534280263692,67.4075516877175
2022-05-16,2022,136,0,3.8155357272369126,-3.8155357272369126,63.51895674774858,4.020113748325767,-4.020113748325767,71.42766543604327
2022-05-17,2022,137,0,5.303841072344217,-5.303841072344217,68.8227978200928,4.691654812852108,-4.691654812852108,76.11932024889538
2022-05-18,2022,138,0,5.673985148173262,-5.673985148173262,74.49678296826606,5.149952113700246,-5.149952113700246,81.26927236259563
2022-05-19,2022,139,0,4.985251658189257,-4.985251658189257,79.48203462645532,5.04403210276688,-5.04403210276688,86.3133044653625
2022-05-20,2022,140,1.3,5.546473379136757,-4.2464733791367575,83.72850800559208,6.164126663291022,-4.864126663291022,91.17743112865352
2022-05-21,2022,141,0,5.610824293153457,-5.610824293153457,89.33933229874553,4.789025630625445,-4.789025630625445,95.96645675927897
2022-05-22,2022,142,1.2,2.984034569399347,-1.7840345693993471,91.12336686814488,3.0705399872030483,-1.8705399872030484,97.83699674648201
2022-05-23,2022,143,5.8,3.425672640563859,2.374327359436141,88.74903950870875,3.1937221682578483,2.6062778317421516,95.23071891473987
2022-05-24,2022,144,1,1.7077937756801072,-0.7077937756801072,89.45683328438885,1.8227896776930088,-0.8227896776930088,96.05350859243288
2022-05-25,2022,145,0,5.066035681367086,-5.066035681367086,94.52286896575593,4.24798307200433,-4.24798307200433,100.30149166443721
2022-05-26,2022,146,0,5.486189774246671,-5.486189774246671,100.0090587400026,4.616777463348287,-4.616777463348287,104.91826912778549
2022-05-27,2022,147,0,5.928293453507615,-5.928293453507615,105.93735219351022,4.967464699356723,-4.967464699356723,109.88573382714222
2022-05-28,2022,148,0,5.265179734844356,-5.265179734844356,111.20253192835457,4.725298520368677,-4.725298520368677,114.6110323475109
2022-05-29,2022,149,0,4.720008831232274,-4.720008831232274,115.92254075958685,4.537270647179629,-4.537270647179629,119.14830299469052
2022-05-30,2022,150,0,4.759594345091582,-4.759594345091582,120.68213510467844,4.4768147670116445,-4.4768147670116445,123.62511776170217
2022-05-31,2022,151,2.4,1.7335864722866938,0.6664135277133061,120.01572157696513,2.238272777270325,0.1617272227296751,123.46339053897249
2022-06-01,2022,152,1.5,2.7234118440593593,-1.2234118440593593,121.23913342102449,2.444672333265171,-0.9446723332651712,124.40806287223766
2022-06-02,2022,153,0,5.344096200291374,-5.344096200291374,126.58322962131587,4.2710909398304375,-4.2710909398304375,128.6791538120681
2022-06-03,2022,154,4.9,3.130788981714286,1.7692110182857141,124.81401860303015,3.202767509750194,1.6972324902498062,126.9819213218183
2022-06-04,2022,155,18.6,5.696669877768106,12.903330122231896,111.91068848079826,4.9051614732769195,13.694838526723082,113.28708279509522
2022-06-05,2022,156,9.5,2.475780174786815,7.024219825213185,104.88646865558508,2.49599545824861,7.0040045417513905,106.28307825334383
2022-06-06,2022,157,7.9,5.287424072022979,2.612575927977021,102.27389272760806,4.218144801575752,3.6818551984242482,102.60122305491959
2022-06-07,2022,158,0,3.901991731441429,-3.901991731441429,106.17588445904948,3.4148224821483173,-3.4148224821483173,106.01604553706791
2022-06-08,2022,159,0.4,3.270672991186642,-2.870672991186642,109.04655745023612,3.137786199680873,-2.737786199680873,108.75383173674878
2022-06-09,2022,160,0,2.9543736056777257,-2.9543736056777257,112.00093105591385,3.259334732072822,-3.259334732072822,112.0131664688216
2022-06-10,2022,161,0,5.686863204817126,-5.686863204817126,117.68779426073098,4.89339450988641,-4.89339450988641,116.906560978708
2022-06-11,2022,162,0,5.860334746988555,-5.860334746988555,123.54812900771954,5.415032000585281,-5.415032000585281,122.32159297929329
2022-06-12,2022,163,0,6.14406199468687,-6.14406199468687,129.69219100240642,5.765344799073381,-5.765344799073381,128.08693777836666
2022-06-13,2022,164,0,5.707200444924101,-5.707200444924101,135.39939144733052,5.490263950856731,-5.490263950856731,133.5772017292234
2022-06-14,2022,165,0,5.853914628492621,-5.853914628492621,141.25330607582313,5.702694361722257,-5.702694361722257,139.27989609094564
2022-06-15,2022,166,0.4,5.292920703404482,-4.8929207034044815,146.14622677922762,5.303681981524815,-4.903681981524815,144.18357807247045
2022-06-16,2022,167,0,5.933182166775718,-5.933182166775718,152.07940894600333,6.2544172798622455,-6.2544172798622455,150.4379953523327
2022-06-17,2022,168,0,5.859159451162793,-5.859159451162793,157.9385683971661,5.7683892645153945,-5.7683892645153945,156.2063846168481
2022-06-18,2022,169,0,6.282697256461312,-6.282697256461312,164.22126565362743,6.462788759368299,-6.462788759368299,162.6691733762164
2022-06-19,2022,170,0,6.4535597073964075,-6.4535597073964075,170.67482536102384,6.751027721477541,-6.751027721477541,169.42020109769396
2022-06-20,2022,171,0,6.3011187458407285,-6.3011187458407285,176.97594410686457,7.057266777775636,-7.057266777775636,176.47746787546959
2022-06-21,2022,172,0.3,4.6846166519116546,-4.384616651911655,181.36056075877622,4.956584646978819,-4.6565846469788195,181.1340525224484
2022-06-22,2022,173,18.2,3.340495097703864,14.859504902296136,166.5010558564801,3.0735362921778275,15.126463707822172,166.00758881462622
2022-06-23,2022,174,27.9,5.403019380440202,22.496980619559796,144.0040752369203,4.655431436439684,23.244568563560314,142.7630202510659
2022-06-24,2022,175,13.4,1.4630567095704892,11.936943290429511,132.0671319464908,1.9358904445678509,11.464109555432149,131.29891069563377
2022-06-25,2022,176,3.2,6.326159259298228,-3.1261592592982277,135.19329120578902,5.3522012766949425,-2.1522012766949423,133.4511119723287
2022-06-26,2022,177,0,6.149839038289315,-6.149839038289315,141.34313024407834,4.940117049273669,-4.940117049273669,138.39122902160238
2022-06-27,2022,178,0.8,1.3869177147057337,-0.5869177147057336,141.93004795878406,2.09901941119489,-1.2990194111948898,139.69024843279726
2022-06-28,2022,179,0,1.0164731578144537,-1.0164731578144537,142.94652111659852,1.5584456242384495,-1.5584456242384495,141.24869405703572
2022-06-29,2022,180,0,5.706205504142651,-5.706205504142651,148.65272662074116,4.9145720219585805,-4.9145720219585805,146.1632660789943
2022-06-30,2022,181,19.5,5.320405108974684,14.179594891025316,134.47313172971585,4.5073078216548925,14.992692178345107,131.1705739006492
2022-07-01,2022,182,0.2,2.668402314451813,-2.468402314451813,136.94153404416767,2.549338211181408,-2.349338211181408,133.51991211183062
2022-07-02,2022,183,0,5.99546172192033,-5.99546172192033,142.936995766088,5.197814637609088,-5.197814637609088,138.71772674943972
2022-07-03,2022,184,19.2,6.093189622695108,13.106810377304893,129.8301853887831,5.435529779054788,13.764470220945212,124.9532565284945
2022-07-04,2022,185,1,3.6892755686493395,-2.6892755686493395,132.51946095743244,3.198488642609483,-2.198488642609483,127.15174517110398
2022-07-05,2022,186,0,5.3111894533311395,-5.3111894533311395,137.83065041076358,4.586451096221079,-4.586451096221079,131.73819626732507
2022-07-06,2022,187,0,5.676398914001838,-5.676398914001838,143.50704932476543,5.273663188243379,-5.273663188243379,137.01185945556844
2022-07-07,2022,188,0,5.5303149528174185,-5.5303149528174185,149.03736427758284,5.1332460338192245,-5.1332460338192245,142.14510548938767
2022-07-08,2022,189,0,6.093972607856832,-6.093972607856832,155.13133688543968,5.651974982609068,-5.651974982609068,147.79708047199674
2022-07-09,2022,190,0,5.8391632520339956,-5.8391632520339956,160.97050013747366,5.49725186915099,-5.49725186915099,153.29433234114774
2022-07-10,2022,191,0,5.997525217232311,-5.997525217232311,166.968025354706,5.749097878113211,-5.749097878113211,159.04343021926096
2022-07-11,2022,192,0,5.802955965106629,-5.802955965106629,172.77098131981262,5.741256003398224,-5.741256003398224,164.7846862226592
2022-07-12,2022,193,0,5.742515835563017,-5.742515835563017,178.51349715537563,5.938502960613939,-5.938502960613939,170.72318918327312
2022-07-13,2022,194,0,6.238822037267552,-6.238822037267552,184.75231919264317,5.609972481223024,-5.609972481223024,176.33316166449615
2022-07-14,2022,195,0,6.2175609697709895,-6.2175609697709895,190.96988016241417,6.753561988021301,-6.753561988021301,183.08672365251743
2022-07-15,2022,196,0,5.943186066523849,-5.943186066523849,196.91306622893802,6.066788719288163,-6.066788719288163,189.1535123718056
2022-07-16,2022,197,0,5.698258986788223,-5.698258986788223,202.61132521572625,6.41288071809646,-6.41288071809646,195.56639308990205
2022-07-17,2022,198,0,5.726742713800283,-5.726742713800283,208.33806792952655,6.586533775618509,-6.586533775618509,202.15292686552056
2022-07-18,2022,199,0,5.765169316013114,-5.765169316013114,214.10323724553965,6.520010087904863,-6.520010087904863,208.67293695342542
2022-07-19,2022,200,0,5.879982965506575,-5.879982965506575,219.98322021104622,6.1750433364463495,-6.1750433364463495,214.84798028987177
2022-07-20,2022,201,14.6,2.9580691727421664,11.641930827257834,208.3412893837884,3.520538952582395,11.079461047417604,203.76851924245418
2022-07-21,2022,202,0,6.073819594768477,-6.073819594768477,214.41510897855687,5.292480086815308,-5.292480086815308,209.0609993292695
2022-07-22,2022,203,6.3,6.163799363308771,0.13620063669122917,214.27890834186564,5.768401493517832,0.531598506482168,208.52940082278732
2022-07-23,2022,204,7,3.672636019066005,3.327363980933995,210.95154436093165,3.3829163982704915,3.6170836017295085,204.9123172210578
2022-07-24,2022,205,0,6.040560931977719,-6.040560931977719,216.99210529290937,5.436264003092001,-5.436264003092001,210.3485812241498
2022-07-25,2022,206,1.9,5.361184684903442,-3.4611846849034422,220.4532899778128,5.740910109773814,-3.8409101097738145,214.1894913339236
2022-07-26,2022,207,0,3.6977230423708494,-3.6977230423708494,224.15101302018365,3.6484231170930586,-3.6484231170930586,217.83791445101664
2022-07-27,2022,208,0,4.6156155669797,-4.6156155669797,228.76662858716335,4.701253684660722,-4.701253684660722,222.53916813567736
2022-07-28,2022,209,7.2,5.236579955896619,1.9634200441033816,226.80320854305998,4.8470533053738905,2.3529466946261097,220.18622144105126
2022-07-29,2022,210,3,1.5963655825105574,1.4036344174894426,225.39957412557052,2.13713435002678,0.8628656499732199,219.32335579107803
2022-07-30,2022,211,0,4.352608778364,-4.352608778364,229.7521829039345,4.334896290875899,-4.334896290875899,223.65825208195392
2022-07-31,2022,212,0,4.855066771617033,-4.855066771617033,234.60724967555154,4.9415686577210955,-4.9415686577210955,228.599820739675
2022-08-01,2022,213,0,5.39641191843175,-5.39641191843175,240.00366159398328,5.223155906362848,-5.223155906362848,233.82297664603786
2022-08-02,2022,214,0,5.446157315024048,-5.446157315024048,245.44981890900732,5.353298854150543,-5.353298854150543,239.1762755001884
2022-08-03,2022,215,0,5.691564392291433,-5.691564392291433,251.14138330129876,5.3917469651955745,-5.3917469651955745,244.568022465384
2022-08-04,2022,216,0,5.669680761232778,-5.669680761232778,256.81106406253156,6.150894794837551,-6.150894794837551,250.71891726022153
2022-08-05,2022,217,5.2,4.899179697307468,0.30082030269253224,256.510243759839,5.4634000836528225,-0.2634000836528223,250.98231734387434
2022-08-06,2022,218,0,4.616293969250767,-4.616293969250767,261.12653772908976,3.4806766739306454,-3.4806766739306454,254.462994017805
2022-08-07,2022,219,0,2.4870525575163893,-2.4870525575163893,263.61359028660615,2.7267277348549848,-2.7267277348549848,257.18972175266
2022-08-08,2022,220,0,5.03533416106763,-5.03533416106763,268.6489244476738,5.1183037330790055,-5.1183037330790055,262.308025485739
2022-08-09,2022,221,0,4.908935458445578,-4.908935458445578,273.55785990611935,5.523485667576135,-5.523485667576135,267.83151115331515
2022-08-10,2022,222,0,4.85613660324878,-4.85613660324878,278.41399650936813,5.541932990762575,-5.541932990762575,273.3734441440777
2022-08-11,2022,223,0,4.893365888326088,-4.893365888326088,283.30736239769425,5.307594123348129,-5.307594123348129,278.68103826742583
2022-08-12,2022,224,0,4.728538985550097,-4.728538985550097,288.0359013832443,5.811145478822624,-5.811145478822624,284.49218374624843
2022-08-13,2022,225,0,4.597553783754845,-4.597553783754845,292.63345516699917,5.4857122029294585,-5.4857122029294585,289.9778959491779
2022-08-14,2022,226,0.3,1.9220209425788186,-1.6220209425788186,294.255476109578,2.7721887122274027,-2.472188712227403,292.4500846614053
2022-08-15,2022,227,0,2.9116397263011424,-2.9116397263011424,297.16711583587914,3.3200811928717253,-3.3200811928717253,295.770165854277
2022-08-16,2022,228,0,4.864030519374879,-4.864030519374879,302.031146355254,4.754252918175138,-4.754252918175138,300.5244187724522
2022-08-17,2022,229,11.5,3.8474423240508897,7.65255767594911,294.3785886793049,4.143046373144822,7.356953626855178,293.167465145597
2022-08-18,2022,230,1.1,2.3879192689237274,-1.2879192689237273,295.6665079482286,2.2320378524607127,-1.1320378524607126,294.29950299805773
2022-08-19,2022,231,11.6,0.7828932477788065,10.817106752221193,284.8494011960074,1.1732520751236601,10.42674792487634,283.8727550731814
2022-08-20,2022,232,10.5,3.8469438764380537,6.653056123561946,278.19634507244547,3.051147915048736,7.448852084951264,276.4239029882301
2022-08-21,2022,233,0,4.574152460144522,-4.574152460144522,282.77049753259,3.898482110662933,-3.898482110662933,280.32238509889305
2022-08-22,2022,234,0,4.468544768174253,-4.468544768174253,287.23904230076425,4.3147472538041525,-4.3147472538041525,284.6371323526972
2022-08-23,2022,235,0,4.188325447500006,-4.188325447500006,291.42736774826426,4.48552498204935,-4.48552498204935,289.1226573347466
2022-08-24,2022,236,0,3.899544096541948,-3.899544096541948,295.3269118448062,4.324201668769382,-4.324201668769382,293.44685900351595
2022-08-25,2022,237,0,4.49727132151222,-4.49727132151222,299.82418316631845,4.184059021168953,-4.184059021168953,297.6309180246849
2022-08-26,2022,238,4.8,2.496113842748965,2.3038861572510347,297.5202970090674,2.796972887193798,2.0030271128062016,295.6278909118787
2022-08-27,2022,239,0,4.370122655156211,-4.370122655156211,301.8904196642236,3.752678903912955,-3.752678903912955,299.38056981579166
2022-08-28,2022,240,0,3.4448866398659597,-3.4448866398659597,305.33530630408956,3.263425800241485,-3.263425800241485,302.6439956160331
2022-08-29,2022,241,0,4.1639395627962434,-4.1639395627962434,309.4992458668858,3.869306929535186,-3.869306929535186,306.5133025455683
2022-08-30,2022,242,6.4,3.2145894418676595,3.185410558132341,306.3138353087535,3.169266354819691,3.2307336451803095,303.282568900388
2022-08-31,2022,243,0,4.122184542576332,-4.122184542576332,310.43601985132983,3.3085698805462163,-3.3085698805462163,306.5911387809342
2022-09-01,2022,244,0,3.7013761657843407,-3.7013761657843407,314.13739601711416,3.3512209647566986,-3.3512209647566986,309.9423597456909
2022-09-02,2022,245,6.5,2.2609389414445316,4.2390610585554684,309.8983349585587,2.464761310640221,4.03523868935978,305.9071210563311
2022-09-03,2022,246,3.8,2.2256917979338042,1.5743082020661956,308.32402675649246,2.225715919650325,1.574284080349675,304.3328369759814
2022-09-04,2022,247,0.1,3.794312777030533,-3.694312777030533,312.018339533523,3.4355114390704213,-3.3355114390704212,307.66834841505187
2022-09-05,2022,248,0.1,3.6526085768501164,-3.5526085768501163,315.5709481103731,3.4138755157548175,-3.3138755157548174,310.9822239308067
2022-09-06,2022,249,1,1.6630761680751578,-0.6630761680751578,316.23402427844826,2.159113446878925,-1.159113446878925,312.1413373776856
2022-09-07,2022,250,44.8,2.234607368602491,42.56539263139751,273.66863164705074,2.3601067947022023,42.43989320529779,269.7014441723878
2022-09-08,2022,251,1.5,3.121242478695446,-1.621242478695446,275.28987412574617,3.0406700664748936,-1.5406700664748936,271.2421142388627
2022-09-09,2022,252,2.4,2.482576289559733,-0.08257628955973306,275.3724504153059,2.5322604745926425,-0.13226047459264256,271.3743747134554
2022-09-10,2022,253,0.1,2.377445196271635,-2.277445196271635,277.6498956115775,2.362645889720918,-2.262645889720918,273.6370206031763
2022-09-11,2022,254,0,3.2694861661395245,-3.2694861661395245,280.91938177771704,3.0640119837990203,-3.0640119837990203,276.7010325869754
2022-09-12,2022,255,0,3.083426454944718,-3.083426454944718,284.0028082326618,2.8351467186375774,-2.8351467186375774,279.53617930561296
2022-09-13,2022,256,0,2.897466545298818,-2.897466545298818,286.9002747779606,2.7495282772111826,-2.7495282772111826,282.28570758282416
2022-09-14,2022,257,5.9,1.6563275387800211,4.24367246121998,282.6566023167406,2.2722351287069804,3.62776487129302,278.6579427115311
2022-09-15,2022,258,46.2,0.5474434385184043,45.652556561481596,237.004045755259,0.9995120170754286,45.20048798292457,233.45745472860654
2022-09-16,2022,259,0.6,1.3006584223873479,-0.7006584223873479,237.70470417764633,1.7181697523185464,-1.1181697523185465,234.5756244809251
2022-09-17,2022,260,0.2,1.8953004088015943,-1.6953004088015944,239.40000458644792,1.8898064980446243,-1.6898064980446243,236.2654309789697
2022-09-18,2022,261,0,2.530684812201518,-2.530684812201518,241.93068939864943,2.2434054350104407,-2.2434054350104407,238.50883641398013
2022-09-19,2022,262,0,2.623029956771868,-2.623029956771868,244.5537193554213,2.5502913891665857,-2.5502913891665857,241.0591278031467
2022-09-20,2022,263,0,2.3203416826093526,-2.3203416826093526,246.87406103803065,2.4123398179411693,-2.4123398179411693,243.47146762108787
2022-09-21,2022,264,0,2.0628228977183327,-2.0628228977183327,248.93688393574897,2.5082140273311935,-2.5082140273311935,245.97968164841907
2022-09-22,2022,265,0,2.2213022321785925,-2.2213022321785925,251.15818616792757,2.032463788486332,-2.032463788486332,248.0121454369054
2022-09-23,2022,266,2.9,2.0515065338455885,0.8484934661544115,250.30969270177314,1.9091073297273187,0.9908926702726812,247.02125276663273
2022-09-24,2022,267,7.7,0.9851920172167048,6.714807982783295,243.59488471898985,1.088438271874493,6.6115617281255075,240.40969103850722
2022-09-25,2022,268,8.2,0.6242693457125494,7.57573065428745,236.0191540647024,0.9312193297399711,7.268780670260028,233.1409103682472
2022-09-26,2022,269,5.6,1.3181084963145804,4.2818915036854195,231.737262561017,1.553954145532214,4.046045854467786,229.0948645137794
2022-09-27,2022,270,7.2,1.0616261923391885,6.138373807660812,225.5988887533562,1.6234377125824375,5.576562287417563,223.51830222636184
2022-09-28,2022,271,35.8,0.4901037244334569,35.30989627556654,190.28899247778966,0.6951392940232399,35.104860705976755,188.41344152038508
2022-09-29,2022,272,8.1,0.9913313563633622,7.108668643636637,183.18032383415303,0.8594819575946985,7.240518042405301,181.17292347797977
2022-09-30,2022,273,0,0.9879834807631159,-0.9879834807631159,184.16830731491615,1.0277677798743037,-1.0277677798743037,182.20069125785406
2022-10-01,2022,274,5.3,0.428422157871972,4.871577842128028,179.29672947278812,0.7582897708320453,4.541710229167954,177.6589810286861
2022-10-02,2022,275,2.8,1.7647946707900168,1.035205329209983,178.26152414357813,1.488438756798649,1.3115612432013508,176.34741978548476
2022-10-03,2022,276,0,2.502057567880888,-2.502057567880888,180.763581711459,1.4873271443027185,-1.4873271443027185,177.83474692978749
2022-10-04,2022,277,0,1.86414275158217,-1.86414275158217,182.62772446304118,1.5764443380424042,-1.5764443380424042,179.41119126782988
2022-10-05,2022,278,0,1.749001149119227,-1.749001149119227,184.3767256121604,1.8843293907845757,-1.8843293907845757,181.29552065861446
2022-10-06,2022,279,0,1.7638324428246215,-1.7638324428246215,186.14055805498504,1.779562297811579,-1.779562297811579,183.07508295642603
2022-10-07,2022,280,0,1.7294991789707586,-1.7294991789707586,187.8700572339558,1.3652770420249178,-1.3652770420249178,184.44035999845096
2022-10-08,2022,281,4,0.32089391179970367,3.6791060882002964,184.19095114575552,0.8662418820327829,3.133758117967217,181.30660188048375
2022-10-09,2022,282,0,1.4455301312784206,-1.4455301312784206,185.63648127703394,1.1763297894453668,-1.1763297894453668,182.48293166992912
2022-10-10,2022,283,0,1.799346829379661,-1.799346829379661,187.4358281064136,1.4186460477747802,-1.4186460477747802,183.9015777177039
2022-10-11,2022,284,0,1.0139630819227483,-1.0139630819227483,188.44979118833635,1.319070754065117,-1.319070754065117,185.220648471769
2022-10-12,2022,285,0,0.7256062402354069,-0.7256062402354069,189.17539742857176,0.9263102978840556,-0.9263102978840556,186.14695876965305
2022-10-13,2022,286,5.3,0.6373952094330427,4.662604790566957,184.5127926380048,0.893130825990441,4.406869174009559,181.7400895956435
2022-10-14,2022,287,2.5,0.8162242097799671,1.6837757902200328,182.82901684778477,0.9009281362342022,1.599071863765798,180.1410177318777
2022-10-15,2022,288,0,1.3760425137721282,-1.3760425137721282,184.2050593615569,1.8440438830463197,-1.8440438830463197,181.985061614924
2022-10-16,2022,289,0,1.2847008068995087,-1.2847008068995087,185.4897601684564,1.565780594243323,-1.565780594243323,183.55084220916734
2022-10-17,2022,290,0,1.1309080131951896,-1.1309080131951896,186.62066818165158,1.3408941683267461,-1.3408941683267461,184.89173637749408
2022-10-18,2022,291,0,1.3937459892288084,-1.3937459892288084,188.0144141708804,1.3810814043559942,-1.3810814043559942,186.27281778185008
2022-10-19,2022,292,0,1.1939770193167902,-1.1939770193167902,189.20839119019718,0.9249994825888415,-0.9249994825888415,187.19781726443892
2022-10-20,2022,293,1.9,0.6242196921106469,1.275780307889353,187.9326108823078,0.7708686812552749,1.129131318744725,186.0686859456942
2022-10-21,2022,294,27.5,0.44859388926135835,27.051406110738643,160.88120477156917,0.7078539909345898,26.79214600906541,159.27653993662878
2022-10-22,2022,295,0.1,1.4122224939615249,-1.3122224939615248,162.1934272655307,1.0995669429649926,-0.9995669429649926,160.27610687959378
2022-10-23,2022,296,11.8,0.9813289402117111,10.81867105978829,151.3747562057424,0.976835389424394,10.823164610575606,149.45294226901817
2022-10-24,2022,297,15.4,-0.3049730867841232,15.704973086784124,135.66978311895826,0.5681474583780317,14.831852541621968,134.6210897273962
2022-10-25,2022,298,3,1.1738891028796627,1.8261108971203373,133.84367222183792,0.7995030141727612,2.2004969858272387,132.42059274156895
2022-10-26,2022,299,0.2,1.1755931494642677,-0.9755931494642678,134.81926537130218,0.9728746056813963,-0.7728746056813962,133.19346734725036
2022-10-27,2022,300,0,0.9139694022346784,-0.9139694022346784,135.73323477353685,0.9211256628729291,-0.9211256628729291,134.1145930101233
2022-10-28,2022,301,0,0.8679536306484624,-0.8679536306484624,136.6011884041853,1.002827928483135,-1.002827928483135,135.11742093860641
2022-10-29,2022,302,0,0.46690498314422085,-0.46690498314422085,137.06809338732953,0.86115395902569,-0.86115395902569,135.97857489763211
2022-10-30,2022,303,0,0.46881639798639463,-0.46881639798639463,137.5369097853159,0.8136867457814309,-0.8136867457814309,136.79226164341355
2022-10-31,2022,304,2.1,0.6301637961565479,1.4698362038434523,136.06707358147247,0.7609047521824612,1.3390952478175389,135.453166395596
2022-11-01,2022,305,0.6,0.3228224990940585,0.27717750090594145,135.78989608056654,0.6703162984422665,-0.0703162984422665,135.52348269403828
2022-11-02,2022,306,0,0.13446286225722837,-0.13446286225722837,135.92435894282377,0.6231938937505164,-0.6231938937505164,136.1466765877888
2022-11-03,2022,307,15.5,0.15668592288327773,15.343314077116723,120.58104486570704,0.5052988633087171,14.994701136691283,121.15197545109751
2022-11-04,2022,308,3.3,0.21365507660899627,3.0863449233910036,117.49469994231603,0.6115005561345281,2.6884994438654717,118.46347600723205
2022-11-05,2022,309,0.1,0.19083157643824986,-0.09083157643824985,117.58553151875428,0.5451298137664295,-0.44512981376642957,118.90860582099847
2022-11-06,2022,310,0.2,0.5016107986076557,-0.30161079860765566,117.88714231736193,0.4220511802802019,-0.22205118028020188,119.13065700127868
2022-11-07,2022,311,0,0.3069664104744354,-0.3069664104744354,118.19410872783637,0.6618385970548516,-0.6618385970548516,119.79249559833353
2022-11-08,2022,312,2.5,0.1756307634143276,2.3243692365856723,115.8697394912507,0.5629993500532412,1.937000649946759,117.85549494838678
2022-11-09,2022,313,6.9,0.22769643161747422,6.672303568382526,109.19743592286817,0.5148003183397056,6.3851996816602945,111.47029526672648
2022-11-10,2022,314,0,0.45086571296927375,-0.45086571296927375,109.64830163583744,0.4327517034701629,-0.4327517034701629,111.90304697019664
2022-11-11,2022,315,0.2,0.6511085862714038,-0.45110858627140377,110.09941022210884,0.39124182273101576,-0.19124182273101575,112.09428879292766
2022-11-12,2022,316,0.1,0.5498652430901649,-0.44986524309016496,110.549275465199,0.33952446638198247,-0.23952446638198246,112.33381325930964
2022-11-13,2022,317,0,0.32652889516220124,-0.32652889516220124,110.8758043603612,0.3733924007375751,-0.3733924007375751,112.70720566004721
2022-11-14,2022,318,0.2,-0.15662686244126012,0.35662686244126013,110.51917749791994,0.41180378930475925,-0.21180378930475924,112.91900944935196
2022-11-15,2022,319,7.4,0.2796907288795322,7.120309271120468,103.39886822679948,0.3986430390319049,7.001356960968096,105.91765248838387
2022-11-16,2022,320,1.6,0.3099146890295177,1.2900853109704824,102.108782915829,0.4602566144293719,1.1397433855706283,104.77790910281324
2022-11-17,2022,321,12.7,0.4529598524493548,12.247040147550644,89.86174276827835,0.6875924141324147,12.012407585867585,92.76550151694565
2022-11-18,2022,322,1.7,0.13961372900404234,1.5603862709959575,88.30135649728238,0.6154016265737026,1.0845983734262974,91.68090314351934
2022-11-19,2022,323,0,0.5216883419767023,-0.5216883419767023,88.82304483925908,0.36176205136554995,-0.36176205136554995,92.04266519488489
2022-11-20,2022,324,2.1,0.40633768419786703,1.6936623158021331,87.12938252345695,0.5730919400754556,1.5269080599245446,90.51575713496034
2022-11-21,2022,325,4.6,0.29263261136935687,4.3073673886306425,82.82201513482632,0.5442866018652461,4.0557133981347535,86.46004373682558
2022-11-22,2022,326,0.6,0.08369685304527141,0.5163031469547286,82.30571198787159,0.5502606998280883,0.04973930017191164,86.410304436653675
2022-11-23,2022,327,4.6,0.2608529058892679,4.339147094110732,77.96656489376086,0.26241948435791235,4.337580515642087,82.07272392101159
2022-11-24,2022,328,0.2,-0.24260348752299074,0.4426034875229907,77.52396140623787,0.4035773203676513,-0.2035773203676513,82.27630124137924
2022-11-25,2022,329,0.2,-0.08426926712248183,0.28426926712248185,77.23969213911539,0.39486274895617657,-0.19486274895617656,82.47116399033543
2022-11-26,2022,330,0,-0.21943743137980298,0.21943743137980298,77.02025470773559,0.1335372314245352,-0.1335372314245352,82.60470122175997
2022-11-27,2022,331,0,0.321954276837154,-0.321954276837154,77.34220898457275,0.21915433187323252,-0.21915433187323252,82.8238555536332
2022-11-28,2022,332,2.1,0.10855783537736047,1.9914421646226397,75.35076681995011,0.39793349810673745,1.7020665018932626,81.12178905173994
2022-11-29,2022,333,0.3,0.2137976708622506,0.08620232913774939,75.26456449081236,0.34519666646260244,-0.04519666646260245,81.16698571820254
2022-11-30,2022,334,0,-0.11088148202361137,0.11088148202361137,75.15368300878875,0.51622709002541,-0.51622709002541,81.68321280822795
2022-12-01,2022,335,0,0.06988114866290934,-0.06988114866290934,75.22356415745166,0.5273182182582282,-0.5273182182582282,82.21053102648618
2022-12-02,2022,336,0,-0.07514043464114763,0.07514043464114763,0,0.369180196914953,-0.369180196914953,0
2022-12-03,2022,337,0,-0.1395895276003749,0.1395895276003749,0,0.35733487482432263,-0.35733487482432263,0.35733487482432263
2022-12-04,2022,338,1,0.23561307587461214,0.7643869241253879,0,0.315154194323756,0.684845805676244,0
2022-12-05,2022,339,0,-0.3354464236057554,0.3354464236057554,0,0.2352407909875779,-0.2352407909875779,0.2352407909875779
2022-12-06,2022,340,0,0.2252315309367959,-0.2252315309367959,0.2252315309367959,0.021316246650595862,-0.021316246650595862,0.2565570376381738
2022-12-07,2022,341,0,0.14192044052695274,-0.14192044052695274,0.36715197146374867,0.31015277816913267,-0.31015277816913267,0.5667098158073065
2022-12-08,2022,342,5.2,0.07939431526219708,5.120605684737803,0,0.2567942731765676,4.943205726823432,0
2022-12-09,2022,343,8.6,0.3600190924385332,8.239980907561467,0,0.21565185121258565,8.384348148787414,0
2022-12-10,2022,344,2.5,0.1361265667283633,2.3638734332716367,0,0.2850196382718941,2.214980361728106,0
2022-12-11,2022,345,0,-0.02853811096773556,0.02853811096773556,0,0.014235129680524934,-0.014235129680524934,0.014235129680524934
2022-12-12,2022,346,0,0.2667996377416747,-0.2667996377416747,0.2667996377416747,0.1691944714587768,-0.1691944714587768,0.18342960113930173
2022-12-13,2022,347,1.3,0.23750350439692586,1.0624964956030742,0,0.2367432185944155,1.0632567814055847,0
2022-12-14,2022,348,1.4,0.36120731813070456,1.0387926818692954,0,0.2289016994627182,1.1710983005372817,0
2022-12-15,2022,349,10.4,0.17051066129307668,10.229489338706923,0,0.2269854119722536,10.173014588027748,0
2022-12-16,2022,350,0.5,0.06962552782760123,0.43037447217239877,0,0.2970042842807572,0.2029957157192428,0
2022-12-17,2022,351,0,0.1843393516294703,-0.1843393516294703,0.1843393516294703,0.3496404390913618,-0.3496404390913618,0.3496404390913618
2022-12-18,2022,352,0,0.26241363821538705,-0.26241363821538705,0.44675298984485734,0.24955005363528296,-0.24955005363528296,0.5991904927266447
2022-12-19,2022,353,0,-0.10123350624799861,0.10123350624799861,0.34551948359685875,0.13009404278944187,-0.13009404278944187,0.7292845355160866
2022-12-20,2022,354,1.9,0.11923735903847675,1.7807626409615231,0,0.18396264715462504,1.716037352845375,0
2022-12-21,2022,355,0.7,0.08308868906025288,0.616911310939747,0,0.36384025043590135,0.3361597495640986,0
2022-12-22,2022,356,2,0.1846323115841334,1.8153676884158667,0,0.9725699814395274,1.0274300185604726,0
2022-12-23,2022,357,31.6,0.06919087038772594,31.530809129612276,0,0.7226545642030334,30.87734543579697,0
2022-12-24,2022,358,7.3,0.1273165331885272,7.172683466811472,0,0.40996326818675816,6.890036731813241,0
2022-12-25,2022,359,0,0.11749950831280331,-0.11749950831280331,0.11749950831280331,0.3244267545982387,-0.3244267545982387,0.3244267545982387
2022-12-26,2022,360,9.4,-0.18485161745818254,9.584851617458183,0,0.5125194190165108,8.887480580983489,0
2022-12-27,2022,361,0,-0.12833711308010598,0.12833711308010598,0,0.23308392840363057,-0.23308392840363057,0.23308392840363057
2022-12-28,2022,362,0,-0.3278979840076564,0.3278979840076564,0,0.23727641407191824,-0.23727641407191824,0.4703603424755488
2022-12-29,2022,363,17.1,0.15133261108003895,16.94866738891996,0,0.6066753636672485,16.49332463633275,0
2022-12-30,2022,364,2.3,0.04416494814557302,2.255835051854427,0,0.3057533228906787,1.994246677109321,0
2022-12-31,2022,365,0,-0.3919290194151172,0.3919290194151172,0,0.1802287193996798,-0.1802287193996798,0.1802287193996798
2023-01-01,2023,1,0,-0.44788818622029847,0.44788818622029847,0,0.19273184384621025,-0.19273184384621025,0.37296056324589005
2023-01-02,2023,2,3.8,0.07516072863375102,3.724839271366249,0,0.3200778826014073,3.4799221173985924,0
2023-01-03,2023,3,1.5,0.05154051029989842,1.4484594897001015,0,0.3390220851821928,1.1609779148178072,0
2023-01-04,2023,4,1.3,0.3103542040255348,0.9896457959744652,0,0.4593636390865389,0.8406363609134612,0
2023-01-05,2023,5,0.2,0.04135584056669659,0.15864415943330343,0,0.2967484914351956,-0.0967484914351956,0.0967484914351956
2023-01-06,2023,6,0,0.22615311450033118,-0.22615311450033118,0.22615311450033118,0.3795752771670603,-0.3795752771670603,0.4763237686022559
2023-01-07,2023,7,0.5,-0.021405213887399435,0.5214052138873995,0,0.4756053020905319,0.024394697909468077,0.4519290706927878
2023-01-08,2023,8,19.9,0.11676308515224283,19.783236914847755,0,0.386068492207192,19.513931507792808,0
2023-01-09,2023,9,7.1,-0.06460236970727072,7.1646023697072705,0,0.6740388056260038,6.425961194373996,0
2023-01-10,2023,10,0,0.27337373419896926,-0.27337373419896926,0.27337373419896926,0.46954584145243694,-0.46954584145243694,0.46954584145243694
2023-01-11,2023,11,6.1,-0.24388854137552898,6.343888541375529,0,0.5382834109447617,5.561716589055238,0
2023-01-12,2023,12,1.2,-0.4830559449153072,1.683055944915307,0,0.9450276370143652,0.25497236298563475,0
2023-01-13,2023,13,4.1,-0.06254886856475676,4.162548868564756,0,0.9471931634859092,3.1528068365140904,0
2023-01-14,2023,14,0.5,-0.026002423939065593,0.5260024239390656,0,0.7639223357639588,-0.26392233576395885,0.26392233576395885
2023-01-15,2023,15,12,-0.6050722149300138,12.605072214930013,0,0.8356718702683948,11.164328129731604,0
2023-01-16,2023,16,0.2,-0.3092036342541444,0.5092036342541444,0,0.6389009577571984,-0.43890095775719834,0.43890095775719834
2023-01-17,2023,17,6.6,-0.2567865681039318,6.8567865681039315,0,0.3663532415258989,6.233646758474101,0
2023-01-18,2023,18,3.4,-0.11462297126435708,3.514622971264357,0,0.2997401412884438,3.100259858711556,0
2023-01-19,2023,19,0,-0.15431693032558658,0.15431693032558658,0,0.14600362476503095,-0.14600362476503095,0.14600362476503095
2023-01-20,2023,20,0,-0.095656658772754255,0.095656658772754255,0,0.2517025540199057,-0.2517025540199057,0.39770617878493664
2023-01-21,2023,21,0,0.26091611926641245,-0.26091611926641245,0.26091611926641245,0.3027199241627462,-0.3027199241627462,0.7004261029476828
2023-01-22,2023,22,0,0.1198806325451407,-0.1198806325451407,0.38079675181155315,0.47404576565764195,-0.47404576565764195,1.1744718686053248
2023-01-23,2023,23,0,-0.01840125574723898,0.01840125574723898,0.36239549606431415,0.6200486861717402,-0.6200486861717402,1.794520554777065
2023-01-24,2023,24,0,0.35459672884993293,-0.35459672884993293,0.7169922249142471,0.62902666140254615,-0.62902666140254615,2.423547216179611
2023-01-25,2023,25,0,0.11810460496663915,-0.11810460496663915,0.8350968298808862,0.5307040075732908,-0.5307040075732908,2.954251223752902
2023-01-26,2023,26,0,0.04592572466887851,-0.04592572466887851,0.8810225545497647,0.495659395895269,-0.495659395895269,3.449910619648171
2023-01-27,2023,27,0,0.07000780418984699,-0.07000780418984699,0.9510303587396117,0.6383311622119923,-0.6383311622119923,4.088241781860163
2023-01-28,2023,28,0,0.018247757013742757,-0.018247757013742757,0.9692781157533544,0.7041933157806094,-0.7041933157806094,4.792435097640773
2023-01-29,2023,29,0,0.057007409998933126,-0.057007409998933126,1.0262855257522876,0.5009656612519172,-0.5009656612519172,5.29340075889269
2023-01-30,2023,30,0,0.3676931024887719,-0.3676931024887719,1.3939786282410596,0.4493042823946313,-0.4493042823946313,5.742705041287321
2023-01-31,2023,31,0,0.6323995990133021,-0.6323995990133021,2.026378227254362,0.4152220927754444,-0.4152220927754444,6.157927134062765
2023-02-01,2023,32,0,0.3204009584920401,-0.3204009584920401,2.346779185746402,0.7187309034430984,-0.7187309034430984,6.876658037505864
2023-02-02,2023,33,0,0.535495164263637,-0.535495164263637,2.882274350010039,0.8452554990969477,-0.8452554990969477,7.721913536602812
2023-02-03,2023,34,0,0.5729182668937826,-0.5729182668937826,3.4551926169038216,0.6955335016421863,-0.6955335016421863,8.417447038244998
2023-02-04,2023,35,0,0.0529301505345537,-0.0529301505345537,3.5081227674383753,0.6156523773256205,-0.6156523773256205,9.033099415570618
2023-02-05,2023,36,2.4,-0.050695634657260985,2.450695634657261,1.0574271327811142,0.4075511013447482,1.9924488986552518,7.040650516915366
2023-02-06,2023,37,0,-0.09347644453441385,0.09347644453441385,0.9639506882467004,0.6680852237333998,-0.6680852237333998,7.708735740648766
2023-02-07,2023,38,0,0.10946369426415677,-0.10946369426415677,1.073414382510857,0.7606126272831297,-0.7606126272831297,8.469348367931897
2023-02-08,2023,39,0,-0.057495799105113654,0.057495799105113654,1.0159185834057434,0.5395645304246125,-0.5395645304246125,9.00891289835651
2023-02-09,2023,40,0,0.1874686759606025,-0.1874686759606025,1.203387259366346,0.4344277907979823,-0.4344277907979823,9.443340689154493
2023-02-10,2023,41,0,0.2287859519082207,-0.2287859519082207,1.4321732112745666,0.5396519518560594,-0.5396519518560594,9.982992641010553
2023-02-11,2023,42,0,0.43060235555337406,-0.43060235555337406,1.8627755668279407,0.569862466885015,-0.569862466885015,10.552855107895567
2023-02-12,2023,43,0,0.4875390023120092,-0.4875390023120092,2.35031456913995,0.6591340338345791,-0.6591340338345791,11.211989141730147
2023-02-13,2023,44,0,0.43969924665411664,-0.43969924665411664,2.7900138157940666,0.5629692071647281,-0.5629692071647281,11.774958348894875
2023-02-14,2023,45,0,0.5283208942698148,-0.5283208942698148,3.3183347100638816,0.6537313837482918,-0.6537313837482918,12.428689732643168
2023-02-15,2023,46,0,0.5900530105518844,-0.5900530105518844,3.908387720615766,0.7569172421391578,-0.7569172421391578,13.185606974782326
2023-02-16,2023,47,0,0.8124042839934258,-0.8124042839934258,4.720792004609192,0.9226749453570485,-0.9226749453570485,14.108281920139374
2023-02-17,2023,48,0,0.7986055845658372,-0.7986055845658372,5.519397589175028,1.340385440416022,-1.340385440416022,15.448667360555396
2023-02-18,2023,49,0,0.8902986738511599,-0.8902986738511599,6.409696263026189,1.1110724421663278,-1.1110724421663278,16.559739802721722
2023-02-19,2023,50,0,1.0296753601210205,-1.0296753601210205,7.439371623147209,1.1311624792148918,-1.1311624792148918,17.690902281936616
2023-02-20,2023,51,0,0.9035610542436553,-0.9035610542436553,8.342932677390865,0.9866439343774315,-0.9866439343774315,18.67754621631405
2023-02-21,2023,52,0,0.8181490034922194,-0.8181490034922194,9.161081680883084,1.040052770248801,-1.040052770248801,19.717598986562848
2023-02-22,2023,53,0.7,0.9944974783623802,-0.29449747836238027,9.455579159245465,0.951232343148037,-0.251232343148037,19.968831329710884
2023-02-23,2023,54,0,1.232993116898295,-1.232993116898295,10.68857227614376,1.0338810135402678,-1.0338810135402678,21.00271234325115
2023-02-24,2023,55,6.8,1.4462329425051483,5.353767057494851,5.334805218648908,1.1610013500815537,5.638998649918446,15.363713693332706
2023-02-25,2023,56,0,0.9115135092493286,-0.9115135092493286,6.246318727898236,1.1511142191402477,-1.1511142191402477,16.514827912472953
2023-02-26,2023,57,0,0.6886195543598512,-0.6886195543598512,6.934938282258088,1.57606125589248,-1.57606125589248,18.090889168365432
2023-02-27,2023,58,0,0.06177220551447099,-0.06177220551447099,6.9967104877725586,1.0369159799930179,-1.0369159799930179,19.12780514835845
2023-02-28,2023,59,0,0.7697185888965103,-0.7697185888965103,7.766429076669069,0.9777300097385683,-0.9777300097385683,20.10553515809702
2023-03-01,2023,60,0,0.141835350310982,-0.141835350310982,7.908264426980051,0.7640584917744985,-0.7640584917744985,20.86959364987152
2023-03-02,2023,61,0,0.9417640091910924,-0.9417640091910924,8.850028436171144,0.9967037235073093,-0.9967037235073093,21.866297373378828
2023-03-03,2023,62,0,0.6329857350667144,-0.6329857350667144,9.483014171237858,0.7997697479209059,-0.7997697479209059,22.666067121299733
2023-03-04,2023,63,0,1.2267964965631837,-1.2267964965631837,10.709810667801042,1.4437630312468634,-1.4437630312468634,24.109830152546596
2023-03-05,2023,64,0,0.8022322482849978,-0.8022322482849978,11.51204291608604,1.0818096495027556,-1.0818096495027556,25.19163980204935
2023-03-06,2023,65,0,1.0177235385661307,-1.0177235385661307,12.52976645465217,1.1599546997987098,-1.1599546997987098,26.351594501848062
2023-03-07,2023,66,0,1.3850315274103062,-1.3850315274103062,13.914797982062478,1.4774551207355642,-1.4774551207355642,27.829049622583625
2023-03-08,2023,67,7.8,0.5991310118067619,7.200868988193238,6.7139289938692395,1.283260312635133,6.516739687364867,21.312309935218757
2023-03-09,2023,68,3.8,1.2648682881252609,2.535131711874739,4.1787972819945,3.144498887902388,0.6555011120976117,20.656808823121146
2023-03-10,2023,69,17.2,0.41475338662016764,16.785246613379833,0,1.4305640160924475,15.769435983907552,4.887372839213594
2023-03-11,2023,70,4.4,0.7877029757495908,3.6122970242504095,0,0.6195214243436931,3.780478575656307,1.1068942635572867
2023-03-12,2023,71,2.3,1.207702922959885,1.0922970770401148,0,1.350443157978135,0.9495568420218647,0.15733742153542196
2023-03-13,2023,72,19.8,2.2758497989189284,17.52415020108107,0,2.640485747599029,17.15951425240097,0
2023-03-14,2023,73,11.7,0.390724756037256,11.309275243962743,0,1.0572654037538134,10.642734596246186,0
2023-03-15,2023,74,0,1.595441600184044,-1.595441600184044,1.595441600184044,1.5592475950813227,-1.5592475950813227,1.5592475950813227
2023-03-16,2023,75,0,1.624255095313747,-1.624255095313747,3.219696695497791,1.5635119485131583,-1.5635119485131583,3.122759543594481
2023-03-17,2023,76,0,1.4334839368773866,-1.4334839368773866,4.653180632375177,1.6628635666038434,-1.6628635666038434,4.785623110198324
2023-03-18,2023,77,0,2.1640051893962644,-2.1640051893962644,6.817185821771441,1.9553617396836915,-1.9553617396836915,6.740984849882016
2023-03-19,2023,78,1.6,0.8753112835134895,0.7246887164865106,6.092497105284931,1.3055056809759114,0.29449431902408874,6.446490530857927
2023-03-20,2023,79,0,1.769977488174729,-1.769977488174729,7.86247459345966,1.6222281185780678,-1.6222281185780678,8.068718649435995
2023-03-21,2023,80,0,1.8289865815360915,-1.8289865815360915,9.691461174995752,1.7480271136278218,-1.7480271136278218,9.816745763063818
2023-03-22,2023,81,0,2.3173079537072603,-2.3173079537072603,12.008769128703012,2.441294439105392,-2.441294439105392,12.258040202169209
2023-03-23,2023,82,1.3,1.331355637785262,-0.03135563778526196,12.040124766488274,2.10647777347842,-0.8064777734784199,13.064517975647629
2023-03-24,2023,83,7.6,0.3366855818890882,7.2633144181109115,4.776810348377363,1.037895076381041,6.562104923618959,6.50241305202867
2023-03-25,2023,84,4.3,0.8731089679329108,3.426891032067089,1.3499193163102738,1.633140244720616,2.6668597552793836,3.8355532967492865
2023-03-26,2023,85,10,1.1304798916813574,8.869520108318643,0,1.330802964915461,8.669197035084538,0
2023-03-27,2023,86,0.5,0.607614800376992,-0.107614800376992,0.107614800376992,1.051161710403396,-0.5511617104033959,0.5511617104033959
2023-03-28,2023,87,0,2.385729855009391,-2.385729855009391,2.493344655386383,1.877208481090777,-1.877208481090777,2.4283701914941727
2023-03-29,2023,88,0,1.8045259611951376,-1.8045259611951376,4.297870616581521,2.510556205187227,-2.510556205187227,4.938926396681399
2023-03-30,2023,89,3.4,0.9996492199974699,2.40035078000253,1.8975198365789905,1.9943172209784081,1.4056827790215918,3.5332436176598074
2023-03-31,2023,90,6.6,1.881380769619255,4.718619230380744,0,2.549808451096672,4.050191548903328,0
2023-04-01,2023,91,2.8,1.4682726524631238,1.331727347536876,0,1.8407514386163903,0.9592485613836095,0
2023-04-02,2023,92,6,2.641158368234794,3.358841631765206,0,1.803772338095011,4.196227661904989,0
2023-04-03,2023,93,0,1.6008448911460194,-1.6008448911460194,1.6008448911460194,1.5787686829661798,-1.5787686829661798,1.5787686829661798
2023-04-04,2023,94,0,2.2028840763893185,-2.2028840763893185,3.8037289675353376,2.522016415793266,-2.522016415793266,4.100785098759445
2023-04-05,2023,95,0,2.3083293665213174,-2.3083293665213174,6.112058334056655,2.4386956393842283,-2.4386956393842283,6.5394807381436735
2023-04-06,2023,96,0,2.3698217742527943,-2.3698217742527943,8.48188010830945,2.269533364470107,-2.269533364470107,8.80901410261378
2023-04-07,2023,97,9.8,0.9705978398755257,8.829402160124475,0,1.1457931477732761,8.654206852226725,0.154807250387055
2023-04-08,2023,98,0,2.5456200125473303,-2.5456200125473303,2.5456200125473303,2.161990714515669,-2.161990714515669,2.316797964902724
2023-04-09,2023,99,0,2.8596264034755765,-2.8596264034755765,5.405246416022907,2.531426816421911,-2.531426816421911,4.848224781324635
2023-04-10,2023,100,2.4,2.5332071159378335,-0.13320711593783363,5.538453531960741,2.378774059498742,0.021225940501258034,4.826998840823377
2023-04-11,2023,101,3.7,0.7545312402526356,2.9454687597473646,2.5929847722133763,1.3349870688718846,2.3650129311281156,2.461985909695261
2023-04-12,2023,102,8.5,1.0719590418742606,7.42804095812574,0,1.505359946706996,6.994640053293004,0
2023-04-13,2023,103,2.3,1.3015042313451743,0.9984957686548255,0,1.6287972421500734,0.6712027578499264,0
2023-04-14,2023,104,2.2,2.5559794787270533,-0.35597947872705316,0.35597947872705316,2.3510669658005083,-0.15106696580050816,0.15106696580050816
2023-04-15,2023,105,10.8,1.0576437641308503,9.742356235869151,0,1.1235758603629664,9.676424139637035,0
2023-04-16,2023,106,2,0.40574063845476604,1.5942593615452338,0,0.7434299339001685,1.2565700660998314,0
2023-04-17,2023,107,0.1,2.24572691527051,-2.14572691527051,2.14572691527051,2.0639398521266905,-1.9639398521266904,1.9639398521266904
2023-04-18,2023,108,0,3.3142116419780825,-3.3142116419780825,5.459938557248592,2.8918279332417645,-2.8918279332417645,4.855767785368455
2023-04-19,2023,109,0,2.557495241688568,-2.557495241688568,8.01743379893716,2.349813441353977,-2.349813441353977,7.2055812267224315
2023-04-20,2023,110,0.9,0.3941380676288387,0.5058619323711613,7.511571866565999,0.791259344724578,0.10874065527542198,7.096840571447009
2023-04-21,2023,111,0.1,1.403353665211549,-1.303353665211549,8.814925531777549,1.3478581108349394,-1.2478581108349394,8.344698682281948
2023-04-22,2023,112,0.8,1.9624303560153469,-1.1624303560153468,9.977355887792896,1.8590526768235243,-1.0590526768235242,9.403751359105472
2023-04-23,2023,113,3,2.9787481730238445,0.021251826976155463,9.956104060816742,2.633317992636568,0.36668200736343204,9.03706935174204
2023-04-24,2023,114,0.6,3.284861974894439,-2.684861974894439,12.64096603571118,3.0834984952992572,-2.483498495299257,11.520567847041297
2023-04-25,2023,115,3.3,2.0173557544213847,1.2826442455786151,11.358321790132566,1.8761313939860873,1.4238686060139125,10.096699241027384
2023-04-26,2023,116,0.2,3.7765714143650793,-3.576571414365079,14.934893204497644,2.972234369105102,-2.7722343691051017,12.868933610132485
2023-04-27,2023,117,0.4,4.206460597543694,-3.8064605975436945,18.74135380204134,3.5438825553543483,-3.1438825553543484,16.012816165486832
2023-04-28,2023,118,13.3,1.7231288938589797,11.57687110614102,7.164482695900318,2.0476756489857033,11.252324351014298,4.760491814472534
2023-04-29,2023,119,0.8,3.4977122127337283,-2.6977122127337285,9.862194908634047,3.0371258204464557,-2.2371258204464555,6.997617634918989
2023-04-30,2023,120,11.2,1.8977970494988254,9.302202950501174,0.5599919581328727,1.93352831997775,9.26647168002225,0
2023-05-01,2023,121,9.5,0.8752087637602174,8.624791236239783,0,1.1088312310245012,8.391168768975499,0
2023-05-02,2023,122,0,3.8840381900225855,-3.8840381900225855,3.8840381900225855,3.1953878117366012,-3.1953878117366012,3.1953878117366012
2023-05-03,2023,123,0,4.250943655133548,-4.250943655133548,8.134981845156133,3.6715089858238863,-3.6715089858238863,6.8668967975604875
2023-05-04,2023,124,0,4.686816248615538,-4.686816248615538,12.821798093771672,4.100668915633366,-4.100668915633366,10.967565713193853
2023-05-05,2023,125,3.6,4.132784952173506,-0.5327849521735062,13.354583045945178,3.6977612369370116,-0.09776123693701155,11.065326950130864
2023-05-06,2023,126,0,4.216452166311587,-4.216452166311587,17.571035212256767,3.5851174628742926,-3.5851174628742926,14.650444413005156
2023-05-07,2023,127,21.3,2.3124836195086838,18.987516380491318,0,2.243154438635679,19.056845561364323,0
2023-05-08,2023,128,10.4,2.5869854933876013,7.813014506612399,0,2.1228276130142487,8.277172386985752,0
2023-05-09,2023,129,15,2.903428698545811,12.096571301454189,0,2.276797898620974,12.723202101379027,0
2023-05-10,2023,130,0.4,2.355032661455346,-1.9550326614553462,1.9550326614553462,2.3439598310280845,-1.9439598310280846,1.9439598310280846
2023-05-11,2023,131,3.3,2.291032926772548,1.0089670732274518,0.9460655882278943,1.9374205800280675,1.3625794199719323,0.5813804110561522
2023-05-12,2023,132,0,2.655743560609223,-2.655743560609223,3.601809148837117,2.386423412613802,-2.386423412613802,2.9678038236699544
2023-05-13,2023,133,1.5,2.070683157819086,-0.5706831578190861,4.172492306656203,2.0162250279907052,-0.5162250279907052,3.4840288516606597
2023-05-14,2023,134,2.1,2.75576307101817,-0.6557630710181699,4.828255377674372,2.356443509815907,-0.2564435098159068,3.7404723614765665
2023-05-15,2023,135,4.6,2.407409633613033,2.1925903663869666,2.6356650112874056,2.0983426298588257,2.501657370141174,1.2388149913353925
2023-05-16,2023,136,3.4,1.0166942238262202,2.3833057761737795,0.2523592351136261,1.1166249138991802,2.2833750861008197,0
2023-05-17,2023,137,0,3.059695175140652,-3.059695175140652,3.312054410254278,2.9284011384775073,-2.9284011384775073,2.9284011384775073
2023-05-18,2023,138,0,2.789770879158692,-2.789770879158692,6.10182528941297,2.6906070655027374,-2.6906070655027374,5.619008203980245
2023-05-19,2023,139,0,4.384575129575808,-4.384575129575808,10.486400418988778,3.340562992590216,-3.340562992590216,8.959571196570462
2023-05-20,2023,140,0,1.3724555797901956,-1.3724555797901956,11.858855998778973,1.741106355179785,-1.741106355179785,10.700677551750246
2023-05-21,2023,141,9.8,5.5880443870104015,4.211955612989599,7.646900385789373,4.314334581699281,5.485665418300719,5.215012133449527
2023-05-22,2023,142,0,5.924123303164219,-5.924123303164219,13.571023688953591,4.836802512575586,-4.836802512575586,10.051814646025113
2023-05-23,2023,143,0,2.8793230230890665,-2.8793230230890665,16.45034671204266,3.1384348739855548,-3.1384348739855548,13.190249520010667
2023-05-24,2023,144,0.1,1.186953339183729,-1.086953339183729,17.53730005122639,1.6183955558583276,-1.5183955558583275,14.708645075868995
2023-05-25,2023,145,0,4.427951508169389,-4.427951508169389,21.965251559395778,3.4425449283930805,-3.4425449283930805,18.151190004262077
2023-05-26,2023,146,0,5.016088921789997,-5.016088921789997,26.981340481185775,4.471551730192919,-4.471551730192919,22.622741734454998
2023-05-27,2023,147,0,5.468800658632998,-5.468800658632998,32.450141139818776,5.255263461952895,-5.255263461952895,27.87800519640789
2023-05-28,2023,148,0,5.19014324119404,-5.19014324119404,37.64028438101282,5.292838137911913,-5.292838137911913,33.170843334319805
2023-05-29,2023,149,0,5.3336177178519675,-5.3336177178519675,42.973902098864784,5.899156873699378,-5.899156873699378,39.07000020801918
2023-05-30,2023,150,0,5.1314204171349385,-5.1314204171349385,48.105322515999724,5.75653434757156,-5.75653434757156,44.82653455559074
2023-05-31,2023,151,0,4.9561757849268915,-4.9561757849268915,53.061498300926615,4.95732342383737,-4.95732342383737,49.78385797942811
2023-06-01,2023,152,0.1,5.68301733982161,-5.583017339821611,58.644515640748224,5.161745736606884,-5.061745736606884,54.845603716035
2023-06-02,2023,153,0,5.7827526770292845,-5.7827526770292845,64.4272683177775,5.664676329093617,-5.664676329093617,60.51028004512862
2023-06-03,2023,154,0,5.45068796499403,-5.45068796499403,69.87795628277154,5.142548436219292,-5.142548436219292,65.65282848134791
2023-06-04,2023,155,0,5.234375022028495,-5.234375022028495,75.11233130480002,5.019274281172463,-5.019274281172463,70.67210276252037
2023-06-05,2023,156,0,5.5482879203388755,-5.5482879203388755,80.6606192251389,5.3342058220000155,-5.3342058220000155,76.00630858452038
2023-06-06,2023,157,0,5.605800231701952,-5.605800231701952,86.26641945684085,5.463901881756356,-5.463901881756356,81.47021046627674
2023-06-07,2023,158,0,5.879962402725784,-5.879962402725784,92.14638185956663,5.66868267732698,-5.66868267732698,87.13889314360372
2023-06-08,2023,159,0,5.615298426736725,-5.615298426736725,97.76168028630336,5.295708746260734,-5.295708746260734,92.43460188986445
2023-06-09,2023,160,0.1,5.675434036837257,-5.575434036837257,103.33711432314061,5.346181311355257,-5.246181311355257,97.68078320121971
2023-06-10,2023,161,0,4.798642627327596,-4.798642627327596,108.1357569504682,4.288254350453599,-4.288254350453599,101.96903755167331
2023-06-11,2023,162,0,6.1479108968803144,-6.1479108968803144,114.28366784734853,5.779964361085617,-5.779964361085617,107.74900191275893
2023-06-12,2023,163,0,5.811369247621146,-5.811369247621146,120.09503709496967,5.841653069827351,-5.841653069827351,113.59065498258627
2023-06-13,2023,164,0,5.371047650850451,-5.371047650850451,125.46608474582013,6.035813436852821,-6.035813436852821,119.62646841943909
2023-06-14,2023,165,0,5.685284171494606,-5.685284171494606,131.15136891731473,6.153514160492594,-6.153514160492594,125.77998257993168
2023-06-15,2023,166,0,5.645071297001042,-5.645071297001042,136.79644021431577,5.333498206874096,-5.333498206874096,131.11348078680578
2023-06-16,2023,167,0,4.2228830502503545,-4.2228830502503545,141.0193232645661,4.6185286896143145,-4.6185286896143145,135.7320094764201
2023-06-17,2023,168,0,5.335091593121931,-5.335091593121931,146.35441485768806,5.326390109112138,-5.326390109112138,141.05839958553224
2023-06-18,2023,169,0,4.913132151910285,-4.913132151910285,151.26754700959833,4.927359664214195,-4.927359664214195,145.98575924974645
2023-06-19,2023,170,7.5,5.142642985507351,2.3573570144926492,148.91018999510567,4.998294970369028,2.5017050296309717,143.48405422011547
2023-06-20,2023,171,0,5.627919381869473,-5.627919381869473,154.53810937697514,5.091532440580881,-5.091532440580881,148.57558666069636
2023-06-21,2023,172,3.3,4.273531434528831,-0.9735314345288311,155.51164081150398,4.221501637860232,-0.9215016378602323,149.4970882985566
2023-06-22,2023,173,5.3,1.145204276880398,4.1547957231196015,151.35684508838438,1.922843387948156,3.377156612051844,146.11993168650477
2023-06-23,2023,174,0,4.741999430331628,-4.741999430331628,156.098844518716,4.6334531990941885,-4.6334531990941885,150.75338488559896
2023-06-24,2023,175,0,5.980588360252876,-5.980588360252876,162.07943287896887,5.951616505948959,-5.951616505948959,156.7050013915479
2023-06-25,2023,176,0,6.330540743135323,-6.330540743135323,168.4099736221042,5.700327467111466,-5.700327467111466,162.40532885865937
2023-06-26,2023,177,0,6.15540333071034,-6.15540333071034,174.56537695281452,6.241640155044127,-6.241640155044127,168.6469690137035
2023-06-27,2023,178,0,4.91190001447969,-4.91190001447969,179.47727696729422,5.164611652497749,-5.164611652497749,173.81158066620125
2023-06-28,2023,179,0,4.831305153217634,-4.831305153217634,184.30858212051186,5.028404113678377,-5.028404113678377,178.83998477987961
2023-06-29,2023,180,7.2,4.3026854494851365,2.8973145505148636,181.411267569997,4.330145208846827,2.8698547911531733,175.97012998872646
2023-06-30,2023,181,2.9,1.7996645236156967,1.1003354763843032,180.31093209361268,1.8929612334262214,1.0070387665737786,174.96309122215268
2023-07-01,2023,182,0.3,4.0487191729947725,-3.7487191729947726,184.05965126660746,3.8429253544284845,-3.5429253544284847,178.50601657658117
2023-07-02,2023,183,0,4.1236595770644975,-4.1236595770644975,188.18331084367196,4.1864533030717315,-4.1864533030717315,182.69246987965292
2023-07-03,2023,184,0,5.23423336556552,-5.23423336556552,193.4175442092375,5.157933727319343,-5.157933727319343,187.85040360697226
2023-07-04,2023,185,0.7,5.96070101910625,-5.26070101910625,198.67824522834374,5.407635748940921,-4.707635748940921,192.5580393559132
2023-07-05,2023,186,6.2,3.1758114775470294,3.0241885224529708,195.65405670589078,3.0198391855208584,3.180160814479142,189.37787854143406
2023-07-06,2023,187,0,5.7424871610591435,-5.7424871610591435,201.3965438669499,5.159972762819929,-5.159972762819929,194.537851304254
2023-07-07,2023,188,12.5,5.874090658957685,6.625909341042315,194.7706345259076,5.801062408929018,6.698937591070982,187.83891371318302
2023-07-08,2023,189,2.1,4.851897382552328,-2.7518973825523276,197.52253190845994,4.5093450715224535,-2.4093450715224534,190.24825878470548
2023-07-09,2023,190,0,5.236264333275175,-5.236264333275175,202.75879624173513,5.388766086367635,-5.388766086367635,195.63702487107312
2023-07-10,2023,191,0.4,5.296263503173812,-4.896263503173811,207.65505974490893,5.040394071474872,-4.640394071474872,200.277418942548
2023-07-11,2023,192,14.5,6.400645181616506,8.099354818383494,199.55570492652544,6.154030735870234,8.345969264129767,191.93144967841823
2023-07-12,2023,193,20.6,2.3097043935727104,18.290295606427293,181.26540932009814,2.307911483709323,18.29208851629068,173.63936116212756
2023-07-13,2023,194,0.2,4.9161754074539745,-4.716175407453974,185.9815847275521,4.269158776911844,-4.069158776911844,177.7085199390394
2023-07-14,2023,195,0,5.789773932923378,-5.789773932923378,191.77135866047547,5.513617269812582,-5.513617269812582,183.222137208852
2023-07-15,2023,196,0.7,5.553616310240207,-4.853616310240207,196.62497497071567,5.551647261983819,-4.8516472619838185,188.07378447083582
2023-07-16,2023,197,0,4.975101861023952,-4.975101861023952,201.6000768317396,4.558959131120441,-4.558959131120441,192.63274360195626
2023-07-17,2023,198,0,3.9334951848737276,-3.9334951848737276,205.53357201661333,3.9153710366767904,-3.9153710366767904,196.54811463863305
2023-07-18,2023,199,1.9,4.096549263075041,-2.1965492630750414,207.73012127968838,4.004864598841284,-2.1048645988412837,198.65297923747434
2023-07-19,2023,200,0,4.832206531552429,-4.832206531552429,212.5623278112408,5.266517471770123,-5.266517471770123,203.91949670924447
2023-07-20,2023,201,2.8,5.586760688036544,-2.7867606880365443,215.34908849927734,5.179710345040486,-2.379710345040486,206.29920705428495
2023-07-21,2023,202,3.1,3.1690871980103408,-0.06908719801034069,215.4181756972877,2.862675060516234,0.23732493948376598,206.0618821148012
2023-07-22,2023,203,0,5.528961852463575,-5.528961852463575,220.94713754975126,5.295088244650974,-5.295088244650974,211.35697035945216
2023-07-23,2023,204,4.8,4.706601711297092,0.09339828870290745,220.85373926104836,5.481451347724957,-0.6814513477249573,212.03842170717712
2023-07-24,2023,205,6.5,2.824149876319335,3.675850123680665,217.17788913736769,2.9950108643602618,3.5049891356397382,208.5334325715374
2023-07-25,2023,206,10.6,3.701496488457737,6.898503511542263,210.27938562582543,3.2719594584858007,7.3280405415141985,201.20539203002318
2023-07-26,2023,207,0.6,3.155856544244825,-2.555856544244825,212.83524217007025,3.182682792527943,-2.582682792527943,203.78807482255112
2023-07-27,2023,208,0,4.94710972403058,-4.94710972403058,217.78235189410083,4.937693022300223,-4.937693022300223,208.72576784485136
2023-07-28,2023,209,4.8,3.3613335638050432,1.4386664361949566,216.34368545790588,3.8802351638433374,0.9197648361566624,207.8060030086947
2023-07-29,2023,210,4.5,3.0376461898794767,1.4623538101205233,214.88133164778534,3.0725228854657565,1.4274771145342435,206.37852589416045
2023-07-30,2023,211,0,4.902803773773748,-4.902803773773748,219.78413542155909,4.4746640532594295,-4.4746640532594295,210.85318994741988
2023-07-31,2023,212,0,5.166818682838427,-5.166818682838427,224.9509541043975,4.743898807079302,-4.743898807079302,215.59708875449917
2023-08-01,2023,213,8.8,1.7254349163812555,7.0745650836187455,217.87638902077876,2.437116167652653,6.362883832347348,209.23420492215183
2023-08-02,2023,214,4.9,4.281532752072819,0.6184672479271818,217.25792177285157,5.11587721225716,-0.21587721225715928,209.450082134409
2023-08-03,2023,215,0,4.804577309228688,-4.804577309228688,222.06249908208025,5.051329690020179,-5.051329690020179,214.50141182442917
2023-08-04,2023,216,0,3.460971788764902,-3.460971788764902,225.52347087084516,3.0203880452614573,-3.0203880452614573,217.52179986969062
2023-08-05,2023,217,2.2,4.302146538998,-2.1021465389979994,227.62561740984316,3.692892564277428,-1.4928925642774278,219.01469243396807
2023-08-06,2023,218,2.1,2.0156851705050527,0.0843148294949474,227.5413025803482,2.2225757188227693,-0.12257571882276919,219.13726815279082
2023-08-07,2023,219,0.2,2.572699141497861,-2.372699141497861,229.91400172184606,2.5412750942221534,-2.341275094222153,221.47854324701296
2023-08-08,2023,220,0,4.175661254751216,-4.175661254751216,234.08966297659728,3.574469274853955,-3.574469274853955,225.05301252186692
2023-08-09,2023,221,0,3.9531569651543483,-3.9531569651543483,238.04281994175162,4.000830795857928,-4.000830795857928,229.05384331772484
2023-08-10,2023,222,0,4.666129909220291,-4.666129909220291,242.70894985097192,4.314940548738701,-4.314940548738701,233.36878386646353
2023-08-11,2023,223,0,5.2886986680103245,-5.2886986680103245,247.99764851898223,4.823140659127313,-4.823140659127313,238.19192452559085
2023-08-12,2023,224,6,3.250299064175034,2.749700935824966,245.24794758315727,3.461017110588167,2.538982889411833,235.652941636179
2023-08-13,2023,225,0,4.284457351622061,-4.284457351622061,249.53240493477932,4.099541992961765,-4.099541992961765,239.75248362914078
2023-08-14,2023,226,0,4.546536157585754,-4.546536157585754,254.07894109236508,4.579415167436877,-4.579415167436877,244.33189879657766
2023-08-15,2023,227,0,5.098847205219144,-5.098847205219144,259.17778829758424,5.5288246908553855,-5.5288246908553855,249.86072348743303
2023-08-16,2023,228,0,4.999394390405496,-4.999394390405496,264.1771826879897,4.913944186896753,-4.913944186896753,254.77466767432978
2023-08-17,2023,229,0.1,3.531046447557969,-3.4310464475579687,267.6082291355477,4.045263202188852,-3.9452632021888516,258.7199308765186
2023-08-18,2023,230,0,4.630711878526851,-4.630711878526851,272.2389410140745,4.893878827726736,-4.893878827726736,263.61380970424534
2023-08-19,2023,231,0,4.238901305458512,-4.238901305458512,276.477842319533,4.650039957407355,-4.650039957407355,268.26384966165267
2023-08-20,2023,232,0,4.792542893605167,-4.792542893605167,281.2703852131382,4.923429122973934,-4.923429122973934,273.1872787846266
2023-08-21,2023,233,0,5.040855930472726,-5.040855930472726,286.3112411436109,5.169539456551284,-5.169539456551284,278.35681824117785
2023-08-22,2023,234,0,5.044030521265506,-5.044030521265506,291.3552716648764,5.095536255633798,-5.095536255633798,283.45235449681167
2023-08-23,2023,235,0,4.794648176649856,-4.794648176649856,296.14991984152624,5.186415451867059,-5.186415451867059,288.6387699486787
2023-08-24,2023,236,0.1,3.654381817270906,-3.554381817270906,299.70430165879714,4.713742893002388,-4.613742893002389,293.2525128416811
2023-08-25,2023,237,1.4,2.1185033234096236,-0.7185033234096236,300.42280498220674,3.045997289774226,-1.6459972897742259,294.89851013145534
2023-08-26,2023,238,24.2,1.2923474389918315,22.907652561008167,277.5151524211986,1.7207520440041568,22.47924795599584,272.4192621754595
2023-08-27,2023,239,14.2,1.057886917708706,13.142113082291294,264.3730393389073,1.3063804373467385,12.89361956265326,259.5256426128062
2023-08-28,2023,240,14.4,1.1057561878193858,13.294243812180614,251.07879552672668,1.1270219320162258,13.272978067983775,246.25266454482244
2023-08-29,2023,241,0.3,1.696940658320958,-1.396940658320958,252.47573618504765,1.56875276686801,-1.2687527668680099,247.52141731169044
2023-08-30,2023,242,0,3.3508522761856305,-3.3508522761856305,255.82658846123329,2.8555278796225947,-2.8555278796225947,250.37694519131304
2023-08-31,2023,243,0,2.2535117826526214,-2.2535117826526214,258.0801002438859,2.517185703981446,-2.517185703981446,252.8941308952945
2023-09-01,2023,244,0,3.8988183463705637,-3.8988183463705637,261.97891859025646,3.9169893586284372,-3.9169893586284372,256.8111202539229
2023-09-02,2023,245,0,3.8352124518317394,-3.8352124518317394,265.8141310420882,3.7028299647273752,-3.7028299647273752,260.5139502186503
2023-09-03,2023,246,0,3.2952682303389556,-3.2952682303389556,269.10939927242714,3.529305958692606,-3.529305958692606,264.04325617734287
2023-09-04,2023,247,0,3.8662289079894654,-3.8662289079894654,272.9756281804166,3.9794054313188116,-3.9794054313188116,268.0226616086617
2023-09-05,2023,248,0,3.770649153642255,-3.770649153642255,276.74627733405885,3.789111416105878,-3.789111416105878,271.81177302476755
2023-09-06,2023,249,0,3.859081456763985,-3.859081456763985,280.60535879082283,3.6562362759757385,-3.6562362759757385,275.4680093007433
2023-09-07,2023,250,0,3.887714816982572,-3.887714816982572,284.4930736078054,3.539378627931545,-3.539378627931545,279.00738792867486
2023-09-08,2023,251,0,3.7954247138613266,-3.7954247138613266,288.28849832166674,3.5878551822933202,-3.5878551822933202,282.59524311096817
2023-09-09,2023,252,0,3.7344462930061515,-3.7344462930061515,292.0229446146729,3.63407545229327,-3.63407545229327,286.2293185632614
2023-09-10,2023,253,0,3.6075008365186214,-3.6075008365186214,295.6304454511915,3.5629553996587715,-3.5629553996587715,289.7922739629202
2023-09-11,2023,254,0,3.476557636417456,-3.476557636417456,299.107003087609,3.5158143254986256,-3.5158143254986256,293.30808828841884
2023-09-12,2023,255,1.6,2.8729308505500755,-1.2729308505500754,300.37993393815907,3.655278363326126,-2.055278363326126,295.36336665174497
2023-09-13,2023,256,5.4,1.5463837897056258,3.8536162102943745,296.5263177278647,1.6518714358689626,3.748128564131038,291.61523808761393
2023-09-14,2023,257,0,1.741427540507194,-1.741427540507194,298.26774526837187,1.8764963803688388,-1.8764963803688388,293.4917344679828
2023-09-15,2023,258,0,2.2400962399305255,-2.2400962399305255,300.5078415083024,2.071969979258942,-2.071969979258942,295.5637044472417
2023-09-16,2023,259,0,2.36354091467672,-2.36354091467672,302.87138242297914,2.420566319499133,-2.420566319499133,297.98427076674085
2023-09-17,2023,260,6.8,2.947665092868949,3.8523349071310506,299.0190475158481,2.8145200084365243,3.9854799915634755,293.9987907751774
2023-09-18,2023,261,18.8,0.2893016677037562,18.510698332296244,280.5083491835519,1.0347532945723708,17.76524670542763,276.23354406974977
2023-09-19,2023,262,0,2.748491660727487,-2.748491660727487,283.2568408442794,2.4018094199302826,-2.4018094199302826,278.63535348968003
2023-09-20,2023,263,0,3.2233953123102315,-3.2233953123102315,286.4802361565896,2.651491824549383,-2.651491824549383,281.2868453142294
2023-09-21,2023,264,13.6,1.8540798416201811,11.745920158379818,274.7343159982098,1.8269189128944752,11.773081087105524,269.5137642271239
2023-09-22,2023,265,1.4,2.5520382854396853,-1.1520382854396853,275.8863542836495,2.376157813029904,-0.976157813029904,270.4899220401538
2023-09-23,2023,266,0,1.6191461399678935,-1.6191461399678935,277.5055004236174,1.6515809812752054,-1.6515809812752054,272.141503021429
2023-09-24,2023,267,0,2.16043767729065,-2.16043767729065,279.665938100908,2.2099752759263716,-2.2099752759263716,274.35147829735536
2023-09-25,2023,268,0,2.197916447421869,-2.197916447421869,281.86385454832987,2.1544543786959807,-2.1544543786959807,276.5059326760513
2023-09-26,2023,269,0,2.1701881675955548,-2.1701881675955548,284.0340427159254,2.222700416497422,-2.222700416497422,278.72863309254876
2023-09-27,2023,270,0,2.061604142633219,-2.061604142633219,286.0956468585586,2.1911333255145746,-2.1911333255145746,280.9197664180633
2023-09-28,2023,271,0,2.18096745871449,-2.18096745871449,288.2766143172731,2.3265229544296346,-2.3265229544296346,283.2462893724929
2023-09-29,2023,272,0,2.460768389464382,-2.460768389464382,290.73738270673744,2.4514792027627847,-2.4514792027627847,285.69776857525574
2023-09-30,2023,273,0,2.176757329980389,-2.176757329980389,292.9141400367178,2.179475853797304,-2.179475853797304,287.87724442905306
2023-10-01,2023,274,0,1.8456930818737578,-1.8456930818737578,294.7598331185916,1.966799894652963,-1.966799894652963,289.84404432370604
2023-10-02,2023,275,0,2.0268833146698957,-2.0268833146698957,296.78671643326146,2.193487504899343,-2.193487504899343,292.0375318286054
2023-10-03,2023,276,0,1.9942702597061235,-1.9942702597061235,298.7809866929676,2.472013831279672,-2.472013831279672,294.5095456598851
2023-10-04,2023,277,0,1.6749482756995582,-1.6749482756995582,300.4559349686671,2.046593918260044,-2.046593918260044,296.5561395781451
2023-10-05,2023,278,0,1.7113850213430644,-1.7113850213430644,302.1673199900102,1.7269650460779387,-1.7269650460779387,298.2831046242231
2023-10-06,2023,279,0.1,1.4135351380557275,-1.3135351380557274,303.4808551280659,1.635332453303366,-1.5353324533033659,299.8184370775264
2023-10-07,2023,280,0,1.5598688473445106,-1.5598688473445106,305.0407239754104,1.8799800062208212,-1.8799800062208212,301.69841708374724
2023-10-08,2023,281,0,1.6848934790757455,-1.6848934790757455,306.72561745448616,1.9162590343843042,-1.9162590343843042,303.61467611813157
2023-10-09,2023,282,0,1.5573833508657948,-1.5573833508657948,308.28300080535195,1.9148632588679413,-1.9148632588679413,305.52953937699954
2023-10-10,2023,283,0,1.473489803688637,-1.473489803688637,309.7564906090406,1.7946955113560958,-1.7946955113560958,307.32423488835565
2023-10-11,2023,284,0,1.4959625243574368,-1.4959625243574368,311.25245313339803,1.9162122213592214,-1.9162122213592214,309.24044710971486
2023-10-12,2023,285,0,1.1305166400427213,-1.1305166400427213,312.3829697734408,2.0820142352653406,-2.0820142352653406,311.3224613449802
2023-10-13,2023,286,14.8,1.40367954993861,13.39632045006139,298.98664932337937,2.265886506515294,12.534113493484707,298.7883478514955
2023-10-14,2023,287,11.3,1.0002640176848985,10.299735982315102,288.68691334106427,1.3607100344609793,9.939289965539022,288.8490578859564
2023-10-15,2023,288,0,0.7071385099648615,-0.7071385099648615,289.39405185102913,1.132942708468104,-1.132942708468104,289.9820005944245
2023-10-16,2023,289,0,0.9451076732527038,-0.9451076732527038,290.33915952428185,1.1996254412002236,-1.1996254412002236,291.18162603562473
2023-10-17,2023,290,0,1.0052820446648536,-1.0052820446648536,291.3444415689467,0.9399686570823765,-0.9399686570823765,292.1215946927071
2023-10-18,2023,291,2.6,0.9892157127735107,1.6107842872264895,289.73365728172024,0.8244577019268656,1.7755422980731344,290.34605239463394
2023-10-19,2023,292,0.8,1.016953731464806,-0.216953731464806,289.95061101318504,0.8145057801791481,-0.014505780179148053,290.3605581748131
2023-10-20,2023,293,10,-0.18072400357309623,10.180724003573097,279.7698870096119,0.744243242134741,9.255756757865258,281.10480141694785
2023-10-21,2023,294,0,1.1687113146829866,-1.1687113146829866,280.9385983242949,1.5713555248418798,-1.5713555248418798,282.6761569417897
2023-10-22,2023,295,0,1.354010198367685,-1.354010198367685,282.2926085226626,1.096583944409459,-1.096583944409459,283.7727408861992
2023-10-23,2023,296,1.2,0.4384346294519934,0.7615653705480065,281.5310431521146,0.6924600723697258,0.5075399276302741,283.2652009585689
2023-10-24,2023,297,13.3,0.1415554674991199,13.15844453250088,268.3725986196137,0.5792898087875383,12.720710191212463,270.5444907673565
2023-10-25,2023,298,9.5,0.6213291355191675,8.878670864480833,259.49392775513286,0.8428491650574468,8.657150834942554,261.8873399324139
2023-10-26,2023,299,23.5,0.624863221755712,22.87513677824429,236.61879097688856,0.8476337246785133,22.652366275321487,239.2349736570924
2023-10-27,2023,300,1.9,1.1246406658470873,0.7753593341529126,235.84343164273565,1.3446417293768926,0.5553582706231073,238.6796153864693
2023-10-28,2023,301,0,0.4840777852411181,-0.4840777852411181,236.32750942797676,1.1782997763544643,-1.1782997763544643,239.85791516282376
2023-10-29,2023,302,0,0.15770588884650263,-0.15770588884650263,236.48521531682326,0.79262942108202,-0.79262942108202,240.65054458390577
2023-10-30,2023,303,11.4,-0.05269788117440532,11.452697881174405,225.03251743564886,0.5606887100293146,10.839311289970686,229.8112332939351
2023-10-31,2023,304,1.6,0.32656738608551117,1.273432613914489,223.75908482173438,0.7548371032835424,0.8451628967164577,228.96607039721863
2023-11-01,2023,305,0.1,-0.25691258710083975,0.35691258710083973,223.40217223463353,0.47844368043671087,-0.37844368043671084,229.34451407765533
2023-11-02,2023,306,15.2,-0.2240692957286066,15.424069295728605,207.97810293890493,0.48466692994084676,14.715333070059152,214.62918100759617
2023-11-03,2023,307,0.1,0.27165024999958953,-0.17165024999958953,208.14975318890453,0.686977271861895,-0.586977271861895,215.21615827945806
2023-11-04,2023,308,17.6,-0.1473026133996318,17.747302613399633,190.4024505755049,0.5853703929848255,17.014629607015177,198.2015286724429
2023-11-05,2023,309,0.3,0.10513054467488056,0.19486945532511943,190.20758112017978,1.5647353482458703,-1.2647353482458703,199.46626402068875
2023-11-06,2023,310,10,0.6470344681538578,9.352965531846142,180.85461558833364,0.9656387469545544,9.034361253045446,190.4319027676433
2023-11-07,2023,311,3.2,-0.024397125978558094,3.2243971259785584,177.6302184623551,0.5113567345444515,2.6886432654555485,187.74325950218775
2023-11-08,2023,312,0,0.20106830695615685,-0.20106830695615685,177.83128676931125,0.36705226126808776,-0.36705226126808776,188.11031176345585
2023-11-09,2023,313,7.3,-0.19137434612312618,7.491374346123126,170.3399124231881,0.42295479421941456,6.877045205780585,181.23326655767528
2023-11-10,2023,314,6.8,0.3050193964734662,6.494980603526534,163.84493181966158,0.878124397522629,5.921875602477371,175.3113909551979
2023-11-11,2023,315,5.2,-0.16533124144738,5.365331241447381,158.4796005782142,0.47150546395616366,4.728494536043836,170.58289641915408
2023-11-12,2023,316,22.5,0.20016342198219508,22.299836578017803,136.17976400019637,0.48496080017318877,22.015039199826813,148.56785721932727
2023-11-13,2023,317,15.3,0.1919952309572189,15.108004769042783,121.07175923115359,0.9141088256567821,14.385891174343218,134.18196604498405
2023-11-14,2023,318,44.2,-0.027742430204817183,44.22774243020482,76.84401680094876,0.8094626960375785,43.390537303962425,90.79142874102163
2023-11-15,2023,319,2.9,0.009572245310593702,2.8904277546894064,73.95358904625935,0.5821259848241978,2.317874015175802,88.47355472584583
2023-11-16,2023,320,0.6,-0.010956958309767062,0.610956958309767,73.34263208794958,0.8988560410623361,-0.2988560410623361,88.77241076690817
2023-11-17,2023,321,1,0.06785337278200278,0.9321466272179972,72.41048546073158,0.7908958856397789,0.20910411436022114,88.56330665254795
2023-11-18,2023,322,3,0.10959652541328781,2.890403474586712,69.52008198614487,0.3611092662944629,2.638890733705537,85.92441591884241
2023-11-19,2023,323,2.3,-0.26176521537929565,2.5617652153792956,66.95831677076558,0.6148277181916416,1.685172281808358,84.23924363703405
2023-11-20,2023,324,0.9,-0.5400680036618317,1.4400680036618319,65.51824876710374,1.072773438605234,-0.1727734386052341,84.41201707563928
2023-11-21,2023,325,0.9,0.24701499554982,0.65298500445018,64.86526376265356,0.5174935351386355,0.3825064648613645,84.02951061077792
2023-11-22,2023,326,0,0.09394536522189506,-0.09394536522189506,64.95920912787545,0.5109262457228718,-0.5109262457228718,84.54043685650079
2023-11-23,2023,327,0,0.12126260837466267,-0.12126260837466267,65.08047173625012,0.26488575407991766,-0.26488575407991766,84.8053226105807
2023-11-24,2023,328,1.5,0.4297175688527309,1.0702824311472692,64.01018930510286,0.5908396255845665,0.9091603744154335,83.89616223616527
2023-11-25,2023,329,1.7,0.07609737777688069,1.6239026222231192,62.386286682879735,0.4677255090349157,1.2322744909650842,82.663887745200185
2023-11-26,2023,330,0,0.02419682974193975,-0.02419682974193975,62.410483512621674,0.24868947041311232,-0.24868947041311232,82.9125772156133
2023-11-27,2023,331,12.8,0.20171271790526615,12.598287282094734,49.812196230526936,0.5375469327994897,12.26245306720051,70.65012414841279
2023-11-28,2023,332,2.2,-0.04915259760013253,2.2491525976001325,47.56304363292681,0.5480956751046997,1.6519043248953005,68.99821982351749
2023-11-29,2023,333,1.5,0.027617044809966136,1.4723829551900338,46.09066067773677,0.2224142941615339,1.277585705838466,67.72063411767903
2023-11-30,2023,334,42.5,0.19875167583926065,42.30124832416074,3.789412353576033,0.333403697135474,42.16659630286453,25.5540378148145
2023-12-01,2023,335,24,0.23017756385254748,23.769822436147454,0,0.32115257570922784,23.678847424290772,1.875190390523727
2023-12-02,2023,336,1.9,0.0985036397883318,1.801496360211668,0,0.30974484834656485,1.5902551516534351,0
2023-12-03,2023,337,0,-0.017098062335322975,0.017098062335322975,0,0.06521783738717397,-0.06521783738717397,0.06521783738717397
2023-12-04,2023,338,3.1,0.15836037206654927,2.941639627933451,0,0.21564849750172538,2.8843515024982747,0
2023-12-05,2023,339,0.6,0.39228907123517287,0.2077109287648271,0,0.48553380139740965,0.11446619860259033,0
2023-12-06,2023,340,0.2,0.21228379112682058,-0.01228379112682057,0.01228379112682057,0.2707359776524248,-0.07073597765242479,0.07073597765242479
2023-12-07,2023,341,4.4,-0.08597463608596125,4.485974636085961,0,0.16724774819534094,4.232752251804659,0
2023-12-08,2023,342,2.5,0.20784397055418524,2.292156029445815,0,0.33446975898611647,2.1655302410138835,0
2023-12-09,2023,343,15.5,0.24730308054500208,15.252696919454998,0,0.4018625299893262,15.098137470010673,0
2023-12-10,2023,344,1.9,-0.14726485264829386,2.047264852648294,0,0.9307727464984208,0.9692272535015791,0
2023-12-11,2023,345,29.9,0.11831233682555375,29.781687663174445,0,0.4633458727918934,29.436654127208104,0
2023-12-12,2023,346,25.3,0.18047270908091256,25.119527290919088,0,0.4981870907663787,24.80181290923362,0
2023-12-13,2023,347,16.2,-0.02431682907062606,16.224316829070624,0,0.4866260821075947,15.713373917892405,0
2023-12-14,2023,348,0.3,-0.06437864698533143,0.3643786469853314,0,0.3993520375081012,-0.09935203750810123,0.09935203750810123
2023-12-15,2023,349,0,-0.2706768566738464,0.2706768566738464,0,0.07756672399847823,-0.07756672399847823,0.17691876150657948
2023-12-16,2023,350,0,-0.1255129680373978,0.1255129680373978,0,0.0888162189110009,-0.0888162189110009,0.26573498041758037
2023-12-17,2023,351,0,0.23951093878816437,-0.23951093878816437,0.23951093878816437,0.22760362191139574,-0.22760362191139574,0.4933386023289761
2023-12-18,2023,352,0,0.36297028757647504,-0.36297028757647504,0.6024812263646394,0.16555991029416914,-0.16555991029416914,0.6588985126231452
2023-12-19,2023,353,3.6,0.3776374161398363,3.2223625838601637,0,0.07084091691984847,3.5291590830801516,0
2023-12-20,2023,354,0,0.2866538161314372,-0.2866538161314372,0.2866538161314372,0.35951134226016823,-0.35951134226016823,0.35951134226016823
2023-12-21,2023,355,3.3,-0.005779802687989045,3.3057798026879888,0,1.1599712775834123,2.1400287224165875,0
2023-12-22,2023,356,4.9,-0.01758266343318599,4.917582663433186,0,0.8648623603072274,4.035137639692773,0
2023-12-23,2023,357,0,-0.1228818711379972,0.1228818711379972,0,0.9658544946717453,-0.9658544946717453,0.9658544946717453
2023-12-24,2023,358,1.7,-0.2025589267174844,1.9025589267174843,0,0.627200266150318,1.072799733849682,0
2023-12-25,2023,359,0,-0.35359911720886034,0.35359911720886034,0,0.686172101384723,-0.686172101384723,0.686172101384723
2023-12-26,2023,360,0,-0.42743250921102527,0.42743250921102527,0,0.323052920680049,-0.323052920680049,1.009225022064772
2023-12-27,2023,361,0,-0.23067385517325886,0.23067385517325886,0,0.07385876376074868,-0.07385876376074868,1.0830837858255207
2023-12-28,2023,362,1.3,-0.29773377100686443,1.5977337710068644,0,0.32280439527351656,0.9771956047264835,0.10588818109903719
2023-12-29,2023,363,0,-0.001006703521963904,0.001006703521963904,0,0.473315055068579,-0.473315055068579,0.5792032361676163
2023-12-30,2023,364,0,-0.41922016478489044,0.41922016478489044,0,0.14775005730750723,-0.14775005730750723,0.7269532934751235
2023-12-31,2023,365,14.2,-0.31049278527288765,14.510492785272888,0,0.32897182914692746,13.871028170853071,0
2024-01-01,2024,1,0,-0.21239535157050318,0.21239535157050318,0,0.5247895559999475,-0.5247895559999475,0.5247895559999475
2024-01-02,2024,2,4.6,0.11494130265402673,4.4850586973459725,0,0.6437879156872435,3.956212084312756,0
2024-01-03,2024,3,5.3,-0.04885139819679761,5.348851398196797,0,1.8345191249315884,3.4654808750684114,0
2024-01-04,2024,4,0.3,-0.16598735832153796,0.4659873583215379,0,0.8029841488918308,-0.5029841488918307,0.5029841488918307
2024-01-05,2024,5,9.4,-0.004617856135834907,9.404617856135836,0,0.38487965348094993,9.015120346519051,0
2024-01-06,2024,6,4.3,0.13499537349076352,4.165004626509236,0,0.3278397082454576,3.972160291754542,0
2024-01-07,2024,7,4.8,0.35772947392369164,4.4422705260763085,0,0.327563581825716,4.472436418174284,0
2024-01-08,2024,8,0.2,0.06368347261676542,0.13631652738323458,0,0.4517567395898473,-0.2517567395898473,0.2517567395898473
2024-01-09,2024,9,0.6,0.2265532187383251,0.37344678126167485,0,0.35920958121888996,0.24079041878111002,0.010966320808737273
2024-01-10,2024,10,0,0.4843730452618829,-0.4843730452618829,0.4843730452618829,0.17030384333322443,-0.17030384333322443,0.1812701641419617
2024-01-11,2024,11,0,0.16389447993903852,-0.16389447993903852,0.6482675252009215,0.3414673937338589,-0.3414673937338589,0.5227375578758207
2024-01-12,2024,12,0,0.269337204376538,-0.269337204376538,0.9176047295774594,0.2815424763144953,-0.2815424763144953,0.804280034190316
2024-01-13,2024,13,0,0.331554560595955,-0.331554560595955,1.2491592901734143,0.2453050885960224,-0.2453050885960224,1.0495851227863384
2024-01-14,2024,14,0.3,0.4577818887310902,-0.15778188873109023,1.4069411789045045,0.267173004623745,0.032826995376255,1.0167581274100834
2024-01-15,2024,15,0,-3.4828784280992365e-4,3.4828784280992365e-4,1.4065928910616947,0.586374950560988,-0.586374950560988,1.6031330779710715
2024-01-16,2024,16,3.4,0.09503756112014897,3.304962438879851,0,0.2700320024359424,3.1299679975640577,0
2024-01-17,2024,17,22,0.36530156454056695,21.634698435459434,0,0.36269185945447974,21.63730814054552,0
2024-01-18,2024,18,8.4,0.18932457810286754,8.210675421897133,0,0.5764876611763696,7.8235123388236305,0
2024-01-19,2024,19,0.1,0.07503301078685728,0.02496698921314272,0,0.2220252272362135,-0.12202522723621351,0.12202522723621351
2024-01-20,2024,20,0,-0.16863982919422202,0.16863982919422202,0,0.17324230800323226,-0.17324230800323226,0.29526753523944577
2024-01-21,2024,21,0,-0.12350265367209567,0.12350265367209567,0,0.2093263851683454,-0.2093263851683454,0.5045939204077912
2024-01-22,2024,22,15.4,0.1412978579123891,15.25870214208761,0,0.4463164318479284,14.953683568152073,0
2024-01-23,2024,23,0,0.23109756108171453,-0.23109756108171453,0.23109756108171453,0.8867579099023603,-0.8867579099023603,0.8867579099023603
2024-01-24,2024,24,0,0.17800975395100546,-0.17800975395100546,0.40910731503272,1.3390421313065093,-1.3390421313065093,2.2258000412088697
2024-01-25,2024,25,0,0.6769439250279021,-0.6769439250279021,1.0860512400606221,0.7576926697986227,-0.7576926697986227,2.9834927110074925
2024-01-26,2024,26,0.1,-0.13375240797197502,0.23375240797197502,0.8522988320886471,0.6244102362702506,-0.5244102362702506,3.507902947277743
2024-01-27,2024,27,0,0.18410104838483704,-0.18410104838483704,1.0363998804734842,0.37994268959907596,-0.37994268959907596,3.887845636876819
2024-01-28,2024,28,0,0.6069865656631415,-0.6069865656631415,1.6433864461366257,0.387672199881686,-0.387672199881686,4.275517836758505
2024-01-29,2024,29,0,0.30074889451705883,-0.30074889451705883,1.9441353406536845,0.3885306890392456,-0.3885306890392456,4.66404852579775
2024-01-30,2024,30,0,0.33756824172620525,-0.33756824172620525,2.28170358237989,0.38948585855078466,-0.38948585855078466,5.053534384348535
2024-01-31,2024,31,0,0.2888839412490735,-0.2888839412490735,2.5705875236289635,0.4098500475376407,-0.4098500475376407,5.463384431886176
2024-02-01,2024,32,2.5,0.022101423561147,2.477898576438853,0.09268894719011067,0.44428137928027966,2.0557186207197202,3.407665811166456
2024-02-02,2024,33,0,0.12077024775101843,-0.12077024775101843,0.21345919494112908,0.4878475371556311,-0.4878475371556311,3.895513348322087
2024-02-03,2024,34,0,0.3230936294877434,-0.3230936294877434,0.5365528244288724,0.5514614478071,-0.5514614478071,4.446974796129187
2024-02-04,2024,35,0,0.39909888253513703,-0.39909888253513703,0.9356517069640095,0.5242558877029919,-0.5242558877029919,4.971230683832179
2024-02-05,2024,36,0,0.22239740440517855,-0.22239740440517855,1.158049111369188,0.5857398733053397,-0.5857398733053397,5.556970557137518
2024-02-06,2024,37,0,0.14445844250952244,-0.14445844250952244,1.3025075538787103,0.776071160873424,-0.776071160873424,6.333041718010942
2024-02-07,2024,38,6.6,0.6091895196158944,5.990810480384106,0,0.8853813607969588,5.7146186392030405,0.6184230788079015
2024-02-08,2024,39,4.2,0.6446058641921386,3.5553941358078616,0,0.6570621879230063,3.542937812076994,0
2024-02-09,2024,40,0.3,0.2377062672540582,0.0622937327459418,0,0.5133438499834921,-0.21334384998349215,0.21334384998349215
2024-02-10,2024,41,1,0.17972396135506052,0.8202760386449395,0,0.5700128908944353,0.4299871091055647,0
2024-02-11,2024,42,0.6,0.7445175376025173,-0.1445175376025173,0.1445175376025173,1.0393730886421388,-0.43937308864213886,0.43937308864213886
2024-02-12,2024,43,0.3,0.5880738132857254,-0.2880738132857254,0.4325913508882427,0.6904576363872624,-0.39045763638726244,0.8298307250294013
2024-02-13,2024,44,0,0.6838895570423984,-0.6838895570423984,1.116480907930641,0.7293434648967685,-0.7293434648967685,1.5591741899261697
2024-02-14,2024,45,0,0.6392657938456048,-0.6392657938456048,1.7557467017762458,0.9594057206261909,-0.9594057206261909,2.5185799105523605
2024-02-15,2024,46,0,0.4217028626151939,-0.4217028626151939,2.1774495643914396,0.6806445555584637,-0.6806445555584637,3.1992244661108242
2024-02-16,2024,47,0,0.9257039724963708,-0.9257039724963708,3.1031535368878105,0.8965415884780237,-0.8965415884780237,4.095766054588848
2024-02-17,2024,48,0,0.7623366255293246,-0.7623366255293246,3.865490162417135,0.7667410207595405,-0.7667410207595405,4.862507075348389
2024-02-18,2024,49,4.9,0.6500184269444437,4.249981573055557,0,0.8412423997892006,4.0587576002108,0.8037494751375887
2024-02-19,2024,50,4.1,0.6567520982003192,3.4432479017996807,0,0.8106914990283286,3.289308500971671,0
2024-02-20,2024,51,0.1,0.6121695155996597,-0.5121695155996597,0.5121695155996597,0.8090680029697844,-0.70906800296978445,0.70906800296978445
2024-02-21,2024,52,3.1,0.707131249177918,2.392868750822082,0,0.9713548650530194,2.128645134946981,0
2024-02-22,2024,53,11.3,0.23614794726350904,11.063852052736491,0,0.8605886227592546,10.439411377240747,0
2024-02-23,2024,54,0.2,0.8839455011222409,-0.6839455011222408,0.6839455011222408,1.2630994113298375,-1.0630994113298375,1.0630994113298375
2024-02-24,2024,55,0,0.22089411093758432,-0.22089411093758432,0.9048396120598252,1.1817211690036888,-1.1817211690036888,2.2448205803335264
2024-02-25,2024,56,0.3,1.156339541649623,-0.8563395416496229,1.761179153709448,1.0259791866858952,-0.7259791866858951,2.9707997670194217
2024-02-26,2024,57,0,0.6209228696438207,-0.6209228696438207,2.382102023353269,0.8514724918759502,-0.8514724918759502,3.8222722588953717
2024-02-27,2024,58,0,0.21958337835716638,-0.21958337835716638,2.6016854017104354,0.8355219919892187,-0.8355219919892187,4.65779425088459
2024-02-28,2024,59,0,0.3147466216183361,-0.3147466216183361,2.9164320233287713,0.9331296972038152,-0.9331296972038152,5.590923948088406
2024-02-29,2024,60,1.4,1.3068088901775123,0.09319110982248757,2.8232409135062837,1.062741379263191,0.3372586207368089,5.253665327351597
2024-03-01,2024,61,0.1,0.37066930780700236,-0.2706693078070024,3.093910221313286,0.8181225679643838,-0.7181225679643838,5.971787895315981
2024-03-02,2024,62,0,1.0424110862947449,-1.0424110862947449,4.136321307608031,1.0634688500890879,-1.0634688500890879,7.03525674540507
2024-03-03,2024,63,0,0.9255270634037209,-0.9255270634037209,5.061848371011752,1.1903729788567734,-1.1903729788567734,8.225629724261843
2024-03-04,2024,64,0,1.068177081023976,-1.068177081023976,6.130025452035728,1.1122880897569627,-1.1122880897569627,9.337917814018805
2024-03-05,2024,65,9.5,0.7768648863678465,8.723135113632154,0,1.0335210259779526,8.466478974022047,0.8714388399967579
2024-03-06,2024,66,2,0.6970720921595777,1.3029279078404223,0,0.6622626222778694,1.3377373777221306,0
2024-03-07,2024,67,0,0.5297048651351771,-0.5297048651351771,0.5297048651351771,0.873823155003209,-0.873823155003209,0.873823155003209
2024-03-08,2024,68,0,1.1077107317112151,-1.1077107317112151,1.6374155968463922,0.9049560058599134,-0.9049560058599134,1.7787791608631225
2024-03-09,2024,69,0,0.7950863402831232,-0.7950863402831232,2.4325019371295156,0.9433633049867952,-0.9433633049867952,2.7221424658499176
2024-03-10,2024,70,4.7,0.012868994004800434,4.6871310059952,0,0.8491782240695129,3.8508217759304872,0
2024-03-11,2024,71,0.6,1.379934399813149,-0.779934399813149,0.779934399813149,1.3161079554490331,-0.7161079554490332,0.7161079554490332
2024-03-12,2024,72,7.2,0.8063971334344223,6.393602866565578,0,1.010645075881312,6.189354924118688,0
2024-03-13,2024,73,0.4,1.1099884284600139,-0.7099884284600139,0.7099884284600139,1.1174043469642092,-0.7174043469642092,0.7174043469642092
2024-03-14,2024,74,0,1.9358741044758534,-1.9358741044758534,2.645862532935867,1.7452951061510102,-1.7452951061510102,2.4626994531152193
2024-03-15,2024,75,11.1,1.6567647359395439,9.443235264060455,0,1.7617533861709618,9.338246613829037,0
2024-03-16,2024,76,0.5,1.169420609379835,-0.6694206093798349,0.6694206093798349,1.4918359638499672,-0.9918359638499672,0.9918359638499672
2024-03-17,2024,77,7.8,0.7011650785085912,7.098834921491409,0,1.0112569549100456,6.788743045089954,0
2024-03-18,2024,78,14.6,0.8553940181256666,13.744605981874333,0,0.9615572241334603,13.638442775866539,0
2024-03-19,2024,79,0,1.4071250710386645,-1.4071250710386645,1.4071250710386645,1.4118815589128915,-1.4118815589128915,1.4118815589128915
2024-03-20,2024,80,2.4,2.2115570553732185,0.18844294462678146,1.218682126411883,2.0174339957916696,0.3825660042083303,1.0293155547045612
2024-03-21,2024,81,1.3,1.4439771641453,-0.14397716414530004,1.362659290557183,1.831221842762906,-0.5312218427629058,1.560537397467467
2024-03-22,2024,82,1.6,2.139576916813455,-0.5395769168134548,1.9022362073706378,2.5078183853333633,-0.9078183853333632,2.4683557828008302
2024-03-23,2024,83,1.4,1.9252147890061102,-0.5252147890061103,2.427450996376748,2.375030965987272,-0.9750309659872722,3.4433867487881025
2024-03-24,2024,84,1.6,1.778169069890309,-0.1781690698903089,2.6056200662670568,1.9515940947783779,-0.3515940947783778,3.7949808435664805
2024-03-25,2024,85,0,2.395680762596046,-2.395680762596046,5.001300828863103,2.1630853260951692,-2.1630853260951692,5.95806616966165
2024-03-26,2024,86,0,2.385425139251396,-2.385425139251396,7.386725968114499,2.222228838074303,-2.222228838074303,8.180295007735953
2024-03-27,2024,87,4.1,0.00845103763907187,4.091548962360927,3.2951770057535716,0.761719969349069,3.338280030650931,4.8420149770850225
2024-03-28,2024,88,6.4,1.3811686593376669,5.0188313406623335,0,1.856051995721947,4.543948004278054,0.2980669728069687
2024-03-29,2024,89,0,1.563166680220503,-1.563166680220503,1.563166680220503,2.119710713111974,-2.119710713111974,2.4177776859189426
2024-03-30,2024,90,0.2,0.3718648599164561,-0.17186485991645611,1.7350315401369591,1.8264839151245853,-1.6264839151245853,4.044261601043528
2024-03-31,2024,91,4.2,2.018152777235814,2.181847222764186,0,1.7799087109377862,2.420091289062214,1.6241703119813145
2024-04-01,2024,92,3.4,1.4683101894472899,1.93168981055271,0,1.7040512493880582,1.6959487506119417,0
2024-04-02,2024,93,0.4,1.9954888237797257,-1.5954888237797258,1.5954888237797258,2.2943586067971222,-1.8943586067971223,1.8943586067971223
2024-04-03,2024,94,0.4,1.1026456244425638,-0.7026456244425637,2.2981344482222896,1.5893491293148043,-1.1893491293148042,3.0837077361119265
2024-04-04,2024,95,0,2.0093888969091522,-2.0093888969091522,4.307523345131441,2.373511795548047,-2.373511795548047,5.457219531659973
2024-04-05,2024,96,0,2.91130816529569,-2.91130816529569,7.2188315104271314,3.335958786178363,-3.335958786178363,8.793178317838336
2024-04-06,2024,97,0,3.0247437458582165,-3.0247437458582165,10.243575256285348,3.1177749054734942,-3.1177749054734942,11.91095322331183
2024-04-07,2024,98,0,2.2992528068925195,-2.2992528068925195,12.542828063177868,2.7103474087320354,-2.7103474087320354,14.621300632043866
2024-04-08,2024,99,0,2.547761377361743,-2.547761377361743,15.090589440539611,2.8750478064083107,-2.8750478064083107,17.496348438452177
2024-04-09,2024,100,6,0.24492382336015253,5.7550761766398475,9.335513263899763,1.2158972439602962,4.784102756039704,12.712245682412473
2024-04-10,2024,101,0,2.0448355802367897,-2.0448355802367897,11.380348844136552,1.971290066907665,-1.971290066907665,14.683535749320137
2024-04-11,2024,102,0,2.99701296876153,-2.99701296876153,14.377361812898082,2.767514997300537,-2.767514997300537,17.451050746620673
2024-04-12,2024,103,0,3.3001532389572077,-3.3001532389572077,17.677515051855288,3.030271865056483,-3.030271865056483,20.481322611677157
2024-04-13,2024,104,0,3.5974725081659162,-3.5974725081659162,21.274987560021202,3.4202362786043476,-3.4202362786043476,23.901558890281507
2024-04-14,2024,105,0,3.9099208142732174,-3.9099208142732174,25.18490837429442,4.0085797650607145,-4.0085797650607145,27.910138655342223
2024-04-15,2024,106,10.6,2.370520559700465,8.229479440299535,16.955428933994884,3.5164980131092056,7.083501986890794,20.826636668451428
2024-04-16,2024,107,4.7,3.1385605415829243,1.5614394584170759,15.393989475577808,2.5106064316759533,2.189393568324047,18.63724310012738
2024-04-17,2024,108,8.5,1.6381562704913895,6.86184372950861,8.532145746069197,1.4912240141805342,7.008775985819466,11.628467114307917
2024-04-18,2024,109,4.6,1.6097303823535485,2.990269617646451,5.5418761284227465,1.3948251187022345,3.205174881297765,8.423292233010152
2024-04-19,2024,110,11.5,0.39360366987872497,11.106396330121274,0,1.0559204760005347,10.444079523999465,0
2024-04-20,2024,111,10.3,1.9766387475290212,8.32336125247098,0,1.5051050326296034,8.794894967370396,0
2024-04-21,2024,112,3.1,1.3003914863279302,1.7996085136720699,0,1.096444802402479,2.003555197597521,0
2024-04-22,2024,113,0.3,0.9482052459341215,-0.6482052459341214,0.6482052459341214,0.8549460896178105,-0.5549460896178104,0.5549460896178104
2024-04-23,2024,114,0,1.265522834721566,-1.265522834721566,1.9137280806556873,1.0963466463245541,-1.0963466463245541,1.6512927359423646
2024-04-24,2024,115,0,1.8538511180522204,-1.8538511180522204,3.7675791987079075,1.711047439988016,-1.711047439988016,3.3623401759303806
2024-04-25,2024,116,0,2.5293377283280796,-2.5293377283280796,6.296916927035987,2.441079978312225,-2.441079978312225,5.803420154242605
2024-04-26,2024,117,0,2.247421136821963,-2.247421136821963,8.54433806385795,2.048187453128243,-2.048187453128243,7.851607607370848
2024-04-27,2024,118,0,3.987737328198685,-3.987737328198685,12.532075392056635,3.6612725387110965,-3.6612725387110965,11.512880146081944
2024-04-28,2024,119,0,0.9082042210880883,-0.9082042210880883,13.440279613144723,1.2956055416690018,-1.2956055416690018,12.808485687750945
2024-04-29,2024,120,0,3.236914443668925,-3.236914443668925,16.677194056813647,2.9399226148994537,-2.9399226148994537,15.748408302650398
2024-04-30,2024,121,0,3.55873120942736,-3.55873120942736,20.235925266241008,3.4754635148617723,-3.4754635148617723,19.22387181751217
2024-05-01,2024,122,0,3.000685673358698,-3.000685673358698,23.236610939599707,3.2557585244013616,-3.2557585244013616,22.47963034191353
2024-05-02,2024,123,1,0.9915494259628486,0.008450574037151437,23.228160365562555,1.4342726338630376,-0.4342726338630376,22.91390297577657
2024-05-03,2024,124,1.8,1.7542278501261923,0.04577214987380773,23.182388215688746,1.7671040761550043,0.032895923844995734,22.881007051931572
2024-05-04,2024,125,1.5,3.561304241842363,-2.061304241842363,25.24369245753111,3.026514606722404,-1.526514606722404,24.407521658653977
2024-05-05,2024,126,11.1,3.8850964316613683,7.214903568338631,18.02878888919248,3.068909005992074,8.031090994007926,16.37643066464605
2024-05-06,2024,127,15.9,1.2478110718309248,14.652188928169075,3.3765999610234054,1.3975365300774873,14.502463469922514,1.8739671947235372
2024-05-07,2024,128,6.8,1.105868088975999,5.694131911024001,0,1.1469010816097798,5.65309891839022,0
2024-05-08,2024,129,0,2.981619052945857,-2.981619052945857,2.981619052945857,2.618969849440672,-2.618969849440672,2.618969849440672
2024-05-09,2024,130,0,3.435430871326498,-3.435430871326498,6.417049924272355,2.9585952876856587,-2.9585952876856587,5.577565137126331
2024-05-10,2024,131,0,4.966112104786907,-4.966112104786907,11.383162029059262,4.224839699187858,-4.224839699187858,9.802404836314189
2024-05-11,2024,132,0,5.345291501287707,-5.345291501287707,16.728453530346968,4.585604759052323,-4.585604759052323,14.388009595366512
2024-05-12,2024,133,1,4.665297100779936,-3.665297100779936,20.393750631126906,4.319000396886048,-3.3190003968860484,17.70700999225256
2024-05-13,2024,134,0,3.7737506351001167,-3.7737506351001167,24.167501266227024,3.9951653994435166,-3.9951653994435166,21.702175391696073
2024-05-14,2024,135,9.5,4.453812959094786,5.046187040905214,19.12131422532181,3.8720541097547496,5.62794589024525,16.074229501450823
2024-05-15,2024,136,6.3,2.5745257388428078,3.725474261157192,15.395839964164619,2.0917579139959748,4.2082420860040255,11.865987415446797
2024-05-16,2024,137,17.7,2.1110244878564566,15.588975512143543,0,1.7816534706399039,15.918346529360095,0
2024-05-17,2024,138,0.1,4.373282520307641,-4.273282520307641,4.273282520307641,3.578413675281485,-3.4784136752814847,3.4784136752814847
2024-05-18,2024,139,1.8,3.7814014172503967,-1.9814014172503966,6.254683937558038,3.3645808884215116,-1.5645808884215116,5.0429945637029965
2024-05-19,2024,140,0,4.94315929721037,-4.94315929721037,11.197843234768408,4.157856873612476,-4.157856873612476,9.200851437315473
2024-05-20,2024,141,2.6,4.3091748876712845,-1.7091748876712844,12.907018122439693,3.582166801511959,-0.9821668015119589,10.183018238827431
2024-05-21,2024,142,1.8,3.4062316963548933,-1.6062316963548933,14.513249818794586,2.7369226115713774,-0.9369226115713774,11.119940850398809
2024-05-22,2024,143,2.4,3.754864848311068,-1.3548648483110681,15.868114667105655,3.2112843442254326,-0.8112843442254327,11.931225194624242
2024-05-23,2024,144,5.3,1.5836581442264899,3.7163418557735097,12.151772811332144,1.6728100462280853,3.6271899537719143,8.304035240852327
2024-05-24,2024,145,1.1,3.6559068607552248,-2.5559068607552247,14.70767967208737,2.9107002747992357,-1.8107002747992356,10.114735515651564
2024-05-25,2024,146,0,4.8310065410386684,-4.8310065410386684,19.538686213126038,3.9041655695076196,-3.9041655695076196,14.018901085159182
2024-05-26,2024,147,1.8,3.7408844950584976,-1.9408844950584976,21.479570708184536,3.242004231333225,-1.442004231333225,15.460905316492408
2024-05-27,2024,148,10,2.123588413624833,7.876411586375167,13.60315912180937,1.834342939256,8.165657060744,7.295248255748408
2024-05-28,2024,149,0,5.026567115070602,-5.026567115070602,18.62972623687997,4.075162231036917,-4.075162231036917,11.370410486785325
2024-05-29,2024,150,5.4,2.482940428288334,2.9170595717116665,15.712666665168305,2.423341050893037,2.9766589491069633,8.393751537678362
2024-05-30,2024,151,10.3,2.434889791876659,7.865110208123342,7.847556457044963,2.0321534190542625,8.267846580945738,0.12590495673262403
2024-05-31,2024,152,2.6,1.101160978754379,1.498839021245621,6.348717435799342,1.2487116037428456,1.3512883962571545,0
2024-06-01,2024,153,3,2.5371107729711295,0.4628892270288705,5.885828208770471,2.2873022029986303,0.7126977970013697,0
2024-06-02,2024,154,4.4,2.4504977199018905,1.9495022800981099,3.9363259286723613,1.9678250203480478,2.4321749796519523,0
2024-06-03,2024,155,0.4,2.411551356953264,-2.011551356953264,5.9478772856256255,2.1630189219147495,-1.7630189219147496,1.7630189219147496
2024-06-04,2024,156,0,4.7452088966965755,-4.7452088966965755,10.693086182322201,4.033448193595683,-4.033448193595683,5.796467115510433
2024-06-05,2024,157,0.3,4.23568951540846,-3.93568951540846,14.62877569773066,4.077434731441015,-3.777434731441015,9.573901846951447
2024-06-06,2024,158,0.3,4.82757547464695,-4.52757547464695,19.15635117237761,4.6647356334900545,-4.364735633490055,13.938637480441502
2024-06-07,2024,159,0.9,4.62428476332926,-3.7242847633292597,22.88063593570687,3.9930609416587504,-3.0930609416587505,17.031698422100252
2024-06-08,2024,160,5.3,3.539868003384166,1.7601319966158337,21.120503939091037,3.4114334898042444,1.8885665101957554,15.143131911904497
2024-06-09,2024,161,30.4,3.459352231870949,26.94064776812905,0,2.7349416860103464,27.665058313989654,0
2024-06-10,2024,162,0.1,4.443905088329298,-4.343905088329298,4.343905088329298,4.028551041162522,-3.9285510411625215,3.9285510411625215
2024-06-11,2024,163,1.2,1.6967810354119595,-0.4967810354119595,4.840686123741257,1.925622594224621,-0.725622594224621,4.654173635387142
2024-06-12,2024,164,0,5.301841134046386,-5.301841134046386,10.142527257787643,4.299799315200954,-4.299799315200954,8.953972950588096
2024-06-13,2024,165,0.1,5.770148225435901,-5.670148225435901,15.812675483223543,4.769128166039772,-4.669128166039773,13.623101116627868
2024-06-14,2024,166,14.3,2.5610086680973785,11.738991331902621,4.073684151320922,2.5017514954492035,11.798248504550797,1.8248526120770716
2024-06-15,2024,167,0.6,4.611090967788034,-4.011090967788034,8.084775119108956,3.866216470235887,-3.266216470235887,5.091069082312959
2024-06-16,2024,168,0.4,5.101814504472699,-4.701814504472699,12.786589623581655,4.350302772562714,-3.9503027725627144,9.041371854875674
2024-06-17,2024,169,0,4.606033378817916,-4.606033378817916,17.39262300239957,4.14545935210482,-4.14545935210482,13.186831206980493
2024-06-18,2024,170,0,6.211620225724456,-6.211620225724456,23.604243228124027,5.484314165522508,-5.484314165522508,18.671145372503002
2024-06-19,2024,171,0,6.678131157184074,-6.678131157184074,30.282374385308103,5.707524873730598,-5.707524873730598,24.3786702462336
2024-06-20,2024,172,6.2,2.1819493536557366,4.018050646344264,26.26432373896384,2.5300625260015015,3.6699374739984987,20.708732772235102
2024-06-21,2024,173,19.9,1.6346885674900935,18.265311432509904,7.999012306453935,1.8313523937381344,18.068647606261862,2.6400851659732396
2024-06-22,2024,174,10.3,1.5155426953440778,8.784457304655923,0,1.747836646241864,8.552163353758136,0
2024-06-23,2024,175,0,2.4479008013482955,-2.4479008013482955,2.4479008013482955,2.2208740793082673,-2.2208740793082673,2.2208740793082673
2024-06-24,2024,176,0,4.741679994864118,-4.741679994864118,7.189580796212413,4.347977143821033,-4.347977143821033,6.5688512231293
2024-06-25,2024,177,0,6.059475503909953,-6.059475503909953,13.249056300122366,5.10365982318483,-5.10365982318483,11.672511046314131
2024-06-26,2024,178,0,3.3192855086288584,-3.3192855086288584,16.568341808751224,3.3236537741916528,-3.3236537741916528,14.996164820505784
2024-06-27,2024,179,0,5.817737166490667,-5.817737166490667,22.38607897524189,5.312429108362427,-5.312429108362427,20.308593928868213
2024-06-28,2024,180,0.2,4.852791197143539,-4.6527911971435385,27.03887017238543,4.568559470481258,-4.368559470481258,24.67715339934947
2024-06-29,2024,181,5.1,2.952143485825487,2.1478565141745127,24.891013658210916,3.235868913114324,1.8641310868856755,22.813022312463797
2024-06-30,2024,182,0.7,4.249746205604559,-3.549746205604559,28.440759863815476,3.6569354376746483,-2.956935437674648,25.769957750138445
2024-07-01,2024,183,0.3,3.993320650384974,-3.6933206503849743,32.13408051420045,3.426754866687703,-3.126754866687703,28.89671261682615
2024-07-02,2024,184,0.4,3.5903962862885894,-3.1903962862885895,35.32447680048904,3.1231356228163274,-2.7231356228163275,31.61984823964248
2024-07-03,2024,185,6.1,2.5983540081786685,3.501645991821331,31.822830808667707,2.3785960282177987,3.721403971782201,27.898444267860278
2024-07-04,2024,186,0,5.072926899250841,-5.072926899250841,36.89575770791855,4.426416743215067,-4.426416743215067,32.32486101107534
2024-07-05,2024,187,0,5.9848667808536264,-5.9848667808536264,42.88062448877218,5.1871190015942314,-5.1871190015942314,37.511980012669575
2024-07-06,2024,188,27.7,1.9274062832098084,25.77259371679019,17.108030771981987,2.101719336210658,25.598280663789343,11.913699348880233
2024-07-07,2024,189,0,3.466717795606859,-3.466717795606859,20.574748567588845,2.7628275556258863,-2.7628275556258863,14.676526904506119
2024-07-08,2024,190,0,5.978467434590786,-5.978467434590786,26.55321600217963,4.997300246909522,-4.997300246909522,19.67382715141564
2024-07-09,2024,191,2.5,6.480252299359425,-3.9802522993594254,30.533468301539056,5.533829450607834,-3.0338294506078336,22.707656602023473
2024-07-10,2024,192,10.5,3.5411317801241164,6.9588682198758836,23.57460008166317,3.2229910387061187,7.277008961293881,15.430647640729592
2024-07-11,2024,193,1.4,5.402969543482,-4.002969543482001,27.577569625145173,4.3309625699866885,-2.9309625699866886,18.361610210716282
2024-07-12,2024,194,13.1,2.4659185626234716,10.634081437376528,16.943488187768644,2.467661977273455,10.632338022726545,7.7292721879897375
2024-07-13,2024,195,0,5.654982766728238,-5.654982766728238,22.598470954496882,4.612530699167783,-4.612530699167783,12.34180288715752
2024-07-14,2024,196,0,4.618149732504008,-4.618149732504008,27.21662068700089,4.185151512331231,-4.185151512331231,16.52695439948875
2024-07-15,2024,197,14.2,4.31327637723996,9.886723622760039,17.329897064240853,3.736180584681468,10.46381941531853,6.063134984170221
2024-07-16,2024,198,0.7,5.247692394502065,-4.547692394502064,21.877589458742918,4.3183379196471625,-3.6183379196471623,9.681472903817383
2024-07-17,2024,199,0,5.613011094611487,-5.613011094611487,27.490600553354405,4.833414250239542,-4.833414250239542,14.514887154056925
2024-07-18,2024,200,0,5.917330724282989,-5.917330724282989,33.407931277637395,5.23415929399882,-5.23415929399882,19.749046448055743
2024-07-19,2024,201,0,5.3338611681798405,-5.3338611681798405,38.74179244581724,5.040966125649874,-5.040966125649874,24.790012573705617
2024-07-20,2024,202,0.1,6.307295188079032,-6.207295188079033,44.94908763389627,5.604984995841364,-5.504984995841364,30.294997569546982
2024-07-21,2024,203,2.1,4.633642392208471,-2.533642392208471,47.48273002610474,4.110264312937281,-2.0102643129372813,32.30526188248427
2024-07-22,2024,204,1.3,3.2457735724426118,-1.9457735724426117,49.42850359854735,2.90510145005792,-1.60510145005792,33.91036333254219
2024-07-23,2024,205,0,5.896443119941601,-5.896443119941601,55.32494671848895,4.944300922193917,-4.944300922193917,38.85466425473611
2024-07-24,2024,206,0,5.287810646868953,-5.287810646868953,60.61275736535791,4.662477043452169,-4.662477043452169,43.51714129818828
2024-07-25,2024,207,0,5.551671456084048,-5.551671456084048,66.16442882144196,4.992516857893936,-4.992516857893936,48.50965815608221
2024-07-26,2024,208,0,5.655999375944377,-5.655999375944377,71.82042819738633,5.116769849942058,-5.116769849942058,53.62642800602427
2024-07-27,2024,209,0.7,5.22940121072532,-4.52940121072532,76.34982940811166,4.851468529951022,-4.151468529951022,57.777896535975295
2024-07-28,2024,210,0.1,5.020985703918138,-4.920985703918138,81.2708151120298,3.985785560271451,-3.885785560271451,61.663682096246745
2024-07-29,2024,211,0,5.915784341866464,-5.915784341866464,87.18659945389626,4.941506602744582,-4.941506602744582,66.60518869899133
2024-07-30,2024,212,0,5.8408248002656675,-5.8408248002656675,93.02742425416193,5.3510921772319175,-5.3510921772319175,71.95628087622325
2024-07-31,2024,213,3,4.063921726418887,-1.0639217264188874,94.09134598058081,4.643221386528128,-1.6432213865281282,73.59950226275137
2024-08-01,2024,214,2.8,2.9102942274554535,-0.1102942274554537,94.20164020803627,3.17171614785319,-0.3717161478531903,73.97121841060456
2024-08-02,2024,215,0,5.509512916579884,-5.509512916579884,99.71115312461615,5.047491432642398,-5.047491432642398,79.01870984324697
2024-08-03,2024,216,0,4.401771187442312,-4.401771187442312,104.11292431205845,4.287736564188072,-4.287736564188072,83.30644640743503
2024-08-04,2024,217,0,5.064590417350758,-5.064590417350758,109.17751472940921,4.357584346134158,-4.357584346134158,87.6640307535692
2024-08-05,2024,218,0,5.429333532748768,-5.429333532748768,114.60684826215798,4.940539223523535,-4.940539223523535,92.60456997709272
2024-08-06,2024,219,14.8,5.499690718194979,9.30030928180502,105.30653898035297,5.066421139107821,9.73357886089218,82.87099111620054
2024-08-07,2024,220,4.6,2.958545324991263,1.6414546750087364,103.66508430534424,2.926730956883958,1.6732690431160417,81.1977220730845
2024-08-08,2024,221,0,4.5361932843181165,-4.5361932843181165,108.20127758966235,4.089590589274763,-4.089590589274763,85.28731266235927
2024-08-09,2024,222,0,5.481971928615825,-5.481971928615825,113.68324951827817,4.7270367797415185,-4.7270367797415185,90.0143494421008
2024-08-10,2024,223,0,5.527418340345053,-5.527418340345053,119.21066785862322,4.964490944983939,-4.964490944983939,94.97884038708473
2024-08-11,2024,224,4.3,5.700544150390801,-1.4005441503908012,120.61121200901403,5.0056124337343455,-0.7056124337343457,95.68445282081908
2024-08-12,2024,225,0.4,4.630671514899088,-4.230671514899088,124.84188352391311,4.436743580340413,-4.036743580340413,99.72119640115949
2024-08-13,2024,226,8.8,5.487625750913277,3.312374249086724,121.52950927482638,5.22319964498703,3.5768003550129706,96.14439604614651
2024-08-14,2024,227,0.4,4.47741646255919,-4.0774164625591895,125.60692573738557,3.9002367598579637,-3.500236759857964,99.64463280600448
2024-08-15,2024,228,0,5.302837895388214,-5.302837895388214,130.90976363277377,4.645535334504685,-4.645535334504685,104.29016814050917
2024-08-16,2024,229,26.2,4.909693588681825,21.290306411318173,109.6194572214556,4.236533843273411,21.96346615672659,82.32670198378258
2024-08-17,2024,230,13.4,2.5295706374131313,10.870429362586869,98.74902785886874,2.298496158269323,11.101503841730677,71.22519814205191
2024-08-18,2024,231,13.1,2.005086547721704,11.094913452278295,87.65411440659045,1.67203128105675,11.42796871894325,59.79722942310866
2024-08-19,2024,232,0,4.516877075202012,-4.516877075202012,92.17099148179247,3.594561036855903,-3.594561036855903,63.39179045996456
2024-08-20,2024,233,0,4.166135543320071,-4.166135543320071,96.33712702511254,3.345743760939543,-3.345743760939543,66.73753422090411
2024-08-21,2024,234,0,2.692609744062806,-2.692609744062806,99.02973676917534,2.8841089274654874,-2.8841089274654874,69.6216431483696
2024-08-22,2024,235,0,4.30718422640996,-4.30718422640996,103.3369209955853,3.8175427506437773,-3.8175427506437773,73.43918589901338
2024-08-23,2024,236,0,4.270320313578701,-4.270320313578701,107.60724130916401,4.266943677715917,-4.266943677715917,77.7061295767293
2024-08-24,2024,237,0.5,4.592583357222953,-4.092583357222953,111.69982466638696,4.180135997394159,-3.680135997394159,81.38626557412346
2024-08-25,2024,238,0,1.1203005416790663,-1.1203005416790663,112.82012520806603,1.624927443226886,-1.624927443226886,83.01119301735034
2024-08-26,2024,239,0,2.409969394565061,-2.409969394565061,115.2300946026311,2.419754933165352,-2.419754933165352,85.43094795051569
2024-08-27,2024,240,0,3.9178613809539113,-3.9178613809539113,119.147955983585,3.4175398272498247,-3.4175398272498247,88.84848777776551
2024-08-28,2024,241,0,4.2554386458083835,-4.2554386458083835,123.40339462939339,3.831903911855312,-3.831903911855312,92.68039168962082
2024-08-29,2024,242,0,4.361984294609231,-4.361984294609231,127.76537892400262,4.006496481822817,-4.006496481822817,96.68688817144364
2024-08-30,2024,243,0,4.034335028387298,-4.034335028387298,131.7997139523899,3.778698071863453,-3.778698071863453,100.4655862433071
2024-08-31,2024,244,0,4.212975731483323,-4.212975731483323,136.01268968387322,3.7306653180670404,-3.7306653180670404,104.19625156137414
2024-09-01,2024,245,2.8,4.415551521856938,-1.615551521856938,137.62824120573015,4.08196676789757,-1.2819667678975701,105.47821832927171
2024-09-02,2024,246,0,3.8007505697840718,-3.8007505697840718,141.42899177551422,3.1908939768676907,-3.1908939768676907,108.6691123061394
2024-09-03,2024,247,6.4,3.9879009103696763,2.412099089630324,139.0168926858839,3.3504390685686123,3.049560931431388,105.61955137470801
2024-09-04,2024,248,0,2.7108386192436114,-2.7108386192436114,141.72773130512752,2.3253486678184063,-2.3253486678184063,107.94490004252641
2024-09-05,2024,249,0,0.31976114357882074,-0.31976114357882074,142.04749244870635,0.9905106116300414,-0.9905106116300414,108.93541065415646
2024-09-06,2024,250,0,3.2900319316237834,-3.2900319316237834,145.33752438033014,2.676981845420646,-2.676981845420646,111.6123924995771
2024-09-07,2024,251,0,3.7515312272618493,-3.7515312272618493,149.08905560759197,3.2545467079668535,-3.2545467079668535,114.86693920754395
2024-09-08,2024,252,11.9,0.6612628274803053,11.238737172519695,137.85031843507227,1.1244329160631887,10.775567083936812,104.09137212360714
2024-09-09,2024,253,5.5,1.4410993950650928,4.058900604934907,133.79141783013736,1.3176898725292365,4.182310127470764,99.90906199613639
2024-09-10,2024,254,0,3.1667879665206335,-3.1667879665206335,136.958205796658,2.57536272389685,-2.57536272389685,102.48442472003323
2024-09-11,2024,255,9.9,0.7484564721916134,9.151543527808387,127.80666226884962,1.2466047101874826,8.653395289812519,93.83102943022071
2024-09-12,2024,256,0,1.1573000366538309,-1.1573000366538309,128.96396230550346,1.2910793786721537,-1.2910793786721537,95.12210880889286
2024-09-13,2024,257,0.3,1.5857189542943053,-1.2857189542943053,130.24968125979777,1.472062893733187,-1.172062893733187,96.29417170262604
2024-09-14,2024,258,0,2.12212621678357,-2.12212621678357,132.37180747658132,1.8644555362994293,-1.8644555362994293,98.15862723892548
2024-09-15,2024,259,0,2.3944942226794383,-2.3944942226794383,134.76630169926077,2.210775334642766,-2.210775334642766,100.36940257356824
2024-09-16,2024,260,0,1.3468726391396066,-1.3468726391396066,136.11317433840037,1.4492543391788115,-1.4492543391788115,101.81865691274704
2024-09-17,2024,261,0,1.509103180375146,-1.509103180375146,137.62227751877552,1.6500390743258777,-1.6500390743258777,103.46869598707292
2024-09-18,2024,262,0,1.0952973201092342,-1.0952973201092342,138.71757483888476,1.5835887777071176,-1.5835887777071176,105.05228476478004
2024-09-19,2024,263,0,1.242350264694996,-1.242350264694996,139.95992510357976,1.2764328608760933,-1.2764328608760933,106.32871762565614
2024-09-20,2024,264,0,2.7671319037939677,-2.7671319037939677,142.72705700737373,2.272444023885735,-2.272444023885735,108.60116164954188
2024-09-21,2024,265,0,2.6911222396468695,-2.6911222396468695,145.4181792470206,2.3878289128392476,-2.3878289128392476,110.98899056238113
2024-09-22,2024,266,1.9,2.3768205459349074,-0.4768205459349075,145.8949997929555,1.9046707267543144,-0.004670726754314458,110.99366128913545
2024-09-23,2024,267,9.2,0.1910419748524012,9.008958025147598,136.8860417678079,0.8051986332728888,8.39480136672711,102.59885992240834
2024-09-24,2024,268,1.1,2.283546204597512,-1.183546204597512,138.06958797240543,2.0523840213898437,-0.9523840213898436,103.55124394379818
2024-09-25,2024,269,6.9,1.8514874390857563,5.048512560914244,133.02107541149118,1.85442272245846,5.045577277541541,98.50566666625664
2024-09-26,2024,270,17.1,0.24778957549881733,16.852210424501184,116.16886498699,0.8362161982378896,16.263783801762113,82.24188286449453
2024-09-27,2024,271,17.4,1.2483877556460803,16.151612244353917,100.01725274263609,1.7036893695114015,15.696310630488597,66.54557223400593
2024-09-28,2024,272,8.8,0.5707412968830656,8.229258703116935,91.78799403951915,0.8097837439024921,7.990216256097509,58.55535597790842
2024-09-29,2024,273,0.9,1.4530691167364742,-0.5530691167364742,92.34106315625563,1.2164993828249804,-0.31649938282498036,58.8718553607334
2024-09-30,2024,274,0,2.5593602113904477,-2.5593602113904477,94.90042336764607,2.262513459375229,-2.262513459375229,61.13436882010863
2024-10-01,2024,275,35.3,0.33009676087724155,34.96990323912276,59.93052012852331,0.95005167799303325,34.349948322006966,26.78442049810166
2024-10-02,2024,276,0,2.157939723249876,-2.157939723249876,62.08845985177319,1.7703355471679163,-1.7703355471679163,28.554756045269578
2024-10-03,2024,277,0,0.8104362910785962,-0.8104362910785962,62.89889614285178,1.234318110432046,-1.234318110432046,29.789074155701623
2024-10-04,2024,278,1.1,0.8983778926844298,0.2016221073155703,62.69727403553621,1.0660230492124507,0.033976950787549365,29.755097204914073
2024-10-05,2024,279,0,1.0738340656989973,-1.0738340656989973,63.77110810123521,1.2668060105389007,-1.2668060105389007,31.021903215452973
2024-10-06,2024,280,0.4,1.0393429967776018,-0.6393429967776018,64.41045109801281,0.9325978085234745,-0.5325978085234745,31.554501023976446
2024-10-07,2024,281,3.9,1.689269587556349,2.2107304124436506,62.19972068556916,1.2702294606761857,2.629770539323814,28.92473048465263
2024-10-08,2024,282,16.5,-0.0636509588073958,16.563650958807397,45.63606972676176,0.6107083247368976,15.889291675263102,13.035438809389529
2024-10-09,2024,283,7.5,1.5983647448874316,5.901635255112568,39.734434471649195,1.1641852349451867,6.335814765054813,6.6996240443347155
2024-10-10,2024,284,3.2,0.9674154462809581,2.2325845537190423,37.50184991793015,1.2833131798155826,1.9166868201844176,4.782937224150298
2024-10-11,2024,285,0,1.0522809714812913,-1.0522809714812913,38.55413088941144,1.1989223661258388,-1.1989223661258388,5.9818595902761365
2024-10-12,2024,286,21.9,0.9508164167467364,20.949183583253262,17.604947306158177,0.7334604396006563,21.166539560399343,0
2024-10-13,2024,287,0.1,1.0106911211543677,-0.9106911211543677,18.515638427312545,1.1188385121508035,-1.0188385121508035,1.0188385121508035
2024-10-14,2024,288,0.9,0.6479241528600678,0.25207584713993225,18.263562580172614,0.9325672072534128,-0.03256720725341278,1.0514057194042161
2024-10-15,2024,289,3,0.5763879415690754,2.4236120584309244,15.83995052174169,0.698685308194888,2.301314691805112,0
2024-10-16,2024,290,0.1,1.3697835481090557,-1.2697835481090556,17.109734069850745,0.9287003048316149,-0.8287003048316149,0.8287003048316149
2024-10-17,2024,291,0.1,1.3653738655087584,-1.2653738655087583,18.3751079353595,0.9479333766453534,-0.8479333766453534,1.6766336814769685
2024-10-18,2024,292,1.2,0.34185440458763755,0.8581455954123625,17.51696233994714,0.6878155615399154,0.5121844384600845,1.1644492430168838
2024-10-19,2024,293,0,0.6094465408140233,-0.6094465408140233,18.12640888076116,0.650397136540802,-0.650397136540802,1.814846379557686
2024-10-20,2024,294,0,0.9227059156723879,-0.9227059156723879,19.04911479643355,0.8662868682902793,-0.8662868682902793,2.6811332478479653
2024-10-21,2024,295,0.2,1.4366021636060082,-1.2366021636060083,20.285716960039558,1.0322077769941476,-0.8322077769941476,3.513341024842113
2024-10-22,2024,296,0.1,1.3810589143913021,-1.281058914391302,21.56677587443086,1.0277734637373688,-0.9277734637373688,4.4411144885794815
2024-10-23,2024,297,0,0.8150220734900622,-0.8150220734900622,22.381797947920923,0.7321217009454433,-0.7321217009454433,5.173236189524925
2024-10-24,2024,298,0.4,0.8044960450001074,-0.4044960450001074,22.78629399292103,0.7389641916889487,-0.33896419168894865,5.512200381213874
2024-10-25,2024,299,0,1.9463735521291743,-1.9463735521291743,24.732667545050205,0.742892778786348,-0.742892778786348,6.2550931600002215
2024-10-26,2024,300,0,0.655077406125289,-0.655077406125289,25.387744951175495,0.5427976307719249,-0.5427976307719249,6.797890790772146
2024-10-27,2024,301,0,1.1251744741523821,-1.1251744741523821,26.512919425327876,0.86363256490063,-0.86363256490063,7.661523355672776
2024-10-28,2024,302,0,0.9392982255295204,-0.9392982255295204,27.452217650857396,0.7513276929546364,-0.7513276929546364,8.412851048627413
2024-10-29,2024,303,0.3,1.2985089516082575,-0.9985089516082575,28.450726602465654,0.6528764101874613,-0.35287641018746135,8.765727458814874
2024-10-30,2024,304,0,1.00958569449754,-1.00958569449754,29.460312296963195,0.4604140434545105,-0.4604140434545105,9.226141502269385
2024-10-31,2024,305,0,0.5443019593537876,-0.5443019593537876,30.004614256316984,0.4690206467613452,-0.4690206467613452,9.69516214903073
2024-11-01,2024,306,0,0.8413403506054201,-0.8413403506054201,30.845954606922405,0.5601705060380284,-0.5601705060380284,10.25533265506876
2024-11-02,2024,307,0,0.6054725054107292,-0.6054725054107292,31.451427112333135,0.4345442437406287,-0.4345442437406287,10.689876898809388
2024-11-03,2024,308,0,0.637934197190066,-0.637934197190066,32.0893613095232,0.5271377784671337,-0.5271377784671337,11.217014677276522
2024-11-04,2024,309,0,0.6780365160962109,-0.6780365160962109,32.76739782561941,0.4160922819872597,-0.4160922819872597,11.633106959263781
2024-11-05,2024,310,0.1,0.655913694476612,-0.555913694476612,33.32331152009603,0.4418978608922219,-0.34189786089222185,11.975004820156002
2024-11-06,2024,311,0.1,0.8352896097158494,-0.7352896097158494,34.058601129811876,0.41743497832488796,-0.317434978324888,12.29243979848089
2024-11-07,2024,312,0,0.4034610388533959,-0.4034610388533959,34.46206216866527,0.49088660097954184,-0.49088660097954184,12.783326399460432
2024-11-08,2024,313,0,0.7383720606745995,-0.7383720606745995,35.20043422933987,0.5249730496839513,-0.5249730496839513,13.308299449144382
2024-11-09,2024,314,0,0.7521222341550685,-0.7521222341550685,35.952556463494936,0.36600911650444234,-0.36600911650444234,13.674308565648824
2024-11-10,2024,315,0,0.5551876691027385,-0.5551876691027385,36.50774413259767,0.39233193023111174,-0.39233193023111174,14.066640495879936
2024-11-11,2024,316,7.3,0.8736773700361067,6.426322629963893,30.08142150263378,0.4647363322948306,6.835263667705169,7.231376828174767
2024-11-12,2024,317,0.1,0.09350209712988944,0.006497902870110567,30.07492359976367,0.5100169123845757,-0.4100169123845757,7.641393740559343
2024-11-13,2024,318,0,0.27031296683713196,-0.27031296683713196,30.345236566600803,0.5556767029734048,-0.5556767029734048,8.197070443532747
2024-11-14,2024,319,0,0.4086128507728177,-0.4086128507728177,30.753849417373623,0.41763079890791077,-0.41763079890791077,8.614701242440658
2024-11-15,2024,320,0,0.08591028377030424,-0.08591028377030424,30.839759701143926,0.2416976028086911,-0.2416976028086911,8.856398845249348
2024-11-16,2024,321,0,0.37028367957391856,-0.37028367957391856,31.210043380717845,0.266125564178303,-0.266125564178303,9.122524409427651
2024-11-17,2024,322,0,0.4162428935836609,-0.4162428935836609,31.626286274301506,0.48936800897614335,-0.48936800897614335,9.611892418403794
2024-11-18,2024,323,2.8,0.2996781218504778,2.500321878149522,29.125964396151986,0.9104694717416197,1.88953052825838,7.7223618901454145
2024-11-19,2024,324,21.1,0.2905427701007112,20.80945722989929,8.316507166252695,0.9086269096147791,20.191373090385223,0
2024-11-20,2024,325,1.4,0.18856525066455693,1.211434749335443,7.105072416917252,0.5533755799313501,0.8466244200686498,0
2024-11-21,2024,326,30.9,-0.06329283290282413,30.963292832902823,0,0.3627394457533445,30.537260554246654,0
2024-11-22,2024,327,0,0.03611216785860264,-0.03611216785860264,0.03611216785860264,0.3868960824984506,-0.3868960824984506,0.3868960824984506
2024-11-23,2024,328,0,0.12501891866055867,-0.12501891866055867,0.1611310865191613,0.27233113031910833,-0.27233113031910833,0.6592272128175589
2024-11-24,2024,329,0,0.20685703162163624,-0.20685703162163624,0.36798811814079757,0.37859363898522314,-0.37859363898522314,1.037820851802782
2024-11-25,2024,330,11.7,0.6087367313309922,11.091263268669007,0,0.22757105528739957,11.4724289447126,0
2024-11-26,2024,331,0,0.3768738929838405,-0.3768738929838405,0.3768738929838405,0.16247189331085943,-0.16247189331085943,0.16247189331085943
2024-11-27,2024,332,5.4,0.19506020433190174,5.204939795668099,0,0.10812377398040493,5.291876226019595,0
2024-11-28,2024,333,2.3,-0.2005286597242536,2.5005286597242535,0,0.5010621053218891,1.7989378946781107,0
2024-11-29,2024,334,0,0.0338206127660591,-0.0338206127660591,0.0338206127660591,0.32822806452870507,-0.32822806452870507,0.32822806452870507
2024-11-30,2024,335,0,0.22624089969914726,-0.22624089969914726,0.26006151246520637,0.3589167077363357,-0.3589167077363357,0.6871447722650408
2024-12-01,2024,336,0.1,0.33566033404724294,-0.23566033404724293,0,0.24542752232663767,-0.14542752232663766,0
2024-12-02,2024,337,12.9,0.4038365202690187,12.496163479730981,0,0.34465755213493277,12.555342447865067,0
2024-12-03,2024,338,0.1,0.19251817044625924,-0.09251817044625923,0.09251817044625923,0.342045385124315,-0.24204538512431498,0.24204538512431498
2024-12-04,2024,339,0,-0.13515296408786565,0.13515296408786565,0,0.24726492953020007,-0.24726492953020007,0.489310314654515
2024-12-05,2024,340,10.5,0.029691799900192176,10.470308200099808,0,0.2192657327709019,10.280734267229098,0
2024-12-06,2024,341,0.1,-0.03798695654387229,0.1379869565438723,0,0.6818217357530918,-0.5818217357530918,0.5818217357530918
2024-12-07,2024,342,8.3,-0.1363388131020104,8.436338813102012,0,0.5079327446812831,7.792067255318718,0
2024-12-08,2024,343,0.2,0.06440890134271827,0.13559109865728175,0,0.3890283167281991,-0.1890283167281991,0.1890283167281991
2024-12-09,2024,344,0.7,0.002074519334835026,0.6979254806651649,0,0.49665091635964403,0.20334908364035592,0
2024-12-10,2024,345,0,0.0647545399199884,-0.0647545399199884,0.0647545399199884,0.6227691625647366,-0.6227691625647366,0.6227691625647366
2024-12-11,2024,346,0,0.03765440541911111,-0.03765440541911111,0.10240894533909951,0.5263338567549245,-0.5263338567549245,1.1491030193196612
2024-12-12,2024,347,0,0.11634622951757863,-0.11634622951757863,0.21875517485667814,0.4247113991482437,-0.4247113991482437,1.5738144184679048
2024-12-13,2024,348,0,0.19853597454384747,-0.19853597454384747,0.4172911494005256,0.2733957452754811,-0.2733957452754811,1.847210163743386
2024-12-14,2024,349,2.3,0.15997638309020606,2.1400236169097937,0,0.3644558376502754,1.9355441623497245,0
2024-12-15,2024,350,0,0.06281914813090791,-0.06281914813090791,0.06281914813090791,0.1183549213827279,-0.1183549213827279,0.1183549213827279
2024-12-16,2024,351,0,-0.15563153512139505,0.15563153512139505,0,0.05895535677879632,-0.05895535677879632,0.17731027816152423
2024-12-17,2024,352,0,-0.056568142684480814,0.056568142684480814,0,0.07376756389291247,-0.07376756389291247,0.25107784205443673
2024-12-18,2024,353,0,-0.09254992672660368,0.09254992672660368,0,0.2671353333316721,-0.2671353333316721,0.5182131753861088
2024-12-19,2024,354,12.7,-0.08731505890094234,12.787315058900942,0,0.45095678847181037,12.249043211528189,0
2024-12-20,2024,355,0,-0.32488354782560624,0.32488354782560624,0,0.2615745872795124,-0.2615745872795124,0.2615745872795124
2024-12-21,2024,356,9.1,0.3238417209946847,8.776158279005315,0,0.35442589538757185,8.745574104612428,0
2024-12-22,2024,357,19.4,-0.0600883974651569,19.460088397465157,0,0.5994635077282077,18.800536492271792,0
2024-12-23,2024,358,4.7,0.04570663718527978,4.6542933628147205,0,0.3340677060459445,4.365932293954056,0
2024-12-24,2024,359,0,0.3648763352837972,-0.3648763352837972,0.3648763352837972,0.07872643546500943,-0.07872643546500943,0.07872643546500943
2024-12-25,2024,360,0,0.053990774621848155,-0.053990774621848155,0.41886710990564535,0.064161565903717,-0.064161565903717,0.14288800136872642
2024-12-26,2024,361,0,0.10552719514370461,-0.10552719514370461,0.5243943050493499,0.20570671340444627,-0.20570671340444627,0.3485947147731727
2024-12-27,2024,362,0,0.36537625418865055,-0.36537625418865055,0.8897705592380005,0.19152892087931117,-0.19152892087931117,0.5401236356524839
2024-12-28,2024,363,0,0.3858577116346427,-0.3858577116346427,1.2756282708726432,0.16552944696190527,-0.16552944696190527,0.7056530826143892
2024-12-29,2024,364,0,0.4578830685141835,-0.4578830685141835,1.7335113393868267,0.12843907223293025,-0.12843907223293025,0.8340921548473195
2024-12-30,2024,365,0,0.37126350585702,-0.37126350585702,2.104774845243847,0.11671423319044208,-0.11671423319044208,0.9508063880377615
2024-12-31,2024,366,0,0.44319494146247274,-0.44319494146247274,2.54796978670632,0.06851668943303871,-0.06851668943303871,1.0193230774708002
2025-01-01,2025,1,0,0.30133864121743176,-0.30133864121743176,2.8493084279237517,0.028065422397475906,-0.028065422397475906,1.047388499868276
2025-01-02,2025,2,15.2,-0.07236512248173371,15.272365122481734,0,0.7166687404665808,14.483331259533418,0
2025-01-03,2025,3,0,-0.07747334268000003,0.07747334268000003,0,0.05839768219402496,-0.05839768219402496,0.05839768219402496
2025-01-04,2025,4,13.3,0.08077234839620838,13.219227651603793,0,0.23559684175982568,13.064403158240175,0
2025-01-05,2025,5,0.9,0.3707048499374121,0.529295150062588,0,0.21956015320396885,0.6804398467960312,0
2025-01-06,2025,6,14.9,0.134941869867764,14.765058130132237,0,0.43377231174224223,14.466227688257758,0
2025-01-07,2025,7,2.6,-0.333880427495399,2.933880427495399,0,0.6576383408724117,1.9423616591275885,0
2025-01-08,2025,8,4.7,0.06705521474155882,4.6329447852584416,0,0.6851937463477371,4.014806253652263,0
2025-01-09,2025,9,3.7,-0.05865778134891587,3.758657781348916,0,0.7981777835056417,2.9018222164943586,0
2025-01-10,2025,10,0.6,0.048730926070410484,0.5512690739295895,0,0.3986500873542138,0.20134991264578617,0
2025-01-11,2025,11,0,-0.09417027503704342,0.09417027503704342,0,0.27699551109698994,-0.27699551109698994,0.27699551109698994
2025-01-12,2025,12,0,-0.21075295641574296,0.21075295641574296,0,0.45093572418104105,-0.45093572418104105,0.7279312352780309
2025-01-13,2025,13,0,-0.2594893808886102,0.2594893808886102,0,0.43295808041317035,-0.43295808041317035,1.1608893156912012
2025-01-14,2025,14,0,-0.23546536584250932,0.23546536584250932,0,0.22145399091642834,-0.22145399091642834,1.3823433066076296
2025-01-15,2025,15,0,0.3851571559130318,-0.3851571559130318,0.3851571559130318,0.3569494904599342,-0.3569494904599342,1.7392927970675638
2025-01-16,2025,16,0,0.1993721079724787,-0.1993721079724787,0.5845292638855105,0.5369690604301062,-0.5369690604301062,2.27626185749767
2025-01-17,2025,17,0,0.38900685443174243,-0.38900685443174243,0.973536118317253,0.38091124515061336,-0.38091124515061336,2.6571731026482834
2025-01-18,2025,18,0,0.08135992272747918,-0.08135992272747918,1.0548960410447321,0.2820210666267721,-0.2820210666267721,2.9391941692750554
2025-01-19,2025,19,0,0.22220978047757267,-0.22220978047757267,1.2771058215223048,0.21304898993924368,-0.21304898993924368,3.152243159214299
2025-01-20,2025,20,0,0.4884028262350065,-0.4884028262350065,1.7655086477573114,0.1576114113126841,-0.1576114113126841,3.309854570526983
2025-01-21,2025,21,0,0.5748630031492603,-0.5748630031492603,2.3403716509065715,0.18230393985398416,-0.18230393985398416,3.492158510380967
2025-01-22,2025,22,3.8,0.1341302365533263,3.6658697634466737,0,0.3104871077831312,3.4895128922168688,0.0026456181640983623
2025-01-23,2025,23,3.2,0.21350643294190075,2.9864935670580994,0,0.36888407112455296,2.8311159288754473,0
2025-01-24,2025,24,0,0.10367278790182671,-0.10367278790182671,0.10367278790182671,0.4615167270262078,-0.4615167270262078,0.4615167270262078
2025-01-25,2025,25,2.7,0.5142364429371581,2.185763557062842,0,0.6709738786074159,2.0290261213925844,0
2025-01-26,2025,26,3.4,0.5625990348855707,2.837400965114429,0,0.8753514092974927,2.5246485907025074,0
2025-01-27,2025,27,47.8,0.22179571238554546,47.578204287614454,0,0.5391539461702509,47.260846053829745,0
2025-01-28,2025,28,1,0.3958051977544288,0.6041948022455712,0,0.8328699813750999,0.16713001862490007,0
2025-01-29,2025,29,0,0.39663992012025506,-0.39663992012025506,0.39663992012025506,0.9535193621325969,-0.9535193621325969,0.9535193621325969
2025-01-30,2025,30,2.2,0.4284821479889554,1.7715178520110448,0,0.497675426319503,1.7023245736804973,0
2025-01-31,2025,31,0.4,0.30058981196122225,0.09941018803877777,0,0.4718834627956341,-0.07188346279563407,0.07188346279563407
2025-02-01,2025,32,0,0.3151796234419652,-0.3151796234419652,0.3151796234419652,0.5553601159380896,-0.5553601159380896,0.6272435787337237
2025-02-02,2025,33,0,0.4051353953930483,-0.4051353953930483,0.7203150188350136,0.4693327905162154,-0.4693327905162154,1.096576369249939
2025-02-03,2025,34,0,0.42472261528741445,-0.42472261528741445,1.145037634122428,0.42286522179040853,-0.42286522179040853,1.5194415910403476
2025-02-04,2025,35,0,0.4854225886964204,-0.4854225886964204,1.6304602228188485,0.4133978657517538,-0.4133978657517538,1.9328394567921015
2025-02-05,2025,36,0,0.3620447433822538,-0.3620447433822538,1.9925049662011023,0.4419827978772129,-0.4419827978772129,2.3748222546693145
2025-02-06,2025,37,0,0.15018596471218498,-0.15018596471218498,2.1426909309132873,0.6211975387260261,-0.6211975387260261,2.9960197933953405
2025-02-07,2025,38,0,0.1890801458550564,-0.1890801458550564,2.3317710767683435,0.44608786429216885,-0.44608786429216885,3.4421076576875094
2025-02-08,2025,39,0,0.23445618566804285,-0.23445618566804285,2.5662272624363864,0.4574791131990567,-0.4574791131990567,3.899586770886566
2025-02-09,2025,40,0,0.8094230460798417,-0.8094230460798417,3.375650308516228,0.5432989939697686,-0.5432989939697686,4.442885764856334
2025-02-10,2025,41,3,0.597582671487441,2.402417328512559,0.9732329800036688,0.5150269164897262,2.484973083510274,1.9579126813460603
2025-02-11,2025,42,7.6,0.46446496443404756,7.135535035565952,0,0.4961117600623979,7.103888239937602,0
2025-02-12,2025,43,2.3,0.606866890989785,1.6931331090102149,0,0.5452671235813106,1.7547328764186894,0
2025-02-13,2025,44,13.2,0.05443205338341742,13.145567946616582,0,0.5306802740239543,12.669319725976045,0
2025-02-14,2025,45,0,0.2932470413064023,-0.2932470413064023,0.2932470413064023,0.6065148946524452,-0.6065148946524452,0.6065148946524452
2025-02-15,2025,46,0,0.875389524425258,-0.875389524425258,1.1686365657316602,0.7280728815016486,-0.7280728815016486,1.3345877761540939
2025-02-16,2025,47,0,0.4576941082802443,-0.4576941082802443,1.6263306740119046,0.6481487531355882,-0.6481487531355882,1.982736529289682
2025-02-17,2025,48,0,0.3107723729141181,-0.3107723729141181,1.9371030469260226,0.5283561517035604,-0.5283561517035604,2.5110926809932423
2025-02-18,2025,49,0,0.4529278047729368,-0.4529278047729368,2.3900308516989597,0.6180338046922653,-0.6180338046922653,3.1291264856855077
2025-02-19,2025,50,0,0.6722805643706318,-0.6722805643706318,3.0623114160695915,0.6129247118685067,-0.6129247118685067,3.7420511975540145
2025-02-20,2025,51,0.8,0.7616172620261615,0.03838273797383851,3.023928678095753,0.7038988909194861,0.09610110908051395,3.6459500884735005
2025-02-21,2025,52,0,0.8386613579746759,-0.8386613579746759,3.862590036070429,0.8154657894558976,-0.8154657894558976,4.461415877929398
2025-02-22,2025,53,0.3,0.5286880424630188,-0.22868804246301883,4.091278078533447,0.7388560716978204,-0.4388560716978204,4.900271949627219
2025-02-23,2025,54,1,0.6251779127437728,0.37482208725622723,3.71645599127722,0.6710257012853429,0.3289742987146571,4.571297650912562
2025-02-24,2025,55,0,0.597723084726931,-0.597723084726931,4.314179076004152,0.7765845045668957,-0.7765845045668957,5.347882155479457
2025-02-25,2025,56,1.8,0.4279815194216472,1.3720184805783529,2.9421605954257988,0.9842990270345428,0.8157009729654573,4.532181182514
2025-02-26,2025,57,0.6,0.2474612921360168,0.35253870786398317,2.5896218875618158,0.9024018676218855,-0.3024018676218855,4.834583050135885
2025-02-27,2025,58,0.8,0.30924904326912167,0.4907509567308784,2.0988709308309375,0.614311010150856,0.18568898984914406,4.648894060286741
2025-02-28,2025,59,0,1.1329544865232535,-1.1329544865232535,3.231825417354191,1.0018599260132106,-1.0018599260132106,5.650753986299952
2025-03-01,2025,60,0,0.009984851306481196,-0.009984851306481196,3.241810268660672,0.8642478553209765,-0.8642478553209765,6.515001841620928
2025-03-02,2025,61,0,0.3329155641470766,-0.3329155641470766,3.5747258328077485,0.8059593036435759,-0.8059593036435759,7.320961145264504
2025-03-03,2025,62,0,1.1752588237899442,-1.1752588237899442,4.749984656597693,1.1868738416610587,-1.1868738416610587,8.507834986925563
2025-03-04,2025,63,0,1.216294354444751,-1.216294354444751,5.966279011042444,1.299227724667436,-1.299227724667436,9.807062711592998
2025-03-05,2025,64,0,1.3263942603923404,-1.3263942603923404,7.292673271434785,1.4243272982706578,-1.4243272982706578,11.231390009863656
2025-03-06,2025,65,0,1.401570773877783,-1.401570773877783,8.694244045312567,1.4980413766217358,-1.4980413766217358,12.729431386485391
2025-03-07,2025,66,0,1.433204060686203,-1.433204060686203,10.12744810599877,1.5104313733281214,-1.5104313733281214,14.239862759813512
2025-03-08,2025,67,0,1.5555692639564869,-1.5555692639564869,11.683017369955257,1.7428773847270582,-1.7428773847270582,15.982740144540571
2025-03-09,2025,68,0,1.8442885656574588,-1.8442885656574588,13.527305935612716,1.700138731886865,-1.700138731886865,17.682878876427438
2025-03-10,2025,69,0,1.3149745554468342,-1.3149745554468342,14.842280491059551,1.6602186588502228,-1.6602186588502228,19.34309753527766
2025-03-11,2025,70,1.8,1.7384891764488628,0.06151082355113724,14.780769667508414,1.430263644139319,0.369736355860681,18.97336117941698
2025-03-12,2025,71,7.4,0.7912151718432883,6.608784828156712,8.171984839351701,0.809868364213042,6.590131635786959,12.383229543630021
2025-03-13,2025,72,0.3,2.2658337802012007,-1.9658337802012007,10.137818619552903,1.7900922035095017,-1.4900922035095017,13.873321747139522
2025-03-14,2025,73,0.1,1.3601526446749654,-1.2601526446749653,11.397971264227868,1.309068515943403,-1.209068515943403,15.082390263082925
2025-03-15,2025,74,1.9,0.20647568435942798,1.693524315640572,9.704446948587297,0.6436509660345017,1.2563490339654981,13.826041229117426
2025-03-16,2025,75,3,0.7227469719717476,2.2772530280282526,7.427193920559044,0.7093091055077818,2.290690894492218,11.535350334625207
2025-03-17,2025,76,0,0.37456671062377295,-0.37456671062377295,7.801760631182817,1.0480784638217053,-1.0480784638217053,12.583428798446912
2025-03-18,2025,77,0,1.7903415977531731,-1.7903415977531731,9.59210222893599,1.7310729224018453,-1.7310729224018453,14.314501720848757
2025-03-19,2025,78,0,2.0499685527051494,-2.0499685527051494,11.64207078164114,1.8302910011635523,-1.8302910011635523,16.14479272201231
2025-03-20,2025,79,0,2.336301427894894,-2.336301427894894,13.978372209536033,2.011509004455813,-2.011509004455813,18.156301726468122
2025-03-21,2025,80,0,1.6560769244642204,-1.6560769244642204,15.634449134000253,1.7971981627098461,-1.7971981627098461,19.95349988917797
2025-03-22,2025,81,1.5,1.7043678005629184,-0.20436780056291837,15.838816934563171,1.9074690537287173,-0.40746905372871733,20.360968942906688
2025-03-23,2025,82,0.5,1.9293665434492893,-1.4293665434492893,17.26818347801246,1.867420718996854,-1.367420718996854,21.72838966190354
2025-03-24,2025,83,0.1,1.8489689066570025,-1.7489689066570024,19.017152384669462,1.7781949256148675,-1.6781949256148674,23.40658458751841
2025-03-25,2025,84,0.9,1.2795936712847211,-0.3795936712847211,19.396746055954182,1.3696604271252515,-0.46966042712525147,23.87624501464366
2025-03-26,2025,85,0,1.5972144523744147,-1.5972144523744147,20.9939605083286,1.5758742741569098,-1.5758742741569098,25.45211928880057
2025-03-27,2025,86,0,0.8534299432672924,-0.8534299432672924,21.847390451595892,1.3190305860829687,-1.3190305860829687,26.77114987488354
2025-03-28,2025,87,0.1,1.9179655727348428,-1.8179655727348427,23.665356024330734,1.6842495498101024,-1.5842495498101024,28.355399424693644
2025-03-29,2025,88,4.3,1.0887627306102992,3.2112372693897004,20.454118754941035,1.0681363501728638,3.231863649827136,25.123535774866507
2025-03-30,2025,89,0,2.5141719065544006,-2.5141719065544006,22.968290661495438,2.32459665235992,-2.32459665235992,27.448132427226426
2025-03-31,2025,90,0,2.5362593660133137,-2.5362593660133137,25.504550027508753,2.567917706299141,-2.567917706299141,30.016050133525567
2025-04-01,2025,91,0,1.214155332471596,-1.214155332471596,26.718705359980348,2.241403800215846,-2.241403800215846,32.25745393374142
2025-04-02,2025,92,0,2.500479620001758,-2.500479620001758,29.219184979982106,2.451534539188027,-2.451534539188027,34.70898847292944
2025-04-03,2025,93,0,2.7818117833498226,-2.7818117833498226,32.000996763331926,2.8335008688413112,-2.8335008688413112,37.542489341770754
2025-04-04,2025,94,0,3.0291649196125334,-3.0291649196125334,35.03016168294446,2.923718105890976,-2.923718105890976,40.46620744766173
2025-04-05,2025,95,0,3.0997024783171963,-3.0997024783171963,38.12986416126166,3.150357867746087,-3.150357867746087,43.61656531540782
2025-04-06,2025,96,0,2.7163330104050845,-2.7163330104050845,40.846197171666745,3.4715038709282537,-3.4715038709282537,47.08806918633607
2025-04-07,2025,97,0,2.623492313800653,-2.623492313800653,43.4696894854674,3.311641135296657,-3.311641135296657,50.399710321632725
2025-04-08,2025,98,0,2.8142475136003013,-2.8142475136003013,46.2839369990677,2.9112005028568797,-2.9112005028568797,53.3109108244896
2025-04-09,2025,99,0,2.9980362196801185,-2.9980362196801185,49.281973218747815,3.053343193562271,-3.053343193562271,56.364254018051874
2025-04-10,2025,100,0,3.025606886946915,-3.025606886946915,52.30758010569473,3.3277804145651957,-3.3277804145651957,59.69203443261707
2025-04-11,2025,101,0,3.2865726675942253,-3.2865726675942253,55.59415277328896,3.3348315654321454,-3.3348315654321454,63.02686599804922
2025-04-12,2025,102,1.5,2.340939430389496,-0.8409394303894961,56.43509220367846,2.5152347129216506,-1.0152347129216506,64.04210071097087
2025-04-13,2025,103,9,1.9346171516122488,7.065382848387751,49.36970935529071,1.7270120486874687,7.2729879513125315,56.76911275965834
2025-04-14,2025,104,0.1,3.6764568060472853,-3.576456806047285,52.94616616133799,2.798880601549953,-2.698880601549953,59.46799336120829
2025-04-15,2025,105,4.9,1.990997154946445,2.909002845053555,50.037163316284435,1.8505459519760454,3.049454048023955,56.41853931318434
2025-04-16,2025,106,20.2,0.9084212282602723,19.291578771739726,30.74558454454471,1.0480826076549064,19.151917392345094,37.26662192083924
2025-04-17,2025,107,2.8,1.0633520064894562,1.7366479935105437,29.008936551034164,0.9831347314990274,1.8168652685009725,35.449756652338266
2025-04-18,2025,108,0,2.0970279591830217,-2.0970279591830217,31.105964510217184,2.0765938223215152,-2.0765938223215152,37.52635047465978
2025-04-19,2025,109,0,3.3837839137283288,-3.3837839137283288,34.489748423945514,3.0164455334501237,-3.0164455334501237,40.5427960081099
2025-04-20,2025,110,5,1.7246933091064187,3.275306690893581,31.214441733051935,1.8812151090863,3.1187848909137,37.4240111171962
2025-04-21,2025,111,0.2,2.94242040655473,-2.74242040655473,33.95686213960666,2.4515859753987552,-2.251585975398755,39.675597092594955
2025-04-22,2025,112,0,3.9324649793741933,-3.9324649793741933,37.88932711898086,3.3166203098335227,-3.3166203098335227,42.99221740242848
2025-04-23,2025,113,2.1,2.0397779418110473,0.060222058188952765,37.8291050607919,2.060355648249784,0.03964435175021608,42.95257305067826
2025-04-24,2025,114,1,1.8278813439319133,-0.8278813439319133,38.65698640472382,1.7878920420263176,-0.7878920420263176,43.740465092704575
2025-04-25,2025,115,0.8,1.3015529269982982,-0.5015529269982981,39.15853933172212,1.541589381206419,-0.7415893812064189,44.48205447391099
2025-04-26,2025,116,0,3.6740796107438882,-3.6740796107438882,42.832618942466006,2.7176870566350866,-2.7176870566350866,47.19974153054608
2025-04-27,2025,117,0,4.3447174251051575,-4.3447174251051575,47.177336367571165,3.3975780017434567,-3.3975780017434567,50.59731953228953
2025-04-28,2025,118,0,4.630322048085444,-4.630322048085444,51.80765841565661,3.8388863603572285,-3.8388863603572285,54.43620589264676
2025-04-29,2025,119,0,4.506997385180929,-4.506997385180929,56.31465580083754,4.043825313376472,-4.043825313376472,58.480031206023234
2025-04-30,2025,120,0,4.703891491584223,-4.703891491584223,61.018547292421765,4.28177578947944,-4.28177578947944,62.761806995502674
2025-05-01,2025,121,0,4.832470607481358,-4.832470607481358,65.85101789990313,4.371955262777415,-4.371955262777415,67.13376225828009
2025-05-02,2025,122,3.6,4.843030893959955,-1.2430308939599546,67.09404879386308,4.390907684334304,-0.7909076843343041,67.92466994261439
2025-05-03,2025,123,0.5,3.8070738440687744,-3.3070738440687744,70.40112263793185,3.3662088008449222,-2.8662088008449222,70.7908787434593
2025-05-04,2025,124,29.9,1.254534931689315,28.645465068310685,41.755657569621164,1.4212832535674242,28.478716746432575,42.31216199702673
2025-05-05,2025,125,5.1,1.245500328976244,3.8544996710237553,37.90115789859741,1.0471039308843535,4.052896069115646,38.25926592791108
2025-05-06,2025,126,0,1.0466712853922506,-1.0466712853922506,38.94782918398966,1.2616042301370454,-1.2616042301370454,39.520870158048126
2025-05-07,2025,127,0,0.7942523861399401,-0.7942523861399401,39.7420815701296,1.3294879447660684,-1.3294879447660684,40.8503581028142
2025-05-08,2025,128,0,2.0303394236292136,-2.0303394236292136,41.772420993758814,2.2039950189619826,-2.2039950189619826,43.05435312177618
2025-05-09,2025,129,0,3.1663741732124806,-3.1663741732124806,44.938795166971296,2.6791955755622867,-2.6791955755622867,45.73354869733847
2025-05-10,2025,130,0,4.560766556528775,-4.560766556528775,49.49956172350007,3.8337456600652584,-3.8337456600652584,49.56729435740373
2025-05-11,2025,131,0.7,5.2460795756118355,-4.546079575611835,54.04564129911191,4.523610794199678,-3.823610794199678,53.39090515160341
2025-05-12,2025,132,14.3,1.4295586376840284,12.870441362315972,41.175199936795934,1.429581620131614,12.870418379868386,40.52048677173502
2025-05-13,2025,133,0,4.33008095785428,-4.33008095785428,45.50528089465021,3.488321124597381,-3.488321124597381,44.00880789633241
2025-05-14,2025,134,0,4.906969072622339,-4.906969072622339,50.41224996727255,4.366865497835867,-4.366865497835867,48.375673394168274
2025-05-15,2025,135,0,4.2643875679991,-4.2643875679991,54.67663753527165,4.663701507366171,-4.663701507366171,53.039374901534444
2025-05-16,2025,136,0,4.6718193503388035,-4.6718193503388035,59.34845688561045,4.584841091728717,-4.584841091728717,57.624215993263164
2025-05-17,2025,137,0,4.527364981757311,-4.527364981757311,63.87582186736776,3.9973954904528335,-3.9973954904528335,61.621611483715995
2025-05-18,2025,138,0,5.07508500117501,-5.07508500117501,68.95090686854277,4.463173293483083,-4.463173293483083,66.08478477719908
2025-05-19,2025,139,8.2,4.5482958643949045,3.6517041356050948,65.29920273293767,4.052008446088776,4.147991553911223,61.93679322328785
2025-05-20,2025,140,0.2,3.0833558913757626,-2.8833558913757624,68.18255862431343,2.470680150908249,-2.270680150908249,64.2074733741961
2025-05-21,2025,141,15.9,2.2326250192744497,13.667374980725551,54.515183643587875,2.024394008775668,13.875605991224333,50.331867382971765
2025-05-22,2025,142,13.7,1.1614487473940074,12.538551252605991,41.976632390981884,1.2511446298326647,12.448855370167335,37.88301201280443
2025-05-23,2025,143,0.3,2.4801741083418367,-2.180174108341837,44.15680649932372,2.349399678819534,-2.049399678819534,39.93241169162396
2025-05-24,2025,144,0.1,4.946478058264871,-4.846478058264871,49.00328455758859,3.8981027260257113,-3.798102726025711,43.73051441764967
2025-05-25,2025,145,0.4,2.5948412678251205,-2.1948412678251206,51.19812582541371,2.5875968450580675,-2.1875968450580676,45.91811126270774
2025-05-26,2025,146,0,3.403655748533128,-3.403655748533128,54.60178157394684,3.0470927060013113,-3.0470927060013113,48.96520396870905
2025-05-27,2025,147,0,4.486450995339654,-4.486450995339654,59.08823256928649,3.828557371008063,-3.828557371008063,52.79376133971711
2025-05-28,2025,148,6.8,1.1539526961475128,5.646047303852487,53.442185265434006,1.6998396330044943,5.100160366995506,47.693600972721605
2025-05-29,2025,149,0,5.286314519136125,-5.286314519136125,58.72849978457013,4.373919732381252,-4.373919732381252,52.06752070510286
2025-05-30,2025,150,0,5.89715276131947,-5.89715276131947,64.62565254588961,5.260761544268024,-5.260761544268024,57.32828224937088
2025-05-31,2025,151,1.1,6.361231422434147,-5.261231422434147,69.88688396832376,5.485375158428191,-4.385375158428191,61.71365740779907
2025-06-01,2025,152,6.1,4.921198552479847,1.1788014475201525,68.7080825208036,4.550562510208602,1.5494374897913978,60.164219918007674
2025-06-02,2025,153,5.8,2.913096333830162,2.8869036661698377,65.82117885463376,2.4839011714900576,3.316098828509942,56.84812108949773
2025-06-03,2025,154,0.4,4.5200150510765,-4.1200150510765,69.94119390571026,3.717277304734518,-3.317277304734518,60.16539839423225
2025-06-04,2025,155,7.7,2.5079972710275884,5.192002728972412,64.74919117673785,2.3210850552437434,5.378914944756257,54.786483449475995
2025-06-05,2025,156,0.1,3.6602751771957673,-3.5602751771957672,68.30946635393362,3.2169351073995913,-3.1169351073995912,57.903418556875586
2025-06-06,2025,157,27.4,3.76348322871261,23.63651677128739,44.672949582646226,3.500645963221591,23.89935403677841,34.004064520097174
2025-06-07,2025,158,1.2,2.4193406290568458,-1.2193406290568458,45.89229021170307,2.1778196442099693,-0.9778196442099694,34.98188416430715
2025-06-08,2025,159,0,3.8987364973386343,-3.8987364973386343,49.7910267090417,3.7960408444338847,-3.7960408444338847,38.77792500874103
2025-06-09,2025,160,0,5.088588702856785,-5.088588702856785,54.879615411898484,4.610116516750692,-4.610116516750692,43.38804152549172
2025-06-10,2025,161,0,4.794144291463413,-4.794144291463413,59.673759703361895,4.524451833736187,-4.524451833736187,47.91249335922791
2025-06-11,2025,162,0,5.643682707235616,-5.643682707235616,65.31744241059751,5.222368917844947,-5.222368917844947,53.134862277072855
2025-06-12,2025,163,0,6.135090689565802,-6.135090689565802,71.45253310016331,5.4725662913630835,-5.4725662913630835,58.607428568435935
2025-06-13,2025,164,0,6.700048784957831,-6.700048784957831,78.15258188512114,5.8156441038860915,-5.8156441038860915,64.42307267232202
2025-06-14,2025,165,0,6.206888125621592,-6.206888125621592,84.35947001074273,5.968784136689637,-5.968784136689637,70.39185680901166
2025-06-15,2025,166,0,4.393247015157957,-4.393247015157957,88.75271702590068,4.440569689513632,-4.440569689513632,74.8324264985253
2025-06-16,2025,167,0,5.71807140437535,-5.71807140437535,94.47078843027603,4.797710118580105,-4.797710118580105,79.63013661710539
2025-06-17,2025,168,0,5.941575994991955,-5.941575994991955,100.41236442526798,5.60367848407183,-5.60367848407183,85.23381510117723
2025-06-18,2025,169,0,6.105145691175442,-6.105145691175442,106.51751011644342,5.578875946359195,-5.578875946359195,90.81269104753642
2025-06-19,2025,170,0,6.359227209445335,-6.359227209445335,112.87673732588875,5.999568942719758,-5.999568942719758,96.81225999025618
2025-06-20,2025,171,0,6.367496441254402,-6.367496441254402,119.24423376714316,6.275254983719182,-6.275254983719182,103.08751497397536
2025-06-21,2025,172,0,4.561812804024788,-4.561812804024788,123.80604657116794,4.771100833424609,-4.771100833424609,107.85861580739997
2025-06-22,2025,173,0,6.572285147872268,-6.572285147872268,130.3783317190402,6.088796164798742,-6.088796164798742,113.94741197219871
2025-06-23,2025,174,0.1,5.120720677050412,-5.020720677050412,135.3990523960906,5.394047346163704,-5.294047346163705,119.24145931836242
2025-06-24,2025,175,0,6.420588640984893,-6.420588640984893,141.8196410370755,5.996235534383907,-5.996235534383907,125.23769485274633
2025-06-25,2025,176,4.6,6.315408585071743,-1.715408585071743,143.53504962214726,6.079440618253381,-1.4794406182533812,126.71713547099971
2025-06-26,2025,177,0,5.420921953980384,-5.420921953980384,148.95597157612764,4.979035385874778,-4.979035385874778,131.6961708568745
2025-06-27,2025,178,0,5.958348210432487,-5.958348210432487,154.91431978656013,5.375233726603541,-5.375233726603541,137.07140458347803
2025-06-28,2025,179,0,6.721852860334057,-6.721852860334057,161.63617264689418,6.181047859292143,-6.181047859292143,143.25245244277016
2025-06-29,2025,180,0,6.8976984711297895,-6.8976984711297895,168.53387111802397,6.5460091475952655,-6.5460091475952655,149.79846159036543
2025-06-30,2025,181,0,5.379132827005248,-5.379132827005248,173.9130039450292,5.415850449723514,-5.415850449723514,155.21431204008894
2025-07-01,2025,182,0,6.424133712853508,-6.424133712853508,180.33713765788272,6.5870887691253275,-6.5870887691253275,161.80140080921427
2025-07-02,2025,183,0,6.790191190014474,-6.790191190014474,187.1273288478972,7.251444313706978,-7.251444313706978,169.05284512292124
2025-07-03,2025,184,0,5.809969565191442,-5.809969565191442,192.93729841308863,6.122618763680908,-6.122618763680908,175.17546388660216
2025-07-04,2025,185,0,5.096474266925629,-5.096474266925629,198.03377268001427,5.042034221688794,-5.042034221688794,180.21749810829095
2025-07-05,2025,186,0,6.070953250225856,-6.070953250225856,204.10472593024014,5.950674552097381,-5.950674552097381,186.16817266038834
2025-07-06,2025,187,6.3,2.1388788499187594,4.16112115008124,199.9436047801589,3.2110667660426593,3.0889332339573405,183.079239426431
2025-07-07,2025,188,9.2,2.9039991069175364,6.2960008930824625,193.64760388707643,2.381908066528141,6.818091933471859,176.26114749295914
2025-07-08,2025,189,0.9,3.099098575528294,-2.199098575528294,195.84670246260472,2.8143350178290873,-1.9143350178290874,178.1754825107882
2025-07-09,2025,190,0,5.561142538210188,-5.561142538210188,201.40784500081492,4.9441330539697645,-4.9441330539697645,183.11961556475796
2025-07-10,2025,191,0,5.703128907125069,-5.703128907125069,207.11097390793998,5.295923077214817,-5.295923077214817,188.41553864197277
2025-07-11,2025,192,0,5.880484615112809,-5.880484615112809,212.99145852305278,5.555043683729063,-5.555043683729063,193.97058232570183
2025-07-12,2025,193,0,6.074183298185531,-6.074183298185531,219.06564182123833,5.76505190532867,-5.76505190532867,199.7356342310305
2025-07-13,2025,194,26.9,4.74460975095965,22.155390249040348,196.91025157219798,4.617697545878895,22.282302454121105,177.4533317769094
2025-07-14,2025,195,9.4,5.088935014667495,4.311064985332505,192.59918658686547,4.7317780131358935,4.668221986864107,172.7851097900453
2025-07-15,2025,196,4.8,4.993984077363973,-0.19398407736397338,192.79317066422945,4.497059797966593,0.30294020203340644,172.4821695880119
2025-07-16,2025,197,0.4,3.518832681770176,-3.118832681770176,195.91200334599964,4.03543859417369,-3.63543859417369,176.1176081821856
2025-07-17,2025,198,0,5.642994287362914,-5.642994287362914,201.55499763336255,4.848790827810868,-4.848790827810868,180.96639900999645
2025-07-18,2025,199,0,5.790699836122023,-5.790699836122023,207.34569746948458,5.273818068549008,-5.273818068549008,186.24021707854547
2025-07-19,2025,200,5.6,3.1087664162947672,2.4912335837052324,204.85446388577935,3.1990906498625304,2.400909350137469,183.839307728408
2025-07-20,2025,201,8,5.310574095112936,2.689425904887064,202.1650379808923,4.391704825693887,3.6082951743061127,180.23101255410188
2025-07-21,2025,202,1.7,3.7429440288718667,-2.042944028871867,204.20798200976415,3.5513180217390583,-1.8513180217390584,182.08233057584093
2025-07-22,2025,203,0,5.665505774141788,-5.665505774141788,209.87348778390594,4.781868526390361,-4.781868526390361,186.86419910223128
2025-07-23,2025,204,1.7,4.811548865640898,-3.1115488656408976,212.98503664954683,4.313521587759473,-2.6135215877594726,189.47772068999075
2025-07-24,2025,205,18.8,2.959222965922769,15.840777034077231,197.1442596154696,2.536003509517971,16.26399649048203,173.2137241995087
2025-07-25,2025,206,13.8,3.213818709867153,10.586181290132847,186.55807832533674,2.68600602213208,11.11399397786792,162.09973022164078
2025-07-26,2025,207,9.1,2.6078224257187683,6.492177574281231,180.0659007510555,2.331739116004283,6.768260883995717,155.33146933764507
2025-07-27,2025,208,13.4,3.364970417359139,10.035029582640862,170.03087116841462,2.7787206003820986,10.621279399617901,144.71018993802718
2025-07-28,2025,209,0.3,1.3852096483713252,-1.0852096483713252,171.11608081678594,1.6019866643213483,-1.3019866643213482,146.01217660234855
2025-07-29,2025,210,0,4.131603215192535,-4.131603215192535,175.24768403197848,3.652751721551536,-3.652751721551536,149.66492832390009
2025-07-30,2025,211,0.6,3.1941104418772843,-2.5941104418772842,177.84179447385577,3.235802953155955,-2.635802953155955,152.30073127705603
2025-07-31,2025,212,0,4.733308764181818,-4.733308764181818,182.5751032380376,4.011614990427165,-4.011614990427165,156.3123462674832
2025-08-01,2025,213,9.6,4.374264462903855,5.225735537096145,177.34936770094146,4.287050991839295,5.312949008160705,150.9993972593225
2025-08-02,2025,214,8.4,2.522955223763488,5.877044776236513,171.47232292470494,2.269796939758735,6.130203060241265,144.86919419908125
2025-08-03,2025,215,0,4.093038579358928,-4.093038579358928,175.56536150406387,3.518273742800255,-3.518273742800255,148.3874679418815
2025-08-04,2025,216,0,4.387401763387819,-4.387401763387819,179.9527632674517,4.074823935134614,-4.074823935134614,152.46229187701613
2025-08-05,2025,217,0,4.534085445668551,-4.534085445668551,184.48684871312025,4.55163514702818,-4.55163514702818,157.0139270240443
2025-08-06,2025,218,0,3.606370370929842,-3.606370370929842,188.0932190840501,4.041311231796959,-4.041311231796959,161.05523825584126
2025-08-07,2025,219,0,5.154818306777717,-5.154818306777717,193.24803739082782,4.747038859678021,-4.747038859678021,165.80227711551927
2025-08-08,2025,220,0,5.173122823200445,-5.173122823200445,198.42116021402828,5.225348895514299,-5.225348895514299,171.02762601103356
2025-08-09,2025,221,0,5.3339371116272885,-5.3339371116272885,203.75509732565556,5.180536730249288,-5.180536730249288,176.20816274128285
2025-08-10,2025,222,0,5.257428720097431,-5.257428720097431,209.012526045753,5.590939428092043,-5.590939428092043,181.7991021693749
2025-08-11,2025,223,0,5.275948451655484,-5.275948451655484,214.2884744974085,5.408978323622851,-5.408978323622851,187.20808049299774
2025-08-12,2025,224,0,5.029968243234832,-5.029968243234832,219.31844274064332,5.1367316300265005,-5.1367316300265005,192.34481212302424
2025-08-13,2025,225,0,4.5869788044766695,-4.5869788044766695,223.90542154512,5.778100800264682,-5.778100800264682,198.12291292328894
2025-08-14,2025,226,0,5.063455598612781,-5.063455598612781,228.96887714373278,5.471564833626794,-5.471564833626794,203.59447775691572
2025-08-15,2025,227,0,4.7593008159190004,-4.7593008159190004,233.7281779596518,5.0363572654477125,-5.0363572654477125,208.63083502236344
2025-08-16,2025,228,21.6,4.202159445836106,17.397840554163896,216.33033740548788,4.108822365838093,17.491177634161907,191.13965738820153
2025-08-17,2025,229,0,4.599452818466837,-4.599452818466837,220.9297902239547,4.503885269564578,-4.503885269564578,195.64354265776612
2025-08-18,2025,230,0,4.738308244889757,-4.738308244889757,225.66809846884448,4.708868154457775,-4.708868154457775,200.3524108122239
2025-08-19,2025,231,1.6,3.582607150325164,-1.982607150325164,227.65070561916963,3.614433340894874,-2.014433340894874,202.36684415311876
2025-08-20,2025,232,32.2,1.7925359652357424,30.40746403476426,197.24324158440538,1.7871257085852827,30.41287429141472,171.95396986170405
2025-08-21,2025,233,16.1,1.5065954233856138,14.593404576614388,182.649837007791,1.4303477717291637,14.669652228270838,157.2843176334332
2025-08-22,2025,234,0,3.844816565866375,-3.844816565866375,186.4946535736574,3.22482796475488,-3.22482796475488,160.50914559818807
2025-08-23,2025,235,0,3.789510132263607,-3.789510132263607,190.284163705921,3.420726985883888,-3.420726985883888,163.92987258407194
2025-08-24,2025,236,0,4.012538943272421,-4.012538943272421,194.29670264919343,3.683631559527279,-3.683631559527279,167.61350414359922
2025-08-25,2025,237,0,4.08338351045849,-4.08338351045849,198.38008615965194,3.668811516937169,-3.668811516937169,171.2823156605364
2025-08-26,2025,238,6.2,4.011928514307589,2.1880714856924115,196.19201467395953,3.7680648757704733,2.431935124229527,168.85038053630686
2025-08-27,2025,239,28.4,2.8739996533540753,25.526000346645922,170.6660143273136,2.666262652594986,25.73373734740501,143.11664318890183
2025-08-28,2025,240,24.2,1.5057277146477226,22.694272285352277,147.97174204196133,1.5079707015273107,22.69202929847269,120.42461389042914
2025-08-29,2025,241,0.2,3.954150892931699,-3.754150892931699,151.72589293489304,3.4454341931358923,-3.245434193135892,123.67004808356504
2025-08-30,2025,242,5.1,2.1097863480655312,2.9902136519344684,148.73567928295856,2.099881444978886,3.0001185550211136,120.66992952854392
2025-08-31,2025,243,5.3,4.304021027734686,0.9959789722653136,147.73970031069325,3.4182916526241267,1.8817083473758731,118.78822118116804
2025-09-01,2025,244,24.5,1.6445043817439644,22.855495618256036,124.88420469243721,1.675972701176637,22.824027298823363,95.96419388234467
2025-09-02,2025,245,0.3,2.756036758019015,-2.456036758019015,127.34024145045622,2.514631710958383,-2.214631710958383,98.17882559330306
2025-09-03,2025,246,19.8,3.8409999667578556,15.959000033242145,111.38124141721407,3.3777678478741873,16.422232152125815,81.75659344117724
2025-09-04,2025,247,11.5,1.9546440898901902,9.54535591010981,101.83588550710427,1.840042998260237,9.659957001739762,72.09663643943748
2025-09-05,2025,248,0.1,3.3697200108202288,-3.2697200108202287,105.10560551792449,2.786570749482957,-2.6865707494829567,74.78320718892043
2025-09-06,2025,249,0,3.2554709105329658,-3.2554709105329658,108.36107642845745,2.6672916421831276,-2.6672916421831276,77.45049883110356
2025-09-07,2025,250,0,3.472172025816203,-3.472172025816203,111.83324845427366,3.0856382436927787,-3.0856382436927787,80.53613707479634
2025-09-08,2025,251,17,0.7572184852507682,16.242781514749232,95.59046693952442,1.2734212826770472,15.726578717322953,64.80955835747339
2025-09-09,2025,252,0,3.3101184195081337,-3.3101184195081337,98.90058535903255,2.5474154731639653,-2.5474154731639653,67.35697383063736
2025-09-10,2025,253,3,2.57878756733885,0.42121243266115016,98.4793729263714,2.220410928304011,0.7795890716959888,66.57738475894136
2025-09-11,2025,254,4.4,2.090243008236485,2.3097569917635155,96.16961593460788,2.339680566841364,2.0603194331586363,64.51706532578272
2025-09-12,2025,255,0.2,2.6779491217869094,-2.477949121786909,98.64756505639478,2.260227500477275,-2.060227500477275,66.57729282625999
2025-09-13,2025,256,9.4,1.8567730911710738,7.5432269088289265,91.10433814756585,1.816047565758088,7.583952434241913,58.99334039201808
2025-09-14,2025,257,0,3.502691862789911,-3.502691862789911,94.60703001035577,2.774891804630375,-2.774891804630375,61.768232196648455
2025-09-15,2025,258,0.8,3.6771623307491144,-2.8771623307491145,97.48419234110489,3.696204517559909,-2.8962045175599087,64.66443671420836
2025-09-16,2025,259,0,2.0589364566587967,-2.0589364566587967,99.54312879776369,2.3308065458951175,-2.3308065458951175,66.99524326010348
2025-09-17,2025,260,0,3.2009507280534204,-3.2009507280534204,102.7440795258171,2.5910854213542764,-2.5910854213542764,69.58632868145776
2025-09-18,2025,261,0,2.8735821470343406,-2.8735821470343406,105.61766167285144,2.751980780775582,-2.751980780775582,72.33830946223334
2025-09-19,2025,262,0,3.0193352842246077,-3.0193352842246077,108.63699695707605,2.7586574846412684,-2.7586574846412684,75.0969669468746
2025-09-20,2025,263,0,3.182365040998993,-3.182365040998993,111.81936199807504,2.9672707443863446,-2.9672707443863446,78.06423769126094
2025-09-21,2025,264,32.5,0.9864632314331591,31.51353676856684,80.3058252295082,1.368890802683865,31.131109197316135,46.93312849394481
2025-09-22,2025,265,5.6,1.2286385135759161,4.3713614864240835,75.93446374308412,1.0287062102498905,4.57129378975011,42.3618347041947
2025-09-23,2025,266,8.1,0.6178963183556079,7.482103681644392,68.45236006143973,0.7808469498339824,7.319153050166017,35.042681654028684
2025-09-24,2025,267,4.3,1.0587285827221515,3.241271417277848,65.21108864416189,0.9965388807017563,3.3034611192982437,31.73922053473044
2025-09-25,2025,268,0.2,1.7418012750609912,-1.5418012750609913,66.75288991922288,1.4057927137399306,-1.2057927137399307,32.94501324847037
2025-09-26,2025,269,10.5,0.6515791375284873,9.848420862471512,56.90446905675137,0.8411166900615311,9.658883309938469,23.2861299385319
2025-09-27,2025,270,0,1.7515858901667625,-1.7515858901667625,58.65605494691813,1.4775062965868078,-1.4775062965868078,24.763636235118707
2025-09-28,2025,271,0,2.138663074758109,-2.138663074758109,60.79471802167624,1.6167610365954552,-1.6167610365954552,26.380397271714163
2025-09-29,2025,272,0,1.4623301141696337,-1.4623301141696337,62.25704813584587,1.4202746615232706,-1.4202746615232706,27.80067193323743
2025-09-30,2025,273,0,1.8864246589184128,-1.8864246589184128,64.14347279476428,1.5703699073333268,-1.5703699073333268,29.371041840570758
2025-10-01,2025,274,0,0.966041795983485,-0.966041795983485,65.10951459074776,1.581599790301447,-1.581599790301447,30.952641630872204
2025-10-02,2025,275,0,1.574164184597364,-1.574164184597364,66.68367877534513,1.5403928387273167,-1.5403928387273167,32.49303446959952
2025-10-03,2025,276,0,0.7634789559555653,-0.7634789559555653,67.44715773130069,0.9461341150601826,-0.9461341150601826,33.439168584659704
2025-10-04,2025,277,12.1,1.1134932203589656,10.986506779641035,56.46065095165966,1.5720672076108397,10.52793279238916,22.911235792270546
2025-10-05,2025,278,2.9,1.3479378441919168,1.5520621558080832,54.90858879585158,1.3442850083995834,1.5557149916004165,21.355520800670128
2025-10-06,2025,279,0,1.8777091143668947,-1.8777091143668947,56.78629791021847,1.3758804459672123,-1.3758804459672123,22.73140124663734
2025-10-07,2025,280,0,1.7951173540170888,-1.7951173540170888,58.58141526423556,1.636133620681535,-1.636133620681535,24.367534867318874
2025-10-08,2025,281,0,0.8696927347561043,-0.8696927347561043,59.45110799899167,0.9133222970268344,-0.9133222970268344,25.280857164345708
2025-10-09,2025,282,0,2.049238661304492,-2.049238661304492,61.50034666029616,1.2238607933532974,-1.2238607933532974,26.504717957699004
2025-10-10,2025,283,0,1.3460891892153009,-1.3460891892153009,62.84643584951146,1.5134839081783105,-1.5134839081783105,28.018201865877316
2025-10-11,2025,284,0,0.19634991759349577,-0.19634991759349577,63.04278576710495,0.838599331718728,-0.838599331718728,28.856801197596045
2025-10-12,2025,285,0,0.3259225535938118,-0.3259225535938118,63.368708320698765,0.7213232440665963,-0.7213232440665963,29.57812444166264
2025-10-13,2025,286,0,1.184351116140252,-1.184351116140252,64.55305943683902,1.0178888721915946,-1.0178888721915946,30.596013313854236
2025-10-14,2025,287,0,0.2293586628232012,-0.2293586628232012,64.78241809966222,0.8318372016602796,-0.8318372016602796,31.427850515514514
2025-10-15,2025,288,0,0.26208696911748464,-0.26208696911748464,65.04450506877971,0.7808579529011453,-0.7808579529011453,32.20870846841566
2025-10-16,2025,289,0,0.1966536017425658,-0.1966536017425658,65.24115867052228,0.8583272914675121,-0.8583272914675121,33.06703575988317
2025-10-17,2025,290,0,-0.012808879331756624,0.012808879331756624,65.22834979119052,0.7064853279851155,-0.7064853279851155,33.77352108786828
2025-10-18,2025,291,0,0.35478169361198736,-0.35478169361198736,65.58313148480251,0.7212608685575075,-0.7212608685575075,34.49478195642579
2025-10-19,2025,292,0.3,0.7603448568951834,-0.4603448568951834,66.0434763416977,0.7935726579704112,-0.4935726579704112,34.9883546143962
2025-10-20,2025,293,7,0.5539335458933458,6.446066454106655,59.59740988759104,0.7124159655488409,6.287584034451159,28.700770579945043
2025-10-21,2025,294,1.4,1.2990222736194257,0.10097772638057423,59.496432161210464,1.1984698813577348,0.2015301186422651,28.49924046130278
2025-10-22,2025,295,5.3,0.6597931005190882,4.640206899480912,54.85622526172955,1.073658710223626,4.226341289776374,24.272899171526404
2025-10-23,2025,296,20.8,0.32791750046345103,20.47208249953655,34.384142762192994,1.0691855295769497,19.730814470423052,4.542084701103352
2025-10-24,2025,297,2.7,0.9112559865460136,1.7887440134539867,32.59539874873901,1.4663172224490142,1.233682777550986,3.308401923552366
2025-10-25,2025,298,25.7,0.20170942965796396,25.498290570342036,7.097108178396972,0.7165360992569538,24.983463900743047,0
2025-10-26,2025,299,2.5,0.5582032806696371,1.941796719330363,5.15531145906661,0.9992642793270319,1.5007357206729681,0
2025-10-27,2025,300,23.7,0.17764654613543246,23.522353453864568,0,0.8720466257215085,22.82795337427849,0
2025-10-28,2025,301,0,0.4824797810931919,-0.4824797810931919,0.4824797810931919,1.0390828914919317,-1.0390828914919317,1.0390828914919317
2025-10-29,2025,302,10.6,0.6566061662164888,9.94339383378351,0,0.6240653089244849,9.975934691075516,0
2025-10-30,2025,303,0.7,0.824609878937673,-0.12460987893767306,0.12460987893767306,0.6376242506261216,0.06237574937387835,0
2025-10-31,2025,304,0,0.6406498527612704,-0.6406498527612704,0.7652597316989435,0.7541490058105064,-0.7541490058105064,0.7541490058105064
2025-11-01,2025,305,29.5,0.5240667005401846,28.975933299459815,0,0.6104724349696167,28.889527565030384,0
2025-11-02,2025,306,11.2,-0.07959963659423336,11.279599636594233,0,0.5625341730904911,10.637465826909509,0
2025-11-03,2025,307,0,0.44349386510356853,-0.44349386510356853,0.44349386510356853,0.6238709368756774,-0.6238709368756774,0.6238709368756774
2025-11-04,2025,308,0,0.4095512690583166,-0.4095512690583166,0.8530451341618852,0.5168699566535155,-0.5168699566535155,1.140740893529193
2025-11-05,2025,309,0,0.39510296783852317,-0.39510296783852317,1.2481481020004084,0.5043709585836499,-0.5043709585836499,1.645111852112843
2025-11-06,2025,310,0,0.49959407458247257,-0.49959407458247257,1.747742176582881,0.4831147252366165,-0.4831147252366165,2.1282265773494595
2025-11-07,2025,311,0,0.5010833322456238,-0.5010833322456238,2.2488255088285047,0.3756688626927796,-0.3756688626927796,2.503895440042239
2025-11-08,2025,312,0,0.9282200976882755,-0.9282200976882755,3.1770456065167805,0.29839927303111213,-0.29839927303111213,2.8022947130733513
2025-11-09,2025,313,0,0.6574425272285646,-0.6574425272285646,3.834488133745345,0.48780868998949894,-0.48780868998949894,3.2901034030628504
2025-11-10,2025,314,0,0.5105773291564195,-0.5105773291564195,4.345065462901765,0.37006180412783196,-0.37006180412783196,3.6601652071906825
2025-11-11,2025,315,0,0.17418631296808287,-0.17418631296808287,4.519251775869848,0.43132870524399397,-0.43132870524399397,4.091493912434676
2025-11-12,2025,316,0,0.11781135911375873,-0.11781135911375873,4.637063134983607,0.41642121131615795,-0.41642121131615795,4.507915123750834
2025-11-13,2025,317,0,0.141973356432106,-0.141973356432106,4.779036491415713,0.49294306307717367,-0.49294306307717367,5.000858186828008
2025-11-14,2025,318,0,0.29318821653250654,-0.29318821653250654,5.0722247079482194,0.4872000901483888,-0.4872000901483888,5.488058276976397
2025-11-15,2025,319,4.6,0.31924362083243013,4.28075637916757,0.7914683287806499,0.5414779520255979,4.058522047974401,1.4295362290019957
2025-11-16,2025,320,4.6,-0.1431378212542991,4.743137821254299,0,0.3987014120990276,4.201298587900972,0
2025-11-17,2025,321,8.1,-0.2405863112338241,8.340586311233825,0,0.4259068229564336,7.674093177043566,0
2025-11-18,2025,322,0,0.09793454731121672,-0.09793454731121672,0.09793454731121672,0.2202809471260986,-0.2202809471260986,0.2202809471260986
2025-11-19,2025,323,4.9,0.3356143309461944,4.564385669053806,0,0.4344809018070446,4.465519098192956,0
2025-11-20,2025,324,2.1,0.13139160570890315,1.968608394291097,0,0.3622994175712276,1.7377005824287726,0
2025-11-21,2025,325,0.4,0.11635792207959476,0.28364207792040524,0,0.39451326851173757,0.005486731488262453,0
2025-11-22,2025,326,0,-0.17580184584473058,0.17580184584473058,0,0.28549799263558345,-0.28549799263558345,0.28549799263558345
2025-11-23,2025,327,12.8,0.23232326664156025,12.567676733358441,0,0.3224365436596077,12.477563456340393,0
2025-11-24,2025,328,23.8,0.2688374645820189,23.53116253541798,0,0.3501177817492775,23.449882218250725,0
2025-11-25,2025,329,5.5,0.24778032893529492,5.252219671064705,0,0.41370374764247203,5.086296252357528,0
2025-11-26,2025,330,1.6,0.12798392951051935,1.4720160704894807,0,0.31975250254720283,1.2802474974527973,0
2025-11-27,2025,331,0,-0.10296314815695866,0.10296314815695866,0,0.1533081370958697,-0.1533081370958697,0.1533081370958697
2025-11-28,2025,332,0,0.33509781676458,-0.33509781676458,0.33509781676458,0.17917779959501318,-0.17917779959501318,0.3324859366908829
2025-11-29,2025,333,0.1,0.24494000024762294,-0.14494000024762294,0.48003781701220294,0.1767701644970766,-0.0767701644970766,0.4092561011879595
2025-11-30,2025,334,5,0.30155135139199857,4.698448648608001,0,0.27222591299770077,4.727774087002299,0
2025-12-01,2025,335,0,0.12928107192451757,-0.12928107192451757,0.12928107192451757,0.40896582733671927,-0.40896582733671927,0.40896582733671927
2025-12-02,2025,336,0,0.19851495048442178,-0.19851495048442178,0,0.1527915154104893,-0.1527915154104893,0
2025-12-03,2025,337,0,0.3055009741972948,-0.3055009741972948,0.3055009741972948,0.24823603619997348,-0.24823603619997348,0.24823603619997348
2025-12-04,2025,338,1.7,0.21950714689908696,1.480492853100913,0,0.28854043636148685,1.411459563638513,0
2025-12-05,2025,339,0.2,-0.1361491038955222,0.3361491038955222,0,0.2883718124025503,-0.08837181240255026,0.08837181240255026
2025-12-06,2025,340,1.9,0.135227537915794,1.7647724620842058,0,0.4362139782709029,1.463786021729097,0
2025-12-07,2025,341,8.5,0.08160273891497172,8.418397261085028,0,0.4674278679782299,8.03257213202177,0
2025-12-08,2025,342,0,0.1157131737062785,-0.1157131737062785,0.1157131737062785,0.32789262543331243,-0.32789262543331243,0.32789262543331243
2025-12-09,2025,343,0,0.34884786236076887,-0.34884786236076887,0.46456103606704735,0.0406372216366273,-0.0406372216366273,0.36852984706993974
2025-12-10,2025,344,0,0.3343902350365243,-0.3343902350365243,0.7989512711035717,0.2858924087606916,-0.2858924087606916,0.6544222558306314
2025-12-11,2025,345,0,0.30286408220277966,-0.30286408220277966,1.1018153533063513,0.14104214036453802,-0.14104214036453802,0.7954643961951694
2025-12-12,2025,346,0,0.47627071566457496,-0.47627071566457496,1.5780860689709262,0.22219321574124307,-0.22219321574124307,1.0176576119364125
2025-12-13,2025,347,0,0.3509511180053662,-0.3509511180053662,1.9290371869762923,0.2401901855276878,-0.2401901855276878,1.2578477974641002
2025-12-14,2025,348,0,0.2518451206349014,-0.2518451206349014,2.180882307611194,0.25642135006785927,-0.25642135006785927,1.5142691475319596
2025-12-15,2025,349,0,0.3650054811022607,-0.3650054811022607,2.5458877887134546,0.19758818470955225,-0.19758818470955225,1.7118573322415118
2025-12-16,2025,350,0,0.08724750054988131,-0.08724750054988131,2.6331352892633357,0.2646949977133736,-0.2646949977133736,1.9765523299548855
2025-12-17,2025,351,0,0.005844225143785791,-0.005844225143785791,2.6389795144071213,0.19991257987339886,-0.19991257987339886,2.1764649098282844
2025-12-18,2025,352,0,0.2587299855317155,-0.2587299855317155,2.897709499938837,0,0,2.1764649098282844
2025-12-19,2025,353,0.2,0.14880181240635185,0.051198187593648165,2.846511312345189,0.2717927890965642,-0.07179278909656417,2.2482576989248484
2025-12-20,2025,354,0,0.16716189253400987,-0.16716189253400987,3.0136732048791988,0.0747951021675041,-0.0747951021675041,2.3230528010923526
2025-12-21,2025,355,0,0.2996736015926203,-0.2996736015926203,3.3133468064718192,0.16674714131383137,-0.16674714131383137,2.489799942406184
2025-12-22,2025,356,0,0.34554598413905346,-0.34554598413905346,3.6588927906108726,0.2087695694938212,-0.2087695694938212,2.698569511900005
2025-12-23,2025,357,0,0.15855820854737213,-0.15855820854737213,3.8174509991582446,0.33138767659457485,-0.33138767659457485,3.02995718849458
2025-12-24,2025,358,1,-0.0031641628093607584,1.0031641628093608,2.8142868363488835,0.5341479019014701,0.4658520980985299,2.5641050903960503
2025-12-25,2025,359,0,0.09698032046704808,-0.09698032046704808,2.9112671568159314,0.4076516040318175,-0.4076516040318175,2.9717566944278677
2025-12-26,2025,360,0,0.18464011710447098,-0.18464011710447098,3.0959072739204023,0.32994622964567266,-0.32994622964567266,3.3017029240735405
2025-12-27,2025,361,0,0.18198453282092747,-0.18198453282092747,3.2778918067413296,0.2934204058180654,-0.2934204058180654,3.5951233298916057
2025-12-28,2025,362,0,0.17704842891493835,-0.17704842891493835,3.454940235656268,0.3195665087896852,-0.3195665087896852,3.9146898386812907
2025-12-29,2025,363,0,0.2578489017290373,-0.2578489017290373,3.7127891373853052,0.27862922428933856,-0.27862922428933856,4.193319062970629
2025-12-30,2025,364,0,0.11107240817860273,-0.11107240817860273,3.823861545563908,0.44698376351328944,-0.44698376351328944,4.640302826483919
2025-12-31,2025,365,0,-0.39423426123869315,0.39423426123869315,3.4296272843252145,0.22949656561101303,-0.22949656561101303,4.869799392094932
2026-01-01,2026,1,0,-0.4025062440270803,0.4025062440270803,3.0271210402981343,0.21973302410397189,-0.21973302410397189,5.089532416198904
2026-01-02,2026,2,1.3,-0.22889046933084028,1.5288904693308403,1.498230570967294,0.9108108706076221,0.38918912939237793,4.700343286806526
2026-01-03,2026,3,0,0.04852828659320235,-0.04852828659320235,1.5467588575604965,0.22303745090555657,-0.22303745090555657,4.923380737712082
2026-01-04,2026,4,0,-0.13896948975209383,0.13896948975209383,1.4077893678084026,0.08485680133129579,-0.08485680133129579,5.008237539043378
2026-01-05,2026,5,0,-0.062448999936086415,0.062448999936086415,1.3453403678723161,0.17325402132870246,-0.17325402132870246,5.181491560372081
2026-01-06,2026,6,0,0.020432476607946053,-0.020432476607946053,1.3657728444802621,0.18239339137941737,-0.18239339137941737,5.363884951751498
2026-01-07,2026,7,0,0.14182791382682597,-0.14182791382682597,1.507600758307088,0.21533176905822685,-0.21533176905822685,5.5792167208097245
2026-01-08,2026,8,13.5,0.27903845510435105,13.22096154489565,0,0.3867427477586886,13.113257252241311,0
2026-01-09,2026,9,4.4,-0.015446890739958077,4.415446890739958,0,0.9559325958975721,3.4440674041024284,0
2026-01-10,2026,10,2,0.0686586220633789,1.931341377936621,0,0.5772374690111134,1.4227625309888867,0
2026-01-11,2026,11,0,0.30143308390607054,-0.30143308390607054,0.30143308390607054,0.2600952619774961,-0.2600952619774961,0.2600952619774961
2026-01-12,2026,12,0,0.2805078780251534,-0.2805078780251534,0.5819409619312239,0.4200228633220426,-0.4200228633220426,0.6801181252995387
2026-01-13,2026,13,0,-0.10846734770001458,0.10846734770001458,0.4734736142312093,0.1611414420579258,-0.1611414420579258,0.8412595673574645
2026-01-14,2026,14,0,0.13304930923530042,-0.13304930923530042,0.6065229234665097,0.18681309296519258,-0.18681309296519258,1.028072660322657
2026-01-15,2026,15,0.2,0.47363885680670315,-0.27363885680670313,0.8801617802732129,0.2257787201132858,-0.025778720113285802,1.0538513804359428
2026-01-16,2026,16,0,0.3091691235567725,-0.3091691235567725,1.1893309038299855,0.17611711112815157,-0.17611711112815157,1.2299684915640945
2026-01-17,2026,17,0,0.1743411189910241,-0.1743411189910241,1.3636720228210097,0.3334420118336101,-0.3334420118336101,1.5634105033977046
2026-01-18,2026,18,0,0.3040188500336114,-0.3040188500336114,1.6676908728546211,0.24275090873976002,-0.24275090873976002,1.8061614121374645
2026-01-19,2026,19,0,0.5526546371964487,-0.5526546371964487,2.22034551005107,0.14096725951207148,-0.14096725951207148,1.947128671649536
2026-01-20,2026,20,0,0.26274959270617276,-0.26274959270617276,2.4830951027572428,0.13251757396018934,-0.13251757396018934,2.0796462456097253
2026-01-21,2026,21,0,0.21447058584316278,-0.21447058584316278,2.6975656886004056,0.17816559617173075,-0.17816559617173075,2.257811841781456
2026-01-22,2026,22,0,0.14611396836457236,-0.14611396836457236,2.843679656964978,0.23961334626453482,-0.23961334626453482,2.4974251880459906
2026-01-23,2026,23,0.3,0.26871211599739825,0.03128788400260174,2.812391772962376,0.26712774191311756,0.03287225808688243,2.4645529299591082
2026-01-24,2026,24,0,0.15574132558229575,-0.15574132558229575,2.968133098544672,0.3174581594198053,-0.3174581594198053,2.7820110893789134
2026-01-25,2026,25,2.5,0.21264817258961363,2.2873518274103866,0.6807812711342853,0.402677417737699,2.097322582262301,0.6846885071166122
2026-01-26,2026,26,0,0.253445384550161,-0.253445384550161,0.9342266556844463,0.5045813300689301,-0.5045813300689301,1.1892698371855424
2026-01-27,2026,27,7.1,0.03873817295595354,7.061261827044046,0,0.3622031256814306,6.737796874318569,0
2026-01-28,2026,28,12.7,0.2405664072067587,12.459433592793241,0,0.3573577684599547,12.342642231540044,0
2026-01-29,2026,29,0.6,0.2524937604381984,0.3475062395618016,0,0.3813571264072746,0.21864287359272538,0
2026-01-30,2026,30,1.1,0.10500930254358837,0.9949906974564118,0,0.34354877145444734,0.7564512285455527,0
2026-01-31,2026,31,0,0.0048310966372068906,-0.0048310966372068906,0.0048310966372068906,0.35895864315967313,-0.35895864315967313,0.35895864315967313
2026-02-01,2026,32,0,0.5313122104342065,-0.5313122104342065,0.5361433070714134,0.3612542118421871,-0.3612542118421871,0.7202128550018603
2026-02-02,2026,33,0.3,0.821716780455036,-0.521716780455036,1.0578600875264494,0.5451428230382862,-0.24514282303828622,0.9653556780401464
2026-02-03,2026,34,1.3,0.16137379074354252,1.1386262092564574,0,0.5202766905291771,0.7797233094708229,0.18563236856932352
2026-02-04,2026,35,0,-0.03922708289022237,0.03922708289022237,0,0.33884103786915587,-0.33884103786915587,0.5244734064384794
2026-02-05,2026,36,1.3,0.7404662640343221,0.5595337359656779,0,0.43906503944128217,0.8609349605587179,0
2026-02-06,2026,37,3,0.5945542393699758,2.405445760630024,0,0.651035892468603,2.3489641075313967,0
2026-02-07,2026,38,0,0.8042492205787922,-0.8042492205787922,0.8042492205787922,0.4226756023700449,-0.4226756023700449,0.4226756023700449
2026-02-08,2026,39,0,0.3265137755279752,-0.3265137755279752,1.1307629961067676,0.40562498238050315,-0.40562498238050315,0.828300584750548
2026-02-09,2026,40,0,0.5366838750012606,-0.5366838750012606,1.6674468711080281,0.5536239169598394,-0.5536239169598394,1.3819245017103874
2026-02-10,2026,41,15.2,0.6105259719216647,14.589474028078335,0,0.47319258014818977,14.72680741985181,0
2026-02-11,2026,42,3.9,0.38112981434864057,3.5188701856513593,0,1.0635876803992272,2.8364123196007727,0
2026-02-12,2026,43,16.3,0.16092279611611984,16.139077203883883,0,0.8145485614971136,15.485451438502887,0
2026-02-13,2026,44,0,0.9800504362631014,-0.9800504362631014,0.9800504362631014,0.8836516128645303,-0.8836516128645303,0.8836516128645303
2026-02-14,2026,45,4.7,0.16661856266271294,4.533381437337288,0,0.6058180139156463,4.094181986084354,0
2026-02-15,2026,46,17.9,0.8209836755590126,17.079016324440985,0,0.5960130841851601,17.30398691581484,0
2026-02-16,2026,47,16.3,0.4949695200342161,15.805030479965785,0,0.8189593660300336,15.481040633969966,0
2026-02-17,2026,48,5.4,0.6020123318370899,4.797987668162911,0,0.6880431580852011,4.711956841914799,0
2026-02-18,2026,49,6.8,0.2494689432113712,6.550531056788628,0,0.44481344291212555,6.355186557087874,0
2026-02-19,2026,50,4.6,0.7623277515060543,3.8376722484939454,0,0.6117869810372288,3.988213018962771,0
2026-02-20,2026,51,0.2,0.680841890748488,-0.480841890748488,0.480841890748488,0.8532828041498096,-0.6532828041498095,0.6532828041498095
2026-02-21,2026,52,2,-0.027464104255837448,2.0274641042558375,0,0.8990693603921602,1.1009306396078398,0
2026-02-22,2026,53,0.2,0.9002841988164579,-0.7002841988164579,0.7002841988164579,1.0019774393651026,-0.8019774393651027,0.8019774393651027
2026-02-23,2026,54,0,1.3816573503297118,-1.3816573503297118,2.08194154914617,1.5774146234762976,-1.5774146234762976,2.3793920628414003
2026-02-24,2026,55,0,1.449703303051855,-1.449703303051855,3.531644852198025,1.400625299920896,-1.400625299920896,3.780017362762296
2026-02-25,2026,56,0,1.1704243142468893,-1.1704243142468893,4.702069166444915,1.1659532607227288,-1.1659532607227288,4.9459706234850245
2026-02-26,2026,57,0,1.178826928412666,-1.178826928412666,5.88089609485758,1.3183379455039497,-1.3183379455039497,6.264308568988974
2026-02-27,2026,58,0,1.2491850165173868,-1.2491850165173868,7.130081111374967,1.341122015966852,-1.341122015966852,7.605430584955826
2026-02-28,2026,59,0,0.8551147316476728,-0.8551147316476728,7.985195843022639,0.9704552682185827,-0.9704552682185827,8.575885853174409
2026-03-01,2026,60,0,1.150746165757666,-1.150746165757666,9.135942008780304,1.1549503829508017,-1.1549503829508017,9.73083623612521
2026-03-02,2026,61,0,1.3013676084900678,-1.3013676084900678,10.437309617270373,1.2784414955920367,-1.2784414955920367,11.009277731717248
2026-03-03,2026,62,0,1.278159320196224,-1.278159320196224,11.715468937466596,1.4027446936950774,-1.4027446936950774,12.412022425412324
2026-03-04,2026,63,0,1.3183057166453345,-1.3183057166453345,13.03377465411193,1.4522560317901179,-1.4522560317901179,13.864278457202442
2026-03-05,2026,64,0,1.1906084217252815,-1.1906084217252815,14.224383075837212,1.2467806080332882,-1.2467806080332882,15.11105906523573
2026-03-06,2026,65,0,1.1311197049696848,-1.1311197049696848,15.355502780806896,1.2964278105173008,-1.2964278105173008,16.40748687575303
2026-03-07,2026,66,0,1.476938252688813,-1.476938252688813,16.83244103349571,1.4312248598127164,-1.4312248598127164,17.838711735565745
2026-03-08,2026,67,0,1.4363795132221948,-1.4363795132221948,18.268820546717905,1.4636154689694374,-1.4636154689694374,19.30232720453518
2026-03-09,2026,68,0,1.5034684130757285,-1.5034684130757285,19.772288959793634,1.5735105887106322,-1.5735105887106322,20.875837793245815
2026-03-10,2026,69,0.3,1.6169319480152036,-1.3169319480152035,21.089220907808837,1.4319975282599011,-1.131997528259901,22.007835321505716
2026-03-11,2026,70,6.8,1.5690421240146846,5.2309578759853155,15.858263031823522,1.657773475393388,5.1422265246066114,16.865608796899103
2026-03-12,2026,71,0,1.7152649243125955,-1.7152649243125955,17.573527956136118,1.5265931901532745,-1.5265931901532745,18.392201987052378
2026-03-13,2026,72,0.1,1.6336945859595902,-1.53369458595959,19.10722254209571,1.9071275188361911,-1.807127518836191,20.199329505888567
2026-03-14,2026,73,13,0.22668508689361058,12.77331491310639,6.333907628989319,0.6946429166661977,12.305357083333803,7.893972422554764
2026-03-15,2026,74,0,0.784601865931759,-0.784601865931759,7.118509494921078,0.8733553629858205,-0.8733553629858205,8.767327785540585
2026-03-16,2026,75,0,0.5078678741341528,-0.5078678741341528,7.626377369055231,1.0435936893518125,-1.0435936893518125,9.810921474892398
2026-03-17,2026,76,0,1.9417346104621895,-1.9417346104621895,9.56811197951742,1.96599932471364,-1.96599932471364,11.776920799606039
2026-03-18,2026,77,0,1.8195782322616434,-1.8195782322616434,11.387690211779063,2.278891115679113,-2.278891115679113,14.055811915285151
2026-03-19,2026,78,0,1.8814635227501635,-1.8814635227501635,13.269153734529226,2.010172960709415,-2.010172960709415,16.065984875994566
2026-03-20,2026,79,0,1.8789109450710142,-1.8789109450710142,15.14806467960024,1.9691698643641817,-1.9691698643641817,18.03515474035875
2026-03-21,2026,80,9.4,1.858516031917696,7.5414839680823045,7.606580711517936,1.8248240517760483,7.5751759482239525,10.459978792134796
2026-03-22,2026,81,0.7,2.401865774617871,-1.7018657746178711,9.308446486135807,1.756966062718111,-1.056966062718111,11.516944854852907
2026-03-23,2026,82,0.2,1.3215934654588462,-1.1215934654588462,10.430039951594653,1.4590010231010115,-1.2590010231010116,12.77594587795392
2026-03-24,2026,83,0,2.1067500572409377,-2.1067500572409377,12.53679000883559,1.990701301917433,-1.990701301917433,14.766647179871352
2026-03-25,2026,84,3.7,0.882787432862161,2.8172125671378394,9.719577441697751,1.8238115628465856,1.8761884371534145,12.890458742717938
2026-03-26,2026,85,6.5,1.025545150756115,5.474454849243885,4.245122592453867,0.9701795941865516,5.529820405813449,7.360638336904489
2026-03-27,2026,86,0,1.7521733262071102,-1.7521733262071102,5.997295918660977,1.4344452058115578,-1.4344452058115578,8.795083542716046
2026-03-28,2026,87,3.3,1.3714444090147169,1.928555590985283,4.068740327675694,1.1637897405371365,2.1362102594628634,6.6588732832531825
2026-03-29,2026,88,0,1.201328079362357,-1.201328079362357,5.270068407038051,1.1623219493087984,-1.1623219493087984,7.821195232561981
2026-03-30,2026,89,5,1.337002453865652,3.6629975461343482,1.6070708609037023,1.3288739477016034,3.671126052298397,4.150069180263584
2026-03-31,2026,90,0,1.3782581440131045,-1.3782581440131045,2.9853290049168066,1.3966580579652468,-1.3966580579652468,5.546727238228831
2026-04-01,2026,91,0,2.052691068418177,-2.052691068418177,5.038020073334984,1.689321574542308,-1.689321574542308,7.2360488127711395
2026-04-02,2026,92,0,1.3933174926382663,-1.3933174926382663,6.43133756597325,1.7879439515129316,-1.7879439515129316,9.02399276428407
2026-04-03,2026,93,0,2.9595440344856945,-2.9595440344856945,9.390881600458943,2.477984608576172,-2.477984608576172,11.501977372860242
2026-04-04,2026,94,0,3.086834826740647,-3.086834826740647,12.47771642719959,2.9135156724361724,-2.9135156724361724,14.415493045296415
2026-04-05,2026,95,0,3.42678090948207,-3.42678090948207,15.904497336681661,3.4074292365718444,-3.4074292365718444,17.82292228186826
2026-04-06,2026,96,0,3.1098646564429213,-3.1098646564429213,19.01436199312458,3.0789510632278776,-3.0789510632278776,20.901873345096135
2026-04-07,2026,97,0,3.5150111057412823,-3.5150111057412823,22.529373098865864,3.3317068193406527,-3.3317068193406527,24.233580164436788
2026-04-08,2026,98,0,3.543103681276302,-3.543103681276302,26.072476780142168,3.4756791319028,-3.4756791319028,27.70925929633959
2026-04-09,2026,99,0,3.357507770318462,-3.357507770318462,29.42998455046063,3.2261080573739522,-3.2261080573739522,30.93536735371354
2026-04-10,2026,100,4.1,1.247918385383277,2.852081614616723,26.57790293584391,1.939069248246138,2.1609307517538614,28.77443660195968
2026-04-11,2026,101,5.8,3.2166844757785418,2.583315524221458,23.99458741162245,2.880058318910944,2.919941681089056,25.85449492087062
2026-04-12,2026,102,1.1,0.7780293809847207,0.32197061901527935,23.672616792607172,0.9535647219248016,0.14643527807519852,25.708059642795423
2026-04-13,2026,103,2.2,0.8511122774265453,1.3488877225734548,22.323729070033718,0.9079538654393313,1.2920461345606689,24.416013508234755
2026-04-14,2026,104,0,1.4801646098130274,-1.4801646098130274,23.803893679846745,1.4090958362864334,-1.4090958362864334,25.825109344521188
2026-04-15,2026,105,0,1.7185469052717175,-1.7185469052717175,25.522440585118463,1.733088263690528,-1.733088263690528,27.558197608211717
2026-04-16,2026,106,0,3.576570242051864,-3.576570242051864,29.09901082717033,3.133670259692677,-3.133670259692677,30.691867867904396
2026-04-17,2026,107,0,3.5443028925742257,-3.5443028925742257,32.643313719744555,3.2067576540245826,-3.2067576540245826,33.89862552192898
2026-04-18,2026,108,0,3.862248067377875,-3.862248067377875,36.50556178712243,3.4951311637017555,-3.4951311637017555,37.393756685630734
2026-04-19,2026,109,0,3.509106688729348,-3.509106688729348,40.01466847585178,3.4731288349990685,-3.4731288349990685,40.8668855206298
2026-04-20,2026,110,0,2.8967264866460107,-2.8967264866460107,42.91139496249779,3.2950991596845833,-3.2950991596845833,44.16198468031438
2026-04-21,2026,111,0,3.5992081675832623,-3.5992081675832623,46.51060313008105,3.7907317239135003,-3.7907317239135003,47.952716404227886
2026-04-22,2026,112,0,3.5910020703380567,-3.5910020703380567,50.10160520041911,3.7859001595975013,-3.7859001595975013,51.73861656382539
2026-04-23,2026,113,0,3.6757124745261365,-3.6757124745261365,53.777317674945245,4.158511801719053,-4.158511801719053,55.89712836554444
2026-04-24,2026,114,0,3.929075604298797,-3.929075604298797,57.70639327924404,3.9951997391461784,-3.9951997391461784,59.89232810469062
2026-04-25,2026,115,0,4.145182036044732,-4.145182036044732,61.85157531528877,4.098040504814018,-4.098040504814018,63.990368609504635
2026-04-26,2026,116,0,3.8834145523757293,-3.8834145523757293,65.7349898676645,4.212018644714063,-4.212018644714063,68.20238725421869
2026-04-27,2026,117,0,4.1149947798053645,-4.1149947798053645,69.84998464746985,4.033643529258802,-4.033643529258802,72.23603078347749
2026-04-28,2026,118,0.1,2.181238340814834,-2.081238340814834,71.93122298828469,2.3604351629393014,-2.2604351629393014,74.49646594641679
2026-04-29,2026,119,0,3.3836967944038654,-3.3836967944038654,75.31491978268855,3.5660145093032862,-3.5660145093032862,78.06248045572008
2026-04-30,2026,120,0,4.188574109605471,-4.188574109605471,79.50349389229402,4.996777914242625,-4.996777914242625,83.0592583699627
2026-05-01,2026,121,0,4.52305705503584,-4.52305705503584,84.02655094732985,4.2827252738493575,-4.2827252738493575,87.34198364381206
2026-05-02,2026,122,0,4.551134929190216,-4.551134929190216,88.57768587652006,4.063262997599809,-4.063262997599809,91.40524664141186
2026-05-03,2026,123,0.1,2.299785263458063,-2.199785263458063,90.77747113997813,2.738766809616739,-2.638766809616739,94.0440134510286
2026-05-04,2026,124,1.8,1.9400393650306866,-0.1400393650306866,90.91751050500882,2.0142179583199615,-0.2142179583199615,94.25823140934857
2026-05-05,2026,125,1.9,1.663396853524396,0.236603146475604,90.68090735853322,1.6717128872030524,0.22828711279694747,94.02994429655162
2026-05-06,2026,126,7.1,0.8010147644687834,6.298985235531216,84.381922123002,1.3537050486688444,5.746294951331155,88.28364934522047
2026-05-07,2026,127,0,3.451869910770036,-3.451869910770036,87.83379203377204,2.974882586707234,-2.974882586707234,91.2585319319277
2026-05-08,2026,128,4.9,4.89218556689278,0.007814433107220076,87.82597760066483,3.88769313204324,1.0123068679567604,90.24622506397094
2026-05-09,2026,129,0,5.393832452246512,-5.393832452246512,93.21981005291134,4.472500857861029,-4.472500857861029,94.71872592183198
2026-05-10,2026,130,2.5,2.0452381006165075,0.45476189938349254,92.76504815352784,2.1886974301931597,0.31130256980684035,94.40742335202513
2026-05-11,2026,131,15.4,2.049897546397921,13.35010245360208,79.41494569992577,1.728922595839203,13.671077404160798,80.73634594786434
2026-05-12,2026,132,0.5,4.096832242981681,-3.596832242981681,83.01177794290744,3.2281430826990825,-2.7281430826990825,83.46448903056341
2026-05-13,2026,133,5,3.943837693573792,1.056162306426208,81.95561563648124,3.4383767032133985,1.5616232967866015,81.9028657337768
2026-05-14,2026,134,13.9,2.20732653638419,11.69267346361581,70.26294217286544,1.771948648264276,12.128051351735724,69.77481438204109
2026-05-15,2026,135,10.6,2.0452758303682805,8.554724169631719,61.70821800323372,1.6327167450991529,8.967283254900847,60.80753112714024
2026-05-16,2026,136,0,2.3898072069974368,-2.3898072069974368,64.09802521023116,2.277341845891309,-2.277341845891309,63.084872973031544
2026-05-17,2026,137,0.1,4.290299163066985,-4.190299163066985,68.28832437329814,3.541184400820893,-3.4411844008208927,66.52605737385244
2026-05-18,2026,138,7.8,1.7806962603198353,6.019303739680165,62.26902063361797,1.7561548393272401,6.04384516067276,60.48221221317968
2026-05-19,2026,139,3,3.3622045092393904,-0.3622045092393904,62.63122514285736,2.8333411700610194,0.16665882993898062,60.3155533832407
2026-05-20,2026,140,0,4.471347206298429,-4.471347206298429,67.10257234915579,3.746465217327549,-3.746465217327549,64.06201860056825
2026-05-21,2026,141,0,5.202583266196173,-5.202583266196173,72.30515561535196,4.5911757300969995,-4.5911757300969995,68.65319433066526
2026-05-22,2026,142,0,5.632987960891083,-5.632987960891083,77.93814357624305,5.053897768856217,-5.053897768856217,73.70709209952147
2026-05-23,2026,143,0,5.85116399232733,-5.85116399232733,83.78930756857038,5.406562997055779,-5.406562997055779,79.11365509657725
2026-05-24,2026,144,0,5.950625201842104,-5.950625201842104,89.73993277041248,5.974905193286744,-5.974905193286744,85.08856028986399
2026-05-25,2026,145,0,5.964231302564823,-5.964231302564823,95.7041640729773,5.701049525463619,-5.701049525463619,90.78960981532761
2026-05-26,2026,146,0,6.142183455139722,-6.142183455139722,101.84634752811702,5.4876715884120495,-5.4876715884120495,96.27728140373966
2026-05-27,2026,147,0,5.752142402748562,-5.752142402748562,107.59848993086558,5.5730073805987725,-5.5730073805987725,101.85028878433843
2026-05-28,2026,148,0,6.148708916602015,-6.148708916602015,113.7471988474676,6.3217264506203765,-6.3217264506203765,108.1720152349588
2026-05-29,2026,149,0,5.9474776454373,-5.9474776454373,119.6946764929049,6.539306771719777,-6.539306771719777,114.71132200667859
2026-05-30,2026,150,0,5.074095049187456,-5.074095049187456,124.76877154209237,5.037251018194438,-5.037251018194438,119.74857302487302
2026-05-31,2026,151,0.8,4.162540326763024,-3.362540326763024,128.1313118688554,4.384610541930506,-3.5846105419305063,123.33318356680353
2026-06-01,2026,152,0,5.73786037622434,-5.73786037622434,133.86917224507974,4.896031969116155,-4.896031969116155,128.22921553591968
2026-06-02,2026,153,19.9,2.5362958956643644,17.363704104335635,116.5054681407441,2.6414337294296097,17.258566270570388,110.9706492653493
2026-06-03,2026,154,0.1,3.7083138084913796,-3.6083138084913795,120.11378194923547,3.492266236307433,-3.392266236307433,114.36291550165673
2026-06-04,2026,155,6.4,1.9793558357768921,4.420644164223108,115.69313778501237,2.1020712928113734,4.2979287071886265,110.0649867944681
2026-06-05,2026,156,0.4,3.0013429293123384,-2.6013429293123385,118.2944807143247,2.668183809314495,-2.268183809314495,112.33317060378259
2026-06-06,2026,157,0,4.808325632067096,-4.808325632067096,123.1028063463918,4.1583259139817415,-4.1583259139817415,116.49149651776433
2026-06-07,2026,158,0,5.733141212637486,-5.733141212637486,128.83594755902928,4.936873618969351,-4.936873618969351,121.42837013673369
2026-06-08,2026,159,5.1,3.900087327463111,1.1999126725368887,127.6360348864924,3.564403451663061,1.5355965483369385,119.89277358839675
2026-06-09,2026,160,0.2,2.1962649501671154,-1.9962649501671155,129.6322998366595,2.1381524094496815,-1.9381524094496816,121.83092599784644
2026-06-10,2026,161,0.1,2.148675620099122,-2.048675620099122,131.68097545675863,2.449244287843482,-2.349244287843482,124.18017028568991
2026-06-11,2026,162,0,5.223559097820321,-5.223559097820321,136.90453455457896,4.312005905986339,-4.312005905986339,128.49217619167626
2026-06-12,2026,163,0,3.0859757618436774,-3.0859757618436774,139.99051031642264,3.6145466985689776,-3.6145466985689776,132.10672289024524
2026-06-13,2026,164,0,5.88426175744639,-5.88426175744639,145.87477207386902,5.731778296926728,-5.731778296926728,137.83850118717197
2026-06-14,2026,165,0,6.282555086772705,-6.282555086772705,152.15732716064173,6.152786942922507,-6.152786942922507,143.9912881300945
2026-06-15,2026,166,0,5.803405054198836,-5.803405054198836,157.96073221484056,5.467119628625452,-5.467119628625452,149.45840775871994
2026-06-16,2026,167,0,4.3659280168256185,-4.3659280168256185,162.32666023166618,4.6595736534237195,-4.6595736534237195,154.11798141214365
2026-06-17,2026,168,0,6.557067069175713,-6.557067069175713,168.88372730084188,6.116060902114317,-6.116060902114317,160.23404231425798
2026-06-18,2026,169,0,6.784848382792313,-6.784848382792313,175.6685756836342,6.136440261197404,-6.136440261197404,166.37048257545538
2026-06-19,2026,170,0.5,4.272774774304409,-3.772774774304409,179.4413504579386,4.969652395751187,-4.469652395751187,170.84013497120657
2026-06-20,2026,171,0,6.501038112799317,-6.501038112799317,185.9423885707379,6.1318121503643,-6.1318121503643,176.97194712157088
2026-06-21,2026,172,0,6.021833232587618,-6.021833232587618,191.96422180332553,6.172127424005517,-6.172127424005517,183.1440745455764
2026-06-22,2026,173,0,6.78695650427116,-6.78695650427116,198.7511783075967,6.505284077241512,-6.505284077241512,189.64935862281789
2026-06-23,2026,174,0,6.460166812922556,-6.460166812922556,205.21134512051924,6.551499901576562,-6.551499901576562,196.20085852439445
2026-06-24,2026,175,0,6.820515715218771,-6.820515715218771,212.031860835738,7.066722410182521,-7.066722410182521,203.26758093457698
2026-06-25,2026,176,0,6.504604213570588,-6.504604213570588,218.5364650493086,6.555438883682252,-6.555438883682252,209.82301981825924
2026-06-26,2026,177,0,6.6574852502276824,-6.6574852502276824,225.19395029953628,6.941303056104017,-6.941303056104017,216.76432287436324
2026-06-27,2026,178,0,6.9175030535646895,-6.9175030535646895,232.11145335310098,6.903771399958228,-6.903771399958228,223.66809427432148
2026-06-28,2026,179,0,6.10602221260842,-6.10602221260842,238.2174755657094,7.219078891086219,-7.219078891086219,230.8871731654077
2026-06-29,2026,180,0,5.899621813405197,-5.899621813405197,0,6.040112326191212,-6.040112326191212,0
