date,series_id,tree_id,tree_name,site,tree_genus_species_original,tree_genus_species,TWD_mean,TWD_median,TWD_min,TWD_max,n_obs,n_excluded,qc_flag
2025-04-01,1878,908,Buche1_P1,P1,Fagus sylvatica,Fagus sylvatica,23.339084541666665,23.762988,15.391379,26.741164,144,0,Valid
2025-04-01,1879,909,Buche2_P1,P1,Fagus sylvatica,Fagus sylvatica,33.740160958333334,33.489594,28.194932,38.725759,144,0,Valid
2025-04-01,1880,910,Buche3_P1,P1,Fagus sylvatica,Fagus sylvatica,38.95547002777778,39.590051,30.021206,44.374898,144,0,Valid
2025-04-01,1881,911,Fichte1_P1,P1,Abies alba,Abies alba,145.2444573472222,150.4459705,102.001138,185.774206,144,0,Valid
2025-04-01,1882,912,Fichte2_P1,P1,Abies alba,Abies alba,121.06712778472222,118.4513375,65.386829,191.27095,144,0,Valid
2025-04-01,1883,913,Fichte3_P1,P1,Abies alba,Abies alba,93.65781809027777,100.04406900000001,56.942339,125.984782,144,0,Valid
2025-04-01,1884,914,Fichte1_G1,G1,Abies alba,Abies alba,92.26157706944444,88.0568505,56.790369,133.139979,144,0,Valid
2025-04-01,1885,915,Fichte2_G1,G1,Abies alba,Abies alba,167.67762883333333,170.0453345,120.259837,212.044692,144,0,Valid
2025-04-01,1886,916,Fichte3_G1,G1,Abies alba,Abies alba,22.00771211111111,22.1485425,15.883594,27.221267,144,0,Valid
2025-04-01,1887,917,Buche1_G1,G1,Fagus sylvatica,Fagus sylvatica,51.008472097222224,52.1658535,37.422972,56.348816,144,0,Valid
2025-04-01,1888,918,Buche2_G1,G1,Fagus sylvatica,Fagus sylvatica,36.75239363888889,38.527156000000005,28.068089,40.622972,144,0,Valid
2025-04-01,1889,919,Buche3_G1,G1,Fagus sylvatica,Fagus sylvatica,37.65116573611111,38.068822,29.618775,43.688916999999996,144,0,Valid
2025-04-01,1890,920,Fichte1_P2,P2,Abies alba,Abies alba,36.87333489583333,35.677437499999996,21.962108,53.503909,144,0,Valid
2025-04-01,1891,921,Fichte2_P2,P2,Abies alba,Abies alba,41.43849988888889,42.814424,26.984789,51.047307000000004,144,0,Valid
2025-04-01,1892,922,Fichte3_P2,P2,Abies alba,Abies alba,90.24491376388889,89.431118,74.724579,107.673029,144,0,Valid
2025-04-01,1893,923,Buche1_P2,P2,Fagus sylvatica,Fagus sylvatica,29.712767083333333,31.5305695,22.674477,32.990779,144,0,Valid
2025-04-01,1894,924,Buche2_P2,P2,Fagus sylvatica,Fagus sylvatica,71.39364372222222,72.995743,59.332579,78.549541,144,0,Valid
2025-04-01,1895,925,Buche3_P2,P2,Fagus sylvatica,Fagus sylvatica,44.4131163125,44.690349499999996,38.98793,47.944849,144,0,Valid
2025-04-01,1896,926,Buche1_P3,P3,Fagus sylvatica,Fagus sylvatica,45.60368802083333,46.185591,39.546172,49.429268,144,0,Valid
2025-04-01,1897,927,Buche2_P3,P3,Fagus sylvatica,Fagus sylvatica,16.363732041666665,16.987153,12.532049,17.99045,144,0,Valid
2025-04-01,1898,928,Buche3_P3,P3,Fagus sylvatica,Fagus sylvatica,37.236852291666665,37.436841,29.813311,44.592253,144,0,Valid
2025-04-01,1899,929,Fichte1_P3,P3,Fagus sylvatica,Abies alba,44.90695578472222,44.584997,34.47669,53.718094,144,0,Valid
2025-04-01,1900,930,Fichte2_P3,P3,Fagus sylvatica,Abies alba,68.98329357638889,68.443802,55.822073,83.558009,144,0,Valid
2025-04-01,1901,931,Fichte3_P3,P3,Fagus sylvatica,Abies alba,21.71943523611111,21.6936825,13.269889,29.18948,144,0,Valid
2025-04-02,1878,908,Buche1_P1,P1,Fagus sylvatica,Fagus sylvatica,22.419728652777778,24.168295,10.913836,27.965121,144,0,Valid
2025-04-02,1879,909,Buche2_P1,P1,Fagus sylvatica,Fagus sylvatica,31.38331567361111,31.9385245,23.857978,35.49282,144,0,Valid
2025-04-02,1880,910,Buche3_P1,P1,Fagus sylvatica,Fagus sylvatica,38.601060375,41.363057999999995,23.635642,45.123053,144,0,Valid
2025-04-02,1881,911,Fichte1_P1,P1,Abies alba,Abies alba,136.14886197916667,125.820714,72.490554,210.7996,144,0,Valid
2025-04-02,1882,912,Fichte2_P1,P1,Abies alba,Abies alba,115.67952665972223,92.7915045,40.155486,230.802007,144,0,Valid
2025-04-02,1883,913,Fichte3_P1,P1,Abies alba,Abies alba,82.29873957638888,75.03802,36.28384,144.990315,144,0,Valid
2025-04-02,1884,914,Fichte1_G1,G1,Abies alba,Abies alba,101.59267886805556,85.5341305,50.344195,173.388516,144,0,Valid
2025-04-02,1885,915,Fichte2_G1,G1,Abies alba,Abies alba,170.78111672916665,164.3390425,95.38661,250.616874,144,0,Valid
2025-04-02,1886,916,Fichte3_G1,G1,Abies alba,Abies alba,18.43676721527778,17.981444500000002,11.130048,26.294351,144,0,Valid
2025-04-02,1887,917,Buche1_G1,G1,Fagus sylvatica,Fagus sylvatica,47.266726069444445,48.0038745,31.815189,56.611653,144,0,Valid
2025-04-02,1888,918,Buche2_G1,G1,Fagus sylvatica,Fagus sylvatica,33.85274315277778,34.280853,23.357771,41.822225,144,0,Valid
2025-04-02,1889,919,Buche3_G1,G1,Fagus sylvatica,Fagus sylvatica,35.72721695138889,36.373654,25.437853,44.613677,144,0,Valid
2025-04-02,1890,920,Fichte1_P2,P2,Abies alba,Abies alba,31.10898748611111,27.647516,11.297178,53.376853,144,0,Valid
2025-04-02,1891,921,Fichte2_P2,P2,Abies alba,Abies alba,26.882304083333334,26.7205285,2.274646,47.465978,144,0,Valid
2025-04-02,1892,922,Fichte3_P2,P2,Abies alba,Abies alba,73.60306171527778,73.7069875,44.882365,107.386045,144,0,Valid
2025-04-02,1893,923,Buche1_P2,P2,Fagus sylvatica,Fagus sylvatica,27.56236534027778,28.267615,16.061726,32.988886,144,0,Valid
2025-04-02,1894,924,Buche2_P2,P2,Fagus sylvatica,Fagus sylvatica,64.77199951388889,64.3173725,47.357021,79.532103,144,0,Valid
2025-04-02,1895,925,Buche3_P2,P2,Fagus sylvatica,Fagus sylvatica,42.559477208333334,43.398742999999996,30.865017,49.427337,144,0,Valid
2025-04-02,1896,926,Buche1_P3,P3,Fagus sylvatica,Fagus sylvatica,43.166538083333336,44.239627999999996,33.684561,50.694451,144,0,Valid
2025-04-02,1897,927,Buche2_P3,P3,Fagus sylvatica,Fagus sylvatica,15.772396993055555,17.390397,9.898289,18.503008,144,0,Valid
2025-04-02,1898,928,Buche3_P3,P3,Fagus sylvatica,Fagus sylvatica,38.5507250625,37.1441605,27.229352,53.365235,144,0,Valid
2025-04-02,1899,929,Fichte1_P3,P3,Fagus sylvatica,Abies alba,34.59810090277778,34.0130935,24.121102,42.934846,144,0,Valid
2025-04-02,1900,930,Fichte2_P3,P3,Fagus sylvatica,Abies alba,62.56951825,63.207603,43.417277,79.847327,144,0,Valid
2025-04-02,1901,931,Fichte3_P3,P3,Fagus sylvatica,Abies alba,17.08076934027778,16.830164500000002,5.270654,28.420021,144,0,Valid
2025-04-03,1878,908,Buche1_P1,P1,Fagus sylvatica,Fagus sylvatica,22.11749295138889,21.751053,6.944767,33.324948,144,0,Valid
2025-04-03,1879,909,Buche2_P1,P1,Fagus sylvatica,Fagus sylvatica,32.826990145833335,32.796389,19.880623,40.905727,144,0,Valid
2025-04-03,1880,910,Buche3_P1,P1,Fagus sylvatica,Fagus sylvatica,38.28236972916667,38.670162500000004,22.737715,51.591577,144,0,Valid
2025-04-03,1881,911,Fichte1_P1,P1,Abies alba,Abies alba,138.4669084375,117.957824,42.06892,262.464828,144,0,Valid
2025-04-03,1882,912,Fichte2_P1,P1,Abies alba,Abies alba,131.67231829861112,80.9905605,13.522311,327.009567,144,0,Valid
2025-04-03,1883,913,Fichte3_P1,P1,Abies alba,Abies alba,87.50785659722222,59.5010985,3.106253,208.856187,144,0,Valid
2025-04-03,1884,914,Fichte1_G1,G1,Abies alba,Abies alba,120.40203543055556,86.41700449999999,35.615009,254.253778,144,0,Valid
2025-04-03,1885,915,Fichte2_G1,G1,Abies alba,Abies alba,184.54288476388888,168.6732215,81.70939,304.608184,144,0,Valid
2025-04-03,1886,916,Fichte3_G1,G1,Abies alba,Abies alba,12.722855270833334,12.040131,2.64284,21.846584,144,0,Valid
2025-04-03,1887,917,Buche1_G1,G1,Fagus sylvatica,Fagus sylvatica,48.48804084722222,45.077079499999996,25.677034,70.315939,144,0,Valid
2025-04-03,1888,918,Buche2_G1,G1,Fagus sylvatica,Fagus sylvatica,34.49708051388889,34.829625,15.244593,47.467096,144,0,Valid
2025-04-03,1889,919,Buche3_G1,G1,Fagus sylvatica,Fagus sylvatica,36.27758864583333,33.8434025,17.756077,53.219205,144,0,Valid
2025-04-03,1890,920,Fichte1_P2,P2,Abies alba,Abies alba,29.594478555555554,22.141614,0,64.954121,144,0,Valid
2025-04-03,1891,921,Fichte2_P2,P2,Abies alba,Abies alba,29.395895965277777,16.8108325,0,72.852541,144,0,Valid
2025-04-03,1892,922,Fichte3_P2,P2,Abies alba,Abies alba,63.020889,56.75936900000001,10.715633,115.267045,144,0,Valid
2025-04-03,1893,923,Buche1_P2,P2,Fagus sylvatica,Fagus sylvatica,27.533873805555555,28.020252,11.72277,38.894828,144,0,Valid
2025-04-03,1894,924,Buche2_P2,P2,Fagus sylvatica,Fagus sylvatica,65.81429440972222,62.5149065,37.72879,90.915749,144,0,Valid
2025-04-03,1895,925,Buche3_P2,P2,Fagus sylvatica,Fagus sylvatica,44.18215114583333,42.5397625,31.184338,58.094984,144,0,Valid
2025-04-03,1896,926,Buche1_P3,P3,Fagus sylvatica,Fagus sylvatica,42.840622680555555,40.9268055,25.236159,58.668368,144,0,Valid
2025-04-03,1897,927,Buche2_P3,P3,Fagus sylvatica,Fagus sylvatica,15.99960757638889,17.947598,7.913495,19.468603,144,0,Valid
2025-04-03,1898,928,Buche3_P3,P3,Fagus sylvatica,Fagus sylvatica,41.05136084027778,36.481049999999996,25.023925,62.066228,144,0,Valid
2025-04-03,1899,929,Fichte1_P3,P3,Fagus sylvatica,Abies alba,23.8631125,22.850885,1.281002,47.50175,144,0,Valid
2025-04-03,1900,930,Fichte2_P3,P3,Fagus sylvatica,Abies alba,60.83904381944444,55.132069,31.218754,92.975001,144,0,Valid
2025-04-03,1901,931,Fichte3_P3,P3,Fagus sylvatica,Abies alba,17.257733368055554,12.956692,0,39.896414,144,0,Valid
2025-04-04,1878,908,Buche1_P1,P1,Fagus sylvatica,Fagus sylvatica,23.74669720138889,23.904705999999997,9.681527,33.837751,144,0,Valid
2025-04-04,1879,909,Buche2_P1,P1,Fagus sylvatica,Fagus sylvatica,37.79584451388889,38.315512999999996,26.006844,44.727905,144,0,Valid
2025-04-04,1880,910,Buche3_P1,P1,Fagus sylvatica,Fagus sylvatica,41.97938506944445,41.569418999999996,29.706474,54.192214,144,0,Valid
2025-04-04,1881,911,Fichte1_P1,P1,Abies alba,Abies alba,150.18796231944444,147.109336,55.957007,261.641247,144,0,Valid
2025-04-04,1882,912,Fichte2_P1,P1,Abies alba,Abies alba,139.57355684722222,113.2424665,16.205569,318.430049,144,0,Valid
2025-04-04,1883,913,Fichte3_P1,P1,Abies alba,Abies alba,99.4282205,88.291251,10.568736,215.825462,144,0,Valid
2025-04-04,1884,914,Fichte1_G1,G1,Abies alba,Abies alba,125.75700079166667,115.00165150000001,44.890247,238.318251,144,0,Valid
2025-04-04,1885,915,Fichte2_G1,G1,Abies alba,Abies alba,211.64826758333334,203.76861200000002,114.681111,312.579622,144,0,Valid
2025-04-04,1886,916,Fichte3_G1,G1,Abies alba,Abies alba,9.0160815,8.715856500000001,0.770455,15.278793,144,0,Valid
2025-04-04,1887,917,Buche1_G1,G1,Fagus sylvatica,Fagus sylvatica,56.81352897222222,55.8762785,32.629709,74.592095,144,0,Valid
2025-04-04,1888,918,Buche2_G1,G1,Fagus sylvatica,Fagus sylvatica,39.863102625,41.5510685,23.893674,49.546253,144,0,Valid
2025-04-04,1889,919,Buche3_G1,G1,Fagus sylvatica,Fagus sylvatica,40.576723701388886,40.3247245,23.862758,54.114396,144,0,Valid
2025-04-04,1890,920,Fichte1_P2,P2,Abies alba,Abies alba,32.395252604166664,30.09715,4.047052,64.820301,144,0,Valid
2025-04-04,1891,921,Fichte2_P2,P2,Abies alba,Abies alba,33.08174095138889,32.6037315,0,67.624892,144,0,Valid
2025-04-04,1892,922,Fichte3_P2,P2,Abies alba,Abies alba,64.24046404166667,66.7391035,14.234308,105.380934,144,0,Valid
2025-04-04,1893,923,Buche1_P2,P2,Fagus sylvatica,Fagus sylvatica,31.204523493055554,31.730489,16.107732,41.537607,144,0,Valid
2025-04-04,1894,924,Buche2_P2,P2,Fagus sylvatica,Fagus sylvatica,74.5268115625,75.570745,52.24478,93.316152,144,0,Valid
2025-04-04,1895,925,Buche3_P2,P2,Fagus sylvatica,Fagus sylvatica,49.178170854166666,49.2402445,35.569411,61.248096,144,0,Valid
2025-04-04,1896,926,Buche1_P3,P3,Fagus sylvatica,Fagus sylvatica,47.468397555555555,47.0293705,33.736495,58.951368,144,0,Valid
2025-04-04,1897,927,Buche2_P3,P3,Fagus sylvatica,Fagus sylvatica,17.084535006944446,19.195457,9.719469,20.137343,144,0,Valid
2025-04-04,1898,928,Buche3_P3,P3,Fagus sylvatica,Fagus sylvatica,45.160426118055554,43.3369065,30.147289,62.19358,144,0,Valid
2025-04-04,1899,929,Fichte1_P3,P3,Fagus sylvatica,Abies alba,21.76469290972222,24.459875,1.391353,41.066316,144,0,Valid
2025-04-04,1900,930,Fichte2_P3,P3,Fagus sylvatica,Abies alba,67.39815202083334,66.359975,39.366751,93.705784,144,0,Valid
2025-04-04,1901,931,Fichte3_P3,P3,Fagus sylvatica,Abies alba,18.030563347222223,18.356745,0,35.452062,144,0,Valid
2025-04-05,1878,908,Buche1_P1,P1,Fagus sylvatica,Fagus sylvatica,25.18307338888889,25.084797000000002,10.635186,33.546171,144,0,Valid
2025-04-05,1879,909,Buche2_P1,P1,Fagus sylvatica,Fagus sylvatica,42.16163445138889,43.3984285,27.510515,52.395364,144,0,Valid
2025-04-05,1880,910,Buche3_P1,P1,Fagus sylvatica,Fagus sylvatica,45.374514222222224,43.989042999999995,31.304498,57.151168,144,0,Valid
2025-04-05,1881,911,Fichte1_P1,P1,Abies alba,Abies alba,147.1793780763889,139.6451775,48.22653,260.585526,144,0,Valid
2025-04-05,1882,912,Fichte2_P1,P1,Abies alba,Abies alba,138.6594208888889,103.626328,11.347446,319.488543,144,0,Valid
2025-04-05,1883,913,Fichte3_P1,P1,Abies alba,Abies alba,98.753433125,84.3686025,0.647573,223.898338,144,0,Valid
2025-04-05,1884,914,Fichte1_G1,G1,Abies alba,Abies alba,123.8260256388889,111.519443,42.121723,231.300867,144,0,Valid
2025-04-05,1885,915,Fichte2_G1,G1,Abies alba,Abies alba,223.97481799305555,209.62607300000002,121.459218,326.468612,144,0,Valid
2025-04-05,1886,916,Fichte3_G1,G1,Abies alba,Abies alba,7.413934506944445,7.561817,0,15.393651,144,0,Valid
2025-04-05,1887,917,Buche1_G1,G1,Fagus sylvatica,Fagus sylvatica,63.40865471527778,59.465907,36.427332,85.343071,144,0,Valid
2025-04-05,1888,918,Buche2_G1,G1,Fagus sylvatica,Fagus sylvatica,42.03837693055556,43.756062,24.694842,52.728121,144,0,Valid
2025-04-05,1889,919,Buche3_G1,G1,Fagus sylvatica,Fagus sylvatica,43.416315131944444,41.878502,24.877414,57.858783,144,0,Valid
2025-04-05,1890,920,Fichte1_P2,P2,Abies alba,Abies alba,30.612543729166667,26.938491,0.519557,64.464355,144,0,Valid
2025-04-05,1891,921,Fichte2_P2,P2,Abies alba,Abies alba,30.11609004861111,25.8119355,0,70.099239,144,0,Valid
2025-04-05,1892,922,Fichte3_P2,P2,Abies alba,Abies alba,51.686421527777775,54.0187205,0,98.874215,144,0,Valid
2025-04-05,1893,923,Buche1_P2,P2,Fagus sylvatica,Fagus sylvatica,33.8089045,33.194883000000004,17.01698,45.649723,144,0,Valid
2025-04-05,1894,924,Buche2_P2,P2,Fagus sylvatica,Fagus sylvatica,77.74300265972222,76.87840750000001,52.141662,98.453523,144,0,Valid
2025-04-05,1895,925,Buche3_P2,P2,Fagus sylvatica,Fagus sylvatica,51.91470768055556,51.9351235,35.608593,66.282654,144,0,Valid
2025-04-05,1896,926,Buche1_P3,P3,Fagus sylvatica,Fagus sylvatica,50.61312922222222,48.0669135,34.768336,65.101171,144,0,Valid
2025-04-05,1897,927,Buche2_P3,P3,Fagus sylvatica,Fagus sylvatica,17.916686708333334,19.7474115,10.931119,21.614306,144,0,Valid
2025-04-05,1898,928,Buche3_P3,P3,Fagus sylvatica,Fagus sylvatica,48.37481448611111,46.160515000000004,31.996786,64.671017,144,0,Valid
2025-04-05,1899,929,Fichte1_P3,P3,Fagus sylvatica,Abies alba,16.617429416666667,14.6607315,0,39.539043,144,0,Valid
2025-04-05,1900,930,Fichte2_P3,P3,Fagus sylvatica,Abies alba,69.70512327083334,65.8485695,36.324995,100.119753,144,0,Valid
2025-04-05,1901,931,Fichte3_P3,P3,Fagus sylvatica,Abies alba,15.604477868055556,13.620168499999998,0,36.54263,144,0,Valid
2025-04-06,1878,908,Buche1_P1,P1,Fagus sylvatica,Fagus sylvatica,28.517619118055556,27.833320999999998,21.811204,36.551228,144,0,Valid
2025-04-06,1879,909,Buche2_P1,P1,Fagus sylvatica,Fagus sylvatica,50.15842280555555,48.9906335,40.783123,61.149384,144,0,Valid
2025-04-06,1880,910,Buche3_P1,P1,Fagus sylvatica,Fagus sylvatica,51.314690722222224,49.3477735,44.36174,60.300065,144,0,Valid
2025-04-06,1881,911,Fichte1_P1,P1,Abies alba,Abies alba,141.1228802638889,137.695137,95.887168,195.984715,144,0,Valid
2025-04-06,1882,912,Fichte2_P1,P1,Abies alba,Abies alba,117.15510402083333,99.779747,55.950497,209.333313,144,0,Valid
2025-04-06,1883,913,Fichte3_P1,P1,Abies alba,Abies alba,88.32243075,87.7524255,49.406913,136.491005,144,0,Valid
2025-04-06,1884,914,Fichte1_G1,G1,Abies alba,Abies alba,100.65931091666667,94.626409,68.228712,142.99426,144,0,Valid
2025-04-06,1885,915,Fichte2_G1,G1,Abies alba,Abies alba,230.298953,221.6535885,177.176673,304.7284,144,0,Valid
2025-04-06,1886,916,Fichte3_G1,G1,Abies alba,Abies alba,2.413016138888889,1.7489819999999998,0,6.885943,144,0,Valid
2025-04-06,1887,917,Buche1_G1,G1,Fagus sylvatica,Fagus sylvatica,74.54578511805556,71.310743,61.430306,89.374872,144,0,Valid
2025-04-06,1888,918,Buche2_G1,G1,Fagus sylvatica,Fagus sylvatica,45.4984325625,44.033908,33.698707,52.303517,144,0,Valid
2025-04-06,1889,919,Buche3_G1,G1,Fagus sylvatica,Fagus sylvatica,49.54808994444444,48.433738500000004,39.245285,58.119636,144,0,Valid
2025-04-06,1890,920,Fichte1_P2,P2,Abies alba,Abies alba,29.964547125,28.816451999999998,15.059805,49.259706,144,0,Valid
2025-04-06,1891,921,Fichte2_P2,P2,Abies alba,Abies alba,19.086151631944446,17.697298,4.986396,38.858229,144,0,Valid
2025-04-06,1892,922,Fichte3_P2,P2,Abies alba,Abies alba,47.785009583333334,47.6859995,20.407005,79.447761,144,0,Valid
2025-04-06,1893,923,Buche1_P2,P2,Fagus sylvatica,Fagus sylvatica,39.39487870138889,37.9463735,28.355049,48.785937,144,0,Valid
2025-04-06,1894,924,Buche2_P2,P2,Fagus sylvatica,Fagus sylvatica,85.97583159722222,81.988877,73.942551,99.504878,144,0,Valid
2025-04-06,1895,925,Buche3_P2,P2,Fagus sylvatica,Fagus sylvatica,57.0677980625,54.848726,43.533899,67.530514,144,0,Valid
2025-04-06,1896,926,Buche1_P3,P3,Fagus sylvatica,Fagus sylvatica,57.083618125,53.432452,48.277669,67.349205,144,0,Valid
2025-04-06,1897,927,Buche2_P3,P3,Fagus sylvatica,Fagus sylvatica,19.174257194444444,18.7957315,14.618128,22.303319,144,0,Valid
2025-04-06,1898,928,Buche3_P3,P3,Fagus sylvatica,Fagus sylvatica,52.815837916666666,51.162726,45.931788,61.111648,144,0,Valid
2025-04-06,1899,929,Fichte1_P3,P3,Fagus sylvatica,Abies alba,10.541490125,9.717585,3.515079,22.060613,144,0,Valid
2025-04-06,1900,930,Fichte2_P3,P3,Fagus sylvatica,Abies alba,79.92087022222222,74.55045150000001,63.37106,101.607996,144,0,Valid
2025-04-06,1901,931,Fichte3_P3,P3,Fagus sylvatica,Abies alba,10.273736743055556,9.38202,5.394522,17.224267,144,0,Valid
2025-04-07,1878,908,Buche1_P1,P1,Fagus sylvatica,Fagus sylvatica,33.63937525694445,36.8183605,19.766447,39.229029,144,0,Valid
2025-04-07,1879,909,Buche2_P1,P1,Fagus sylvatica,Fagus sylvatica,55.92834125,58.53406,43.078959,63.19533,144,0,Valid
2025-04-07,1880,910,Buche3_P1,P1,Fagus sylvatica,Fagus sylvatica,56.156312472222226,59.3861605,43.913928,60.732134,144,0,Valid
2025-04-07,1881,911,Fichte1_P1,P1,Abies alba,Abies alba,135.72100481944443,127.470745,84.301176,204.933998,144,0,Valid
2025-04-07,1882,912,Fichte2_P1,P1,Abies alba,Abies alba,115.97031977777777,95.2380955,43.928069,226.780944,144,0,Valid
2025-04-07,1883,913,Fichte3_P1,P1,Abies alba,Abies alba,83.84642127777778,81.2976955,44.414703,135.691545,144,0,Valid
2025-04-07,1884,914,Fichte1_G1,G1,Abies alba,Abies alba,101.090248125,86.79808249999999,60.608748,162.488888,144,0,Valid
2025-04-07,1885,915,Fichte2_G1,G1,Abies alba,Abies alba,232.5912634722222,220.3988195,181.870939,301.826751,144,0,Valid
2025-04-07,1886,916,Fichte3_G1,G1,Abies alba,Abies alba,1.6821338680555555,0,0,5.643451,144,0,Valid
2025-04-07,1887,917,Buche1_G1,G1,Fagus sylvatica,Fagus sylvatica,82.78666964583333,83.938114,68.81125,90.718353,144,0,Valid
2025-04-07,1888,918,Buche2_G1,G1,Fagus sylvatica,Fagus sylvatica,45.07601277777778,47.565724,30.302458,51.410016,144,0,Valid
2025-04-07,1889,919,Buche3_G1,G1,Fagus sylvatica,Fagus sylvatica,54.420614506944446,55.543103,41.363322,60.227173,144,0,Valid
2025-04-07,1890,920,Fichte1_P2,P2,Abies alba,Abies alba,28.53594497222222,26.31935,12.629185,47.124672,144,0,Valid
2025-04-07,1891,921,Fichte2_P2,P2,Abies alba,Abies alba,9.580240180555556,9.0975675,0,25.704536,144,0,Valid
2025-04-07,1892,922,Fichte3_P2,P2,Abies alba,Abies alba,44.54977088888889,45.5366785,21.270541,67.706253,144,0,Valid
2025-04-07,1893,923,Buche1_P2,P2,Fagus sylvatica,Fagus sylvatica,43.54714553472222,47.33167,28.289255,50.479737,144,0,Valid
2025-04-07,1894,924,Buche2_P2,P2,Fagus sylvatica,Fagus sylvatica,88.72752268055555,90.8637895,75.596086,98.145986,144,0,Valid
2025-04-07,1895,925,Buche3_P2,P2,Fagus sylvatica,Fagus sylvatica,60.03267088194445,63.3536675,43.886725,67.766524,144,0,Valid
2025-04-07,1896,926,Buche1_P3,P3,Fagus sylvatica,Fagus sylvatica,61.26522561111111,61.872245500000005,51.540738,69.208756,144,0,Valid
2025-04-07,1897,927,Buche2_P3,P3,Fagus sylvatica,Fagus sylvatica,20.613223131944444,22.232802,13.52555,23.634349,144,0,Valid
2025-04-07,1898,928,Buche3_P3,P3,Fagus sylvatica,Fagus sylvatica,57.93769622222222,60.391028000000006,44.604004,63.570101,144,0,Valid
2025-04-07,1899,929,Fichte1_P3,P3,Fagus sylvatica,Abies alba,5.561480770833334,5.1772835,0,13.983214,144,0,Valid
2025-04-07,1900,930,Fichte2_P3,P3,Fagus sylvatica,Abies alba,89.9247629861111,89.121275,75.146057,104.317872,144,0,Valid
2025-04-07,1901,931,Fichte3_P3,P3,Fagus sylvatica,Abies alba,6.266009222222222,6.018326999999999,0,12.938175,144,0,Valid
2025-04-08,1878,908,Buche1_P1,P1,Fagus sylvatica,Fagus sylvatica,34.134843208333336,37.1637815,19.231888,39.433635,144,0,Valid
2025-04-08,1879,909,Buche2_P1,P1,Fagus sylvatica,Fagus sylvatica,54.01980557638889,56.5590995,40.548185,61.845711,144,0,Valid
2025-04-08,1880,910,Buche3_P1,P1,Fagus sylvatica,Fagus sylvatica,55.122020479166665,58.0717905,43.539767,60.802268,144,0,Valid
2025-04-08,1881,911,Fichte1_P1,P1,Abies alba,Abies alba,123.51120561111111,117.7675375,57.766468,204.657483,144,0,Valid
2025-04-08,1882,912,Fichte2_P1,P1,Abies alba,Abies alba,111.75885094444445,86.036719,22.952367,243.470244,144,0,Valid
2025-04-08,1883,913,Fichte3_P1,P1,Abies alba,Abies alba,69.96143224305555,63.490922499999996,9.889868,135.125362,144,0,Valid
2025-04-08,1884,914,Fichte1_G1,G1,Abies alba,Abies alba,110.76189310416667,91.35242,52.940597,191.530334,144,0,Valid
2025-04-08,1885,915,Fichte2_G1,G1,Abies alba,Abies alba,235.23950127777778,223.260114,166.261701,319.625722,144,0,Valid
2025-04-08,1886,916,Fichte3_G1,G1,Abies alba,Abies alba,4.704118048611111,1.4431370000000001,0,14.520894,144,0,Valid
2025-04-08,1887,917,Buche1_G1,G1,Fagus sylvatica,Fagus sylvatica,77.83573622916667,81.5985595,58.283819,87.810025,144,0,Valid
2025-04-08,1888,918,Buche2_G1,G1,Fagus sylvatica,Fagus sylvatica,37.33431654166667,40.398692,15.810108,48.589293,144,0,Valid
2025-04-08,1889,919,Buche3_G1,G1,Fagus sylvatica,Fagus sylvatica,52.60489734722222,54.538531500000005,36.844767,59.618641,144,0,Valid
2025-04-08,1890,920,Fichte1_P2,P2,Abies alba,Abies alba,19.454025458333334,17.2287975,0,43.266487,144,0,Valid
2025-04-08,1891,921,Fichte2_P2,P2,Abies alba,Abies alba,12.276937909722221,6.515122,0,34.795694,144,0,Valid
2025-04-08,1892,922,Fichte3_P2,P2,Abies alba,Abies alba,25.540338513888887,21.424693,0,69.269025,144,0,Valid
2025-04-08,1893,923,Buche1_P2,P2,Fagus sylvatica,Fagus sylvatica,42.676222020833336,46.549702499999995,25.939441,50.255374,144,0,Valid
2025-04-08,1894,924,Buche2_P2,P2,Fagus sylvatica,Fagus sylvatica,80.00621710416667,83.0414705,62.806809,91.366166,144,0,Valid
2025-04-08,1895,925,Buche3_P2,P2,Fagus sylvatica,Fagus sylvatica,53.36991456944445,55.441358,36.581818,64.220779,144,0,Valid
2025-04-08,1896,926,Buche1_P3,P3,Fagus sylvatica,Fagus sylvatica,58.24848055555555,59.077928,47.132451,67.35615,144,0,Valid
2025-04-08,1897,927,Buche2_P3,P3,Fagus sylvatica,Fagus sylvatica,20.535880249999998,21.426389,13.4199,23.989968,144,0,Valid
2025-04-08,1898,928,Buche3_P3,P3,Fagus sylvatica,Fagus sylvatica,55.67195399305555,56.882051,44.164532,65.486184,144,0,Valid
2025-04-08,1899,929,Fichte1_P3,P3,Fagus sylvatica,Abies alba,5.419231645833333,2.400822,0,19.314628,144,0,Valid
2025-04-08,1900,930,Fichte2_P3,P3,Fagus sylvatica,Abies alba,83.79614590972223,84.49064949999999,63.262043,100.410481,144,0,Valid
2025-04-08,1901,931,Fichte3_P3,P3,Fagus sylvatica,Abies alba,9.579970965277777,5.092955,0,23.514775,144,0,Valid
2025-04-09,1878,908,Buche1_P1,P1,Fagus sylvatica,Fagus sylvatica,32.553719888888885,35.6556725,19.296372,38.354958,144,0,Valid
2025-04-09,1879,909,Buche2_P1,P1,Fagus sylvatica,Fagus sylvatica,52.2463566875,53.5283285,39.124192,59.973284,144,0,Valid
2025-04-09,1880,910,Buche3_P1,P1,Fagus sylvatica,Fagus sylvatica,54.00955877777778,56.2131975,42.822968,61.204968,144,0,Valid
2025-04-09,1881,911,Fichte1_P1,P1,Abies alba,Abies alba,108.94759388194444,104.6736865,33.274962,187.541165,144,0,Valid
2025-04-09,1882,912,Fichte2_P1,P1,Abies alba,Abies alba,100.8077885,78.472366,8.06896,234.171104,144,0,Valid
2025-04-09,1883,913,Fichte3_P1,P1,Abies alba,Abies alba,60.05157504861111,51.170692,0,135.719281,144,0,Valid
2025-04-09,1884,914,Fichte1_G1,G1,Abies alba,Abies alba,111.44733265972222,97.1511615,47.493715,189.867668,144,0,Valid
2025-04-09,1885,915,Fichte2_G1,G1,Abies alba,Abies alba,227.35782502777778,221.21437600000002,150.477546,312.019314,144,0,Valid
2025-04-09,1886,916,Fichte3_G1,G1,Abies alba,Abies alba,3.702062986111111,1.749941,0,12.101888,144,0,Valid
2025-04-09,1887,917,Buche1_G1,G1,Fagus sylvatica,Fagus sylvatica,71.31082854861111,73.37456,50.11511,85.78714,144,0,Valid
2025-04-09,1888,918,Buche2_G1,G1,Fagus sylvatica,Fagus sylvatica,27.53317001388889,30.405955,11.134596,41.803039,144,0,Valid
2025-04-09,1889,919,Buche3_G1,G1,Fagus sylvatica,Fagus sylvatica,50.574787083333334,51.758435500000004,37.28256,60.222749,144,0,Valid
2025-04-09,1890,920,Fichte1_P2,P2,Abies alba,Abies alba,18.311540923611112,12.9411915,0,48.415012,144,0,Valid
2025-04-09,1891,921,Fichte2_P2,P2,Abies alba,Abies alba,16.776120729166667,10.273803000000001,0,46.394953,144,0,Valid
2025-04-09,1892,922,Fichte3_P2,P2,Abies alba,Abies alba,27.89047777777778,15.905656,0,75.451512,144,0,Valid
2025-04-09,1893,923,Buche1_P2,P2,Fagus sylvatica,Fagus sylvatica,41.10311575694445,43.8575335,24.864215,49.369212,144,0,Valid
2025-04-09,1894,924,Buche2_P2,P2,Fagus sylvatica,Fagus sylvatica,69.91981171527777,74.776977,51.034391,81.059089,144,0,Valid
2025-04-09,1895,925,Buche3_P2,P2,Fagus sylvatica,Fagus sylvatica,47.263501993055556,49.584699,33.378951,56.066914,144,0,Valid
2025-04-09,1896,926,Buche1_P3,P3,Fagus sylvatica,Fagus sylvatica,55.79769457638889,55.268334,43.625003,67.043707,144,0,Valid
2025-04-09,1897,927,Buche2_P3,P3,Fagus sylvatica,Fagus sylvatica,20.29335785416667,21.546042,13.871416,23.45737,144,0,Valid
2025-04-09,1898,928,Buche3_P3,P3,Fagus sylvatica,Fagus sylvatica,54.59246356944445,55.2753255,43.788063,65.059567,144,0,Valid
2025-04-09,1899,929,Fichte1_P3,P3,Fagus sylvatica,Abies alba,6.473765909722222,5.3225725,0,19.920706,144,0,Valid
2025-04-09,1900,930,Fichte2_P3,P3,Fagus sylvatica,Abies alba,72.56957564583334,73.7304345,47.195826,94.016423,144,0,Valid
2025-04-09,1901,931,Fichte3_P3,P3,Fagus sylvatica,Abies alba,11.162405118055556,8.990652,0,27.700972,144,0,Valid
2025-04-10,1878,908,Buche1_P1,P1,Fagus sylvatica,Fagus sylvatica,32.40717482638889,34.0025295,20.735702,37.563313,144,0,Valid
2025-04-10,1879,909,Buche2_P1,P1,Fagus sylvatica,Fagus sylvatica,54.55185075694445,56.685359500000004,43.250498,62.960299,144,0,Valid
2025-04-10,1880,910,Buche3_P1,P1,Fagus sylvatica,Fagus sylvatica,55.025529291666665,55.730385,45.563581,61.770971,144,0,Valid
2025-04-10,1881,911,Fichte1_P1,P1,Abies alba,Abies alba,111.8808741875,102.707096,36.371931,197.078313,144,0,Valid
2025-04-10,1882,912,Fichte2_P1,P1,Abies alba,Abies alba,109.64668803472222,83.50380150000001,9.755632,248.159936,144,0,Valid
2025-04-10,1883,913,Fichte3_P1,P1,Abies alba,Abies alba,64.48971336111111,56.4411855,1.011556,140.620775,144,0,Valid
2025-04-10,1884,914,Fichte1_G1,G1,Abies alba,Abies alba,118.097773,103.197981,54.913937,194.548323,144,0,Valid
2025-04-10,1885,915,Fichte2_G1,G1,Abies alba,Abies alba,234.56298197916666,221.7874225,166.061316,316.393418,144,0,Valid
2025-04-10,1886,916,Fichte3_G1,G1,Abies alba,Abies alba,2.5855315972222224,0,0,11.077553,144,0,Valid
2025-04-10,1887,917,Buche1_G1,G1,Fagus sylvatica,Fagus sylvatica,71.06432715277778,70.83221499999999,51.894828,85.416343,144,0,Valid
2025-04-10,1888,918,Buche2_G1,G1,Fagus sylvatica,Fagus sylvatica,20.554124694444443,23.2743045,6.849813,31.977537,144,0,Valid
2025-04-10,1889,919,Buche3_G1,G1,Fagus sylvatica,Fagus sylvatica,52.38479522916667,51.774932,39.851524,61.771009,144,0,Valid
2025-04-10,1890,920,Fichte1_P2,P2,Abies alba,Abies alba,19.105146375,14.6102255,0,46.568553,144,0,Valid
2025-04-10,1891,921,Fichte2_P2,P2,Abies alba,Abies alba,15.429882597222223,10.598081,0,38.45137,144,0,Valid
2025-04-10,1892,922,Fichte3_P2,P2,Abies alba,Abies alba,30.244863916666667,23.180766499999997,0,72.176337,144,0,Valid
2025-04-10,1893,923,Buche1_P2,P2,Fagus sylvatica,Fagus sylvatica,41.114200527777776,43.390947999999995,26.880013,49.963978,144,0,Valid
2025-04-10,1894,924,Buche2_P2,P2,Fagus sylvatica,Fagus sylvatica,65.06493838194444,67.4079275,47.56759,76.342344,144,0,Valid
2025-04-10,1895,925,Buche3_P2,P2,Fagus sylvatica,Fagus sylvatica,43.711982284722225,44.367251499999995,32.516772,51.003436,144,0,Valid
2025-04-10,1896,926,Buche1_P3,P3,Fagus sylvatica,Fagus sylvatica,57.48482654166666,54.9324,46.060376,68.668398,144,0,Valid
2025-04-10,1897,927,Buche2_P3,P3,Fagus sylvatica,Fagus sylvatica,19.643856131944446,20.2106585,14.362123,23.081296,144,0,Valid
2025-04-10,1898,928,Buche3_P3,P3,Fagus sylvatica,Fagus sylvatica,56.2520526875,55.5574,46.569958,65.552222,144,0,Valid
2025-04-10,1899,929,Fichte1_P3,P3,Fagus sylvatica,Abies alba,7.589418055555556,4.0959875,0,21.605401,144,0,Valid
2025-04-10,1900,930,Fichte2_P3,P3,Fagus sylvatica,Abies alba,69.36790279166667,67.2389775,45.094328,92.409922,144,0,Valid
2025-04-10,1901,931,Fichte3_P3,P3,Fagus sylvatica,Abies alba,11.55377542361111,9.587077,0,25.745207,144,0,Valid
2025-04-11,1878,908,Buche1_P1,P1,Fagus sylvatica,Fagus sylvatica,31.885903958333333,34.222725999999994,17.586506,37.85443,144,0,Valid
2025-04-11,1879,909,Buche2_P1,P1,Fagus sylvatica,Fagus sylvatica,55.961155131944444,58.2839075,40.714772,63.947747,144,0,Valid
2025-04-11,1880,910,Buche3_P1,P1,Fagus sylvatica,Fagus sylvatica,54.971970256944445,57.546684,44.28289,61.976314,144,0,Valid
2025-04-11,1881,911,Fichte1_P1,P1,Abies alba,Abies alba,102.8884658125,95.5053265,20.573616,200.102612,144,0,Valid
2025-04-11,1882,912,Fichte2_P1,P1,Abies alba,Abies alba,117.03407413888888,77.22857400000001,0,294.749809,144,0,Valid
2025-04-11,1883,913,Fichte3_P1,P1,Abies alba,Abies alba,71.08373558333334,53.2061365,0,182.324913,144,0,Valid
2025-04-11,1884,914,Fichte1_G1,G1,Abies alba,Abies alba,120.24638181944444,98.192803,42.947017,231.037489,144,0,Valid
2025-04-11,1885,915,Fichte2_G1,G1,Abies alba,Abies alba,230.87924411111112,218.9989245,151.67789200000001,317.827734,144,0,Valid
2025-04-11,1886,916,Fichte3_G1,G1,Abies alba,Abies alba,1.9399501944444444,0,0,7.613411,144,0,Valid
2025-04-11,1887,917,Buche1_G1,G1,Fagus sylvatica,Fagus sylvatica,67.00099968055555,68.8481515,47.601834,80.272171,144,0,Valid
2025-04-11,1888,918,Buche2_G1,G1,Fagus sylvatica,Fagus sylvatica,12.105203555555555,12.719732,2.763232,24.186783,144,0,Valid
2025-04-11,1889,919,Buche3_G1,G1,Fagus sylvatica,Fagus sylvatica,52.26982669444445,52.9729985,39.108619,62.37379,144,0,Valid
2025-04-11,1890,920,Fichte1_P2,P2,Abies alba,Abies alba,16.698154784722224,12.25101,0,47.266541,144,0,Valid
2025-04-11,1891,921,Fichte2_P2,P2,Abies alba,Abies alba,14.817380618055555,10.142955,0,41.258586,144,0,Valid
2025-04-11,1892,922,Fichte3_P2,P2,Abies alba,Abies alba,26.739969513888887,18.633266,0,73.059865,144,0,Valid
2025-04-11,1893,923,Buche1_P2,P2,Fagus sylvatica,Fagus sylvatica,40.930963625,44.5033445,24.134296,49.476297,144,0,Valid
2025-04-11,1894,924,Buche2_P2,P2,Fagus sylvatica,Fagus sylvatica,51.28433261805556,54.1625665,33.327659,66.367217,144,0,Valid
2025-04-11,1895,925,Buche3_P2,P2,Fagus sylvatica,Fagus sylvatica,39.31815434722222,41.561344,23.636096,46.629287,144,0,Valid
2025-04-11,1896,926,Buche1_P3,P3,Fagus sylvatica,Fagus sylvatica,56.851460333333335,54.7962885,42.683145,68.968526,144,0,Valid
2025-04-11,1897,927,Buche2_P3,P3,Fagus sylvatica,Fagus sylvatica,19.080923520833334,19.668267,12.500042,23.070022,144,0,Valid
2025-04-11,1898,928,Buche3_P3,P3,Fagus sylvatica,Fagus sylvatica,56.742416875,56.3448075,45.678993,69.627413,144,0,Valid
2025-04-11,1899,929,Fichte1_P3,P3,Fagus sylvatica,Abies alba,5.611543305555555,1.528101,0,17.16952,144,0,Valid
2025-04-11,1900,930,Fichte2_P3,P3,Fagus sylvatica,Abies alba,59.45517767361111,61.2249725,34.334151,81.04977,144,0,Valid
2025-04-11,1901,931,Fichte3_P3,P3,Fagus sylvatica,Abies alba,11.085256819444444,8.188925,0,28.597908,144,0,Valid
2025-04-12,1878,908,Buche1_P1,P1,Fagus sylvatica,Fagus sylvatica,28.04286690972222,29.1179725,16.344194,33.375367,144,0,Valid
2025-04-12,1879,909,Buche2_P1,P1,Fagus sylvatica,Fagus sylvatica,54.14343418055556,54.91697,41.946095,64.074852,144,0,Valid
2025-04-12,1880,910,Buche3_P1,P1,Fagus sylvatica,Fagus sylvatica,51.02966809027778,51.978109,42.881195,58.454419,144,0,Valid
2025-04-12,1881,911,Fichte1_P1,P1,Abies alba,Abies alba,77.71377455555556,77.1413525,11.607547,152.143365,144,0,Valid
2025-04-12,1882,912,Fichte2_P1,P1,Abies alba,Abies alba,97.40971809722222,90.523768,0,215.990571,144,0,Valid
2025-04-12,1883,913,Fichte3_P1,P1,Abies alba,Abies alba,52.532146770833336,46.3834255,0,118.241297,144,0,Valid
2025-04-12,1884,914,Fichte1_G1,G1,Abies alba,Abies alba,106.17859175,101.91040699999999,40.399875,176.651112,144,0,Valid
2025-04-12,1885,915,Fichte2_G1,G1,Abies alba,Abies alba,218.46052507638888,215.866553,151.890113,284.271955,144,0,Valid
2025-04-12,1886,916,Fichte3_G1,G1,Abies alba,Abies alba,1.8638337083333334,0,0,8.972174,144,0,Valid
2025-04-12,1887,917,Buche1_G1,G1,Fagus sylvatica,Fagus sylvatica,55.67034458333333,54.548094000000006,42.686258,72.274788,144,0,Valid
2025-04-12,1888,918,Buche2_G1,G1,Fagus sylvatica,Fagus sylvatica,4.793225055555555,4.1932705,0,13.205603,144,0,Valid
2025-04-12,1889,919,Buche3_G1,G1,Fagus sylvatica,Fagus sylvatica,49.70460658333333,51.109126,38.238773,56.125316,144,0,Valid
2025-04-12,1890,920,Fichte1_P2,P2,Abies alba,Abies alba,10.165468013888889,8.4052855,0,27.53182,144,0,Valid
2025-04-12,1891,921,Fichte2_P2,P2,Abies alba,Abies alba,8.187976930555555,2.9633205,0,25.030515,144,0,Valid
2025-04-12,1892,922,Fichte3_P2,P2,Abies alba,Abies alba,16.13579477777778,13.942118,0,40.70427,144,0,Valid
2025-04-12,1893,923,Buche1_P2,P2,Fagus sylvatica,Fagus sylvatica,39.88328364583333,41.1667785,26.490039,49.693696,144,0,Valid
2025-04-12,1894,924,Buche2_P2,P2,Fagus sylvatica,Fagus sylvatica,29.4383508125,26.719516,12.528403,53.246472,144,0,Valid
2025-04-12,1895,925,Buche3_P2,P2,Fagus sylvatica,Fagus sylvatica,31.980376902777778,31.119025999999998,21.528274,42.373468,144,0,Valid
2025-04-12,1896,926,Buche1_P3,P3,Fagus sylvatica,Fagus sylvatica,51.22884747222222,52.194896,41.398414,60.469215,144,0,Valid
2025-04-12,1897,927,Buche2_P3,P3,Fagus sylvatica,Fagus sylvatica,16.687332604166667,16.6036595,10.375114,21.121112,144,0,Valid
2025-04-12,1898,928,Buche3_P3,P3,Fagus sylvatica,Fagus sylvatica,54.231745458333336,55.5842555,45.623093,59.980924,144,0,Valid
2025-04-12,1899,929,Fichte1_P3,P3,Fagus sylvatica,Abies alba,2.3444764305555554,0,0,10.184109,144,0,Valid
2025-04-12,1900,930,Fichte2_P3,P3,Fagus sylvatica,Abies alba,37.53172009027778,37.7224055,18.93166,61.097753,144,0,Valid
2025-04-12,1901,931,Fichte3_P3,P3,Fagus sylvatica,Abies alba,6.894740020833333,6.5310299999999994,0,16.673814,144,0,Valid
2025-04-13,1878,908,Buche1_P1,P1,Fagus sylvatica,Fagus sylvatica,15.840702604166667,16.620472999999997,7.004451,25.179962,144,0,Valid
2025-04-13,1879,909,Buche2_P1,P1,Fagus sylvatica,Fagus sylvatica,41.03144959027778,42.8084465,25.792872,56.226849,144,0,Valid
2025-04-13,1880,910,Buche3_P1,P1,Fagus sylvatica,Fagus sylvatica,32.80669518055556,32.7077965,17.018921,48.124786,144,0,Valid
2025-04-13,1881,911,Fichte1_P1,P1,Abies alba,Abies alba,29.235115756944445,22.1430925,0,78.476032,144,0,Valid
2025-04-13,1882,912,Fichte2_P1,P1,Abies alba,Abies alba,31.743945298611113,21.2490895,0,87.778473,144,0,Valid
2025-04-13,1883,913,Fichte3_P1,P1,Abies alba,Abies alba,18.674284118055557,8.036910500000001,0,58.609005,144,0,Valid
2025-04-13,1884,914,Fichte1_G1,G1,Abies alba,Abies alba,62.2639313125,63.66449849999999,31.588196,96.137161,144,0,Valid
2025-04-13,1885,915,Fichte2_G1,G1,Abies alba,Abies alba,150.27893529861112,154.9674935,83.77797,204.691491,144,0,Valid
2025-04-13,1886,916,Fichte3_G1,G1,Abies alba,Abies alba,1.3435291736111112,0,0,7.99967,144,0,Valid
2025-04-13,1887,917,Buche1_G1,G1,Fagus sylvatica,Fagus sylvatica,27.512409402777777,27.652572499999998,8.523348,48.639692,144,0,Valid
2025-04-13,1888,918,Buche2_G1,G1,Fagus sylvatica,Fagus sylvatica,1.1996672708333334,0,0,5.170153,144,0,Valid
2025-04-13,1889,919,Buche3_G1,G1,Fagus sylvatica,Fagus sylvatica,36.47775770138889,37.884040999999996,25.905691,46.789339,144,0,Valid
2025-04-13,1890,920,Fichte1_P2,P2,Abies alba,Abies alba,6.07674825,0,0,25.212689,144,0,Valid
2025-04-13,1891,921,Fichte2_P2,P2,Abies alba,Abies alba,3.021366076388889,0,0,17.26916,144,0,Valid
2025-04-13,1892,922,Fichte3_P2,P2,Abies alba,Abies alba,9.921785159722223,0,0,45.212832,144,0,Valid
2025-04-13,1893,923,Buche1_P2,P2,Fagus sylvatica,Fagus sylvatica,29.80095365972222,30.4509015,21.067495,41.185216,144,0,Valid
2025-04-13,1894,924,Buche2_P2,P2,Fagus sylvatica,Fagus sylvatica,4.721833923611111,1.75254,0,15.716455,144,0,Valid
2025-04-13,1895,925,Buche3_P2,P2,Fagus sylvatica,Fagus sylvatica,9.285204722222222,7.373403,0,28.521981,144,0,Valid
2025-04-13,1896,926,Buche1_P3,P3,Fagus sylvatica,Fagus sylvatica,35.25899327083334,37.911753000000004,22.086926,46.895639,144,0,Valid
2025-04-13,1897,927,Buche2_P3,P3,Fagus sylvatica,Fagus sylvatica,7.93864475,6.6388465,0,16.652437,144,0,Valid
2025-04-13,1898,928,Buche3_P3,P3,Fagus sylvatica,Fagus sylvatica,42.67334830555556,45.063956000000005,31.567313,50.9044,144,0,Valid
2025-04-13,1899,929,Fichte1_P3,P3,Fagus sylvatica,Abies alba,0.9451792569444445,0,0,8.345591,144,0,Valid
2025-04-13,1900,930,Fichte2_P3,P3,Fagus sylvatica,Abies alba,8.571116048611112,3.7536255,0,29.524815,144,0,Valid
2025-04-13,1901,931,Fichte3_P3,P3,Fagus sylvatica,Abies alba,0.7427482430555555,0,0,4.135993,144,0,Valid
2025-04-14,1878,908,Buche1_P1,P1,Fagus sylvatica,Fagus sylvatica,4.436902979166667,4.924479,0,9.240895,144,0,Valid
2025-04-14,1879,909,Buche2_P1,P1,Fagus sylvatica,Fagus sylvatica,21.269437152777776,17.7737265,3.951029,43.227718,144,0,Valid
2025-04-14,1880,910,Buche3_P1,P1,Fagus sylvatica,Fagus sylvatica,10.642566097222222,10.8112915,0,23.039995,144,0,Valid
2025-04-14,1881,911,Fichte1_P1,P1,Abies alba,Abies alba,46.492761055555555,16.1976075,0,141.0339,144,0,Valid
2025-04-14,1882,912,Fichte2_P1,P1,Abies alba,Abies alba,37.18447756944445,0.237337,0,132.730583,144,0,Valid
2025-04-14,1883,913,Fichte3_P1,P1,Abies alba,Abies alba,27.78275184027778,0.373787,0,93.843806,144,0,Valid
2025-04-14,1884,914,Fichte1_G1,G1,Abies alba,Abies alba,35.6159934375,29.8144015,0,89.689342,144,0,Valid
2025-04-14,1885,915,Fichte2_G1,G1,Abies alba,Abies alba,84.3984348263889,82.661345,7.392373,166.954233,144,0,Valid
2025-04-14,1886,916,Fichte3_G1,G1,Abies alba,Abies alba,1.7414226666666666,0,0,10.769971,144,0,Valid
2025-04-14,1887,917,Buche1_G1,G1,Fagus sylvatica,Fagus sylvatica,13.37781025,8.6233015,0,35.212165,144,0,Valid
2025-04-14,1888,918,Buche2_G1,G1,Fagus sylvatica,Fagus sylvatica,6.876048888888889,0.2764675,0,19.867224,144,0,Valid
2025-04-14,1889,919,Buche3_G1,G1,Fagus sylvatica,Fagus sylvatica,22.349542375,22.2217755,5.525589,36.049698,144,0,Valid
2025-04-14,1890,920,Fichte1_P2,P2,Abies alba,Abies alba,8.760617152777778,5.0741565,0,28.410517,144,0,Valid
2025-04-14,1891,921,Fichte2_P2,P2,Abies alba,Abies alba,8.468443895833333,0,0,30.428724,144,0,Valid
2025-04-14,1892,922,Fichte3_P2,P2,Abies alba,Abies alba,27.076923520833333,12.375277,0,77.472204,144,0,Valid
2025-04-14,1893,923,Buche1_P2,P2,Fagus sylvatica,Fagus sylvatica,19.99483777777778,20.108840999999998,9.93562,27.067156,144,0,Valid
2025-04-14,1894,924,Buche2_P2,P2,Fagus sylvatica,Fagus sylvatica,12.290330944444445,2.0161745,0,33.370348,144,0,Valid
2025-04-14,1895,925,Buche3_P2,P2,Fagus sylvatica,Fagus sylvatica,5.1049673958333335,0.16544699999999998,0,15.495434,144,0,Valid
2025-04-14,1896,926,Buche1_P3,P3,Fagus sylvatica,Fagus sylvatica,20.34772159027778,18.541262500000002,0,44.401676,144,0,Valid
2025-04-14,1897,927,Buche2_P3,P3,Fagus sylvatica,Fagus sylvatica,5.175212354166667,0.209712,0,17.229959,144,0,Valid
2025-04-14,1898,928,Buche3_P3,P3,Fagus sylvatica,Fagus sylvatica,29.14080448611111,27.8404745,17.545103,44.230444,144,0,Valid
2025-04-14,1899,929,Fichte1_P3,P3,Fagus sylvatica,Abies alba,2.2331876180555557,0,0,11.499385,144,0,Valid
2025-04-14,1900,930,Fichte2_P3,P3,Fagus sylvatica,Abies alba,10.745569180555556,5.5428820000000005,0,30.795826,144,0,Valid
2025-04-14,1901,931,Fichte3_P3,P3,Fagus sylvatica,Abies alba,3.1404906666666665,0,0,12.285122,144,0,Valid
2025-04-15,1878,908,Buche1_P1,P1,Fagus sylvatica,Fagus sylvatica,3.273067326388889,2.360963,0,8.537888,144,0,Valid
2025-04-15,1879,909,Buche2_P1,P1,Fagus sylvatica,Fagus sylvatica,25.871860479166667,28.937762,4.878904,41.21397,144,0,Valid
2025-04-15,1880,910,Buche3_P1,P1,Fagus sylvatica,Fagus sylvatica,8.260239666666667,6.9494705,0,20.995945,144,0,Valid
2025-04-15,1881,911,Fichte1_P1,P1,Abies alba,Abies alba,44.26663484722222,42.917556000000005,0,107.982435,144,0,Valid
2025-04-15,1882,912,Fichte2_P1,P1,Abies alba,Abies alba,29.352995083333333,22.217368,0,90.550723,144,0,Valid
2025-04-15,1883,913,Fichte3_P1,P1,Abies alba,Abies alba,23.809219868055557,20.1514255,0,65.947257,144,0,Valid
2025-04-15,1884,914,Fichte1_G1,G1,Abies alba,Abies alba,23.531717270833333,16.760563,0,68.00673,144,0,Valid
2025-04-15,1885,915,Fichte2_G1,G1,Abies alba,Abies alba,54.93995351388889,50.026295000000005,0,136.64784,144,0,Valid
2025-04-15,1886,916,Fichte3_G1,G1,Abies alba,Abies alba,4.650152361111111,0,0,21.370912,144,0,Valid
2025-04-15,1887,917,Buche1_G1,G1,Fagus sylvatica,Fagus sylvatica,12.454332486111111,11.993425,0,26.692364,144,0,Valid
2025-04-15,1888,918,Buche2_G1,G1,Fagus sylvatica,Fagus sylvatica,6.528573576388889,6.898049,0,17.218481,144,0,Valid
2025-04-15,1889,919,Buche3_G1,G1,Fagus sylvatica,Fagus sylvatica,19.213070916666666,20.30074,2.809369,30.001041,144,0,Valid
2025-04-15,1890,920,Fichte1_P2,P2,Abies alba,Abies alba,9.36573495138889,0.7226665,0,34.558303,144,0,Valid
2025-04-15,1891,921,Fichte2_P2,P2,Abies alba,Abies alba,5.709821625,0,0,24.259699,144,0,Valid
2025-04-15,1892,922,Fichte3_P2,P2,Abies alba,Abies alba,20.287956430555557,11.9403455,0,69.291077,144,0,Valid
2025-04-15,1893,923,Buche1_P2,P2,Fagus sylvatica,Fagus sylvatica,16.092393,17.1006385,0.389263,26.10871,144,0,Valid
2025-04-15,1894,924,Buche2_P2,P2,Fagus sylvatica,Fagus sylvatica,12.211641097222222,12.4302815,0,28.965344,144,0,Valid
2025-04-15,1895,925,Buche3_P2,P2,Fagus sylvatica,Fagus sylvatica,5.080077055555556,5.3965365,0,11.484719,144,0,Valid
2025-04-15,1896,926,Buche1_P3,P3,Fagus sylvatica,Fagus sylvatica,24.502012319444443,25.254248,12.025146,35.407416,144,0,Valid
2025-04-15,1897,927,Buche2_P3,P3,Fagus sylvatica,Fagus sylvatica,5.626288923611111,3.743068,0,16.480979,144,0,Valid
2025-04-15,1898,928,Buche3_P3,P3,Fagus sylvatica,Fagus sylvatica,24.63309995138889,25.9060275,13.159652,34.340499,144,0,Valid
2025-04-15,1899,929,Fichte1_P3,P3,Fagus sylvatica,Abies alba,1.5819906319444443,0,0,11.894557,144,0,Valid
2025-04-15,1900,930,Fichte2_P3,P3,Fagus sylvatica,Abies alba,9.625140868055556,2.3067735000000003,0,34.768273,144,0,Valid
2025-04-15,1901,931,Fichte3_P3,P3,Fagus sylvatica,Abies alba,1.3598173333333334,0,0,7.104142,144,0,Valid
2025-04-16,1878,908,Buche1_P1,P1,Fagus sylvatica,Fagus sylvatica,0.15015135416666667,0,0,1.081337,144,0,Valid
2025-04-16,1879,909,Buche2_P1,P1,Fagus sylvatica,Fagus sylvatica,14.874530451388889,14.738649500000001,4.865316,24.481424,144,0,Valid
2025-04-16,1880,910,Buche3_P1,P1,Fagus sylvatica,Fagus sylvatica,1.3642697777777777,1.4177624999999998,0,3.564892,144,0,Valid
2025-04-16,1881,911,Fichte1_P1,P1,Abies alba,Abies alba,4.766157388888889,0,0,35.1079,144,0,Valid
2025-04-16,1882,912,Fichte2_P1,P1,Abies alba,Abies alba,2.7157020694444443,0,0,22.923767,144,0,Valid
2025-04-16,1883,913,Fichte3_P1,P1,Abies alba,Abies alba,1.3532761041666668,0,0,19.067546,144,0,Valid
2025-04-16,1884,914,Fichte1_G1,G1,Abies alba,Abies alba,4.2352844930555555,0.912855,0,25.763972,144,0,Valid
2025-04-16,1885,915,Fichte2_G1,G1,Abies alba,Abies alba,4.4162453402777775,0,0,40.547105,144,0,Valid
2025-04-16,1886,916,Fichte3_G1,G1,Abies alba,Abies alba,0.017146208333333333,0,0,0.560521,144,0,Valid
2025-04-16,1887,917,Buche1_G1,G1,Fagus sylvatica,Fagus sylvatica,1.4003933125,0.7908075,0,6.814472,144,0,Valid
2025-04-16,1888,918,Buche2_G1,G1,Fagus sylvatica,Fagus sylvatica,0.23570434027777779,0,0,1.810164,144,0,Valid
2025-04-16,1889,919,Buche3_G1,G1,Fagus sylvatica,Fagus sylvatica,3.9181919513888888,5.167905,0,10.839689,144,0,Valid
2025-04-16,1890,920,Fichte1_P2,P2,Abies alba,Abies alba,0.44043214583333334,0,0,4.830849,144,0,Valid
2025-04-16,1891,921,Fichte2_P2,P2,Abies alba,Abies alba,0.025608979166666667,0,0,0.576299,144,0,Valid
2025-04-16,1892,922,Fichte3_P2,P2,Abies alba,Abies alba,1.149751625,0,0,7.63279,144,0,Valid
2025-04-16,1893,923,Buche1_P2,P2,Fagus sylvatica,Fagus sylvatica,5.764262402777778,3.991741,0.486243,14.725197,144,0,Valid
2025-04-16,1894,924,Buche2_P2,P2,Fagus sylvatica,Fagus sylvatica,1.0494159444444444,0,0,8.437074,144,0,Valid
2025-04-16,1895,925,Buche3_P2,P2,Fagus sylvatica,Fagus sylvatica,0.17753734722222222,0,0,1.292945,144,0,Valid
2025-04-16,1896,926,Buche1_P3,P3,Fagus sylvatica,Fagus sylvatica,7.158801347222222,9.2443515,0,13.686079,144,0,Valid
2025-04-16,1897,927,Buche2_P3,P3,Fagus sylvatica,Fagus sylvatica,0.0599188125,0,0,0.474784,144,0,Valid
2025-04-16,1898,928,Buche3_P3,P3,Fagus sylvatica,Fagus sylvatica,11.857808465277778,12.087348,8.610723,15.498343,144,0,Valid
2025-04-16,1899,929,Fichte1_P3,P3,Fagus sylvatica,Abies alba,0,0,0,0,144,0,Valid
2025-04-16,1900,930,Fichte2_P3,P3,Fagus sylvatica,Abies alba,0.14053854166666666,0,0,1.388624,144,0,Valid
2025-04-16,1901,931,Fichte3_P3,P3,Fagus sylvatica,Abies alba,0.0017813402777777777,0,0,0.08278,144,0,Valid
2025-04-17,1878,908,Buche1_P1,P1,Fagus sylvatica,Fagus sylvatica,0.4306422222222222,0.0965825,0,2.192196,144,0,Valid
2025-04-17,1879,909,Buche2_P1,P1,Fagus sylvatica,Fagus sylvatica,2.746352652777778,2.4895175,0,5.533329,144,0,Valid
2025-04-17,1880,910,Buche3_P1,P1,Fagus sylvatica,Fagus sylvatica,1.7459362777777778,1.2849145,0,4.679643,144,0,Valid
2025-04-17,1881,911,Fichte1_P1,P1,Abies alba,Abies alba,9.741224118055555,0,0,31.280791,144,0,Valid
2025-04-17,1882,912,Fichte2_P1,P1,Abies alba,Abies alba,0.5448432916666667,0,0,3.717206,144,0,Valid
2025-04-17,1883,913,Fichte3_P1,P1,Abies alba,Abies alba,1.290933548611111,0,0,5.012915,144,0,Valid
2025-04-17,1884,914,Fichte1_G1,G1,Abies alba,Abies alba,1.7488315902777778,0.016773,0,9.337691,144,0,Valid
2025-04-17,1885,915,Fichte2_G1,G1,Abies alba,Abies alba,0.1500428125,0,0,1.164335,144,0,Valid
2025-04-17,1886,916,Fichte3_G1,G1,Abies alba,Abies alba,0.8225400486111111,0,0,4.234852,144,0,Valid
2025-04-17,1887,917,Buche1_G1,G1,Fagus sylvatica,Fagus sylvatica,1.0798160416666667,0.0412595,0,3.709784,144,0,Valid
2025-04-17,1888,918,Buche2_G1,G1,Fagus sylvatica,Fagus sylvatica,0.015567909722222223,0,0,0.172794,144,0,Valid
2025-04-17,1889,919,Buche3_G1,G1,Fagus sylvatica,Fagus sylvatica,0.32742420833333336,0,0,4.118354,144,0,Valid
2025-04-17,1890,920,Fichte1_P2,P2,Abies alba,Abies alba,0.36560879166666665,0,0,3.024506,144,0,Valid
2025-04-17,1891,921,Fichte2_P2,P2,Abies alba,Abies alba,0.015732756944444443,0,0,0.260112,144,0,Valid
2025-04-17,1892,922,Fichte3_P2,P2,Abies alba,Abies alba,0.11027817361111111,0,0,1.540332,144,0,Valid
2025-04-17,1893,923,Buche1_P2,P2,Fagus sylvatica,Fagus sylvatica,0.40532429861111113,0,0,2.838153,144,0,Valid
2025-04-17,1894,924,Buche2_P2,P2,Fagus sylvatica,Fagus sylvatica,0.008685597222222223,0,0,0.33034,144,0,Valid
2025-04-17,1895,925,Buche3_P2,P2,Fagus sylvatica,Fagus sylvatica,0.006777902777777778,0,0,0.241705,144,0,Valid
2025-04-17,1896,926,Buche1_P3,P3,Fagus sylvatica,Fagus sylvatica,1.209778388888889,0,0,3.761462,144,0,Valid
2025-04-17,1897,927,Buche2_P3,P3,Fagus sylvatica,Fagus sylvatica,0.2506079583333333,0.0277055,0,1.472036,144,0,Valid
2025-04-17,1898,928,Buche3_P3,P3,Fagus sylvatica,Fagus sylvatica,5.910324652777778,5.2974785,2.050031,10.292595,144,0,Valid
2025-04-17,1899,929,Fichte1_P3,P3,Fagus sylvatica,Abies alba,0.0048652013888888885,0,0,0.163675,144,0,Valid
2025-04-17,1900,930,Fichte2_P3,P3,Fagus sylvatica,Abies alba,0.39195793055555556,0,0,2.383038,144,0,Valid
2025-04-17,1901,931,Fichte3_P3,P3,Fagus sylvatica,Abies alba,0.01101304861111111,0,0,0.160136,144,0,Valid
2025-04-18,1878,908,Buche1_P1,P1,Fagus sylvatica,Fagus sylvatica,4.923566604166667,1.401448,0,13.680676,144,0,Valid
2025-04-18,1879,909,Buche2_P1,P1,Fagus sylvatica,Fagus sylvatica,20.9109373125,14.276851,0,51.636978,144,0,Valid
2025-04-18,1880,910,Buche3_P1,P1,Fagus sylvatica,Fagus sylvatica,7.7545738125,4.728502499999999,0,20.384534,144,0,Valid
2025-04-18,1881,911,Fichte1_P1,P1,Abies alba,Abies alba,69.15718300694445,53.749815,3.875487,174.380275,144,0,Valid
2025-04-18,1882,912,Fichte2_P1,P1,Abies alba,Abies alba,48.72264375694444,13.0229315,0,152.949792,144,0,Valid
2025-04-18,1883,913,Fichte3_P1,P1,Abies alba,Abies alba,30.014370229166666,10.000813,0,93.072319,144,0,Valid
2025-04-18,1884,914,Fichte1_G1,G1,Abies alba,Abies alba,44.800266375,23.1014895,3.805534,113.34073,144,0,Valid
2025-04-18,1885,915,Fichte2_G1,G1,Abies alba,Abies alba,55.89318216666667,0.265228,0,177.139889,144,0,Valid
2025-04-18,1886,916,Fichte3_G1,G1,Abies alba,Abies alba,6.970005618055556,4.373479,0,18.911612,144,0,Valid
2025-04-18,1887,917,Buche1_G1,G1,Fagus sylvatica,Fagus sylvatica,14.218792715277777,14.2653915,0,34.65466,144,0,Valid
2025-04-18,1888,918,Buche2_G1,G1,Fagus sylvatica,Fagus sylvatica,6.3392278611111115,0.11461350000000001,0,20.236823,144,0,Valid
2025-04-18,1889,919,Buche3_G1,G1,Fagus sylvatica,Fagus sylvatica,6.243002777777778,0.032151,0,26.050424,144,0,Valid
2025-04-18,1890,920,Fichte1_P2,P2,Abies alba,Abies alba,21.288811,22.2227,0,55.479048,144,0,Valid
2025-04-18,1891,921,Fichte2_P2,P2,Abies alba,Abies alba,10.41876263888889,7.425775,0,31.960114,144,0,Valid
2025-04-18,1892,922,Fichte3_P2,P2,Abies alba,Abies alba,33.56378773611111,35.289122,0,89.785164,144,0,Valid
2025-04-18,1893,923,Buche1_P2,P2,Fagus sylvatica,Fagus sylvatica,3.3682021597222223,0.0092525,0,15.637298,144,0,Valid
2025-04-18,1894,924,Buche2_P2,P2,Fagus sylvatica,Fagus sylvatica,9.797495243055556,0,0,37.891077,144,0,Valid
2025-04-18,1895,925,Buche3_P2,P2,Fagus sylvatica,Fagus sylvatica,4.956958229166666,0.0040405,0,20.070347,144,0,Valid
2025-04-18,1896,926,Buche1_P3,P3,Fagus sylvatica,Fagus sylvatica,20.870334694444445,3.8925039999999997,0,55.738005,144,0,Valid
2025-04-18,1897,927,Buche2_P3,P3,Fagus sylvatica,Fagus sylvatica,2.7722171805555553,0.440839,0,8.372743,144,0,Valid
2025-04-18,1898,928,Buche3_P3,P3,Fagus sylvatica,Fagus sylvatica,9.060663798611111,10.90858,0,24.890966,144,0,Valid
2025-04-18,1899,929,Fichte1_P3,P3,Fagus sylvatica,Abies alba,3.7581095625,0,0,16.608102,144,0,Valid
2025-04-18,1900,930,Fichte2_P3,P3,Fagus sylvatica,Abies alba,20.446826243055554,22.025751999999997,0,50.669368,144,0,Valid
2025-04-18,1901,931,Fichte3_P3,P3,Fagus sylvatica,Abies alba,5.469812618055555,0.136476,0,18.503382,144,0,Valid
2025-04-19,1878,908,Buche1_P1,P1,Fagus sylvatica,Fagus sylvatica,10.988060541666666,10.378735,0,22.465131,144,0,Valid
2025-04-19,1879,909,Buche2_P1,P1,Fagus sylvatica,Fagus sylvatica,45.11866345833333,37.2483115,25.561088,70.422584,144,0,Valid
2025-04-19,1880,910,Buche3_P1,P1,Fagus sylvatica,Fagus sylvatica,17.283830326388887,17.464366,9.132272,27.573585,144,0,Valid
2025-04-19,1881,911,Fichte1_P1,P1,Abies alba,Abies alba,134.34718658333333,109.6017295,51.966131,245.624296,144,0,Valid
2025-04-19,1882,912,Fichte2_P1,P1,Abies alba,Abies alba,126.63127147222222,75.44740049999999,26.677594,291.10002,144,0,Valid
2025-04-19,1883,913,Fichte3_P1,P1,Abies alba,Abies alba,77.15638040972222,58.821963,20.465997,159.580624,144,0,Valid
2025-04-19,1884,914,Fichte1_G1,G1,Abies alba,Abies alba,95.21836813888889,74.43812199999999,26.333718,189.764841,144,0,Valid
2025-04-19,1885,915,Fichte2_G1,G1,Abies alba,Abies alba,147.17781818055556,113.76886300000001,64.587616,247.218963,144,0,Valid
2025-04-19,1886,916,Fichte3_G1,G1,Abies alba,Abies alba,12.803334777777778,8.971834,0,35.630522,144,0,Valid
2025-04-19,1887,917,Buche1_G1,G1,Fagus sylvatica,Fagus sylvatica,23.472271270833332,19.422654,8.37757,40.092018,144,0,Valid
2025-04-19,1888,918,Buche2_G1,G1,Fagus sylvatica,Fagus sylvatica,12.249328361111111,12.967188,3.279051,19.053767,144,0,Valid
2025-04-19,1889,919,Buche3_G1,G1,Fagus sylvatica,Fagus sylvatica,38.17686925,25.924964,14.035521,62.859447,144,0,Valid
2025-04-19,1890,920,Fichte1_P2,P2,Abies alba,Abies alba,25.387501881944445,21.5293055,0,55.541734,144,0,Valid
2025-04-19,1891,921,Fichte2_P2,P2,Abies alba,Abies alba,14.062278034722222,7.6156155000000005,0,40.901601,144,0,Valid
2025-04-19,1892,922,Fichte3_P2,P2,Abies alba,Abies alba,47.67827706944444,38.663455,2.735279,99.171298,144,0,Valid
2025-04-19,1893,923,Buche1_P2,P2,Fagus sylvatica,Fagus sylvatica,24.33919572222222,19.714999499999998,4.964349,49.121215,144,0,Valid
2025-04-19,1894,924,Buche2_P2,P2,Fagus sylvatica,Fagus sylvatica,45.41481967361111,36.371929,20.21069,75.006548,144,0,Valid
2025-04-19,1895,925,Buche3_P2,P2,Fagus sylvatica,Fagus sylvatica,27.25478726388889,22.8427515,10.603974,41.361391,144,0,Valid
2025-04-19,1896,926,Buche1_P3,P3,Fagus sylvatica,Fagus sylvatica,53.74292002777778,49.1298945,36.501063,73.837478,144,0,Valid
2025-04-19,1897,927,Buche2_P3,P3,Fagus sylvatica,Fagus sylvatica,7.197133152777778,9.229077499999999,0,11.300373,144,0,Valid
2025-04-19,1898,928,Buche3_P3,P3,Fagus sylvatica,Fagus sylvatica,19.275527819444445,11.018263999999999,4.765417,42.475279,144,0,Valid
2025-04-19,1899,929,Fichte1_P3,P3,Fagus sylvatica,Abies alba,8.960925104166666,1.9518365000000002,0,28.352254,144,0,Valid
2025-04-19,1900,930,Fichte2_P3,P3,Fagus sylvatica,Abies alba,27.320087090277777,26.999384499999998,0,48.960942,144,0,Valid
2025-04-19,1901,931,Fichte3_P3,P3,Fagus sylvatica,Abies alba,14.365131284722223,11.935025,0,33.407154,144,0,Valid
2025-04-20,1878,908,Buche1_P1,P1,Fagus sylvatica,Fagus sylvatica,4.620488590277778,4.9235965,0,9.992047,144,0,Valid
2025-04-20,1879,909,Buche2_P1,P1,Fagus sylvatica,Fagus sylvatica,40.43936015277778,41.3449085,27.106558,53.366139,144,0,Valid
2025-04-20,1880,910,Buche3_P1,P1,Fagus sylvatica,Fagus sylvatica,11.51090373611111,13.754809999999999,0,17.482626,144,0,Valid
2025-04-20,1881,911,Fichte1_P1,P1,Abies alba,Abies alba,94.82176444444444,88.2222725,56.685158,174.029771,144,0,Valid
2025-04-20,1882,912,Fichte2_P1,P1,Abies alba,Abies alba,56.945725590277775,50.995659,23.739336,159.512818,144,0,Valid
2025-04-20,1883,913,Fichte3_P1,P1,Abies alba,Abies alba,33.877663131944445,29.5820005,0,100.286796,144,0,Valid
2025-04-20,1884,914,Fichte1_G1,G1,Abies alba,Abies alba,55.94376513888889,56.475804,30.010908,104.964809,144,0,Valid
2025-04-20,1885,915,Fichte2_G1,G1,Abies alba,Abies alba,126.65295713194445,124.9452955,79.045047,177.933532,144,0,Valid
2025-04-20,1886,916,Fichte3_G1,G1,Abies alba,Abies alba,2.126242625,0,0,10.826363,144,0,Valid
2025-04-20,1887,917,Buche1_G1,G1,Fagus sylvatica,Fagus sylvatica,10.349991548611111,9.7712435,0,25.084283,144,0,Valid
2025-04-20,1888,918,Buche2_G1,G1,Fagus sylvatica,Fagus sylvatica,4.023641743055555,2.5396894999999997,0,12.161748,144,0,Valid
2025-04-20,1889,919,Buche3_G1,G1,Fagus sylvatica,Fagus sylvatica,43.12111781944444,42.970394,30.539346,54.750527,144,0,Valid
2025-04-20,1890,920,Fichte1_P2,P2,Abies alba,Abies alba,7.325416972222222,4.3801939999999995,0,23.873939,144,0,Valid
2025-04-20,1891,921,Fichte2_P2,P2,Abies alba,Abies alba,1.9561762569444445,0,0,11.801856,144,0,Valid
2025-04-20,1892,922,Fichte3_P2,P2,Abies alba,Abies alba,19.1074598125,16.8386505,0,50.238238,144,0,Valid
2025-04-20,1893,923,Buche1_P2,P2,Fagus sylvatica,Fagus sylvatica,40.216827368055554,41.706708500000005,22.175639,49.102079,144,0,Valid
2025-04-20,1894,924,Buche2_P2,P2,Fagus sylvatica,Fagus sylvatica,37.891392743055555,33.976957999999996,20.788295,63.921887,144,0,Valid
2025-04-20,1895,925,Buche3_P2,P2,Fagus sylvatica,Fagus sylvatica,26.159405840277778,25.086133500000003,13.254258,38.382955,144,0,Valid
2025-04-20,1896,926,Buche1_P3,P3,Fagus sylvatica,Fagus sylvatica,48.40367561805556,49.759878,37.390998,58.731572,144,0,Valid
2025-04-20,1897,927,Buche2_P3,P3,Fagus sylvatica,Fagus sylvatica,6.218117326388889,5.7805055,0,11.60211,144,0,Valid
2025-04-20,1898,928,Buche3_P3,P3,Fagus sylvatica,Fagus sylvatica,19.081930729166668,19.159197499999998,11.213241,24.313178,144,0,Valid
2025-04-20,1899,929,Fichte1_P3,P3,Fagus sylvatica,Abies alba,1.5623775347222222,0,0,8.776923,144,0,Valid
2025-04-20,1900,930,Fichte2_P3,P3,Fagus sylvatica,Abies alba,9.416825652777778,7.6535385,0,30.068116,144,0,Valid
2025-04-20,1901,931,Fichte3_P3,P3,Fagus sylvatica,Abies alba,4.828363951388889,0.827597,0,20.591972,144,0,Valid
2025-04-21,1878,908,Buche1_P1,P1,Fagus sylvatica,Fagus sylvatica,5.259918423611111,1.875852,0,14.204951,144,0,Valid
2025-04-21,1879,909,Buche2_P1,P1,Fagus sylvatica,Fagus sylvatica,44.943601541666666,39.6224165,24.117623,68.325009,144,0,Valid
2025-04-21,1880,910,Buche3_P1,P1,Fagus sylvatica,Fagus sylvatica,12.350268527777777,14.240021500000001,0,22.58488,144,0,Valid
2025-04-21,1881,911,Fichte1_P1,P1,Abies alba,Abies alba,57.44338666666667,58.598388,0.189732,119.090486,144,0,Valid
2025-04-21,1882,912,Fichte2_P1,P1,Abies alba,Abies alba,49.08461688888889,30.4147955,0,136.371937,144,0,Valid
2025-04-21,1883,913,Fichte3_P1,P1,Abies alba,Abies alba,29.910857159722223,13.2973365,0,85.481572,144,0,Valid
2025-04-21,1884,914,Fichte1_G1,G1,Abies alba,Abies alba,52.08052184722222,46.664561500000005,7.684192,102.60355,144,0,Valid
2025-04-21,1885,915,Fichte2_G1,G1,Abies alba,Abies alba,127.63886799305556,111.2053725,67.450032,216.6504,144,0,Valid
2025-04-21,1886,916,Fichte3_G1,G1,Abies alba,Abies alba,3.0843253402777777,0,0,14.123123,144,0,Valid
2025-04-21,1887,917,Buche1_G1,G1,Fagus sylvatica,Fagus sylvatica,8.472159930555556,6.1972435,0,23.920438,144,0,Valid
2025-04-21,1888,918,Buche2_G1,G1,Fagus sylvatica,Fagus sylvatica,4.1481066180555555,2.3402875,0,13.40286,144,0,Valid
2025-04-21,1889,919,Buche3_G1,G1,Fagus sylvatica,Fagus sylvatica,38.64848023611111,35.2019535,20.633372,57.008314,144,0,Valid
2025-04-21,1890,920,Fichte1_P2,P2,Abies alba,Abies alba,10.490221944444444,8.7527525,0,34.313271,144,0,Valid
2025-04-21,1891,921,Fichte2_P2,P2,Abies alba,Abies alba,8.09758826388889,0,0,34.125455,144,0,Valid
2025-04-21,1892,922,Fichte3_P2,P2,Abies alba,Abies alba,25.534147090277777,17.3462795,0,78.241379,144,0,Valid
2025-04-21,1893,923,Buche1_P2,P2,Fagus sylvatica,Fagus sylvatica,34.62962625,34.097567,22.626856,45.149862,144,0,Valid
2025-04-21,1894,924,Buche2_P2,P2,Fagus sylvatica,Fagus sylvatica,20.464244131944444,20.492494999999998,4.915959,37.863538,144,0,Valid
2025-04-21,1895,925,Buche3_P2,P2,Fagus sylvatica,Fagus sylvatica,14.614459701388888,13.556609,3.605809,26.325596,144,0,Valid
2025-04-21,1896,926,Buche1_P3,P3,Fagus sylvatica,Fagus sylvatica,45.51514707638889,41.75262,33.217767,63.91021,144,0,Valid
2025-04-21,1897,927,Buche2_P3,P3,Fagus sylvatica,Fagus sylvatica,4.604239048611111,3.9093295,0,10.981092,144,0,Valid
2025-04-21,1898,928,Buche3_P3,P3,Fagus sylvatica,Fagus sylvatica,14.967000708333334,12.803528499999999,5.235561,28.537006,144,0,Valid
2025-04-21,1899,929,Fichte1_P3,P3,Fagus sylvatica,Abies alba,3.8059061874999998,0,0,18.446911,144,0,Valid
2025-04-21,1900,930,Fichte2_P3,P3,Fagus sylvatica,Abies alba,11.459394506944445,9.495775,0,33.851401,144,0,Valid
2025-04-21,1901,931,Fichte3_P3,P3,Fagus sylvatica,Abies alba,3.6291648333333333,0.4582625,0,12.211293,144,0,Valid
2025-04-22,1878,908,Buche1_P1,P1,Fagus sylvatica,Fagus sylvatica,8.205474097222222,6.614542999999999,0,17.103311,144,0,Valid
2025-04-22,1879,909,Buche2_P1,P1,Fagus sylvatica,Fagus sylvatica,60.66499103472222,55.205377,37.323004,85.709214,144,0,Valid
2025-04-22,1880,910,Buche3_P1,P1,Fagus sylvatica,Fagus sylvatica,17.3882764375,16.548288,6.956296,26.1498,144,0,Valid
2025-04-22,1881,911,Fichte1_P1,P1,Abies alba,Abies alba,89.72622430555556,70.6009495,6.756089,195.902205,144,0,Valid
2025-04-22,1882,912,Fichte2_P1,P1,Abies alba,Abies alba,86.21469073611111,57.191314000000006,0,213.238368,144,0,Valid
2025-04-22,1883,913,Fichte3_P1,P1,Abies alba,Abies alba,53.187144770833335,40.963449999999995,0,126.874033,144,0,Valid
2025-04-22,1884,914,Fichte1_G1,G1,Abies alba,Abies alba,74.0823615625,63.440704,15.384974,145.506713,144,0,Valid
2025-04-22,1885,915,Fichte2_G1,G1,Abies alba,Abies alba,174.9789942986111,169.198041,84.674681,272.810038,144,0,Valid
2025-04-22,1886,916,Fichte3_G1,G1,Abies alba,Abies alba,6.615854972222222,0.468043,0,20.482016,144,0,Valid
2025-04-22,1887,917,Buche1_G1,G1,Fagus sylvatica,Fagus sylvatica,16.49977613888889,15.722692,0,35.848587,144,0,Valid
2025-04-22,1888,918,Buche2_G1,G1,Fagus sylvatica,Fagus sylvatica,6.264159138888889,5.5885765,0,15.123718,144,0,Valid
2025-04-22,1889,919,Buche3_G1,G1,Fagus sylvatica,Fagus sylvatica,50.68549504166667,46.8725225,29.66391,68.060326,144,0,Valid
2025-04-22,1890,920,Fichte1_P2,P2,Abies alba,Abies alba,18.565843680555556,16.4698235,0,46.610116,144,0,Valid
2025-04-22,1891,921,Fichte2_P2,P2,Abies alba,Abies alba,13.807401743055555,8.272487,0,39.322758,144,0,Valid
2025-04-22,1892,922,Fichte3_P2,P2,Abies alba,Abies alba,47.324232520833334,39.4992745,0,105.610736,144,0,Valid
2025-04-22,1893,923,Buche1_P2,P2,Fagus sylvatica,Fagus sylvatica,37.992717409722225,38.383384500000005,23.394603,49.737314,144,0,Valid
2025-04-22,1894,924,Buche2_P2,P2,Fagus sylvatica,Fagus sylvatica,19.86540076388889,19.233345,0,38.760942,144,0,Valid
2025-04-22,1895,925,Buche3_P2,P2,Fagus sylvatica,Fagus sylvatica,15.088458326388889,14.3097545,0.561154,27.192953,144,0,Valid
2025-04-22,1896,926,Buche1_P3,P3,Fagus sylvatica,Fagus sylvatica,54.8169024375,51.032621000000006,35.147498,77.04962,144,0,Valid
2025-04-22,1897,927,Buche2_P3,P3,Fagus sylvatica,Fagus sylvatica,5.705581722222222,6.8598479999999995,0,11.467722,144,0,Valid
2025-04-22,1898,928,Buche3_P3,P3,Fagus sylvatica,Fagus sylvatica,24.144664631944444,21.726833499999998,8.502991,40.104869,144,0,Valid
2025-04-22,1899,929,Fichte1_P3,P3,Fagus sylvatica,Abies alba,12.261563125,7.0469574999999995,0,34.61293,144,0,Valid
2025-04-22,1900,930,Fichte2_P3,P3,Fagus sylvatica,Abies alba,22.845876555555556,22.083075,0,50.753336,144,0,Valid
2025-04-22,1901,931,Fichte3_P3,P3,Fagus sylvatica,Abies alba,10.608484770833334,5.1045385,0,25.715111,144,0,Valid
2025-04-23,1878,908,Buche1_P1,P1,Fagus sylvatica,Fagus sylvatica,3.1190837708333334,2.4470235000000002,0,9.283072,144,0,Valid
2025-04-23,1879,909,Buche2_P1,P1,Fagus sylvatica,Fagus sylvatica,56.597142131944445,55.892602,44.094698,74.300534,144,0,Valid
2025-04-23,1880,910,Buche3_P1,P1,Fagus sylvatica,Fagus sylvatica,10.043336555555555,12.066866000000001,0,18.888361,144,0,Valid
2025-04-23,1881,911,Fichte1_P1,P1,Abies alba,Abies alba,51.97111629861111,51.2843065,0,123.096987,144,0,Valid
2025-04-23,1882,912,Fichte2_P1,P1,Abies alba,Abies alba,35.3256525625,25.328527,0,92.97433,144,0,Valid
2025-04-23,1883,913,Fichte3_P1,P1,Abies alba,Abies alba,22.01942429861111,16.799419999999998,0,77.225152,144,0,Valid
2025-04-23,1884,914,Fichte1_G1,G1,Abies alba,Abies alba,49.921460208333336,48.024128000000005,14.925825,85.278292,144,0,Valid
2025-04-23,1885,915,Fichte2_G1,G1,Abies alba,Abies alba,152.1933752361111,147.93505499999998,93.680506,215.900022,144,0,Valid
2025-04-23,1886,916,Fichte3_G1,G1,Abies alba,Abies alba,2.2247083819444446,0,0,11.907131,144,0,Valid
2025-04-23,1887,917,Buche1_G1,G1,Fagus sylvatica,Fagus sylvatica,8.20093075,8.2709615,0,18.76577,144,0,Valid
2025-04-23,1888,918,Buche2_G1,G1,Fagus sylvatica,Fagus sylvatica,2.4462795763888887,1.54157,0,8.931273,144,0,Valid
2025-04-23,1889,919,Buche3_G1,G1,Fagus sylvatica,Fagus sylvatica,47.42344361805556,47.8393325,34.520255,58.285066,144,0,Valid
2025-04-23,1890,920,Fichte1_P2,P2,Abies alba,Abies alba,6.5296414305555555,3.5562924999999996,0,22.433665,144,0,Valid
2025-04-23,1891,921,Fichte2_P2,P2,Abies alba,Abies alba,3.002063173611111,0,0,16.00688,144,0,Valid
2025-04-23,1892,922,Fichte3_P2,P2,Abies alba,Abies alba,20.713447020833332,17.0871185,0,54.438417,144,0,Valid
2025-04-23,1893,923,Buche1_P2,P2,Fagus sylvatica,Fagus sylvatica,34.96245034722222,36.211890999999994,23.165083,47.41696,144,0,Valid
2025-04-23,1894,924,Buche2_P2,P2,Fagus sylvatica,Fagus sylvatica,5.551843291666667,3.215207,0,22.150088,144,0,Valid
2025-04-23,1895,925,Buche3_P2,P2,Fagus sylvatica,Fagus sylvatica,6.712611152777778,6.6278125,0,17.348852,144,0,Valid
2025-04-23,1896,926,Buche1_P3,P3,Fagus sylvatica,Fagus sylvatica,48.29953838888889,48.70223,36.723283,61.873191,144,0,Valid
2025-04-23,1897,927,Buche2_P3,P3,Fagus sylvatica,Fagus sylvatica,2.898987472222222,2.0973990000000002,0,9.414186,144,0,Valid
2025-04-23,1898,928,Buche3_P3,P3,Fagus sylvatica,Fagus sylvatica,20.9154425,20.936260500000003,10.079524,31.934294,144,0,Valid
2025-04-23,1899,929,Fichte1_P3,P3,Fagus sylvatica,Abies alba,1.6150586597222223,0,0,10.918785,144,0,Valid
2025-04-23,1900,930,Fichte2_P3,P3,Fagus sylvatica,Abies alba,8.812285083333332,5.875622,0,28.248005,144,0,Valid
2025-04-23,1901,931,Fichte3_P3,P3,Fagus sylvatica,Abies alba,5.326341826388889,3.378953,0,18.308947,144,0,Valid
2025-04-24,1878,908,Buche1_P1,P1,Fagus sylvatica,Fagus sylvatica,3.9692028958333334,2.3529845,0,12.614923,144,0,Valid
2025-04-24,1879,909,Buche2_P1,P1,Fagus sylvatica,Fagus sylvatica,50.893698020833334,47.54695,34.911268,72.840017,144,0,Valid
2025-04-24,1880,910,Buche3_P1,P1,Fagus sylvatica,Fagus sylvatica,8.758022291666666,10.745839499999999,0,22.701635,144,0,Valid
2025-04-24,1881,911,Fichte1_P1,P1,Abies alba,Abies alba,31.41192363888889,24.628428,0,84.978772,144,0,Valid
2025-04-24,1882,912,Fichte2_P1,P1,Abies alba,Abies alba,23.46062396527778,12.899414499999999,0,64.972016,144,0,Valid
2025-04-24,1883,913,Fichte3_P1,P1,Abies alba,Abies alba,16.44215141666667,5.034613,0,52.639124,144,0,Valid
2025-04-24,1884,914,Fichte1_G1,G1,Abies alba,Abies alba,27.33086120138889,20.855969,0,62.968774,144,0,Valid
2025-04-24,1885,915,Fichte2_G1,G1,Abies alba,Abies alba,103.85776252083333,93.1707895,55.541388,172.053037,144,0,Valid
2025-04-24,1886,916,Fichte3_G1,G1,Abies alba,Abies alba,3.1274543125,0,0,14.157359,144,0,Valid
2025-04-24,1887,917,Buche1_G1,G1,Fagus sylvatica,Fagus sylvatica,6.656760972222222,3.3752795,0,22.296151,144,0,Valid
2025-04-24,1888,918,Buche2_G1,G1,Fagus sylvatica,Fagus sylvatica,2.072476451388889,0.113124,0,8.807658,144,0,Valid
2025-04-24,1889,919,Buche3_G1,G1,Fagus sylvatica,Fagus sylvatica,32.59843883333333,32.227916500000006,17.869082,46.372632,144,0,Valid
2025-04-24,1890,920,Fichte1_P2,P2,Abies alba,Abies alba,9.744574020833333,7.9333425,0,29.582739,144,0,Valid
2025-04-24,1891,921,Fichte2_P2,P2,Abies alba,Abies alba,5.002152048611111,0,0,21.133559,144,0,Valid
2025-04-24,1892,922,Fichte3_P2,P2,Abies alba,Abies alba,17.01977657638889,13.5527285,0,55.285607,144,0,Valid
2025-04-24,1893,923,Buche1_P2,P2,Fagus sylvatica,Fagus sylvatica,20.735854409722222,22.2045355,12.189211,26.871089,144,0,Valid
2025-04-24,1894,924,Buche2_P2,P2,Fagus sylvatica,Fagus sylvatica,8.800757888888889,4.5872399999999995,0,27.952329,144,0,Valid
2025-04-24,1895,925,Buche3_P2,P2,Fagus sylvatica,Fagus sylvatica,4.930882652777778,1.2889095,0,16.005632,144,0,Valid
2025-04-24,1896,926,Buche1_P3,P3,Fagus sylvatica,Fagus sylvatica,38.408980076388886,36.5637245,28.520531,52.63008,144,0,Valid
2025-04-24,1897,927,Buche2_P3,P3,Fagus sylvatica,Fagus sylvatica,1.3602995555555555,0,0,5.597518,144,0,Valid
2025-04-24,1898,928,Buche3_P3,P3,Fagus sylvatica,Fagus sylvatica,10.383147354166667,8.987031,1.891982,21.615604,144,0,Valid
2025-04-24,1899,929,Fichte1_P3,P3,Fagus sylvatica,Abies alba,3.5218010555555557,0,0,21.182323,144,0,Valid
2025-04-24,1900,930,Fichte2_P3,P3,Fagus sylvatica,Abies alba,9.288187027777777,5.032878999999999,0,29.127847,144,0,Valid
2025-04-24,1901,931,Fichte3_P3,P3,Fagus sylvatica,Abies alba,1.5484141388888888,0,0,7.907688,144,0,Valid
2025-04-25,1878,908,Buche1_P1,P1,Fagus sylvatica,Fagus sylvatica,2.100491861111111,0,0,10.723158,144,0,Valid
2025-04-25,1879,909,Buche2_P1,P1,Fagus sylvatica,Fagus sylvatica,41.810179472222224,43.001039500000005,28.613294,60.525038,144,0,Valid
2025-04-25,1880,910,Buche3_P1,P1,Fagus sylvatica,Fagus sylvatica,5.868441104166667,6.808785,0,12.325849,144,0,Valid
2025-04-25,1881,911,Fichte1_P1,P1,Abies alba,Abies alba,22.482896194444443,24.654004,0,58.203573,144,0,Valid
2025-04-25,1882,912,Fichte2_P1,P1,Abies alba,Abies alba,12.29538111111111,7.999881,0,41.958772,144,0,Valid
2025-04-25,1883,913,Fichte3_P1,P1,Abies alba,Abies alba,9.0297163125,1.945172,0,31.003303,144,0,Valid
2025-04-25,1884,914,Fichte1_G1,G1,Abies alba,Abies alba,18.862341645833332,18.086223500000003,0,40.734828,144,0,Valid
2025-04-25,1885,915,Fichte2_G1,G1,Abies alba,Abies alba,71.54824897222223,73.169118,40.302335,111.385474,144,0,Valid
2025-04-25,1886,916,Fichte3_G1,G1,Abies alba,Abies alba,1.4647611944444445,0,0,9.495938,144,0,Valid
2025-04-25,1887,917,Buche1_G1,G1,Fagus sylvatica,Fagus sylvatica,2.0336061944444443,0,0,15.003742,144,0,Valid
2025-04-25,1888,918,Buche2_G1,G1,Fagus sylvatica,Fagus sylvatica,1.0014803611111112,0,0,8.626808,144,0,Valid
2025-04-25,1889,919,Buche3_G1,G1,Fagus sylvatica,Fagus sylvatica,20.259662180555555,19.3465695,12.823436,30.306586,144,0,Valid
2025-04-25,1890,920,Fichte1_P2,P2,Abies alba,Abies alba,3.799923013888889,0.5229355,0,18.889431,144,0,Valid
2025-04-25,1891,921,Fichte2_P2,P2,Abies alba,Abies alba,2.9696105694444443,0,0,18.525186,144,0,Valid
2025-04-25,1892,922,Fichte3_P2,P2,Abies alba,Abies alba,8.137606104166666,2.271459,0,37.998114,144,0,Valid
2025-04-25,1893,923,Buche1_P2,P2,Fagus sylvatica,Fagus sylvatica,9.82777413888889,10.3279735,3.251063,18.149953,144,0,Valid
2025-04-25,1894,924,Buche2_P2,P2,Fagus sylvatica,Fagus sylvatica,2.4190574097222224,0,0,12.092898,144,0,Valid
2025-04-25,1895,925,Buche3_P2,P2,Fagus sylvatica,Fagus sylvatica,2.079628847222222,0.0051505,0,11.011266000000001,144,0,Valid
2025-04-25,1896,926,Buche1_P3,P3,Fagus sylvatica,Fagus sylvatica,30.58197376388889,30.479585999999998,23.073143,37.668944,144,0,Valid
2025-04-25,1897,927,Buche2_P3,P3,Fagus sylvatica,Fagus sylvatica,2.0646179930555557,0,0,9.893336,144,0,Valid
2025-04-25,1898,928,Buche3_P3,P3,Fagus sylvatica,Fagus sylvatica,4.981706666666667,4.8872815,0,15.372561,144,0,Valid
2025-04-25,1899,929,Fichte1_P3,P3,Fagus sylvatica,Abies alba,0.5046850208333333,0,0,4.137538,144,0,Valid
2025-04-25,1900,930,Fichte2_P3,P3,Fagus sylvatica,Abies alba,2.8543354583333334,0,0,12.216163,144,0,Valid
2025-04-25,1901,931,Fichte3_P3,P3,Fagus sylvatica,Abies alba,0.5073609513888889,0,0,3.368043,144,0,Valid
2025-04-26,1878,908,Buche1_P1,P1,Fagus sylvatica,Fagus sylvatica,5.419377104166666,3.401716,0,15.040434,144,0,Valid
2025-04-26,1879,909,Buche2_P1,P1,Fagus sylvatica,Fagus sylvatica,53.089584583333334,44.176107,33.372912,79.957589,144,0,Valid
2025-04-26,1880,910,Buche3_P1,P1,Fagus sylvatica,Fagus sylvatica,8.705544798611111,6.9430295,0,18.091681,144,0,Valid
2025-04-26,1881,911,Fichte1_P1,P1,Abies alba,Abies alba,47.27853040972222,26.813902499999998,0,119.058901,144,0,Valid
2025-04-26,1882,912,Fichte2_P1,P1,Abies alba,Abies alba,37.783608569444446,16.4420465,0,109.092863,144,0,Valid
2025-04-26,1883,913,Fichte3_P1,P1,Abies alba,Abies alba,26.628188805555556,11.058811,0,76.334908,144,0,Valid
2025-04-26,1884,914,Fichte1_G1,G1,Abies alba,Abies alba,36.74314249305556,20.834128,0,88.262486,144,0,Valid
2025-04-26,1885,915,Fichte2_G1,G1,Abies alba,Abies alba,100.10201768055555,77.4999085,31.266245,187.402044,144,0,Valid
2025-04-26,1886,916,Fichte3_G1,G1,Abies alba,Abies alba,4.571307027777777,0,0,14.595013,144,0,Valid
2025-04-26,1887,917,Buche1_G1,G1,Fagus sylvatica,Fagus sylvatica,9.531727409722222,8.2489255,0,26.156072,144,0,Valid
2025-04-26,1888,918,Buche2_G1,G1,Fagus sylvatica,Fagus sylvatica,5.304375847222222,2.9405324999999998,0,13.68774,144,0,Valid
2025-04-26,1889,919,Buche3_G1,G1,Fagus sylvatica,Fagus sylvatica,21.41609822222222,17.382026500000002,8.291905,34.914732,144,0,Valid
2025-04-26,1890,920,Fichte1_P2,P2,Abies alba,Abies alba,14.008706020833333,16.791,0,36.724265,144,0,Valid
2025-04-26,1891,921,Fichte2_P2,P2,Abies alba,Abies alba,7.8688238125,0.581395,0,25.456105,144,0,Valid
2025-04-26,1892,922,Fichte3_P2,P2,Abies alba,Abies alba,24.673719194444445,18.561932,0,68.477664,144,0,Valid
2025-04-26,1893,923,Buche1_P2,P2,Fagus sylvatica,Fagus sylvatica,6.810014506944444,7.2816295,0,13.59023,144,0,Valid
2025-04-26,1894,924,Buche2_P2,P2,Fagus sylvatica,Fagus sylvatica,11.970661972222223,11.8354275,0,30.056268,144,0,Valid
2025-04-26,1895,925,Buche3_P2,P2,Fagus sylvatica,Fagus sylvatica,7.381410138888889,3.2544775,0,18.329701,144,0,Valid
2025-04-26,1896,926,Buche1_P3,P3,Fagus sylvatica,Fagus sylvatica,31.252110451388887,28.942822999999997,19.086437,42.885703,144,0,Valid
2025-04-26,1897,927,Buche2_P3,P3,Fagus sylvatica,Fagus sylvatica,2.218596736111111,0.44953299999999996,0,9.059581,144,0,Valid
2025-04-26,1898,928,Buche3_P3,P3,Fagus sylvatica,Fagus sylvatica,9.846701798611111,10.7970925,0,21.457719,144,0,Valid
2025-04-26,1899,929,Fichte1_P3,P3,Fagus sylvatica,Abies alba,2.765162590277778,0,0,11.182976,144,0,Valid
2025-04-26,1900,930,Fichte2_P3,P3,Fagus sylvatica,Abies alba,10.314400520833333,7.9458775,0,27.92037,144,0,Valid
2025-04-26,1901,931,Fichte3_P3,P3,Fagus sylvatica,Abies alba,4.0749086666666665,0.358082,0,13.05489,144,0,Valid
2025-04-27,1878,908,Buche1_P1,P1,Fagus sylvatica,Fagus sylvatica,3.8453582777777777,0.86124,0,12.648958,144,0,Valid
2025-04-27,1879,909,Buche2_P1,P1,Fagus sylvatica,Fagus sylvatica,65.8746174861111,62.035016,44.702721,88.841546,144,0,Valid
2025-04-27,1880,910,Buche3_P1,P1,Fagus sylvatica,Fagus sylvatica,7.665911145833333,5.172689,0,20.007412,144,0,Valid
2025-04-27,1881,911,Fichte1_P1,P1,Abies alba,Abies alba,75.31567231944445,61.208782,6.262654,162.462515,144,0,Valid
2025-04-27,1882,912,Fichte2_P1,P1,Abies alba,Abies alba,62.75885547916667,39.046524000000005,0,173.434402,144,0,Valid
2025-04-27,1883,913,Fichte3_P1,P1,Abies alba,Abies alba,42.212429048611114,36.392925500000004,0,108.684818,144,0,Valid
2025-04-27,1884,914,Fichte1_G1,G1,Abies alba,Abies alba,64.21653552083333,52.5495765,11.394999,135.246513,144,0,Valid
2025-04-27,1885,915,Fichte2_G1,G1,Abies alba,Abies alba,139.4480976388889,119.68527750000001,63.50984,230.704591,144,0,Valid
2025-04-27,1886,916,Fichte3_G1,G1,Abies alba,Abies alba,3.0253372291666665,0,0,12.415347,144,0,Valid
2025-04-27,1887,917,Buche1_G1,G1,Fagus sylvatica,Fagus sylvatica,9.228615805555556,6.630646,0,25.210028,144,0,Valid
2025-04-27,1888,918,Buche2_G1,G1,Fagus sylvatica,Fagus sylvatica,1.8051258333333333,0.29818849999999997,0,5.797455,144,0,Valid
2025-04-27,1889,919,Buche3_G1,G1,Fagus sylvatica,Fagus sylvatica,23.188957368055554,21.325768500000002,10.222869,37.85399,144,0,Valid
2025-04-27,1890,920,Fichte1_P2,P2,Abies alba,Abies alba,16.961665298611113,12.2805705,0,43.412491,144,0,Valid
2025-04-27,1891,921,Fichte2_P2,P2,Abies alba,Abies alba,6.486089180555555,0,0,26.490098,144,0,Valid
2025-04-27,1892,922,Fichte3_P2,P2,Abies alba,Abies alba,31.033151875,25.718556999999997,0,77.446738,144,0,Valid
2025-04-27,1893,923,Buche1_P2,P2,Fagus sylvatica,Fagus sylvatica,6.282359979166666,6.905349,0,12.976727,144,0,Valid
2025-04-27,1894,924,Buche2_P2,P2,Fagus sylvatica,Fagus sylvatica,11.075027076388889,8.390675,0,30.182133,144,0,Valid
2025-04-27,1895,925,Buche3_P2,P2,Fagus sylvatica,Fagus sylvatica,5.083846611111111,3.5455275,0,15.309503,144,0,Valid
2025-04-27,1896,926,Buche1_P3,P3,Fagus sylvatica,Fagus sylvatica,32.35051395138889,30.8436775,20.704245,45.775955,144,0,Valid
2025-04-27,1897,927,Buche2_P3,P3,Fagus sylvatica,Fagus sylvatica,0.6856088680555555,0,0,3.890781,144,0,Valid
2025-04-27,1898,928,Buche3_P3,P3,Fagus sylvatica,Fagus sylvatica,12.930871631944445,9.316253,2.328905,27.832401,144,0,Valid
2025-04-27,1899,929,Fichte1_P3,P3,Fagus sylvatica,Abies alba,2.6567464652777777,0,0,12.031369,144,0,Valid
2025-04-27,1900,930,Fichte2_P3,P3,Fagus sylvatica,Abies alba,10.097077416666666,5.1094555,0,31.617383,144,0,Valid
2025-04-27,1901,931,Fichte3_P3,P3,Fagus sylvatica,Abies alba,6.365580034722222,3.7513300000000003,0,19.208414,144,0,Valid
2025-04-28,1878,908,Buche1_P1,P1,Fagus sylvatica,Fagus sylvatica,5.153122097222222,0,0,15.898509,144,0,Valid
2025-04-28,1879,909,Buche2_P1,P1,Fagus sylvatica,Fagus sylvatica,72.0286991875,68.858405,49.706936,93.681418,144,0,Valid
2025-04-28,1880,910,Buche3_P1,P1,Fagus sylvatica,Fagus sylvatica,8.5092386875,7.5560849999999995,0,22.690296,144,0,Valid
2025-04-28,1881,911,Fichte1_P1,P1,Abies alba,Abies alba,63.6498646875,59.6353065,0,146.85749,144,0,Valid
2025-04-28,1882,912,Fichte2_P1,P1,Abies alba,Abies alba,70.47949197916667,47.095768500000005,0,195.450682,144,0,Valid
2025-04-28,1883,913,Fichte3_P1,P1,Abies alba,Abies alba,39.58493149305556,29.4370555,0,109.935081,144,0,Valid
2025-04-28,1884,914,Fichte1_G1,G1,Abies alba,Abies alba,66.38709611805555,63.3361655,8.9055,138.576161,144,0,Valid
2025-04-28,1885,915,Fichte2_G1,G1,Abies alba,Abies alba,142.36014135416667,136.473061,68.553161,225.650386,144,0,Valid
2025-04-28,1886,916,Fichte3_G1,G1,Abies alba,Abies alba,2.0166412430555556,0,0,8.384689,144,0,Valid
2025-04-28,1887,917,Buche1_G1,G1,Fagus sylvatica,Fagus sylvatica,8.875193618055556,2.3276565,0,26.376314,144,0,Valid
2025-04-28,1888,918,Buche2_G1,G1,Fagus sylvatica,Fagus sylvatica,1.605238409722222,0,0,6.948443,144,0,Valid
2025-04-28,1889,919,Buche3_G1,G1,Fagus sylvatica,Fagus sylvatica,18.071531270833333,16.567407,6.354443,31.303346,144,0,Valid
2025-04-28,1890,920,Fichte1_P2,P2,Abies alba,Abies alba,10.2908708125,6.030293,0,32.14223,144,0,Valid
2025-04-28,1891,921,Fichte2_P2,P2,Abies alba,Abies alba,4.4181314375,0,0,15.589308,144,0,Valid
2025-04-28,1892,922,Fichte3_P2,P2,Abies alba,Abies alba,25.73465475,19.8777805,0,69.063871,144,0,Valid
2025-04-28,1893,923,Buche1_P2,P2,Fagus sylvatica,Fagus sylvatica,4.253322229166667,3.5344100000000003,0,11.11302,144,0,Valid
2025-04-28,1894,924,Buche2_P2,P2,Fagus sylvatica,Fagus sylvatica,11.371893131944445,7.5038325,0,29.977205,144,0,Valid
2025-04-28,1895,925,Buche3_P2,P2,Fagus sylvatica,Fagus sylvatica,4.293112798611111,1.9123785,0,11.292333,144,0,Valid
2025-04-28,1896,926,Buche1_P3,P3,Fagus sylvatica,Fagus sylvatica,26.579911840277777,26.4295595,11.173643,38.326761,144,0,Valid
2025-04-28,1897,927,Buche2_P3,P3,Fagus sylvatica,Fagus sylvatica,0.44940685416666665,0,0,3.671442,144,0,Valid
2025-04-28,1898,928,Buche3_P3,P3,Fagus sylvatica,Fagus sylvatica,11.161267722222222,8.4358595,0,29.858949,144,0,Valid
2025-04-28,1899,929,Fichte1_P3,P3,Fagus sylvatica,Abies alba,0.7744815486111111,0,0,3.567668,144,0,Valid
2025-04-28,1900,930,Fichte2_P3,P3,Fagus sylvatica,Abies alba,8.0964531875,3.5215085,0,24.138043,144,0,Valid
2025-04-28,1901,931,Fichte3_P3,P3,Fagus sylvatica,Abies alba,7.5534945625,2.5934225,0,26.446351,144,0,Valid
2025-04-29,1878,908,Buche1_P1,P1,Fagus sylvatica,Fagus sylvatica,6.293479111111111,0,0,19.951006,144,0,Valid
2025-04-29,1879,909,Buche2_P1,P1,Fagus sylvatica,Fagus sylvatica,77.42022733333333,76.4044645,56.208963,97.248117,144,0,Valid
2025-04-29,1880,910,Buche3_P1,P1,Fagus sylvatica,Fagus sylvatica,11.0331113125,7.247342,0,28.197239,144,0,Valid
2025-04-29,1881,911,Fichte1_P1,P1,Abies alba,Abies alba,63.175524458333335,49.977072500000006,0,161.707423,144,0,Valid
2025-04-29,1882,912,Fichte2_P1,P1,Abies alba,Abies alba,77.30765265277778,51.244220999999996,0,202.905218,144,0,Valid
2025-04-29,1883,913,Fichte3_P1,P1,Abies alba,Abies alba,39.56201720833333,28.527430000000003,0,113.658771,144,0,Valid
2025-04-29,1884,914,Fichte1_G1,G1,Abies alba,Abies alba,59.993049013888886,51.8912545,0.251233,138.647937,144,0,Valid
2025-04-29,1885,915,Fichte2_G1,G1,Abies alba,Abies alba,141.8470896388889,135.339279,64.987263,222.583548,144,0,Valid
2025-04-29,1886,916,Fichte3_G1,G1,Abies alba,Abies alba,1.7711647291666666,0,0,8.634448,144,0,Valid
2025-04-29,1887,917,Buche1_G1,G1,Fagus sylvatica,Fagus sylvatica,4.742910381944444,0,0,14.68082,144,0,Valid
2025-04-29,1888,918,Buche2_G1,G1,Fagus sylvatica,Fagus sylvatica,0.8052319027777778,0,0,4.738885,144,0,Valid
2025-04-29,1889,919,Buche3_G1,G1,Fagus sylvatica,Fagus sylvatica,11.232026256944444,10.186187,0,24.175724,144,0,Valid
2025-04-29,1890,920,Fichte1_P2,P2,Abies alba,Abies alba,11.246913395833333,8.223233,0,33.61594,144,0,Valid
2025-04-29,1891,921,Fichte2_P2,P2,Abies alba,Abies alba,4.2123616111111115,0,0,18.047041,144,0,Valid
2025-04-29,1892,922,Fichte3_P2,P2,Abies alba,Abies alba,27.53120386111111,21.0302975,0,67.527778,144,0,Valid
2025-04-29,1893,923,Buche1_P2,P2,Fagus sylvatica,Fagus sylvatica,3.516495763888889,2.4672795,0,9.558709,144,0,Valid
2025-04-29,1894,924,Buche2_P2,P2,Fagus sylvatica,Fagus sylvatica,9.418619805555556,7.2490895,0,26.770704,144,0,Valid
2025-04-29,1895,925,Buche3_P2,P2,Fagus sylvatica,Fagus sylvatica,4.2807991875,0.7712545,0,12.369418,144,0,Valid
2025-04-29,1896,926,Buche1_P3,P3,Fagus sylvatica,Fagus sylvatica,17.987956958333335,18.0468945,0,34.26077,144,0,Valid
2025-04-29,1897,927,Buche2_P3,P3,Fagus sylvatica,Fagus sylvatica,0.5371931458333333,0,0,3.568413,144,0,Valid
2025-04-29,1898,928,Buche3_P3,P3,Fagus sylvatica,Fagus sylvatica,11.826009729166667,8.781665,0,29.620937,144,0,Valid
2025-04-29,1899,929,Fichte1_P3,P3,Fagus sylvatica,Abies alba,0.21186809722222222,0,0,1.49684,144,0,Valid
2025-04-29,1900,930,Fichte2_P3,P3,Fagus sylvatica,Abies alba,7.258116680555555,2.1247375,0,23.254788,144,0,Valid
2025-04-29,1901,931,Fichte3_P3,P3,Fagus sylvatica,Abies alba,7.960744319444444,2.9063285,0,25.357242,144,0,Valid
2025-04-30,1878,908,Buche1_P1,P1,Fagus sylvatica,Fagus sylvatica,6.337223416666666,0.13494899999999999,0,21.82488,144,0,Valid
2025-04-30,1879,909,Buche2_P1,P1,Fagus sylvatica,Fagus sylvatica,84.79540041666667,84.096518,65.755402,100.014255,144,0,Valid
2025-04-30,1880,910,Buche3_P1,P1,Fagus sylvatica,Fagus sylvatica,10.841570645833333,9.312256999999999,0,26.322334,144,0,Valid
2025-04-30,1881,911,Fichte1_P1,P1,Abies alba,Abies alba,67.27285615277778,63.424241,0,145.30534,144,0,Valid
2025-04-30,1882,912,Fichte2_P1,P1,Abies alba,Abies alba,80.15319975,64.432018,0,207.114744,144,0,Valid
2025-04-30,1883,913,Fichte3_P1,P1,Abies alba,Abies alba,48.03530707638889,40.5893645,0,129.372432,144,0,Valid
2025-04-30,1884,914,Fichte1_G1,G1,Abies alba,Abies alba,56.47730386805556,56.039187,0,120.582759,144,0,Valid
2025-04-30,1885,915,Fichte2_G1,G1,Abies alba,Abies alba,149.71748815972222,151.640266,74.68774,220.214768,144,0,Valid
2025-04-30,1886,916,Fichte3_G1,G1,Abies alba,Abies alba,0.2839022291666667,0,0,3.000292,144,0,Valid
2025-04-30,1887,917,Buche1_G1,G1,Fagus sylvatica,Fagus sylvatica,3.4162872291666666,0,0,13.407769,144,0,Valid
2025-04-30,1888,918,Buche2_G1,G1,Fagus sylvatica,Fagus sylvatica,0.07937944444444445,0,0,0.877826,144,0,Valid
2025-04-30,1889,919,Buche3_G1,G1,Fagus sylvatica,Fagus sylvatica,9.758001631944444,8.675296,0,22.321991,144,0,Valid
2025-04-30,1890,920,Fichte1_P2,P2,Abies alba,Abies alba,10.972573972222222,5.350918500000001,0,33.418921,144,0,Valid
2025-04-30,1891,921,Fichte2_P2,P2,Abies alba,Abies alba,1.8007934305555555,0,0,10.386414,144,0,Valid
2025-04-30,1892,922,Fichte3_P2,P2,Abies alba,Abies alba,28.51741279166667,25.652420999999997,0,69.767398,144,0,Valid
2025-04-30,1893,923,Buche1_P2,P2,Fagus sylvatica,Fagus sylvatica,3.8011479444444447,2.393758,0,9.824203,144,0,Valid
2025-04-30,1894,924,Buche2_P2,P2,Fagus sylvatica,Fagus sylvatica,7.888760104166667,4.910280500000001,0,22.871076,144,0,Valid
2025-04-30,1895,925,Buche3_P2,P2,Fagus sylvatica,Fagus sylvatica,3.7521885347222224,0.846955,0,12.40434,144,0,Valid
2025-04-30,1896,926,Buche1_P3,P3,Fagus sylvatica,Fagus sylvatica,15.565234069444445,13.285665999999999,0,36.321257,144,0,Valid
2025-04-30,1897,927,Buche2_P3,P3,Fagus sylvatica,Fagus sylvatica,0.22813061805555554,0,0,2.082051,144,0,Valid
2025-04-30,1898,928,Buche3_P3,P3,Fagus sylvatica,Fagus sylvatica,8.7995228125,6.421377,0,23.203772,144,0,Valid
2025-04-30,1899,929,Fichte1_P3,P3,Fagus sylvatica,Abies alba,0.28584240972222225,0,0,2.175805,144,0,Valid
2025-04-30,1900,930,Fichte2_P3,P3,Fagus sylvatica,Abies alba,6.246778020833333,1.6429585,0,18.058776,144,0,Valid
2025-04-30,1901,931,Fichte3_P3,P3,Fagus sylvatica,Abies alba,5.536378652777778,3.8524265,0,16.094795,144,0,Valid
2025-05-01,1878,908,Buche1_P1,P1,Fagus sylvatica,Fagus sylvatica,6.714764868055555,1.181825,0,22.362993,144,0,Valid
2025-05-01,1879,909,Buche2_P1,P1,Fagus sylvatica,Fagus sylvatica,87.2345969375,86.35883,66.409682,103.246413,144,0,Valid
2025-05-01,1880,910,Buche3_P1,P1,Fagus sylvatica,Fagus sylvatica,9.858532145833333,4.4295919999999995,0,31.464636,144,0,Valid
2025-05-01,1881,911,Fichte1_P1,P1,Abies alba,Abies alba,65.4079414513889,52.911713,0,160.331915,144,0,Valid
2025-05-01,1882,912,Fichte2_P1,P1,Abies alba,Abies alba,73.71344916666666,46.5648925,0,206.715106,144,0,Valid
2025-05-01,1883,913,Fichte3_P1,P1,Abies alba,Abies alba,46.77046571527778,33.505117,0,132.748931,144,0,Valid
2025-05-01,1884,914,Fichte1_G1,G1,Abies alba,Abies alba,57.21290044444444,44.767323000000005,0,138.215933,144,0,Valid
2025-05-01,1885,915,Fichte2_G1,G1,Abies alba,Abies alba,136.4581029236111,136.0126065,58.969193,215.019341,144,0,Valid
2025-05-01,1886,916,Fichte3_G1,G1,Abies alba,Abies alba,0.12909614583333334,0,0,1.519993,144,0,Valid
2025-05-01,1887,917,Buche1_G1,G1,Fagus sylvatica,Fagus sylvatica,4.212459916666667,0,0,17.393223,144,0,Valid
2025-05-01,1888,918,Buche2_G1,G1,Fagus sylvatica,Fagus sylvatica,0.27824305555555556,0,0,1.612756,144,0,Valid
2025-05-01,1889,919,Buche3_G1,G1,Fagus sylvatica,Fagus sylvatica,10.538782131944444,8.735854,0,28.747865,144,0,Valid
2025-05-01,1890,920,Fichte1_P2,P2,Abies alba,Abies alba,8.208722,2.053888,0,28.33715,144,0,Valid
2025-05-01,1891,921,Fichte2_P2,P2,Abies alba,Abies alba,1.4434789652777777,0,0,9.539991,144,0,Valid
2025-05-01,1892,922,Fichte3_P2,P2,Abies alba,Abies alba,27.632477986111113,20.745824499999998,0,73.638544,144,0,Valid
2025-05-01,1893,923,Buche1_P2,P2,Fagus sylvatica,Fagus sylvatica,4.801868465277778,1.526185,0,14.964191,144,0,Valid
2025-05-01,1894,924,Buche2_P2,P2,Fagus sylvatica,Fagus sylvatica,12.766092020833334,12.161736000000001,0,32.076542,144,0,Valid
2025-05-01,1895,925,Buche3_P2,P2,Fagus sylvatica,Fagus sylvatica,2.989151326388889,1.3913805,0,8.849176,144,0,Valid
2025-05-01,1896,926,Buche1_P3,P3,Fagus sylvatica,Fagus sylvatica,13.07486076388889,11.473013,0,38.57482,144,0,Valid
2025-05-01,1897,927,Buche2_P3,P3,Fagus sylvatica,Fagus sylvatica,0.2670761527777778,0,0,2.0495390000000002,144,0,Valid
2025-05-01,1898,928,Buche3_P3,P3,Fagus sylvatica,Fagus sylvatica,9.542900583333333,7.330682,0,26.657362,144,0,Valid
2025-05-01,1899,929,Fichte1_P3,P3,Fagus sylvatica,Abies alba,0.006135805555555556,0,0,0.148631,144,0,Valid
2025-05-01,1900,930,Fichte2_P3,P3,Fagus sylvatica,Abies alba,8.518025083333333,2.3013325,0,25.985162,144,0,Valid
2025-05-01,1901,931,Fichte3_P3,P3,Fagus sylvatica,Abies alba,6.556772736111111,0.8422135,0,23.153039,144,0,Valid
2025-05-02,1878,908,Buche1_P1,P1,Fagus sylvatica,Fagus sylvatica,7.809288777777778,0.3148395,0,28.503002,144,0,Valid
2025-05-02,1879,909,Buche2_P1,P1,Fagus sylvatica,Fagus sylvatica,90.68048615277777,90.808218,72.691071,105.410582,144,0,Valid
2025-05-02,1880,910,Buche3_P1,P1,Fagus sylvatica,Fagus sylvatica,12.878462027777777,6.6884475000000005,0,40.195585,144,0,Valid
2025-05-02,1881,911,Fichte1_P1,P1,Abies alba,Abies alba,65.27845659722222,58.4246295,0,158.589689,144,0,Valid
2025-05-02,1882,912,Fichte2_P1,P1,Abies alba,Abies alba,72.07599599305556,50.8026475,0,202.634893,144,0,Valid
2025-05-02,1883,913,Fichte3_P1,P1,Abies alba,Abies alba,43.60640797222222,31.769271,0,130.931018,144,0,Valid
2025-05-02,1884,914,Fichte1_G1,G1,Abies alba,Abies alba,63.49557204166667,51.271025,0,152.703537,144,0,Valid
2025-05-02,1885,915,Fichte2_G1,G1,Abies alba,Abies alba,123.63562627083333,125.047035,45.627579,203.007552,144,0,Valid
2025-05-02,1886,916,Fichte3_G1,G1,Abies alba,Abies alba,0.055302715277777775,0,0,0.856495,144,0,Valid
2025-05-02,1887,917,Buche1_G1,G1,Fagus sylvatica,Fagus sylvatica,5.214097256944444,0,0,18.683592,144,0,Valid
2025-05-02,1888,918,Buche2_G1,G1,Fagus sylvatica,Fagus sylvatica,0.8392062569444444,0,0,3.084336,144,0,Valid
2025-05-02,1889,919,Buche3_G1,G1,Fagus sylvatica,Fagus sylvatica,10.156282673611111,6.496599,0,29.88012,144,0,Valid
2025-05-02,1890,920,Fichte1_P2,P2,Abies alba,Abies alba,9.172800833333334,0.0169805,0,32.91598,144,0,Valid
2025-05-02,1891,921,Fichte2_P2,P2,Abies alba,Abies alba,1.0642819791666667,0,0,6.702777,144,0,Valid
2025-05-02,1892,922,Fichte3_P2,P2,Abies alba,Abies alba,25.35124515277778,19.173914,0,71.99959,144,0,Valid
2025-05-02,1893,923,Buche1_P2,P2,Fagus sylvatica,Fagus sylvatica,3.925308916666667,1.6483889999999999,0,13.133112,144,0,Valid
2025-05-02,1894,924,Buche2_P2,P2,Fagus sylvatica,Fagus sylvatica,12.679907041666667,9.240755,0,39.272986,144,0,Valid
2025-05-02,1895,925,Buche3_P2,P2,Fagus sylvatica,Fagus sylvatica,4.359311458333333,0.086936,0,16.514352,144,0,Valid
2025-05-02,1896,926,Buche1_P3,P3,Fagus sylvatica,Fagus sylvatica,11.866987881944445,7.8801120000000004,0,36.668922,144,0,Valid
2025-05-02,1897,927,Buche2_P3,P3,Fagus sylvatica,Fagus sylvatica,1.6454922222222221,0,0,6.400902,144,0,Valid
2025-05-02,1898,928,Buche3_P3,P3,Fagus sylvatica,Fagus sylvatica,8.828684430555555,3.0017015000000002,0,27.985218,144,0,Valid
2025-05-02,1899,929,Fichte1_P3,P3,Fagus sylvatica,Abies alba,0.027042916666666666,0,0,0.540597,144,0,Valid
2025-05-02,1900,930,Fichte2_P3,P3,Fagus sylvatica,Abies alba,7.8323479375,0.7207095,0,27.761755,144,0,Valid
2025-05-02,1901,931,Fichte3_P3,P3,Fagus sylvatica,Abies alba,6.418802652777778,0.0314465,0,22.888794999999998,144,0,Valid
2025-05-03,1878,908,Buche1_P1,P1,Fagus sylvatica,Fagus sylvatica,2.456685222222222,0,0,12.070874,144,0,Valid
2025-05-03,1879,909,Buche2_P1,P1,Fagus sylvatica,Fagus sylvatica,73.28281419444444,82.17541299999999,42.912646,92.334569,144,0,Valid
2025-05-03,1880,910,Buche3_P1,P1,Fagus sylvatica,Fagus sylvatica,3.2832863055555555,0,0,17.831907,144,0,Valid
2025-05-03,1881,911,Fichte1_P1,P1,Abies alba,Abies alba,29.4347235,28.192670999999997,0,79.704852,144,0,Valid
2025-05-03,1882,912,Fichte2_P1,P1,Abies alba,Abies alba,20.956034430555555,15.697751,0,62.278394,144,0,Valid
2025-05-03,1883,913,Fichte3_P1,P1,Abies alba,Abies alba,19.449254777777778,8.195303,0,66.107842,144,0,Valid
2025-05-03,1884,914,Fichte1_G1,G1,Abies alba,Abies alba,29.9860694375,30.1820905,0,69.853704,144,0,Valid
2025-05-03,1885,915,Fichte2_G1,G1,Abies alba,Abies alba,61.72486154166667,69.0167685,0,117.979548,144,0,Valid
2025-05-03,1886,916,Fichte3_G1,G1,Abies alba,Abies alba,0.04308972916666667,0,0,1.58416,144,0,Valid
2025-05-03,1887,917,Buche1_G1,G1,Fagus sylvatica,Fagus sylvatica,1.326081375,0,0,10.374933,144,0,Valid
2025-05-03,1888,918,Buche2_G1,G1,Fagus sylvatica,Fagus sylvatica,0.28188858333333333,0,0,2.493723,144,0,Valid
2025-05-03,1889,919,Buche3_G1,G1,Fagus sylvatica,Fagus sylvatica,2.5466352430555554,0,0,13.393584,144,0,Valid
2025-05-03,1890,920,Fichte1_P2,P2,Abies alba,Abies alba,1.1645410763888888,0,0,9.683723,144,0,Valid
2025-05-03,1891,921,Fichte2_P2,P2,Abies alba,Abies alba,0.20723824999999998,0,0,4.428244,144,0,Valid
2025-05-03,1892,922,Fichte3_P2,P2,Abies alba,Abies alba,9.560982076388889,0.678833,0,39.635793,144,0,Valid
2025-05-03,1893,923,Buche1_P2,P2,Fagus sylvatica,Fagus sylvatica,0.12194218055555556,0,0,1.196962,144,0,Valid
2025-05-03,1894,924,Buche2_P2,P2,Fagus sylvatica,Fagus sylvatica,3.9414535,0,0,18.058832,144,0,Valid
2025-05-03,1895,925,Buche3_P2,P2,Fagus sylvatica,Fagus sylvatica,1.6747147638888888,0,0,9.739819,144,0,Valid
2025-05-03,1896,926,Buche1_P3,P3,Fagus sylvatica,Fagus sylvatica,5.790391076388889,0.18486249999999999,0,26.493366,144,0,Valid
2025-05-03,1897,927,Buche2_P3,P3,Fagus sylvatica,Fagus sylvatica,1.6701252152777777,0,0,8.0083,144,0,Valid
2025-05-03,1898,928,Buche3_P3,P3,Fagus sylvatica,Fagus sylvatica,8.763708159722222,0.8403889999999999,0,30.436823,144,0,Valid
2025-05-03,1899,929,Fichte1_P3,P3,Fagus sylvatica,Abies alba,0.04030198611111111,0,0,1.270496,144,0,Valid
2025-05-03,1900,930,Fichte2_P3,P3,Fagus sylvatica,Abies alba,3.7376515625,0,0,18.215804,144,0,Valid
2025-05-03,1901,931,Fichte3_P3,P3,Fagus sylvatica,Abies alba,0.20031508333333334,0,0,1.669691,144,0,Valid
2025-05-04,1878,908,Buche1_P1,P1,Fagus sylvatica,Fagus sylvatica,0.16321878472222223,0,0,2.942468,144,0,Valid
2025-05-04,1879,909,Buche2_P1,P1,Fagus sylvatica,Fagus sylvatica,57.075516,52.10728,34.41298,84.844305,144,0,Valid
2025-05-04,1880,910,Buche3_P1,P1,Fagus sylvatica,Fagus sylvatica,0.04472466666666667,0,0,0.789125,144,0,Valid
2025-05-04,1881,911,Fichte1_P1,P1,Abies alba,Abies alba,2.147978201388889,0,0,23.750654,144,0,Valid
2025-05-04,1882,912,Fichte2_P1,P1,Abies alba,Abies alba,0.27678700694444447,0,0,6.327882,144,0,Valid
2025-05-04,1883,913,Fichte3_P1,P1,Abies alba,Abies alba,1.218931798611111,0,0,18.834437,144,0,Valid
2025-05-04,1884,914,Fichte1_G1,G1,Abies alba,Abies alba,3.302970375,0,0,27.440982,144,0,Valid
2025-05-04,1885,915,Fichte2_G1,G1,Abies alba,Abies alba,9.26397175,0,0,50.53369,144,0,Valid
2025-05-04,1886,916,Fichte3_G1,G1,Abies alba,Abies alba,0.0105684375,0,0,0.710426,144,0,Valid
2025-05-04,1887,917,Buche1_G1,G1,Fagus sylvatica,Fagus sylvatica,0.1616425,0,0,4.21102,144,0,Valid
2025-05-04,1888,918,Buche2_G1,G1,Fagus sylvatica,Fagus sylvatica,0.0115205,0,0,0.438591,144,0,Valid
2025-05-04,1889,919,Buche3_G1,G1,Fagus sylvatica,Fagus sylvatica,0.3025959166666667,0,0,3.594294,144,0,Valid
2025-05-04,1890,920,Fichte1_P2,P2,Abies alba,Abies alba,0.03077729861111111,0,0,1.224643,144,0,Valid
2025-05-04,1891,921,Fichte2_P2,P2,Abies alba,Abies alba,0.0012037847222222222,0,0,0.103295,144,0,Valid
2025-05-04,1892,922,Fichte3_P2,P2,Abies alba,Abies alba,0.196411125,0,0,5.048786,144,0,Valid
2025-05-04,1893,923,Buche1_P2,P2,Fagus sylvatica,Fagus sylvatica,0.021195277777777778,0,0,0.393115,144,0,Valid
2025-05-04,1894,924,Buche2_P2,P2,Fagus sylvatica,Fagus sylvatica,0.1370428125,0,0,2.754335,144,0,Valid
2025-05-04,1895,925,Buche3_P2,P2,Fagus sylvatica,Fagus sylvatica,0.003630104166666667,0,0,0.12634600000000001,144,0,Valid
2025-05-04,1896,926,Buche1_P3,P3,Fagus sylvatica,Fagus sylvatica,0.26108435416666664,0,0,2.302555,144,0,Valid
2025-05-04,1897,927,Buche2_P3,P3,Fagus sylvatica,Fagus sylvatica,0.04851936805555555,0,0,1.021807,144,0,Valid
2025-05-04,1898,928,Buche3_P3,P3,Fagus sylvatica,Fagus sylvatica,0.7361325694444445,0,0,8.122858,144,0,Valid
2025-05-04,1899,929,Fichte1_P3,P3,Fagus sylvatica,Abies alba,1.8430555555555556e-4,0,0,0.02654,144,0,Valid
2025-05-04,1900,930,Fichte2_P3,P3,Fagus sylvatica,Abies alba,0.00227725,0,0,0.158396,144,0,Valid
2025-05-04,1901,931,Fichte3_P3,P3,Fagus sylvatica,Abies alba,0,0,0,0,144,0,Valid
2025-05-05,1878,908,Buche1_P1,P1,Fagus sylvatica,Fagus sylvatica,1.0424735694444445,0.293266,0,6.2562430000000004,144,0,Valid
2025-05-05,1879,909,Buche2_P1,P1,Fagus sylvatica,Fagus sylvatica,30.57547891666667,30.751964,25.941685,34.45648,144,0,Valid
2025-05-05,1880,910,Buche3_P1,P1,Fagus sylvatica,Fagus sylvatica,0.4773391111111111,0,0,2.52796,144,0,Valid
2025-05-05,1881,911,Fichte1_P1,P1,Abies alba,Abies alba,2.2105210902777777,0,0,10.894493,144,0,Valid
2025-05-05,1882,912,Fichte2_P1,P1,Abies alba,Abies alba,3.0216517222222223,0,0,11.053326,144,0,Valid
2025-05-05,1883,913,Fichte3_P1,P1,Abies alba,Abies alba,0.37608149305555555,0,0,2.020137,144,0,Valid
2025-05-05,1884,914,Fichte1_G1,G1,Abies alba,Abies alba,2.1450010416666667,0,0,9.15885,144,0,Valid
2025-05-05,1885,915,Fichte2_G1,G1,Abies alba,Abies alba,0.21835745833333334,0,0,1.26061,144,0,Valid
2025-05-05,1886,916,Fichte3_G1,G1,Abies alba,Abies alba,7.749305555555556e-5,0,0,0.009516,144,0,Valid
2025-05-05,1887,917,Buche1_G1,G1,Fagus sylvatica,Fagus sylvatica,0.4611421041666667,0,0,2.592848,144,0,Valid
2025-05-05,1888,918,Buche2_G1,G1,Fagus sylvatica,Fagus sylvatica,0.016817090277777776,0,0,0.283758,144,0,Valid
2025-05-05,1889,919,Buche3_G1,G1,Fagus sylvatica,Fagus sylvatica,0.15519113888888889,0,0,0.996764,144,0,Valid
2025-05-05,1890,920,Fichte1_P2,P2,Abies alba,Abies alba,0.8679334027777778,0,0,4.710092,144,0,Valid
2025-05-05,1891,921,Fichte2_P2,P2,Abies alba,Abies alba,4.0465277777777776e-5,0,0,0.005827,144,0,Valid
2025-05-05,1892,922,Fichte3_P2,P2,Abies alba,Abies alba,0.006284868055555556,0,0,0.086977,144,0,Valid
2025-05-05,1893,923,Buche1_P2,P2,Fagus sylvatica,Fagus sylvatica,0.043492777777777776,0,0,0.485944,144,0,Valid
2025-05-05,1894,924,Buche2_P2,P2,Fagus sylvatica,Fagus sylvatica,0.09685402777777778,0,0,0.996596,144,0,Valid
2025-05-05,1895,925,Buche3_P2,P2,Fagus sylvatica,Fagus sylvatica,1.761527777777778e-4,0,0,0.014029,144,0,Valid
2025-05-05,1896,926,Buche1_P3,P3,Fagus sylvatica,Fagus sylvatica,0.1270973472222222,0,0,0.90199,144,0,Valid
2025-05-05,1897,927,Buche2_P3,P3,Fagus sylvatica,Fagus sylvatica,0.2805600208333333,0,0,2.916756,144,0,Valid
2025-05-05,1898,928,Buche3_P3,P3,Fagus sylvatica,Fagus sylvatica,0.9688294097222222,0.0350355,0,6.489056,144,0,Valid
2025-05-05,1899,929,Fichte1_P3,P3,Fagus sylvatica,Abies alba,0.03566164583333333,0,0,0.470211,144,0,Valid
2025-05-05,1900,930,Fichte2_P3,P3,Fagus sylvatica,Abies alba,2.2791666666666667e-5,0,0,0.003282,144,0,Valid
2025-05-05,1901,931,Fichte3_P3,P3,Fagus sylvatica,Abies alba,7.515972222222222e-5,0,0,0.010823,144,0,Valid
2025-05-06,1878,908,Buche1_P1,P1,Fagus sylvatica,Fagus sylvatica,2.4073836111111113,0.8783274999999999,0,7.826352,144,0,Valid
2025-05-06,1879,909,Buche2_P1,P1,Fagus sylvatica,Fagus sylvatica,46.225369791666665,44.909086,28.999676,65.58088,144,0,Valid
2025-05-06,1880,910,Buche3_P1,P1,Fagus sylvatica,Fagus sylvatica,2.3948956319444443,0.9355935,0,5.963639,144,0,Valid
2025-05-06,1881,911,Fichte1_P1,P1,Abies alba,Abies alba,11.8302473125,5.6635865,0.189947,27.060379,144,0,Valid
2025-05-06,1882,912,Fichte2_P1,P1,Abies alba,Abies alba,13.534533472222222,10.932113999999999,4.218814,21.8711,144,0,Valid
2025-05-06,1883,913,Fichte3_P1,P1,Abies alba,Abies alba,5.609901458333334,1.4927929999999998,0,15.552461,144,0,Valid
2025-05-06,1884,914,Fichte1_G1,G1,Abies alba,Abies alba,12.94896145138889,8.185771,0.945248,25.050353,144,0,Valid
2025-05-06,1885,915,Fichte2_G1,G1,Abies alba,Abies alba,20.420996666666667,0.5424169999999999,0,60.174197,144,0,Valid
2025-05-06,1886,916,Fichte3_G1,G1,Abies alba,Abies alba,1.1540992291666667,0,0,4.403507,144,0,Valid
2025-05-06,1887,917,Buche1_G1,G1,Fagus sylvatica,Fagus sylvatica,1.7007387916666667,0.956326,0,4.993294,144,0,Valid
2025-05-06,1888,918,Buche2_G1,G1,Fagus sylvatica,Fagus sylvatica,0.11388436805555556,0.007033,0,0.642661,144,0,Valid
2025-05-06,1889,919,Buche3_G1,G1,Fagus sylvatica,Fagus sylvatica,0.07683918055555555,0,0,0.798851,144,0,Valid
2025-05-06,1890,920,Fichte1_P2,P2,Abies alba,Abies alba,5.7941367291666666,3.7019135,0,14.163372,144,0,Valid
2025-05-06,1891,921,Fichte2_P2,P2,Abies alba,Abies alba,0.005930048611111111,0,0,0.074664,144,0,Valid
2025-05-06,1892,922,Fichte3_P2,P2,Abies alba,Abies alba,13.499449430555556,15.4600635,0,31.602772,144,0,Valid
2025-05-06,1893,923,Buche1_P2,P2,Fagus sylvatica,Fagus sylvatica,0.0055724791666666666,0,0,0.165836,144,0,Valid
2025-05-06,1894,924,Buche2_P2,P2,Fagus sylvatica,Fagus sylvatica,0.3045325972222222,0,0,2.763486,144,0,Valid
2025-05-06,1895,925,Buche3_P2,P2,Fagus sylvatica,Fagus sylvatica,0.007448861111111111,0,0,0.163964,144,0,Valid
2025-05-06,1896,926,Buche1_P3,P3,Fagus sylvatica,Fagus sylvatica,1.458384125,0.094521,0,7.17009,144,0,Valid
2025-05-06,1897,927,Buche2_P3,P3,Fagus sylvatica,Fagus sylvatica,2.2298622152777776,0.0330875,0,7.18306,144,0,Valid
2025-05-06,1898,928,Buche3_P3,P3,Fagus sylvatica,Fagus sylvatica,7.351672840277778,6.959151,0,17.844987,144,0,Valid
2025-05-06,1899,929,Fichte1_P3,P3,Fagus sylvatica,Abies alba,0.004972270833333334,0,0,0.168516,144,0,Valid
2025-05-06,1900,930,Fichte2_P3,P3,Fagus sylvatica,Abies alba,0.6222795208333334,0,0,3.018258,144,0,Valid
2025-05-06,1901,931,Fichte3_P3,P3,Fagus sylvatica,Abies alba,0.01798173611111111,0,0,0.173309,144,0,Valid
2025-05-07,1878,908,Buche1_P1,P1,Fagus sylvatica,Fagus sylvatica,4.236041791666667,0.552895,0,15.653781,144,0,Valid
2025-05-07,1879,909,Buche2_P1,P1,Fagus sylvatica,Fagus sylvatica,67.64914322916667,70.1708785,50.590939,86.077445,144,0,Valid
2025-05-07,1880,910,Buche3_P1,P1,Fagus sylvatica,Fagus sylvatica,6.458067263888889,4.0179605,0,15.359075,144,0,Valid
2025-05-07,1881,911,Fichte1_P1,P1,Abies alba,Abies alba,26.22712026388889,24.1445325,4.403591,49.784214,144,0,Valid
2025-05-07,1882,912,Fichte2_P1,P1,Abies alba,Abies alba,23.471171291666668,21.558284999999998,11.175597,37.591036,144,0,Valid
2025-05-07,1883,913,Fichte3_P1,P1,Abies alba,Abies alba,18.527634055555556,15.368871,4.916164,29.791788,144,0,Valid
2025-05-07,1884,914,Fichte1_G1,G1,Abies alba,Abies alba,34.78158441666667,29.388393,20.499944,51.129737,144,0,Valid
2025-05-07,1885,915,Fichte2_G1,G1,Abies alba,Abies alba,86.91099338194445,93.422201,48.247724,125.614333,144,0,Valid
2025-05-07,1886,916,Fichte3_G1,G1,Abies alba,Abies alba,1.5217519513888889,0,0,6.911089,144,0,Valid
2025-05-07,1887,917,Buche1_G1,G1,Fagus sylvatica,Fagus sylvatica,4.916893777777778,2.734921,0,15.102939,144,0,Valid
2025-05-07,1888,918,Buche2_G1,G1,Fagus sylvatica,Fagus sylvatica,1.9419367222222221,0.212274,0,7.637456,144,0,Valid
2025-05-07,1889,919,Buche3_G1,G1,Fagus sylvatica,Fagus sylvatica,6.153581548611111,2.708389,0,14.804387,144,0,Valid
2025-05-07,1890,920,Fichte1_P2,P2,Abies alba,Abies alba,4.0482943125,0.3285045,0,14.934225,144,0,Valid
2025-05-07,1891,921,Fichte2_P2,P2,Abies alba,Abies alba,0.05840879861111111,0,0,0.503137,144,0,Valid
2025-05-07,1892,922,Fichte3_P2,P2,Abies alba,Abies alba,25.982060472222223,22.108700499999998,16.141289,42.709947,144,0,Valid
2025-05-07,1893,923,Buche1_P2,P2,Fagus sylvatica,Fagus sylvatica,0.008860638888888888,0,0,0.157963,144,0,Valid
2025-05-07,1894,924,Buche2_P2,P2,Fagus sylvatica,Fagus sylvatica,10.7101064375,13.348765499999999,0,21.251997,144,0,Valid
2025-05-07,1895,925,Buche3_P2,P2,Fagus sylvatica,Fagus sylvatica,0.8531029236111111,0.56717,0,2.224227,144,0,Valid
2025-05-07,1896,926,Buche1_P3,P3,Fagus sylvatica,Fagus sylvatica,21.603778569444444,21.007056,7.750177,34.219854,144,0,Valid
2025-05-07,1897,927,Buche2_P3,P3,Fagus sylvatica,Fagus sylvatica,2.02599775,0.131179,0,7.446769,144,0,Valid
2025-05-07,1898,928,Buche3_P3,P3,Fagus sylvatica,Fagus sylvatica,10.247723652777777,7.4617585,0.628241,22.211334,144,0,Valid
2025-05-07,1899,929,Fichte1_P3,P3,Fagus sylvatica,Abies alba,0.07783741666666667,0,0,0.914423,144,0,Valid
2025-05-07,1900,930,Fichte2_P3,P3,Fagus sylvatica,Abies alba,4.746955756944445,1.5655450000000002,0,13.531423,144,0,Valid
2025-05-07,1901,931,Fichte3_P3,P3,Fagus sylvatica,Abies alba,1.9362246319444445,1.3948745,0,4.931165,144,0,Valid
2025-05-08,1878,908,Buche1_P1,P1,Fagus sylvatica,Fagus sylvatica,5.6402710972222225,0.9661985,0,21.946604,144,0,Valid
2025-05-08,1879,909,Buche2_P1,P1,Fagus sylvatica,Fagus sylvatica,78.47865511111111,78.78392199999999,58.142944,97.717905,144,0,Valid
2025-05-08,1880,910,Buche3_P1,P1,Fagus sylvatica,Fagus sylvatica,8.49804982638889,8.4192295,0,23.362244,144,0,Valid
2025-05-08,1881,911,Fichte1_P1,P1,Abies alba,Abies alba,34.550057673611114,19.8830295,0,79.284494,144,0,Valid
2025-05-08,1882,912,Fichte2_P1,P1,Abies alba,Abies alba,34.49621014583333,21.592092,0,79.13601,144,0,Valid
2025-05-08,1883,913,Fichte3_P1,P1,Abies alba,Abies alba,27.696311354166667,17.018218,0,64.416207,144,0,Valid
2025-05-08,1884,914,Fichte1_G1,G1,Abies alba,Abies alba,41.0465556875,31.625206,8.775477,77.996071,144,0,Valid
2025-05-08,1885,915,Fichte2_G1,G1,Abies alba,Abies alba,119.43666756944444,113.37236,56.581035,183.746497,144,0,Valid
2025-05-08,1886,916,Fichte3_G1,G1,Abies alba,Abies alba,3.3795256875,0.05668,0,11.765187,144,0,Valid
2025-05-08,1887,917,Buche1_G1,G1,Fagus sylvatica,Fagus sylvatica,10.712295131944444,13.265788,0,26.02164,144,0,Valid
2025-05-08,1888,918,Buche2_G1,G1,Fagus sylvatica,Fagus sylvatica,5.421721784722222,6.4096615,0,12.817059,144,0,Valid
2025-05-08,1889,919,Buche3_G1,G1,Fagus sylvatica,Fagus sylvatica,16.31502711111111,16.5092825,1.732019,32.788431,144,0,Valid
2025-05-08,1890,920,Fichte1_P2,P2,Abies alba,Abies alba,13.805462229166666,15.638602500000001,0,30.805568,144,0,Valid
2025-05-08,1891,921,Fichte2_P2,P2,Abies alba,Abies alba,1.3607006944444444,0,0,7.197588,144,0,Valid
2025-05-08,1892,922,Fichte3_P2,P2,Abies alba,Abies alba,27.657838944444446,21.326971,0,55.775634,144,0,Valid
2025-05-08,1893,923,Buche1_P2,P2,Fagus sylvatica,Fagus sylvatica,7.3113384097222225,2.7124319999999997,0,22.170314,144,0,Valid
2025-05-08,1894,924,Buche2_P2,P2,Fagus sylvatica,Fagus sylvatica,27.834994395833334,28.040502,6.276356,47.343015,144,0,Valid
2025-05-08,1895,925,Buche3_P2,P2,Fagus sylvatica,Fagus sylvatica,5.987238923611111,4.7342825,0,15.191949,144,0,Valid
2025-05-08,1896,926,Buche1_P3,P3,Fagus sylvatica,Fagus sylvatica,24.411737083333332,23.5301405,11.248807,39.623261,144,0,Valid
2025-05-08,1897,927,Buche2_P3,P3,Fagus sylvatica,Fagus sylvatica,2.8551438333333334,0.1156915,0,9.630652,144,0,Valid
2025-05-08,1898,928,Buche3_P3,P3,Fagus sylvatica,Fagus sylvatica,14.145208152777778,15.546786,0,32.266674,144,0,Valid
2025-05-08,1899,929,Fichte1_P3,P3,Fagus sylvatica,Abies alba,0.48138054166666666,0,0,2.614805,144,0,Valid
2025-05-08,1900,930,Fichte2_P3,P3,Fagus sylvatica,Abies alba,13.262410409722222,5.5519425,0,32.168613,144,0,Valid
2025-05-08,1901,931,Fichte3_P3,P3,Fagus sylvatica,Abies alba,6.0255402361111114,1.8236305000000002,0,16.713218,144,0,Valid
2025-05-09,1878,908,Buche1_P1,P1,Fagus sylvatica,Fagus sylvatica,5.072921861111111,1.183361,0,15.581686,144,0,Valid
2025-05-09,1879,909,Buche2_P1,P1,Fagus sylvatica,Fagus sylvatica,93.89615489583333,91.56016650000001,82.657755,107.526575,144,0,Valid
2025-05-09,1880,910,Buche3_P1,P1,Fagus sylvatica,Fagus sylvatica,6.090034840277778,5.1869905,0,15.11144,144,0,Valid
2025-05-09,1881,911,Fichte1_P1,P1,Abies alba,Abies alba,44.50221171527778,46.4122465,11.41702,84.80861,144,0,Valid
2025-05-09,1882,912,Fichte2_P1,P1,Abies alba,Abies alba,38.188360618055555,38.340427,6.795858,75.836923,144,0,Valid
2025-05-09,1883,913,Fichte3_P1,P1,Abies alba,Abies alba,42.77778398611111,43.13655,14.136208,72.429652,144,0,Valid
2025-05-09,1884,914,Fichte1_G1,G1,Abies alba,Abies alba,37.82835294444445,34.639567,6.007567,76.752763,144,0,Valid
2025-05-09,1885,915,Fichte2_G1,G1,Abies alba,Abies alba,144.84837285416666,142.219345,109.591089,185.811429,144,0,Valid
2025-05-09,1886,916,Fichte3_G1,G1,Abies alba,Abies alba,1.0665840486111111,0,0,3.971853,144,0,Valid
2025-05-09,1887,917,Buche1_G1,G1,Fagus sylvatica,Fagus sylvatica,5.910680652777778,6.441525,0,14.897022,144,0,Valid
2025-05-09,1888,918,Buche2_G1,G1,Fagus sylvatica,Fagus sylvatica,4.516150430555555,4.3625905,0.613875,9.524965,144,0,Valid
2025-05-09,1889,919,Buche3_G1,G1,Fagus sylvatica,Fagus sylvatica,20.29652075,19.8949315,12.681706,29.091654,144,0,Valid
2025-05-09,1890,920,Fichte1_P2,P2,Abies alba,Abies alba,6.793315125,6.629141000000001,0,17.085806,144,0,Valid
2025-05-09,1891,921,Fichte2_P2,P2,Abies alba,Abies alba,0.041294326388888886,0,0,0.806672,144,0,Valid
2025-05-09,1892,922,Fichte3_P2,P2,Abies alba,Abies alba,30.09580046527778,29.726743499999998,14.109043,44.184702,144,0,Valid
2025-05-09,1893,923,Buche1_P2,P2,Fagus sylvatica,Fagus sylvatica,20.423977631944446,21.3862015,14.726387,24.400156,144,0,Valid
2025-05-09,1894,924,Buche2_P2,P2,Fagus sylvatica,Fagus sylvatica,36.76328945833333,37.217905,27.965296,44.443903,144,0,Valid
2025-05-09,1895,925,Buche3_P2,P2,Fagus sylvatica,Fagus sylvatica,3.3524333194444442,2.8647384999999996,0,8.800256,144,0,Valid
2025-05-09,1896,926,Buche1_P3,P3,Fagus sylvatica,Fagus sylvatica,20.39993117361111,20.3585345,11.926613,29.27681,144,0,Valid
2025-05-09,1897,927,Buche2_P3,P3,Fagus sylvatica,Fagus sylvatica,1.4352343333333333,0,0,5.213053,144,0,Valid
2025-05-09,1898,928,Buche3_P3,P3,Fagus sylvatica,Fagus sylvatica,11.476954305555555,11.186030500000001,0,25.465756,144,0,Valid
2025-05-09,1899,929,Fichte1_P3,P3,Fagus sylvatica,Abies alba,0.0715377986111111,0,0,1.398556,144,0,Valid
2025-05-09,1900,930,Fichte2_P3,P3,Fagus sylvatica,Abies alba,11.414341090277778,10.8835435,3.918472,25.350625,144,0,Valid
2025-05-09,1901,931,Fichte3_P3,P3,Fagus sylvatica,Abies alba,4.590231916666666,3.1566995,0,15.489311,144,0,Valid
2025-05-10,1878,908,Buche1_P1,P1,Fagus sylvatica,Fagus sylvatica,8.323159520833332,2.4382615000000003,0,27.978918,144,0,Valid
2025-05-10,1879,909,Buche2_P1,P1,Fagus sylvatica,Fagus sylvatica,105.39329726388888,98.1794815,85.715948,127.859082,144,0,Valid
2025-05-10,1880,910,Buche3_P1,P1,Fagus sylvatica,Fagus sylvatica,10.686916243055556,6.5062465,0,31.815425,144,0,Valid
2025-05-10,1881,911,Fichte1_P1,P1,Abies alba,Abies alba,45.678932625,32.391562,0,117.542568,144,0,Valid
2025-05-10,1882,912,Fichte2_P1,P1,Abies alba,Abies alba,55.36837950694444,31.1120755,0,145.87905,144,0,Valid
2025-05-10,1883,913,Fichte3_P1,P1,Abies alba,Abies alba,39.986899694444446,34.4302605,0,99.030011,144,0,Valid
2025-05-10,1884,914,Fichte1_G1,G1,Abies alba,Abies alba,47.55045861805556,34.0445535,0,114.589529,144,0,Valid
2025-05-10,1885,915,Fichte2_G1,G1,Abies alba,Abies alba,147.89497481944446,135.69258150000002,87.617469,218.909595,144,0,Valid
2025-05-10,1886,916,Fichte3_G1,G1,Abies alba,Abies alba,6.064385652777778,0.9795010000000001,0,18.009257,144,0,Valid
2025-05-10,1887,917,Buche1_G1,G1,Fagus sylvatica,Fagus sylvatica,10.407548173611112,5.900452,0,32.865288,144,0,Valid
2025-05-10,1888,918,Buche2_G1,G1,Fagus sylvatica,Fagus sylvatica,4.426933694444444,1.794229,0,15.232917,144,0,Valid
2025-05-10,1889,919,Buche3_G1,G1,Fagus sylvatica,Fagus sylvatica,18.893754972222222,15.7174525,5.880051,36.93433,144,0,Valid
2025-05-10,1890,920,Fichte1_P2,P2,Abies alba,Abies alba,9.954364652777778,5.9227935,0,28.187545,144,0,Valid
2025-05-10,1891,921,Fichte2_P2,P2,Abies alba,Abies alba,2.238668409722222,0,0,10.659808,144,0,Valid
2025-05-10,1892,922,Fichte3_P2,P2,Abies alba,Abies alba,27.764915708333334,19.539777,0,66.070581,144,0,Valid
2025-05-10,1893,923,Buche1_P2,P2,Fagus sylvatica,Fagus sylvatica,14.968112958333334,17.1253985,5.068146,21.305833,144,0,Valid
2025-05-10,1894,924,Buche2_P2,P2,Fagus sylvatica,Fagus sylvatica,30.109895541666667,29.6868355,11.383497,47.922152,144,0,Valid
2025-05-10,1895,925,Buche3_P2,P2,Fagus sylvatica,Fagus sylvatica,5.376199965277777,3.1161995,0,18.164352,144,0,Valid
2025-05-10,1896,926,Buche1_P3,P3,Fagus sylvatica,Fagus sylvatica,14.210396368055555,10.0415205,1.104793,35.247273,144,0,Valid
2025-05-10,1897,927,Buche2_P3,P3,Fagus sylvatica,Fagus sylvatica,2.9325366111111113,0,0,8.964534,144,0,Valid
2025-05-10,1898,928,Buche3_P3,P3,Fagus sylvatica,Fagus sylvatica,16.238415541666665,12.7414515,0,43.615765,144,0,Valid
2025-05-10,1899,929,Fichte1_P3,P3,Fagus sylvatica,Abies alba,3.397003548611111,0,0,13.793549,144,0,Valid
2025-05-10,1900,930,Fichte2_P3,P3,Fagus sylvatica,Abies alba,9.011017729166667,3.4036725,0,28.640049,144,0,Valid
2025-05-10,1901,931,Fichte3_P3,P3,Fagus sylvatica,Abies alba,5.450961784722222,0.3297485,0,19.100413,144,0,Valid
2025-05-11,1878,908,Buche1_P1,P1,Fagus sylvatica,Fagus sylvatica,9.815828506944445,3.479111,0,30.698888,144,0,Valid
2025-05-11,1879,909,Buche2_P1,P1,Fagus sylvatica,Fagus sylvatica,119.51141326388888,115.582921,96.701799,140.391368,144,0,Valid
2025-05-11,1880,910,Buche3_P1,P1,Fagus sylvatica,Fagus sylvatica,14.360440625,10.737622,0,34.193897,144,0,Valid
2025-05-11,1881,911,Fichte1_P1,P1,Abies alba,Abies alba,48.076525986111115,38.3794025,0,112.800357,144,0,Valid
2025-05-11,1882,912,Fichte2_P1,P1,Abies alba,Abies alba,66.6157431875,60.351282999999995,0,153.246298,144,0,Valid
2025-05-11,1883,913,Fichte3_P1,P1,Abies alba,Abies alba,39.97458815277778,32.676770000000005,0,98.351562,144,0,Valid
2025-05-11,1884,914,Fichte1_G1,G1,Abies alba,Abies alba,53.57422230555556,44.102924,0.533926,120.335696,144,0,Valid
2025-05-11,1885,915,Fichte2_G1,G1,Abies alba,Abies alba,152.84272822916668,146.9691975,83.346858,224.107276,144,0,Valid
2025-05-11,1886,916,Fichte3_G1,G1,Abies alba,Abies alba,1.5122723680555556,0,0,5.568604,144,0,Valid
2025-05-11,1887,917,Buche1_G1,G1,Fagus sylvatica,Fagus sylvatica,14.301335013888888,13.1688665,0,38.716219,144,0,Valid
2025-05-11,1888,918,Buche2_G1,G1,Fagus sylvatica,Fagus sylvatica,5.671292763888889,2.9355770000000003,0,17.796676,144,0,Valid
2025-05-11,1889,919,Buche3_G1,G1,Fagus sylvatica,Fagus sylvatica,14.09283942361111,12.460646,0,32.57999,144,0,Valid
2025-05-11,1890,920,Fichte1_P2,P2,Abies alba,Abies alba,11.34096207638889,10.283947999999999,0,30.794425,144,0,Valid
2025-05-11,1891,921,Fichte2_P2,P2,Abies alba,Abies alba,1.8840295,0,0,9.346234,144,0,Valid
2025-05-11,1892,922,Fichte3_P2,P2,Abies alba,Abies alba,36.341274597222224,30.515708500000002,0,83.658498,144,0,Valid
2025-05-11,1893,923,Buche1_P2,P2,Fagus sylvatica,Fagus sylvatica,7.712250152777778,8.2511495,0,16.986505,144,0,Valid
2025-05-11,1894,924,Buche2_P2,P2,Fagus sylvatica,Fagus sylvatica,22.63749851388889,22.9109005,0,45.020569,144,0,Valid
2025-05-11,1895,925,Buche3_P2,P2,Fagus sylvatica,Fagus sylvatica,7.876149555555555,7.9611165,0,19.391143,144,0,Valid
2025-05-11,1896,926,Buche1_P3,P3,Fagus sylvatica,Fagus sylvatica,12.946794986111112,10.425116500000001,0,34.008004,144,0,Valid
2025-05-11,1897,927,Buche2_P3,P3,Fagus sylvatica,Fagus sylvatica,2.8927987569444444,0.5481935,0,8.465698,144,0,Valid
2025-05-11,1898,928,Buche3_P3,P3,Fagus sylvatica,Fagus sylvatica,17.868973833333335,14.1580715,0,43.542069,144,0,Valid
2025-05-11,1899,929,Fichte1_P3,P3,Fagus sylvatica,Abies alba,2.333786111111111,0,0,9.805836,144,0,Valid
2025-05-11,1900,930,Fichte2_P3,P3,Fagus sylvatica,Abies alba,7.521564930555556,5.2209695,0,22.203433,144,0,Valid
2025-05-11,1901,931,Fichte3_P3,P3,Fagus sylvatica,Abies alba,6.838926166666667,0.6834834999999999,0,23.588405,144,0,Valid
2025-05-12,1878,908,Buche1_P1,P1,Fagus sylvatica,Fagus sylvatica,0.12907634722222222,0,0,2.142515,144,0,Valid
2025-05-12,1879,909,Buche2_P1,P1,Fagus sylvatica,Fagus sylvatica,94.905316125,86.077276,77.249908,130.159678,144,0,Valid
2025-05-12,1880,910,Buche3_P1,P1,Fagus sylvatica,Fagus sylvatica,0.9356642222222222,0,0,8.902505,144,0,Valid
2025-05-12,1881,911,Fichte1_P1,P1,Abies alba,Abies alba,6.825427034722222,0,0,54.18832,144,0,Valid
2025-05-12,1882,912,Fichte2_P1,P1,Abies alba,Abies alba,12.62475245138889,0,0,83.187376,144,0,Valid
2025-05-12,1883,913,Fichte3_P1,P1,Abies alba,Abies alba,4.897019256944445,0,0,43.936634,144,0,Valid
2025-05-12,1884,914,Fichte1_G1,G1,Abies alba,Abies alba,7.1620291597222225,0,0,52.812552,144,0,Valid
2025-05-12,1885,915,Fichte2_G1,G1,Abies alba,Abies alba,49.447151125,27.4156175,0,162.434618,144,0,Valid
2025-05-12,1886,916,Fichte3_G1,G1,Abies alba,Abies alba,0,0,0,0,144,0,Valid
2025-05-12,1887,917,Buche1_G1,G1,Fagus sylvatica,Fagus sylvatica,0.2891051388888889,0,0,7.431406,144,0,Valid
2025-05-12,1888,918,Buche2_G1,G1,Fagus sylvatica,Fagus sylvatica,4.8680555555555554e-4,0,0,0.0701,144,0,Valid
2025-05-12,1889,919,Buche3_G1,G1,Fagus sylvatica,Fagus sylvatica,0.5785049375,0,0,8.278787,144,0,Valid
2025-05-12,1890,920,Fichte1_P2,P2,Abies alba,Abies alba,0,0,0,0,144,0,Valid
2025-05-12,1891,921,Fichte2_P2,P2,Abies alba,Abies alba,0,0,0,0,144,0,Valid
2025-05-12,1892,922,Fichte3_P2,P2,Abies alba,Abies alba,5.9787519513888885,0,0,47.90103,144,0,Valid
2025-05-12,1893,923,Buche1_P2,P2,Fagus sylvatica,Fagus sylvatica,0.3190231875,0,0,4.084363,144,0,Valid
2025-05-12,1894,924,Buche2_P2,P2,Fagus sylvatica,Fagus sylvatica,1.5156842638888888,0,0,20.374279,144,0,Valid
2025-05-12,1895,925,Buche3_P2,P2,Fagus sylvatica,Fagus sylvatica,0.2889230902777778,0,0,5.121819,144,0,Valid
2025-05-12,1896,926,Buche1_P3,P3,Fagus sylvatica,Fagus sylvatica,0.25506796527777775,0,0,6.202183,144,0,Valid
2025-05-12,1897,927,Buche2_P3,P3,Fagus sylvatica,Fagus sylvatica,0.0192545,0,0,0.372256,144,0,Valid
2025-05-12,1898,928,Buche3_P3,P3,Fagus sylvatica,Fagus sylvatica,0.7556847152777778,0,0,7.014625,144,0,Valid
2025-05-12,1899,929,Fichte1_P3,P3,Fagus sylvatica,Abies alba,0,0,0,0,144,0,Valid
2025-05-12,1900,930,Fichte2_P3,P3,Fagus sylvatica,Abies alba,0.1669984097222222,0,0,4.447595,144,0,Valid
2025-05-12,1901,931,Fichte3_P3,P3,Fagus sylvatica,Abies alba,0.012915916666666666,0,0,1.802431,144,0,Valid
2025-05-13,1878,908,Buche1_P1,P1,Fagus sylvatica,Fagus sylvatica,6.470170645833333,0,0,24.198075,144,0,Valid
2025-05-13,1879,909,Buche2_P1,P1,Fagus sylvatica,Fagus sylvatica,83.17595028472222,75.0540775,62.597841,112.526571,144,0,Valid
2025-05-13,1880,910,Buche3_P1,P1,Fagus sylvatica,Fagus sylvatica,6.167571965277777,0.835186,0,19.018918,144,0,Valid
2025-05-13,1881,911,Fichte1_P1,P1,Abies alba,Abies alba,38.00055827777778,12.213037499999999,0,105.7431,144,0,Valid
2025-05-13,1882,912,Fichte2_P1,P1,Abies alba,Abies alba,31.237985847222223,6.7007925,0,92.074905,144,0,Valid
2025-05-13,1883,913,Fichte3_P1,P1,Abies alba,Abies alba,28.553517979166667,0.059977,0,94.582404,144,0,Valid
2025-05-13,1884,914,Fichte1_G1,G1,Abies alba,Abies alba,27.296703013888887,0.5463245,0,85.591042,144,0,Valid
2025-05-13,1885,915,Fichte2_G1,G1,Abies alba,Abies alba,60.28530428472222,21.4474175,0,160.594418,144,0,Valid
2025-05-13,1886,916,Fichte3_G1,G1,Abies alba,Abies alba,5.377266680555556,0,0,18.189164,144,0,Valid
2025-05-13,1887,917,Buche1_G1,G1,Fagus sylvatica,Fagus sylvatica,10.628108854166667,2.1357315,0,32.282605,144,0,Valid
2025-05-13,1888,918,Buche2_G1,G1,Fagus sylvatica,Fagus sylvatica,2.1558333680555557,0.201937,0,6.07431,144,0,Valid
2025-05-13,1889,919,Buche3_G1,G1,Fagus sylvatica,Fagus sylvatica,5.3571305208333335,2.041867,0,16.697215,144,0,Valid
2025-05-13,1890,920,Fichte1_P2,P2,Abies alba,Abies alba,12.930728381944444,12.141156500000001,0,35.432231,144,0,Valid
2025-05-13,1891,921,Fichte2_P2,P2,Abies alba,Abies alba,2.676696375,0,0,12.500764,144,0,Valid
2025-05-13,1892,922,Fichte3_P2,P2,Abies alba,Abies alba,26.30015415277778,1.0517414999999999,0,73.112741,144,0,Valid
2025-05-13,1893,923,Buche1_P2,P2,Fagus sylvatica,Fagus sylvatica,2.8011448263888887,0.21675100000000003,0,8.941911,144,0,Valid
2025-05-13,1894,924,Buche2_P2,P2,Fagus sylvatica,Fagus sylvatica,13.11440432638889,6.2622505,0,37.430218000000004,144,0,Valid
2025-05-13,1895,925,Buche3_P2,P2,Fagus sylvatica,Fagus sylvatica,6.485531895833334,0.5610189999999999,0,19.990459,144,0,Valid
2025-05-13,1896,926,Buche1_P3,P3,Fagus sylvatica,Fagus sylvatica,6.1636150625,0.2552095,0,19.89355,144,0,Valid
2025-05-13,1897,927,Buche2_P3,P3,Fagus sylvatica,Fagus sylvatica,3.826743423611111,0,0,13.653773,144,0,Valid
2025-05-13,1898,928,Buche3_P3,P3,Fagus sylvatica,Fagus sylvatica,9.716001513888889,5.3777865,0,29.997824,144,0,Valid
2025-05-13,1899,929,Fichte1_P3,P3,Fagus sylvatica,Abies alba,2.127849020833333,0,0,9.669847,144,0,Valid
2025-05-13,1900,930,Fichte2_P3,P3,Fagus sylvatica,Abies alba,7.960084277777778,0,0,27.128769,144,0,Valid
2025-05-13,1901,931,Fichte3_P3,P3,Fagus sylvatica,Abies alba,0.5714500625,0,0,4.392025,144,0,Valid
2025-05-14,1878,908,Buche1_P1,P1,Fagus sylvatica,Fagus sylvatica,6.509726027777778,0.9864795,0,22.257572,144,0,Valid
2025-05-14,1879,909,Buche2_P1,P1,Fagus sylvatica,Fagus sylvatica,115.52422554861111,108.82199650000001,95.470694,137.616547,144,0,Valid
2025-05-14,1880,910,Buche3_P1,P1,Fagus sylvatica,Fagus sylvatica,13.143062666666667,9.264035499999999,0,30.763892,144,0,Valid
2025-05-14,1881,911,Fichte1_P1,P1,Abies alba,Abies alba,68.34510368055555,61.546133,11.656882,137.25481,144,0,Valid
2025-05-14,1882,912,Fichte2_P1,P1,Abies alba,Abies alba,70.24542118055555,55.638104,10.071853,153.130185,144,0,Valid
2025-05-14,1883,913,Fichte3_P1,P1,Abies alba,Abies alba,60.39434898611111,52.281745,8.8647,121.278808,144,0,Valid
2025-05-14,1884,914,Fichte1_G1,G1,Abies alba,Abies alba,52.06212197916667,41.481833,6.03278,116.664764,144,0,Valid
2025-05-14,1885,915,Fichte2_G1,G1,Abies alba,Abies alba,121.1851075138889,104.14420949999999,52.771413,200.005721,144,0,Valid
2025-05-14,1886,916,Fichte3_G1,G1,Abies alba,Abies alba,9.548271305555556,7.994168500000001,0,25.452656,144,0,Valid
2025-05-14,1887,917,Buche1_G1,G1,Fagus sylvatica,Fagus sylvatica,19.43341682638889,15.006102,4.155387,40.800044,144,0,Valid
2025-05-14,1888,918,Buche2_G1,G1,Fagus sylvatica,Fagus sylvatica,5.2750554930555555,2.076613,0,16.838659,144,0,Valid
2025-05-14,1889,919,Buche3_G1,G1,Fagus sylvatica,Fagus sylvatica,11.941710194444445,11.341134,0,28.9775,144,0,Valid
2025-05-14,1890,920,Fichte1_P2,P2,Abies alba,Abies alba,21.468887729166667,19.19625,0,47.964844,144,0,Valid
2025-05-14,1891,921,Fichte2_P2,P2,Abies alba,Abies alba,4.475041395833333,0,0,18.23196,144,0,Valid
2025-05-14,1892,922,Fichte3_P2,P2,Abies alba,Abies alba,49.93081898611111,45.517579,1.4344190000000001,99.608465,144,0,Valid
2025-05-14,1893,923,Buche1_P2,P2,Fagus sylvatica,Fagus sylvatica,6.568666965277778,5.781829999999999,0,15.089971,144,0,Valid
2025-05-14,1894,924,Buche2_P2,P2,Fagus sylvatica,Fagus sylvatica,24.871368625,18.0539425,2.302996,53.365007,144,0,Valid
2025-05-14,1895,925,Buche3_P2,P2,Fagus sylvatica,Fagus sylvatica,11.870956618055555,8.667591,0,30.394897,144,0,Valid
2025-05-14,1896,926,Buche1_P3,P3,Fagus sylvatica,Fagus sylvatica,31.66589272222222,26.5120155,12.254483,58.867157,144,0,Valid
2025-05-14,1897,927,Buche2_P3,P3,Fagus sylvatica,Fagus sylvatica,3.582969375,6.415e-4,0,11.401261,144,0,Valid
2025-05-14,1898,928,Buche3_P3,P3,Fagus sylvatica,Fagus sylvatica,15.632055020833333,10.4261535,0,40.960181,144,0,Valid
2025-05-14,1899,929,Fichte1_P3,P3,Fagus sylvatica,Abies alba,3.518755722222222,0,0,13.949894,144,0,Valid
2025-05-14,1900,930,Fichte2_P3,P3,Fagus sylvatica,Abies alba,16.83456301388889,12.220013,0,43.302254,144,0,Valid
2025-05-14,1901,931,Fichte3_P3,P3,Fagus sylvatica,Abies alba,7.997725034722222,0.502574,0,26.21355,144,0,Valid
2025-05-15,1878,908,Buche1_P1,P1,Fagus sylvatica,Fagus sylvatica,11.305743125,1.7311775,0,33.448166,144,0,Valid
2025-05-15,1879,909,Buche2_P1,P1,Fagus sylvatica,Fagus sylvatica,128.12902640277778,125.40168249999999,107.405498,145.38291,144,0,Valid
2025-05-15,1880,910,Buche3_P1,P1,Fagus sylvatica,Fagus sylvatica,14.3290384375,13.334142,0.111133,29.249072,144,0,Valid
2025-05-15,1881,911,Fichte1_P1,P1,Abies alba,Abies alba,69.50437146527779,64.488761,5.300925,136.6857,144,0,Valid
2025-05-15,1882,912,Fichte2_P1,P1,Abies alba,Abies alba,80.6658551736111,73.864134,12.720248,158.336629,144,0,Valid
2025-05-15,1883,913,Fichte3_P1,P1,Abies alba,Abies alba,57.03066954861111,51.4033345,0,120.693842,144,0,Valid
2025-05-15,1884,914,Fichte1_G1,G1,Abies alba,Abies alba,55.35028929861111,46.550773,0.533801,117.869568,144,0,Valid
2025-05-15,1885,915,Fichte2_G1,G1,Abies alba,Abies alba,131.04391361111112,119.9229115,60.258072,202.366274,144,0,Valid
2025-05-15,1886,916,Fichte3_G1,G1,Abies alba,Abies alba,4.925128986111111,1.1793040000000001,0,16.326287,144,0,Valid
2025-05-15,1887,917,Buche1_G1,G1,Fagus sylvatica,Fagus sylvatica,12.592679465277778,11.613551000000001,0,30.611934,144,0,Valid
2025-05-15,1888,918,Buche2_G1,G1,Fagus sylvatica,Fagus sylvatica,3.2471045,0,0,11.308299,144,0,Valid
2025-05-15,1889,919,Buche3_G1,G1,Fagus sylvatica,Fagus sylvatica,12.687423034722222,13.0283645,0,29.791857,144,0,Valid
2025-05-15,1890,920,Fichte1_P2,P2,Abies alba,Abies alba,17.758256666666668,17.622419,0,46.583034,144,0,Valid
2025-05-15,1891,921,Fichte2_P2,P2,Abies alba,Abies alba,3.5652909722222224,0,0,13.895479,144,0,Valid
2025-05-15,1892,922,Fichte3_P2,P2,Abies alba,Abies alba,54.64903273611111,58.161954,1.136683,93.658832,144,0,Valid
2025-05-15,1893,923,Buche1_P2,P2,Fagus sylvatica,Fagus sylvatica,7.067314958333333,7.4643060000000006,0,14.386673,144,0,Valid
2025-05-15,1894,924,Buche2_P2,P2,Fagus sylvatica,Fagus sylvatica,21.999787583333333,21.141315499999997,0,45.494164,144,0,Valid
2025-05-15,1895,925,Buche3_P2,P2,Fagus sylvatica,Fagus sylvatica,12.040528659722222,12.912471499999999,0,29.602901,144,0,Valid
2025-05-15,1896,926,Buche1_P3,P3,Fagus sylvatica,Fagus sylvatica,33.25492877083333,33.9483845,15.57122,53.197964,144,0,Valid
2025-05-15,1897,927,Buche2_P3,P3,Fagus sylvatica,Fagus sylvatica,4.414252534722222,0,0,14.212592,144,0,Valid
2025-05-15,1898,928,Buche3_P3,P3,Fagus sylvatica,Fagus sylvatica,14.423831541666667,8.443681999999999,0,40.07493,144,0,Valid
2025-05-15,1899,929,Fichte1_P3,P3,Fagus sylvatica,Abies alba,4.2575945,0,0,14.859426,144,0,Valid
2025-05-15,1900,930,Fichte2_P3,P3,Fagus sylvatica,Abies alba,17.880363763888887,18.0172625,0,38.599784,144,0,Valid
2025-05-15,1901,931,Fichte3_P3,P3,Fagus sylvatica,Abies alba,8.424380243055555,7.3082175,0,22.700605,144,0,Valid
2025-05-16,1878,908,Buche1_P1,P1,Fagus sylvatica,Fagus sylvatica,3.3007068194444447,0,0,12.090201,144,0,Valid
2025-05-16,1879,909,Buche2_P1,P1,Fagus sylvatica,Fagus sylvatica,140.53680799305556,139.212086,133.995317,148.052094,144,0,Valid
2025-05-16,1880,910,Buche3_P1,P1,Fagus sylvatica,Fagus sylvatica,10.402186256944445,9.973031500000001,2.02078,19.908624,144,0,Valid
2025-05-16,1881,911,Fichte1_P1,P1,Abies alba,Abies alba,81.23556940972222,81.92021,35.795058,127.944039,144,0,Valid
2025-05-16,1882,912,Fichte2_P1,P1,Abies alba,Abies alba,84.46371893055556,86.8517075,36.209756,127.920754,144,0,Valid
2025-05-16,1883,913,Fichte3_P1,P1,Abies alba,Abies alba,54.019660826388886,53.799559,16.291309,99.247364,144,0,Valid
2025-05-16,1884,914,Fichte1_G1,G1,Abies alba,Abies alba,41.67053911111111,41.3796165,7.058667,80.739806,144,0,Valid
2025-05-16,1885,915,Fichte2_G1,G1,Abies alba,Abies alba,154.0936045625,152.509479,106.774307,203.889041,144,0,Valid
2025-05-16,1886,916,Fichte3_G1,G1,Abies alba,Abies alba,3.4182879930555554,0,0,10.753803,144,0,Valid
2025-05-16,1887,917,Buche1_G1,G1,Fagus sylvatica,Fagus sylvatica,11.037311152777777,10.341169,2.758251,21.35918,144,0,Valid
2025-05-16,1888,918,Buche2_G1,G1,Fagus sylvatica,Fagus sylvatica,0.11303596527777778,0,0,0.912395,144,0,Valid
2025-05-16,1889,919,Buche3_G1,G1,Fagus sylvatica,Fagus sylvatica,5.939098284722222,5.6720679999999994,0,14.329308,144,0,Valid
2025-05-16,1890,920,Fichte1_P2,P2,Abies alba,Abies alba,8.999694631944445,9.363738999999999,0,21.468484,144,0,Valid
2025-05-16,1891,921,Fichte2_P2,P2,Abies alba,Abies alba,0.48774236111111113,0,0,3.281919,144,0,Valid
2025-05-16,1892,922,Fichte3_P2,P2,Abies alba,Abies alba,83.72199920138888,80.74723800000001,62.809513,108.469552,144,0,Valid
2025-05-16,1893,923,Buche1_P2,P2,Fagus sylvatica,Fagus sylvatica,5.5757177986111115,6.5397155,0.770828,9.881739,144,0,Valid
2025-05-16,1894,924,Buche2_P2,P2,Fagus sylvatica,Fagus sylvatica,29.266970333333333,27.4297535,15.947764,47.338484,144,0,Valid
2025-05-16,1895,925,Buche3_P2,P2,Fagus sylvatica,Fagus sylvatica,11.53879273611111,10.444447,1.067223,21.500029,144,0,Valid
2025-05-16,1896,926,Buche1_P3,P3,Fagus sylvatica,Fagus sylvatica,33.76224672916667,32.297818500000005,22.036646,46.751616,144,0,Valid
2025-05-16,1897,927,Buche2_P3,P3,Fagus sylvatica,Fagus sylvatica,1.1907872361111111,0,0,4.499323,144,0,Valid
2025-05-16,1898,928,Buche3_P3,P3,Fagus sylvatica,Fagus sylvatica,5.7993771319444445,3.78596,0,16.907306,144,0,Valid
2025-05-16,1899,929,Fichte1_P3,P3,Fagus sylvatica,Abies alba,1.1573909097222221,0,0,4.287829,144,0,Valid
2025-05-16,1900,930,Fichte2_P3,P3,Fagus sylvatica,Abies alba,23.291387423611113,23.0317805,13.461796,33.620448,144,0,Valid
2025-05-16,1901,931,Fichte3_P3,P3,Fagus sylvatica,Abies alba,5.959567534722222,3.294951,0,16.634986,144,0,Valid
2025-05-17,1878,908,Buche1_P1,P1,Fagus sylvatica,Fagus sylvatica,5.008314576388889,0,0,22.888227,144,0,Valid
2025-05-17,1879,909,Buche2_P1,P1,Fagus sylvatica,Fagus sylvatica,136.96583040972223,139.1124415,121.373045,142.837816,144,0,Valid
2025-05-17,1880,910,Buche3_P1,P1,Fagus sylvatica,Fagus sylvatica,6.750609013888889,2.639999,0,22.241604,144,0,Valid
2025-05-17,1881,911,Fichte1_P1,P1,Abies alba,Abies alba,42.789751277777775,41.3089295,0,87.427423,144,0,Valid
2025-05-17,1882,912,Fichte2_P1,P1,Abies alba,Abies alba,51.78187113194444,57.922321,1.667472,94.399664,144,0,Valid
2025-05-17,1883,913,Fichte3_P1,P1,Abies alba,Abies alba,29.33342717361111,29.759798500000002,0,65.262838,144,0,Valid
2025-05-17,1884,914,Fichte1_G1,G1,Abies alba,Abies alba,38.53526333333333,33.131398000000004,0,81.677428,144,0,Valid
2025-05-17,1885,915,Fichte2_G1,G1,Abies alba,Abies alba,128.16698103472223,127.078643,69.478601,183.631519,144,0,Valid
2025-05-17,1886,916,Fichte3_G1,G1,Abies alba,Abies alba,3.7833857291666666,0,0,14.712653,144,0,Valid
2025-05-17,1887,917,Buche1_G1,G1,Fagus sylvatica,Fagus sylvatica,5.791539590277778,0.2885085,0,22.933616,144,0,Valid
2025-05-17,1888,918,Buche2_G1,G1,Fagus sylvatica,Fagus sylvatica,1.3276411597222222,0,0,7.338473,144,0,Valid
2025-05-17,1889,919,Buche3_G1,G1,Fagus sylvatica,Fagus sylvatica,6.796257083333334,0.204285,0,23.027639,144,0,Valid
2025-05-17,1890,920,Fichte1_P2,P2,Abies alba,Abies alba,9.06512467361111,3.506684,0,30.576027,144,0,Valid
2025-05-17,1891,921,Fichte2_P2,P2,Abies alba,Abies alba,1.6558637916666668,0,0,12.348758,144,0,Valid
2025-05-17,1892,922,Fichte3_P2,P2,Abies alba,Abies alba,48.26278532638889,52.7665205,10.317677,73.497791,144,0,Valid
2025-05-17,1893,923,Buche1_P2,P2,Fagus sylvatica,Fagus sylvatica,2.4628596180555555,0.7186585000000001,0,9.224718,144,0,Valid
2025-05-17,1894,924,Buche2_P2,P2,Fagus sylvatica,Fagus sylvatica,11.601108506944444,10.286733,0,30.344133,144,0,Valid
2025-05-17,1895,925,Buche3_P2,P2,Fagus sylvatica,Fagus sylvatica,7.3019401041666665,2.392225,0,22.637202,144,0,Valid
2025-05-17,1896,926,Buche1_P3,P3,Fagus sylvatica,Fagus sylvatica,23.665124680555557,21.748128,10.991033,39.308531,144,0,Valid
2025-05-17,1897,927,Buche2_P3,P3,Fagus sylvatica,Fagus sylvatica,1.9550769097222223,0,0,9.932665,144,0,Valid
2025-05-17,1898,928,Buche3_P3,P3,Fagus sylvatica,Fagus sylvatica,6.153113638888889,0.268258,0,24.286645,144,0,Valid
2025-05-17,1899,929,Fichte1_P3,P3,Fagus sylvatica,Abies alba,1.7947306805555556,0,0,11.740562,144,0,Valid
2025-05-17,1900,930,Fichte2_P3,P3,Fagus sylvatica,Abies alba,11.364906652777778,10.7911,0,24.727125,144,0,Valid
2025-05-17,1901,931,Fichte3_P3,P3,Fagus sylvatica,Abies alba,5.590934611111111,0,0,18.501208,144,0,Valid
2025-05-18,1878,908,Buche1_P1,P1,Fagus sylvatica,Fagus sylvatica,6.4816035,0,0,23.293195,144,0,Valid
2025-05-18,1879,909,Buche2_P1,P1,Fagus sylvatica,Fagus sylvatica,134.26646473611112,136.124876,120.414817,140.912418,144,0,Valid
2025-05-18,1880,910,Buche3_P1,P1,Fagus sylvatica,Fagus sylvatica,9.128726972222223,5.138317,0,26.549536,144,0,Valid
2025-05-18,1881,911,Fichte1_P1,P1,Abies alba,Abies alba,44.384145895833335,30.1880425,0,113.000632,144,0,Valid
2025-05-18,1882,912,Fichte2_P1,P1,Abies alba,Abies alba,50.763329291666665,42.979575,0,114.969136,144,0,Valid
2025-05-18,1883,913,Fichte3_P1,P1,Abies alba,Abies alba,35.715284375,23.214909,0,95.107779,144,0,Valid
2025-05-18,1884,914,Fichte1_G1,G1,Abies alba,Abies alba,48.63612868055556,40.758302,0,109.876387,144,0,Valid
2025-05-18,1885,915,Fichte2_G1,G1,Abies alba,Abies alba,119.44910056944444,117.3225805,57.960439,183.091239,144,0,Valid
2025-05-18,1886,916,Fichte3_G1,G1,Abies alba,Abies alba,1.744136326388889,0,0,7.180669,144,0,Valid
2025-05-18,1887,917,Buche1_G1,G1,Fagus sylvatica,Fagus sylvatica,4.389103743055555,0,0,17.015086,144,0,Valid
2025-05-18,1888,918,Buche2_G1,G1,Fagus sylvatica,Fagus sylvatica,1.0370187083333333,0,0,4.468261,144,0,Valid
2025-05-18,1889,919,Buche3_G1,G1,Fagus sylvatica,Fagus sylvatica,4.661085875,0.17806750000000002,0,13.748814,144,0,Valid
2025-05-18,1890,920,Fichte1_P2,P2,Abies alba,Abies alba,9.024570215277778,5.326281,0,25.059735,144,0,Valid
2025-05-18,1891,921,Fichte2_P2,P2,Abies alba,Abies alba,0.6961730972222222,0,0,5.281724,144,0,Valid
2025-05-18,1892,922,Fichte3_P2,P2,Abies alba,Abies alba,24.718083625,20.9179125,0,60.63045,144,0,Valid
2025-05-18,1893,923,Buche1_P2,P2,Fagus sylvatica,Fagus sylvatica,2.6048335208333335,0.454407,0,9.092174,144,0,Valid
2025-05-18,1894,924,Buche2_P2,P2,Fagus sylvatica,Fagus sylvatica,13.102716784722222,9.8859325,0,37.333422,144,0,Valid
2025-05-18,1895,925,Buche3_P2,P2,Fagus sylvatica,Fagus sylvatica,8.410881868055556,3.1584775,0,24.974644,144,0,Valid
2025-05-18,1896,926,Buche1_P3,P3,Fagus sylvatica,Fagus sylvatica,13.407475513888889,11.4435045,0,27.271793,144,0,Valid
2025-05-18,1897,927,Buche2_P3,P3,Fagus sylvatica,Fagus sylvatica,1.9265485972222223,0,0,7.75879,144,0,Valid
2025-05-18,1898,928,Buche3_P3,P3,Fagus sylvatica,Fagus sylvatica,8.998238583333332,1.66412,0,26.608779,144,0,Valid
2025-05-18,1899,929,Fichte1_P3,P3,Fagus sylvatica,Abies alba,1.5630434722222222,0,0,6.67087,144,0,Valid
2025-05-18,1900,930,Fichte2_P3,P3,Fagus sylvatica,Abies alba,10.81005251388889,6.535394,0,28.480778,144,0,Valid
2025-05-18,1901,931,Fichte3_P3,P3,Fagus sylvatica,Abies alba,4.972132388888889,0.31163949999999996,0,15.752007,144,0,Valid
2025-05-19,1878,908,Buche1_P1,P1,Fagus sylvatica,Fagus sylvatica,5.803585965277778,0,0,27.20743,144,0,Valid
2025-05-19,1879,909,Buche2_P1,P1,Fagus sylvatica,Fagus sylvatica,125.72698149305556,128.1592425,94.949033,136.181073,144,0,Valid
2025-05-19,1880,910,Buche3_P1,P1,Fagus sylvatica,Fagus sylvatica,7.816181701388889,1.4689595,0,30.245519,144,0,Valid
2025-05-19,1881,911,Fichte1_P1,P1,Abies alba,Abies alba,36.471385347222224,32.841797,0,92.335749,144,0,Valid
2025-05-19,1882,912,Fichte2_P1,P1,Abies alba,Abies alba,49.80266254166666,49.69873,0,111.181566,144,0,Valid
2025-05-19,1883,913,Fichte3_P1,P1,Abies alba,Abies alba,33.99962163888889,29.709622500000002,0,87.55394,144,0,Valid
2025-05-19,1884,914,Fichte1_G1,G1,Abies alba,Abies alba,52.515497333333336,47.290059,0,125.832955,144,0,Valid
2025-05-19,1885,915,Fichte2_G1,G1,Abies alba,Abies alba,108.63188084027777,105.59457850000001,46.720474,182.517197,144,0,Valid
2025-05-19,1886,916,Fichte3_G1,G1,Abies alba,Abies alba,1.7747711041666667,0,0,7.859702,144,0,Valid
2025-05-19,1887,917,Buche1_G1,G1,Fagus sylvatica,Fagus sylvatica,5.097385125,0,0,24.584378,144,0,Valid
2025-05-19,1888,918,Buche2_G1,G1,Fagus sylvatica,Fagus sylvatica,1.8774130208333333,0,0,8.997504,144,0,Valid
2025-05-19,1889,919,Buche3_G1,G1,Fagus sylvatica,Fagus sylvatica,4.1951502638888885,0,0,15.864642,144,0,Valid
2025-05-19,1890,920,Fichte1_P2,P2,Abies alba,Abies alba,7.586156256944444,0,0,26.690189,144,0,Valid
2025-05-19,1891,921,Fichte2_P2,P2,Abies alba,Abies alba,0.6334800138888889,0,0,5.078257,144,0,Valid
2025-05-19,1892,922,Fichte3_P2,P2,Abies alba,Abies alba,18.48131004861111,15.212027500000001,0,51.017676,144,0,Valid
2025-05-19,1893,923,Buche1_P2,P2,Fagus sylvatica,Fagus sylvatica,1.3291485069444444,0,0,6.268544,144,0,Valid
2025-05-19,1894,924,Buche2_P2,P2,Fagus sylvatica,Fagus sylvatica,6.738173472222222,2.2088055,0,25.72047,144,0,Valid
2025-05-19,1895,925,Buche3_P2,P2,Fagus sylvatica,Fagus sylvatica,7.462811527777777,0,0,26.877362,144,0,Valid
2025-05-19,1896,926,Buche1_P3,P3,Fagus sylvatica,Fagus sylvatica,8.821655069444445,3.3487985,0,29.447432,144,0,Valid
2025-05-19,1897,927,Buche2_P3,P3,Fagus sylvatica,Fagus sylvatica,2.661766215277778,0,0,10.170135,144,0,Valid
2025-05-19,1898,928,Buche3_P3,P3,Fagus sylvatica,Fagus sylvatica,9.353936125,0,0,36.071517,144,0,Valid
2025-05-19,1899,929,Fichte1_P3,P3,Fagus sylvatica,Abies alba,1.2484015555555554,0,0,6.66055,144,0,Valid
2025-05-19,1900,930,Fichte2_P3,P3,Fagus sylvatica,Abies alba,8.3565875,5.075329,0,24.791996,144,0,Valid
2025-05-19,1901,931,Fichte3_P3,P3,Fagus sylvatica,Abies alba,2.9920675694444445,0,0,14.275673,144,0,Valid
2025-05-20,1878,908,Buche1_P1,P1,Fagus sylvatica,Fagus sylvatica,0.43797905555555555,0,0,5.400175,144,0,Valid
2025-05-20,1879,909,Buche2_P1,P1,Fagus sylvatica,Fagus sylvatica,82.80431411805556,83.637854,75.882557,94.267367,144,0,Valid
2025-05-20,1880,910,Buche3_P1,P1,Fagus sylvatica,Fagus sylvatica,0.005481951388888889,0,0,0.134621,144,0,Valid
2025-05-20,1881,911,Fichte1_P1,P1,Abies alba,Abies alba,7.175819388888889,0,0,23.939386,144,0,Valid
2025-05-20,1882,912,Fichte2_P1,P1,Abies alba,Abies alba,4.689193798611111,0,0,52.572756,144,0,Valid
2025-05-20,1883,913,Fichte3_P1,P1,Abies alba,Abies alba,3.689971340277778,0,0,13.182519,144,0,Valid
2025-05-20,1884,914,Fichte1_G1,G1,Abies alba,Abies alba,8.54715182638889,5.087498,0,44.879132,144,0,Valid
2025-05-20,1885,915,Fichte2_G1,G1,Abies alba,Abies alba,16.507224666666666,12.731153500000001,0,72.865077,144,0,Valid
2025-05-20,1886,916,Fichte3_G1,G1,Abies alba,Abies alba,0.002247604166666667,0,0,0.122782,144,0,Valid
2025-05-20,1887,917,Buche1_G1,G1,Fagus sylvatica,Fagus sylvatica,2.575902777777778e-4,0,0,0.037093,144,0,Valid
2025-05-20,1888,918,Buche2_G1,G1,Fagus sylvatica,Fagus sylvatica,0.0022135,0,0,0.129218,144,0,Valid
2025-05-20,1889,919,Buche3_G1,G1,Fagus sylvatica,Fagus sylvatica,0,0,0,0,144,0,Valid
2025-05-20,1890,920,Fichte1_P2,P2,Abies alba,Abies alba,0.002397465277777778,0,0,0.169498,144,0,Valid
2025-05-20,1891,921,Fichte2_P2,P2,Abies alba,Abies alba,0,0,0,0,144,0,Valid
2025-05-20,1892,922,Fichte3_P2,P2,Abies alba,Abies alba,0.8298436319444444,0,0,6.30424,144,0,Valid
2025-05-20,1893,923,Buche1_P2,P2,Fagus sylvatica,Fagus sylvatica,8.064513888888889e-4,0,0,0.036878,144,0,Valid
2025-05-20,1894,924,Buche2_P2,P2,Fagus sylvatica,Fagus sylvatica,0.02466454861111111,0,0,0.461084,144,0,Valid
2025-05-20,1895,925,Buche3_P2,P2,Fagus sylvatica,Fagus sylvatica,0.0027456805555555555,0,0,0.069388,144,0,Valid
2025-05-20,1896,926,Buche1_P3,P3,Fagus sylvatica,Fagus sylvatica,0.16052554166666666,0,0,2.223208,144,0,Valid
2025-05-20,1897,927,Buche2_P3,P3,Fagus sylvatica,Fagus sylvatica,0.2637674583333333,0,0,2.98266,144,0,Valid
2025-05-20,1898,928,Buche3_P3,P3,Fagus sylvatica,Fagus sylvatica,1.2073801805555555,0,0,10.768263,144,0,Valid
2025-05-20,1899,929,Fichte1_P3,P3,Fagus sylvatica,Abies alba,0,0,0,0,144,0,Valid
2025-05-20,1900,930,Fichte2_P3,P3,Fagus sylvatica,Abies alba,0.009332611111111111,0,0,0.336788,144,0,Valid
2025-05-20,1901,931,Fichte3_P3,P3,Fagus sylvatica,Abies alba,0,0,0,0,144,0,Valid
2025-05-21,1878,908,Buche1_P1,P1,Fagus sylvatica,Fagus sylvatica,0.4280921597222222,0,0,9.695894,144,0,Valid
2025-05-21,1879,909,Buche2_P1,P1,Fagus sylvatica,Fagus sylvatica,81.3464087013889,85.6968535,70.675148,92.057386,144,0,Valid
2025-05-21,1880,910,Buche3_P1,P1,Fagus sylvatica,Fagus sylvatica,0.4428006111111111,0,0,8.405698,144,0,Valid
2025-05-21,1881,911,Fichte1_P1,P1,Abies alba,Abies alba,8.637434548611111,0,0,39.686313,144,0,Valid
2025-05-21,1882,912,Fichte2_P1,P1,Abies alba,Abies alba,2.5980067986111113,0,0,18.354089,144,0,Valid
2025-05-21,1883,913,Fichte3_P1,P1,Abies alba,Abies alba,4.606802479166666,0,0,22.87204,144,0,Valid
2025-05-21,1884,914,Fichte1_G1,G1,Abies alba,Abies alba,9.560908722222223,0.2865485,0,31.478219,144,0,Valid
2025-05-21,1885,915,Fichte2_G1,G1,Abies alba,Abies alba,12.163313861111112,0.1916185,0,51.551719,144,0,Valid
2025-05-21,1886,916,Fichte3_G1,G1,Abies alba,Abies alba,0.14666650694444444,0,0,4.850069,144,0,Valid
2025-05-21,1887,917,Buche1_G1,G1,Fagus sylvatica,Fagus sylvatica,0.2854609166666667,0,0,8.337738,144,0,Valid
2025-05-21,1888,918,Buche2_G1,G1,Fagus sylvatica,Fagus sylvatica,0.19923871527777778,0,0,4.947047,144,0,Valid
2025-05-21,1889,919,Buche3_G1,G1,Fagus sylvatica,Fagus sylvatica,0.005272701388888889,0,0,0.485082,144,0,Valid
2025-05-21,1890,920,Fichte1_P2,P2,Abies alba,Abies alba,0.22917097916666668,0,0,8.538529,144,0,Valid
2025-05-21,1891,921,Fichte2_P2,P2,Abies alba,Abies alba,1.6100694444444444e-4,0,0,0.020267,144,0,Valid
2025-05-21,1892,922,Fichte3_P2,P2,Abies alba,Abies alba,1.725414861111111,0,0,20.977727,144,0,Valid
2025-05-21,1893,923,Buche1_P2,P2,Fagus sylvatica,Fagus sylvatica,0.11223239583333333,0,0,1.761564,144,0,Valid
2025-05-21,1894,924,Buche2_P2,P2,Fagus sylvatica,Fagus sylvatica,0.8956880069444445,0,0,13.332641,144,0,Valid
2025-05-21,1895,925,Buche3_P2,P2,Fagus sylvatica,Fagus sylvatica,0.05471206944444444,0,0,1.407895,144,0,Valid
2025-05-21,1896,926,Buche1_P3,P3,Fagus sylvatica,Fagus sylvatica,0.6996340625,0,0,14.192978,144,0,Valid
2025-05-21,1897,927,Buche2_P3,P3,Fagus sylvatica,Fagus sylvatica,0.42955186805555556,0,0,7.837226,144,0,Valid
2025-05-21,1898,928,Buche3_P3,P3,Fagus sylvatica,Fagus sylvatica,1.5751268055555556,0,0,22.048749,144,0,Valid
2025-05-21,1899,929,Fichte1_P3,P3,Fagus sylvatica,Abies alba,0.042118916666666666,0,0,2.154402,144,0,Valid
2025-05-21,1900,930,Fichte2_P3,P3,Fagus sylvatica,Abies alba,0.49056261805555557,0,0,8.018703,144,0,Valid
2025-05-21,1901,931,Fichte3_P3,P3,Fagus sylvatica,Abies alba,7.085833333333333e-4,0,0,0.058838,144,0,Valid
2025-05-22,1878,908,Buche1_P1,P1,Fagus sylvatica,Fagus sylvatica,0.004820986111111111,0,0,0.251546,144,0,Valid
2025-05-22,1879,909,Buche2_P1,P1,Fagus sylvatica,Fagus sylvatica,66.08276924305555,65.259333,62.736708,70.633841,144,0,Valid
2025-05-22,1880,910,Buche3_P1,P1,Fagus sylvatica,Fagus sylvatica,0.015021618055555555,0,0,0.344179,144,0,Valid
2025-05-22,1881,911,Fichte1_P1,P1,Abies alba,Abies alba,0.016058145833333332,0,0,0.786817,144,0,Valid
2025-05-22,1882,912,Fichte2_P1,P1,Abies alba,Abies alba,0,0,0,0,144,0,Valid
2025-05-22,1883,913,Fichte3_P1,P1,Abies alba,Abies alba,0.004135236111111111,0,0,0.234693,144,0,Valid
2025-05-22,1884,914,Fichte1_G1,G1,Abies alba,Abies alba,0.028184472222222222,0,0,0.596725,144,0,Valid
2025-05-22,1885,915,Fichte2_G1,G1,Abies alba,Abies alba,0,0,0,0,144,0,Valid
2025-05-22,1886,916,Fichte3_G1,G1,Abies alba,Abies alba,0,0,0,0,144,0,Valid
2025-05-22,1887,917,Buche1_G1,G1,Fagus sylvatica,Fagus sylvatica,1.648611111111111e-5,0,0,0.002374,144,0,Valid
2025-05-22,1888,918,Buche2_G1,G1,Fagus sylvatica,Fagus sylvatica,0,0,0,0,144,0,Valid
2025-05-22,1889,919,Buche3_G1,G1,Fagus sylvatica,Fagus sylvatica,0,0,0,0,144,0,Valid
2025-05-22,1890,920,Fichte1_P2,P2,Abies alba,Abies alba,0.009958652777777778,0,0,0.743805,144,0,Valid
2025-05-22,1891,921,Fichte2_P2,P2,Abies alba,Abies alba,0,0,0,0,144,0,Valid
2025-05-22,1892,922,Fichte3_P2,P2,Abies alba,Abies alba,0,0,0,0,144,0,Valid
2025-05-22,1893,923,Buche1_P2,P2,Fagus sylvatica,Fagus sylvatica,0.027410888888888887,0,0,0.641065,144,0,Valid
2025-05-22,1894,924,Buche2_P2,P2,Fagus sylvatica,Fagus sylvatica,1.9559722222222222e-4,0,0,0.028166,144,0,Valid
2025-05-22,1895,925,Buche3_P2,P2,Fagus sylvatica,Fagus sylvatica,0,0,0,0,144,0,Valid
2025-05-22,1896,926,Buche1_P3,P3,Fagus sylvatica,Fagus sylvatica,0,0,0,0,144,0,Valid
2025-05-22,1897,927,Buche2_P3,P3,Fagus sylvatica,Fagus sylvatica,0,0,0,0,144,0,Valid
2025-05-22,1898,928,Buche3_P3,P3,Fagus sylvatica,Fagus sylvatica,0.0017848472222222224,0,0,0.169998,144,0,Valid
2025-05-22,1899,929,Fichte1_P3,P3,Fagus sylvatica,Abies alba,0,0,0,0,144,0,Valid
2025-05-22,1900,930,Fichte2_P3,P3,Fagus sylvatica,Abies alba,0,0,0,0,144,0,Valid
2025-05-22,1901,931,Fichte3_P3,P3,Fagus sylvatica,Abies alba,0,0,0,0,144,0,Valid
2025-05-23,1878,908,Buche1_P1,P1,Fagus sylvatica,Fagus sylvatica,4.027498444444444,0,0,19.88706,144,0,Valid
2025-05-23,1879,909,Buche2_P1,P1,Fagus sylvatica,Fagus sylvatica,67.37485567361111,61.939899499999996,59.40786,83.535308,144,0,Valid
2025-05-23,1880,910,Buche3_P1,P1,Fagus sylvatica,Fagus sylvatica,4.2776223125,0.2561105,0,16.476274,144,0,Valid
2025-05-23,1881,911,Fichte1_P1,P1,Abies alba,Abies alba,34.25639963888889,6.223128,0,98.535943,144,0,Valid
2025-05-23,1882,912,Fichte2_P1,P1,Abies alba,Abies alba,18.441638201388887,0.9621035,0,51.542591,144,0,Valid
2025-05-23,1883,913,Fichte3_P1,P1,Abies alba,Abies alba,14.353775368055556,0,0,46.379934,144,0,Valid
2025-05-23,1884,914,Fichte1_G1,G1,Abies alba,Abies alba,22.74735604861111,1.51517,0,68.577003,144,0,Valid
2025-05-23,1885,915,Fichte2_G1,G1,Abies alba,Abies alba,6.081866611111111,0.2133875,0,17.816604,144,0,Valid
2025-05-23,1886,916,Fichte3_G1,G1,Abies alba,Abies alba,7.951854715277777,0,0,26.448498,144,0,Valid
2025-05-23,1887,917,Buche1_G1,G1,Fagus sylvatica,Fagus sylvatica,1.5110625625,0,0,13.887641,144,0,Valid
2025-05-23,1888,918,Buche2_G1,G1,Fagus sylvatica,Fagus sylvatica,1.362243298611111,0,0,7.714054,144,0,Valid
2025-05-23,1889,919,Buche3_G1,G1,Fagus sylvatica,Fagus sylvatica,0.9144791319444444,0,0,5.160344,144,0,Valid
2025-05-23,1890,920,Fichte1_P2,P2,Abies alba,Abies alba,8.331349881944444,0.2499665,0,25.82488,144,0,Valid
2025-05-23,1891,921,Fichte2_P2,P2,Abies alba,Abies alba,0.8252177847222222,0,0,5.181254,144,0,Valid
2025-05-23,1892,922,Fichte3_P2,P2,Abies alba,Abies alba,15.082241923611111,0.1054925,0,47.929538,144,0,Valid
2025-05-23,1893,923,Buche1_P2,P2,Fagus sylvatica,Fagus sylvatica,1.2148306736111112,0,0,6.018832,144,0,Valid
2025-05-23,1894,924,Buche2_P2,P2,Fagus sylvatica,Fagus sylvatica,2.3421709444444443,0,0,11.455628,144,0,Valid
2025-05-23,1895,925,Buche3_P2,P2,Fagus sylvatica,Fagus sylvatica,0.014898895833333333,0,0,0.191402,144,0,Valid
2025-05-23,1896,926,Buche1_P3,P3,Fagus sylvatica,Fagus sylvatica,1.4408098680555557,0,0,6.340038,144,0,Valid
2025-05-23,1897,927,Buche2_P3,P3,Fagus sylvatica,Fagus sylvatica,2.0542182291666666,0,0,12.36118,144,0,Valid
2025-05-23,1898,928,Buche3_P3,P3,Fagus sylvatica,Fagus sylvatica,5.7066347083333335,0.017474,0,21.491133,144,0,Valid
2025-05-23,1899,929,Fichte1_P3,P3,Fagus sylvatica,Abies alba,0.012968881944444444,0,0,0.248565,144,0,Valid
2025-05-23,1900,930,Fichte2_P3,P3,Fagus sylvatica,Abies alba,11.10762725,0,0,32.853966,144,0,Valid
2025-05-23,1901,931,Fichte3_P3,P3,Fagus sylvatica,Abies alba,0.0045672222222222225,0,0,0.098752,144,0,Valid
2025-05-24,1878,908,Buche1_P1,P1,Fagus sylvatica,Fagus sylvatica,6.046950493055555,0,0,23.376679,144,0,Valid
2025-05-24,1879,909,Buche2_P1,P1,Fagus sylvatica,Fagus sylvatica,98.39735825694444,94.5486365,83.847897,115.054031,144,0,Valid
2025-05-24,1880,910,Buche3_P1,P1,Fagus sylvatica,Fagus sylvatica,14.447994854166666,12.4934285,0,38.49215,144,0,Valid
2025-05-24,1881,911,Fichte1_P1,P1,Abies alba,Abies alba,91.4306789375,73.189699,36.689523,161.290492,144,0,Valid
2025-05-24,1882,912,Fichte2_P1,P1,Abies alba,Abies alba,74.07332472916667,49.868166,24.593798,137.692552,144,0,Valid
2025-05-24,1883,913,Fichte3_P1,P1,Abies alba,Abies alba,52.02278950694444,37.4111725,14.261483,100.105016,144,0,Valid
2025-05-24,1884,914,Fichte1_G1,G1,Abies alba,Abies alba,65.28784527083333,53.217872,18.605136,118.05551,144,0,Valid
2025-05-24,1885,915,Fichte2_G1,G1,Abies alba,Abies alba,101.33887334027777,100.9259515,0,218.31218,144,0,Valid
2025-05-24,1886,916,Fichte3_G1,G1,Abies alba,Abies alba,14.502422930555555,13.519746,0,34.238161,144,0,Valid
2025-05-24,1887,917,Buche1_G1,G1,Fagus sylvatica,Fagus sylvatica,15.971793409722222,13.913881499999999,0,42.279984,144,0,Valid
2025-05-24,1888,918,Buche2_G1,G1,Fagus sylvatica,Fagus sylvatica,6.232727423611111,3.17734,0,20.572537,144,0,Valid
2025-05-24,1889,919,Buche3_G1,G1,Fagus sylvatica,Fagus sylvatica,3.3721234236111113,1.712294,0,10.891185,144,0,Valid
2025-05-24,1890,920,Fichte1_P2,P2,Abies alba,Abies alba,23.970012222222223,25.387176500000002,0,51.217057,144,0,Valid
2025-05-24,1891,921,Fichte2_P2,P2,Abies alba,Abies alba,5.667586069444445,0,0,19.598776,144,0,Valid
2025-05-24,1892,922,Fichte3_P2,P2,Abies alba,Abies alba,46.21118709722222,42.6746885,7.582623,86.024457,144,0,Valid
2025-05-24,1893,923,Buche1_P2,P2,Fagus sylvatica,Fagus sylvatica,0.6536825347222223,0.004661,0,2.73043,144,0,Valid
2025-05-24,1894,924,Buche2_P2,P2,Fagus sylvatica,Fagus sylvatica,19.11621546527778,13.3588045,0,43.286704,144,0,Valid
2025-05-24,1895,925,Buche3_P2,P2,Fagus sylvatica,Fagus sylvatica,4.659828284722222,1.1894345,0,12.096709,144,0,Valid
2025-05-24,1896,926,Buche1_P3,P3,Fagus sylvatica,Fagus sylvatica,25.063692930555554,30.7497885,0,56.180944,144,0,Valid
2025-05-24,1897,927,Buche2_P3,P3,Fagus sylvatica,Fagus sylvatica,5.88903575,1.1054534999999999,0,17.243579,144,0,Valid
2025-05-24,1898,928,Buche3_P3,P3,Fagus sylvatica,Fagus sylvatica,17.826070875,19.270563,0,41.422962,144,0,Valid
2025-05-24,1899,929,Fichte1_P3,P3,Fagus sylvatica,Abies alba,10.549879333333333,4.317554,0,29.397626,144,0,Valid
2025-05-24,1900,930,Fichte2_P3,P3,Fagus sylvatica,Abies alba,36.479441888888886,30.842447,12.775947,57.608539,144,0,Valid
2025-05-24,1901,931,Fichte3_P3,P3,Fagus sylvatica,Abies alba,8.499432194444445,1.3845475,0,23.441976,144,0,Valid
2025-05-25,1878,908,Buche1_P1,P1,Fagus sylvatica,Fagus sylvatica,2.542912895833333,0,0,15.143516,144,0,Valid
2025-05-25,1879,909,Buche2_P1,P1,Fagus sylvatica,Fagus sylvatica,101.30116058333333,102.928693,93.342625,109.245934,144,0,Valid
2025-05-25,1880,910,Buche3_P1,P1,Fagus sylvatica,Fagus sylvatica,4.346757430555556,0.7527155,0,14.900922,144,0,Valid
2025-05-25,1881,911,Fichte1_P1,P1,Abies alba,Abies alba,80.91208207638888,82.46045000000001,47.18302,117.662762,144,0,Valid
2025-05-25,1882,912,Fichte2_P1,P1,Abies alba,Abies alba,101.29377050694444,103.09048100000001,77.94636,126.621092,144,0,Valid
2025-05-25,1883,913,Fichte3_P1,P1,Abies alba,Abies alba,39.83154054166667,39.013753,16.207217,73.507855,144,0,Valid
2025-05-25,1884,914,Fichte1_G1,G1,Abies alba,Abies alba,54.20702015972222,58.2364585,21.656898,80.562118,144,0,Valid
2025-05-25,1885,915,Fichte2_G1,G1,Abies alba,Abies alba,130.93428179861112,138.167598,85.123668,164.049316,144,0,Valid
2025-05-25,1886,916,Fichte3_G1,G1,Abies alba,Abies alba,1.9215388125,0,0,8.391331,144,0,Valid
2025-05-25,1887,917,Buche1_G1,G1,Fagus sylvatica,Fagus sylvatica,1.7081666319444444,0,0,9.489305,144,0,Valid
2025-05-25,1888,918,Buche2_G1,G1,Fagus sylvatica,Fagus sylvatica,0.6278378472222222,0,0,4.651173,144,0,Valid
2025-05-25,1889,919,Buche3_G1,G1,Fagus sylvatica,Fagus sylvatica,1.0324797708333333,0,0,5.507209,144,0,Valid
2025-05-25,1890,920,Fichte1_P2,P2,Abies alba,Abies alba,5.181381631944444,1.1575285000000002,0,25.987894,144,0,Valid
2025-05-25,1891,921,Fichte2_P2,P2,Abies alba,Abies alba,0.007459388888888889,0,0,0.147672,144,0,Valid
2025-05-25,1892,922,Fichte3_P2,P2,Abies alba,Abies alba,14.54577563888889,11.081012999999999,0,61.740917,144,0,Valid
2025-05-25,1893,923,Buche1_P2,P2,Fagus sylvatica,Fagus sylvatica,1.5672811597222223,0.0137025,0,5.378335,144,0,Valid
2025-05-25,1894,924,Buche2_P2,P2,Fagus sylvatica,Fagus sylvatica,21.104094284722223,22.716171000000003,0,41.750436,144,0,Valid
2025-05-25,1895,925,Buche3_P2,P2,Fagus sylvatica,Fagus sylvatica,2.160050375,0.0969215,0,7.454508,144,0,Valid
2025-05-25,1896,926,Buche1_P3,P3,Fagus sylvatica,Fagus sylvatica,24.35688786111111,24.004485,10.447966,34.182016,144,0,Valid
2025-05-25,1897,927,Buche2_P3,P3,Fagus sylvatica,Fagus sylvatica,1.901634111111111,0,0,12.025192,144,0,Valid
2025-05-25,1898,928,Buche3_P3,P3,Fagus sylvatica,Fagus sylvatica,8.664826402777777,4.288442,0,33.102541,144,0,Valid
2025-05-25,1899,929,Fichte1_P3,P3,Fagus sylvatica,Abies alba,0.7947640277777778,0,0,5.716288,144,0,Valid
2025-05-25,1900,930,Fichte2_P3,P3,Fagus sylvatica,Abies alba,18.772123069444444,17.5422765,0,45.039326,144,0,Valid
2025-05-25,1901,931,Fichte3_P3,P3,Fagus sylvatica,Abies alba,7.278831958333333,3.2290775,0,21.733606,144,0,Valid
2025-05-26,1878,908,Buche1_P1,P1,Fagus sylvatica,Fagus sylvatica,3.6925450972222222,0,0,15.100096,144,0,Valid
2025-05-26,1879,909,Buche2_P1,P1,Fagus sylvatica,Fagus sylvatica,104.02463465972222,102.6721845,90.975413,118.376205,144,0,Valid
2025-05-26,1880,910,Buche3_P1,P1,Fagus sylvatica,Fagus sylvatica,8.14032925,3.9949885,0,26.561867,144,0,Valid
2025-05-26,1881,911,Fichte1_P1,P1,Abies alba,Abies alba,46.57050573611111,45.336603999999994,0.826471,95.630571,144,0,Valid
2025-05-26,1882,912,Fichte2_P1,P1,Abies alba,Abies alba,72.41119270138888,74.938639,42.861078,100.174153,144,0,Valid
2025-05-26,1883,913,Fichte3_P1,P1,Abies alba,Abies alba,32.118691381944444,20.778425,0,82.044543,144,0,Valid
2025-05-26,1884,914,Fichte1_G1,G1,Abies alba,Abies alba,27.75678453472222,24.580751,0,65.516034,144,0,Valid
2025-05-26,1885,915,Fichte2_G1,G1,Abies alba,Abies alba,116.88344544444445,107.1191145,57.048131,180.209484,144,0,Valid
2025-05-26,1886,916,Fichte3_G1,G1,Abies alba,Abies alba,2.6789546944444442,0,0,11.408929,144,0,Valid
2025-05-26,1887,917,Buche1_G1,G1,Fagus sylvatica,Fagus sylvatica,2.6760186458333335,0,0,12.27445,144,0,Valid
2025-05-26,1888,918,Buche2_G1,G1,Fagus sylvatica,Fagus sylvatica,1.1609408611111112,0,0,6.724696,144,0,Valid
2025-05-26,1889,919,Buche3_G1,G1,Fagus sylvatica,Fagus sylvatica,2.254054027777778,0,0,10.056395,144,0,Valid
2025-05-26,1890,920,Fichte1_P2,P2,Abies alba,Abies alba,5.123866006944445,3.4490555,0,13.951906,144,0,Valid
2025-05-26,1891,921,Fichte2_P2,P2,Abies alba,Abies alba,0.08490405555555555,0,0,0.952812,144,0,Valid
2025-05-26,1892,922,Fichte3_P2,P2,Abies alba,Abies alba,25.733571819444446,15.292761500000001,0,65.230584,144,0,Valid
2025-05-26,1893,923,Buche1_P2,P2,Fagus sylvatica,Fagus sylvatica,2.7809338680555555,1.9053795,0,8.77525,144,0,Valid
2025-05-26,1894,924,Buche2_P2,P2,Fagus sylvatica,Fagus sylvatica,9.109757472222222,5.472078,0,25.668196,144,0,Valid
2025-05-26,1895,925,Buche3_P2,P2,Fagus sylvatica,Fagus sylvatica,2.6852926666666668,0,0,10.493222,144,0,Valid
2025-05-26,1896,926,Buche1_P3,P3,Fagus sylvatica,Fagus sylvatica,12.484046722222223,9.031780000000001,0,33.385549,144,0,Valid
2025-05-26,1897,927,Buche2_P3,P3,Fagus sylvatica,Fagus sylvatica,1.6665201458333334,0,0,9.830793,144,0,Valid
2025-05-26,1898,928,Buche3_P3,P3,Fagus sylvatica,Fagus sylvatica,7.470597951388889,3.8943125,0,26.89385,144,0,Valid
2025-05-26,1899,929,Fichte1_P3,P3,Fagus sylvatica,Abies alba,1.9526658125,0,0,9.18318,144,0,Valid
2025-05-26,1900,930,Fichte2_P3,P3,Fagus sylvatica,Abies alba,10.175361993055555,1.860954,0,30.159174,144,0,Valid
2025-05-26,1901,931,Fichte3_P3,P3,Fagus sylvatica,Abies alba,0.281607,0,0,2.037792,144,0,Valid
2025-05-27,1878,908,Buche1_P1,P1,Fagus sylvatica,Fagus sylvatica,7.224565513888889,0,0,25.025369,144,0,Valid
2025-05-27,1879,909,Buche2_P1,P1,Fagus sylvatica,Fagus sylvatica,112.89518309027778,113.36536,98.943499,127.816736,144,0,Valid
2025-05-27,1880,910,Buche3_P1,P1,Fagus sylvatica,Fagus sylvatica,12.536140305555556,8.478280999999999,0,34.053837,144,0,Valid
2025-05-27,1881,911,Fichte1_P1,P1,Abies alba,Abies alba,55.76550184027778,48.098405,0,119.334653,144,0,Valid
2025-05-27,1882,912,Fichte2_P1,P1,Abies alba,Abies alba,81.70251067361112,77.78667250000001,40.912664,129.052776,144,0,Valid
2025-05-27,1883,913,Fichte3_P1,P1,Abies alba,Abies alba,47.96765277083333,46.8783945,0,99.424794,144,0,Valid
2025-05-27,1884,914,Fichte1_G1,G1,Abies alba,Abies alba,39.37268816666667,27.637545000000003,0,95.008981,144,0,Valid
2025-05-27,1885,915,Fichte2_G1,G1,Abies alba,Abies alba,143.56683060416665,139.7707905,74.234377,212.314519,144,0,Valid
2025-05-27,1886,916,Fichte3_G1,G1,Abies alba,Abies alba,5.9984040625,0,0,19.531295,144,0,Valid
2025-05-27,1887,917,Buche1_G1,G1,Fagus sylvatica,Fagus sylvatica,9.160218180555555,0,0,29.521425,144,0,Valid
2025-05-27,1888,918,Buche2_G1,G1,Fagus sylvatica,Fagus sylvatica,3.2007636805555557,0,0,10.75966,144,0,Valid
2025-05-27,1889,919,Buche3_G1,G1,Fagus sylvatica,Fagus sylvatica,3.5549585069444443,0,0,11.102967,144,0,Valid
2025-05-27,1890,920,Fichte1_P2,P2,Abies alba,Abies alba,13.05262907638889,11.411516500000001,0,35.413543,144,0,Valid
2025-05-27,1891,921,Fichte2_P2,P2,Abies alba,Abies alba,2.3582619583333333,0,0,9.570526,144,0,Valid
2025-05-27,1892,922,Fichte3_P2,P2,Abies alba,Abies alba,38.491781618055555,38.3922295,0,78.690128,144,0,Valid
2025-05-27,1893,923,Buche1_P2,P2,Fagus sylvatica,Fagus sylvatica,3.0550014305555555,1.1552470000000001,0,9.411483,144,0,Valid
2025-05-27,1894,924,Buche2_P2,P2,Fagus sylvatica,Fagus sylvatica,16.480970770833334,15.269687,0,40.116293,144,0,Valid
2025-05-27,1895,925,Buche3_P2,P2,Fagus sylvatica,Fagus sylvatica,6.6250703402777775,0.184864,0,20.145802,144,0,Valid
2025-05-27,1896,926,Buche1_P3,P3,Fagus sylvatica,Fagus sylvatica,14.464752326388888,8.667776,0,38.104584,144,0,Valid
2025-05-27,1897,927,Buche2_P3,P3,Fagus sylvatica,Fagus sylvatica,2.87576575,0,0,10.424291,144,0,Valid
2025-05-27,1898,928,Buche3_P3,P3,Fagus sylvatica,Fagus sylvatica,10.464266715277779,3.6196384999999998,0,31.956541,144,0,Valid
2025-05-27,1899,929,Fichte1_P3,P3,Fagus sylvatica,Abies alba,8.06663238888889,0,0,25.405935,144,0,Valid
2025-05-27,1900,930,Fichte2_P3,P3,Fagus sylvatica,Abies alba,18.536690180555556,15.2813615,0,41.700163,144,0,Valid
2025-05-27,1901,931,Fichte3_P3,P3,Fagus sylvatica,Abies alba,4.4191116875,0.12110100000000001,0,13.703679,144,0,Valid
2025-05-28,1878,908,Buche1_P1,P1,Fagus sylvatica,Fagus sylvatica,0.6398792430555555,0,0,7.023745,144,0,Valid
2025-05-28,1879,909,Buche2_P1,P1,Fagus sylvatica,Fagus sylvatica,97.69789486805556,102.4638865,80.197734,113.093795,144,0,Valid
2025-05-28,1880,910,Buche3_P1,P1,Fagus sylvatica,Fagus sylvatica,1.0232032777777778,0,0,7.029662,144,0,Valid
2025-05-28,1881,911,Fichte1_P1,P1,Abies alba,Abies alba,13.017188118055556,2.5855055,0,58.941944,144,0,Valid
2025-05-28,1882,912,Fichte2_P1,P1,Abies alba,Abies alba,36.097103583333336,38.438451,0,88.527094,144,0,Valid
2025-05-28,1883,913,Fichte3_P1,P1,Abies alba,Abies alba,8.080395805555556,0,0,55.412041,144,0,Valid
2025-05-28,1884,914,Fichte1_G1,G1,Abies alba,Abies alba,12.404938722222223,10.2121015,0,47.416786,144,0,Valid
2025-05-28,1885,915,Fichte2_G1,G1,Abies alba,Abies alba,69.73576919444444,81.41611,0,142.126654,144,0,Valid
2025-05-28,1886,916,Fichte3_G1,G1,Abies alba,Abies alba,0.289299125,0,0,3.413886,144,0,Valid
2025-05-28,1887,917,Buche1_G1,G1,Fagus sylvatica,Fagus sylvatica,0.4414468472222222,0,0,7.02799,144,0,Valid
2025-05-28,1888,918,Buche2_G1,G1,Fagus sylvatica,Fagus sylvatica,0.08922255555555555,0,0,1.630624,144,0,Valid
2025-05-28,1889,919,Buche3_G1,G1,Fagus sylvatica,Fagus sylvatica,0.1292122638888889,0,0,1.754575,144,0,Valid
2025-05-28,1890,920,Fichte1_P2,P2,Abies alba,Abies alba,0.8855969375,0,0,7.262083,144,0,Valid
2025-05-28,1891,921,Fichte2_P2,P2,Abies alba,Abies alba,0.0030275069444444446,0,0,0.086227,144,0,Valid
2025-05-28,1892,922,Fichte3_P2,P2,Abies alba,Abies alba,3.9069815,0,0,35.944696,144,0,Valid
2025-05-28,1893,923,Buche1_P2,P2,Fagus sylvatica,Fagus sylvatica,0.0034235625,0,0,0.101053,144,0,Valid
2025-05-28,1894,924,Buche2_P2,P2,Fagus sylvatica,Fagus sylvatica,0.7170505694444445,0,0,6.783806,144,0,Valid
2025-05-28,1895,925,Buche3_P2,P2,Fagus sylvatica,Fagus sylvatica,0.026058256944444445,0,0,0.432641,144,0,Valid
2025-05-28,1896,926,Buche1_P3,P3,Fagus sylvatica,Fagus sylvatica,1.0522173194444444,0,0,6.012246,144,0,Valid
2025-05-28,1897,927,Buche2_P3,P3,Fagus sylvatica,Fagus sylvatica,0.37321719444444446,0,0,5.791854,144,0,Valid
2025-05-28,1898,928,Buche3_P3,P3,Fagus sylvatica,Fagus sylvatica,1.686352736111111,0,0,12.002854,144,0,Valid
2025-05-28,1899,929,Fichte1_P3,P3,Fagus sylvatica,Abies alba,0.0011029236111111112,0,0,0.051276,144,0,Valid
2025-05-28,1900,930,Fichte2_P3,P3,Fagus sylvatica,Abies alba,2.3987336666666668,0,0,21.888231,144,0,Valid
2025-05-28,1901,931,Fichte3_P3,P3,Fagus sylvatica,Abies alba,1.3827777777777777e-4,0,0,0.014746,144,0,Valid
2025-05-29,1878,908,Buche1_P1,P1,Fagus sylvatica,Fagus sylvatica,7.393732694444444,0,0,24.814026,144,0,Valid
2025-05-29,1879,909,Buche2_P1,P1,Fagus sylvatica,Fagus sylvatica,84.51431458333333,78.9087055,72.041517,103.577756,144,0,Valid
2025-05-29,1880,910,Buche3_P1,P1,Fagus sylvatica,Fagus sylvatica,7.7651320833333335,1.825377,0,23.321102,144,0,Valid
2025-05-29,1881,911,Fichte1_P1,P1,Abies alba,Abies alba,51.35335413194444,38.3984835,0,129.857335,144,0,Valid
2025-05-29,1882,912,Fichte2_P1,P1,Abies alba,Abies alba,37.65973822916666,20.0751225,0,99.986429,144,0,Valid
2025-05-29,1883,913,Fichte3_P1,P1,Abies alba,Abies alba,35.93697945833333,6.210086,0,99.244045,144,0,Valid
2025-05-29,1884,914,Fichte1_G1,G1,Abies alba,Abies alba,44.13577284722222,24.9583385,0,113.172775,144,0,Valid
2025-05-29,1885,915,Fichte2_G1,G1,Abies alba,Abies alba,80.08704703472222,50.3027935,0,195.267047,144,0,Valid
2025-05-29,1886,916,Fichte3_G1,G1,Abies alba,Abies alba,8.453856666666667,2.3932824999999998,0,26.879689,144,0,Valid
2025-05-29,1887,917,Buche1_G1,G1,Fagus sylvatica,Fagus sylvatica,7.587439486111111,0.046061000000000005,0,29.839404,144,0,Valid
2025-05-29,1888,918,Buche2_G1,G1,Fagus sylvatica,Fagus sylvatica,4.503592555555556,0,0,15.755143,144,0,Valid
2025-05-29,1889,919,Buche3_G1,G1,Fagus sylvatica,Fagus sylvatica,8.376179763888889,0.061164,0,27.489502,144,0,Valid
2025-05-29,1890,920,Fichte1_P2,P2,Abies alba,Abies alba,16.051481784722224,15.602268,0,42.397342,144,0,Valid
2025-05-29,1891,921,Fichte2_P2,P2,Abies alba,Abies alba,1.8696880486111112,0,0,9.927924,144,0,Valid
2025-05-29,1892,922,Fichte3_P2,P2,Abies alba,Abies alba,37.72690536111111,19.8707345,0,93.996007,144,0,Valid
2025-05-29,1893,923,Buche1_P2,P2,Fagus sylvatica,Fagus sylvatica,4.532324916666667,4.527051,0,12.547245,144,0,Valid
2025-05-29,1894,924,Buche2_P2,P2,Fagus sylvatica,Fagus sylvatica,17.49732309722222,16.2548035,0,47.020991,144,0,Valid
2025-05-29,1895,925,Buche3_P2,P2,Fagus sylvatica,Fagus sylvatica,5.821053548611111,0.0196295,0,20.355859,144,0,Valid
2025-05-29,1896,926,Buche1_P3,P3,Fagus sylvatica,Fagus sylvatica,21.488839,13.5000085,0,55.826914,144,0,Valid
2025-05-29,1897,927,Buche2_P3,P3,Fagus sylvatica,Fagus sylvatica,7.994666097222222,0,0,24.691246,144,0,Valid
2025-05-29,1898,928,Buche3_P3,P3,Fagus sylvatica,Fagus sylvatica,15.728808590277778,7.776797,0,47.372178,144,0,Valid
2025-05-29,1899,929,Fichte1_P3,P3,Fagus sylvatica,Abies alba,6.379976819444445,0.049868,0,20.250146,144,0,Valid
2025-05-29,1900,930,Fichte2_P3,P3,Fagus sylvatica,Abies alba,20.571145590277776,5.346163499999999,0,55.189609,144,0,Valid
2025-05-29,1901,931,Fichte3_P3,P3,Fagus sylvatica,Abies alba,0.3487044861111111,0,0,3.390491,144,0,Valid
2025-05-30,1878,908,Buche1_P1,P1,Fagus sylvatica,Fagus sylvatica,12.172278319444445,0.200257,0,37.861408,144,0,Valid
2025-05-30,1879,909,Buche2_P1,P1,Fagus sylvatica,Fagus sylvatica,104.02317661111111,100.7396055,91.912939,119.895582,144,0,Valid
2025-05-30,1880,910,Buche3_P1,P1,Fagus sylvatica,Fagus sylvatica,14.531811694444444,6.881842499999999,0,44.906938,144,0,Valid
2025-05-30,1881,911,Fichte1_P1,P1,Abies alba,Abies alba,73.7290898125,70.917798,23.847685,128.161721,144,0,Valid
2025-05-30,1882,912,Fichte2_P1,P1,Abies alba,Abies alba,88.09057459722221,68.912608,23.829038,168.564091,144,0,Valid
2025-05-30,1883,913,Fichte3_P1,P1,Abies alba,Abies alba,55.66386084027778,55.365798,11.459755,102.730916,144,0,Valid
2025-05-30,1884,914,Fichte1_G1,G1,Abies alba,Abies alba,76.30211629861111,63.2390685,6.975287,167.698033,144,0,Valid
2025-05-30,1885,915,Fichte2_G1,G1,Abies alba,Abies alba,137.9733928125,132.33317549999998,65.603247,213.267322,144,0,Valid
2025-05-30,1886,916,Fichte3_G1,G1,Abies alba,Abies alba,6.357324527777778,1.735831,0,18.515611,144,0,Valid
2025-05-30,1887,917,Buche1_G1,G1,Fagus sylvatica,Fagus sylvatica,7.725466701388889,0,0,27.693379,144,0,Valid
2025-05-30,1888,918,Buche2_G1,G1,Fagus sylvatica,Fagus sylvatica,3.659105597222222,0,0,15.479826,144,0,Valid
2025-05-30,1889,919,Buche3_G1,G1,Fagus sylvatica,Fagus sylvatica,5.599238333333333,0.9945489999999999,0,18.501868,144,0,Valid
2025-05-30,1890,920,Fichte1_P2,P2,Abies alba,Abies alba,14.62782995138889,11.982982,0,36.835884,144,0,Valid
2025-05-30,1891,921,Fichte2_P2,P2,Abies alba,Abies alba,1.6453087916666667,0,0,7.33289,144,0,Valid
2025-05-30,1892,922,Fichte3_P2,P2,Abies alba,Abies alba,52.35561948611111,51.397887499999996,12.889195,90.021812,144,0,Valid
2025-05-30,1893,923,Buche1_P2,P2,Fagus sylvatica,Fagus sylvatica,6.151896861111111,3.890211,0,18.715007,144,0,Valid
2025-05-30,1894,924,Buche2_P2,P2,Fagus sylvatica,Fagus sylvatica,18.766962,16.660939,0,40.483428,144,0,Valid
2025-05-30,1895,925,Buche3_P2,P2,Fagus sylvatica,Fagus sylvatica,7.307843,1.562631,0,23.478893,144,0,Valid
2025-05-30,1896,926,Buche1_P3,P3,Fagus sylvatica,Fagus sylvatica,27.526902368055556,21.8638485,7.067403,57.005776,144,0,Valid
2025-05-30,1897,927,Buche2_P3,P3,Fagus sylvatica,Fagus sylvatica,5.657312625,0.7336745,0,17.39015,144,0,Valid
2025-05-30,1898,928,Buche3_P3,P3,Fagus sylvatica,Fagus sylvatica,17.49208,10.0004745,0,50.681419,144,0,Valid
2025-05-30,1899,929,Fichte1_P3,P3,Fagus sylvatica,Abies alba,2.5468157847222224,0,0,8.389499,144,0,Valid
2025-05-30,1900,930,Fichte2_P3,P3,Fagus sylvatica,Abies alba,31.147846402777777,31.922530000000002,7.159449,53.738525,144,0,Valid
2025-05-30,1901,931,Fichte3_P3,P3,Fagus sylvatica,Abies alba,9.2728088333333325,1.064168,0,30.148437,144,0,Valid
2025-05-31,1878,908,Buche1_P1,P1,Fagus sylvatica,Fagus sylvatica,10.696367298611111,0.214522,0,38.048349,144,0,Valid
2025-05-31,1879,909,Buche2_P1,P1,Fagus sylvatica,Fagus sylvatica,108.51728540277777,106.55614,96.13253,123.091118,144,0,Valid
2025-05-31,1880,910,Buche3_P1,P1,Fagus sylvatica,Fagus sylvatica,12.899295215277778,1.5550700000000002,0,43.600848,144,0,Valid
2025-05-31,1881,911,Fichte1_P1,P1,Abies alba,Abies alba,58.52389329166667,60.577588000000006,5.571207,113.369916,144,0,Valid
2025-05-31,1882,912,Fichte2_P1,P1,Abies alba,Abies alba,99.10927409027778,97.770438,39.860852,163.253889,144,0,Valid
2025-05-31,1883,913,Fichte3_P1,P1,Abies alba,Abies alba,41.59705227083333,42.3970285,0,92.281889,144,0,Valid
2025-05-31,1884,914,Fichte1_G1,G1,Abies alba,Abies alba,76.8278940138889,68.780701,1.293176,167.170175,144,0,Valid
2025-05-31,1885,915,Fichte2_G1,G1,Abies alba,Abies alba,135.9521433263889,135.71689049999998,59.960605,212.840552,144,0,Valid
2025-05-31,1886,916,Fichte3_G1,G1,Abies alba,Abies alba,2.4021235416666666,0,0,13.327577,144,0,Valid
2025-05-31,1887,917,Buche1_G1,G1,Fagus sylvatica,Fagus sylvatica,6.378263180555556,0,0,24.452213,144,0,Valid
2025-05-31,1888,918,Buche2_G1,G1,Fagus sylvatica,Fagus sylvatica,3.34334375,0,0,14.478915,144,0,Valid
2025-05-31,1889,919,Buche3_G1,G1,Fagus sylvatica,Fagus sylvatica,6.9503006875,0,0,25.276331,144,0,Valid
2025-05-31,1890,920,Fichte1_P2,P2,Abies alba,Abies alba,11.137704354166667,2.714118,0,35.965332,144,0,Valid
2025-05-31,1891,921,Fichte2_P2,P2,Abies alba,Abies alba,0.5680039375,0,0,3.63373,144,0,Valid
2025-05-31,1892,922,Fichte3_P2,P2,Abies alba,Abies alba,32.40293838888889,33.992517,0,72.610496,144,0,Valid
2025-05-31,1893,923,Buche1_P2,P2,Fagus sylvatica,Fagus sylvatica,3.749435875,0.3433505,0,13.979184,144,0,Valid
2025-05-31,1894,924,Buche2_P2,P2,Fagus sylvatica,Fagus sylvatica,12.292687701388889,2.3960955,0,44.351765,144,0,Valid
2025-05-31,1895,925,Buche3_P2,P2,Fagus sylvatica,Fagus sylvatica,5.2515090833333335,0,0,19.339724,144,0,Valid
2025-05-31,1896,926,Buche1_P3,P3,Fagus sylvatica,Fagus sylvatica,17.3962110625,13.846434,0,47.642646,144,0,Valid
2025-05-31,1897,927,Buche2_P3,P3,Fagus sylvatica,Fagus sylvatica,7.105030729166667,0.31043,0,23.986852,144,0,Valid
2025-05-31,1898,928,Buche3_P3,P3,Fagus sylvatica,Fagus sylvatica,17.16168770138889,8.558516000000001,0,52.020141,144,0,Valid
2025-05-31,1899,929,Fichte1_P3,P3,Fagus sylvatica,Abies alba,2.1711034444444444,0,0,10.199339,144,0,Valid
2025-05-31,1900,930,Fichte2_P3,P3,Fagus sylvatica,Abies alba,22.22565342361111,25.994518,0,42.874072,144,0,Valid
2025-05-31,1901,931,Fichte3_P3,P3,Fagus sylvatica,Abies alba,8.138829284722222,8.146456,0,20.935247,144,0,Valid
2025-06-01,1878,908,Buche1_P1,P1,Fagus sylvatica,Fagus sylvatica,6.784503965277778,0,0,37.237192,144,0,Valid
2025-06-01,1879,909,Buche2_P1,P1,Fagus sylvatica,Fagus sylvatica,100.85369890277778,101.19717700000001,89.277362,119.424823,144,0,Valid
2025-06-01,1880,910,Buche3_P1,P1,Fagus sylvatica,Fagus sylvatica,6.555137055555556,0,0,33.573072,144,0,Valid
2025-06-01,1881,911,Fichte1_P1,P1,Abies alba,Abies alba,46.54975155555555,45.287628,0,118.017003,144,0,Valid
2025-06-01,1882,912,Fichte2_P1,P1,Abies alba,Abies alba,50.63304015277778,47.596912,11.859853,114.807888,144,0,Valid
2025-06-01,1883,913,Fichte3_P1,P1,Abies alba,Abies alba,30.02212245138889,29.050975,0,89.142724,144,0,Valid
2025-06-01,1884,914,Fichte1_G1,G1,Abies alba,Abies alba,46.11584577777778,42.792312499999994,0,117.978098,144,0,Valid
2025-06-01,1885,915,Fichte2_G1,G1,Abies alba,Abies alba,98.24830570833333,91.9777645,31.890795,180.945802,144,0,Valid
2025-06-01,1886,916,Fichte3_G1,G1,Abies alba,Abies alba,1.0099570833333333,0,0,5.165237,144,0,Valid
2025-06-01,1887,917,Buche1_G1,G1,Fagus sylvatica,Fagus sylvatica,2.969184333333333,0,0,16.858489,144,0,Valid
2025-06-01,1888,918,Buche2_G1,G1,Fagus sylvatica,Fagus sylvatica,2.4561359444444446,0,0,14.481745,144,0,Valid
2025-06-01,1889,919,Buche3_G1,G1,Fagus sylvatica,Fagus sylvatica,2.2132935625,0,0,12.544266,144,0,Valid
2025-06-01,1890,920,Fichte1_P2,P2,Abies alba,Abies alba,4.869317451388889,0,0,21.258027,144,0,Valid
2025-06-01,1891,921,Fichte2_P2,P2,Abies alba,Abies alba,0.06528543055555555,0,0,0.980723,144,0,Valid
2025-06-01,1892,922,Fichte3_P2,P2,Abies alba,Abies alba,11.765895194444445,2.330489,0,49.33829,144,0,Valid
2025-06-01,1893,923,Buche1_P2,P2,Fagus sylvatica,Fagus sylvatica,1.5973627361111111,0,0,9.254226,144,0,Valid
2025-06-01,1894,924,Buche2_P2,P2,Fagus sylvatica,Fagus sylvatica,6.8935525,0,0,28.308733,144,0,Valid
2025-06-01,1895,925,Buche3_P2,P2,Fagus sylvatica,Fagus sylvatica,0.5453048472222222,0,0,4.657727,144,0,Valid
2025-06-01,1896,926,Buche1_P3,P3,Fagus sylvatica,Fagus sylvatica,12.283189243055556,4.596653,0,42.404862,144,0,Valid
2025-06-01,1897,927,Buche2_P3,P3,Fagus sylvatica,Fagus sylvatica,5.051124347222222,0,0,19.313418,144,0,Valid
2025-06-01,1898,928,Buche3_P3,P3,Fagus sylvatica,Fagus sylvatica,12.42473211111111,0,0,50.324376,144,0,Valid
2025-06-01,1899,929,Fichte1_P3,P3,Fagus sylvatica,Abies alba,0.02990072222222222,0,0,1.468143,144,0,Valid
2025-06-01,1900,930,Fichte2_P3,P3,Fagus sylvatica,Abies alba,9.032995861111111,5.395815499999999,0,31.224306,144,0,Valid
2025-06-01,1901,931,Fichte3_P3,P3,Fagus sylvatica,Abies alba,0.7176784444444444,0,0,7.493138,144,0,Valid
2025-06-02,1878,908,Buche1_P1,P1,Fagus sylvatica,Fagus sylvatica,1.2622324027777778,0,0,16.834608,144,0,Valid
2025-06-02,1879,909,Buche2_P1,P1,Fagus sylvatica,Fagus sylvatica,88.03236960416666,82.69012000000001,78.932331,109.767143,144,0,Valid
2025-06-02,1880,910,Buche3_P1,P1,Fagus sylvatica,Fagus sylvatica,0.202003375,0,0,2.824657,144,0,Valid
2025-06-02,1881,911,Fichte1_P1,P1,Abies alba,Abies alba,17.2547510625,7.2779825,0,49.958515,144,0,Valid
2025-06-02,1882,912,Fichte2_P1,P1,Abies alba,Abies alba,2.3798056666666665,0,0,23.495019,144,0,Valid
2025-06-02,1883,913,Fichte3_P1,P1,Abies alba,Abies alba,5.879138618055555,0,0,26.537365,144,0,Valid
2025-06-02,1884,914,Fichte1_G1,G1,Abies alba,Abies alba,10.914032083333334,7.514121,0,29.339369,144,0,Valid
2025-06-02,1885,915,Fichte2_G1,G1,Abies alba,Abies alba,23.26887682638889,19.7669655,0,84.6741,144,0,Valid
2025-06-02,1886,916,Fichte3_G1,G1,Abies alba,Abies alba,0.10450911805555556,0,0,2.107043,144,0,Valid
2025-06-02,1887,917,Buche1_G1,G1,Fagus sylvatica,Fagus sylvatica,0.0988680486111111,0,0,3.308212,144,0,Valid
2025-06-02,1888,918,Buche2_G1,G1,Fagus sylvatica,Fagus sylvatica,0.07346289583333333,0,0,1.448447,144,0,Valid
2025-06-02,1889,919,Buche3_G1,G1,Fagus sylvatica,Fagus sylvatica,0.005316847222222222,0,0,0.149987,144,0,Valid
2025-06-02,1890,920,Fichte1_P2,P2,Abies alba,Abies alba,0.005397555555555556,0,0,0.132243,144,0,Valid
2025-06-02,1891,921,Fichte2_P2,P2,Abies alba,Abies alba,8.850138888888889e-4,0,0,0.04699,144,0,Valid
2025-06-02,1892,922,Fichte3_P2,P2,Abies alba,Abies alba,1.3749541388888888,0,0,8.556357,144,0,Valid
2025-06-02,1893,923,Buche1_P2,P2,Fagus sylvatica,Fagus sylvatica,0.1483685,0,0,2.424682,144,0,Valid
2025-06-02,1894,924,Buche2_P2,P2,Fagus sylvatica,Fagus sylvatica,0.46217536805555554,0,0,7.447294,144,0,Valid
2025-06-02,1895,925,Buche3_P2,P2,Fagus sylvatica,Fagus sylvatica,4.9590277777777774e-5,0,0,0.007141,144,0,Valid
2025-06-02,1896,926,Buche1_P3,P3,Fagus sylvatica,Fagus sylvatica,0.8982663055555555,0,0,8.585546,144,0,Valid
2025-06-02,1897,927,Buche2_P3,P3,Fagus sylvatica,Fagus sylvatica,0.4742918888888889,0,0,8.547071,144,0,Valid
2025-06-02,1898,928,Buche3_P3,P3,Fagus sylvatica,Fagus sylvatica,0.6510827361111111,0,0,7.190949,144,0,Valid
2025-06-02,1899,929,Fichte1_P3,P3,Fagus sylvatica,Abies alba,0.00167025,0,0,0.154596,144,0,Valid
2025-06-02,1900,930,Fichte2_P3,P3,Fagus sylvatica,Abies alba,0.06622370138888889,0,0,0.745749,144,0,Valid
2025-06-02,1901,931,Fichte3_P3,P3,Fagus sylvatica,Abies alba,2.3190972222222222e-4,0,0,0.025072,144,0,Valid
2025-06-03,1878,908,Buche1_P1,P1,Fagus sylvatica,Fagus sylvatica,7.917126958333333,0,0,35.717284,144,0,Valid
2025-06-03,1879,909,Buche2_P1,P1,Fagus sylvatica,Fagus sylvatica,81.33400145833333,78.6036335,72.540856,93.943529,144,0,Valid
2025-06-03,1880,910,Buche3_P1,P1,Fagus sylvatica,Fagus sylvatica,5.858489236111112,0,0,29.451984,144,0,Valid
2025-06-03,1881,911,Fichte1_P1,P1,Abies alba,Abies alba,53.571221854166666,35.971360000000004,0,131.399521,144,0,Valid
2025-06-03,1882,912,Fichte2_P1,P1,Abies alba,Abies alba,24.67273836111111,6.978604499999999,0,64.454992,144,0,Valid
2025-06-03,1883,913,Fichte3_P1,P1,Abies alba,Abies alba,31.410139680555556,1.5166,0,85.122532,144,0,Valid
2025-06-03,1884,914,Fichte1_G1,G1,Abies alba,Abies alba,38.90083909027778,15.215489999999999,0,100.177882,144,0,Valid
2025-06-03,1885,915,Fichte2_G1,G1,Abies alba,Abies alba,63.90726982638889,41.730292000000006,0,171.911463,144,0,Valid
2025-06-03,1886,916,Fichte3_G1,G1,Abies alba,Abies alba,5.182045944444445,0,0,22.026341,144,0,Valid
2025-06-03,1887,917,Buche1_G1,G1,Fagus sylvatica,Fagus sylvatica,4.571156479166667,0,0,21.149926,144,0,Valid
2025-06-03,1888,918,Buche2_G1,G1,Fagus sylvatica,Fagus sylvatica,2.5590085,0,0,14.338028,144,0,Valid
2025-06-03,1889,919,Buche3_G1,G1,Fagus sylvatica,Fagus sylvatica,2.698958090277778,0,0,12.560816,144,0,Valid
2025-06-03,1890,920,Fichte1_P2,P2,Abies alba,Abies alba,5.385399895833333,0,0,18.654689,144,0,Valid
2025-06-03,1891,921,Fichte2_P2,P2,Abies alba,Abies alba,0.03693736111111111,0,0,0.775978,144,0,Valid
2025-06-03,1892,922,Fichte3_P2,P2,Abies alba,Abies alba,18.506595993055555,12.0819315,0,55.658207,144,0,Valid
2025-06-03,1893,923,Buche1_P2,P2,Fagus sylvatica,Fagus sylvatica,2.6571008819444444,0,0,10.721359,144,0,Valid
2025-06-03,1894,924,Buche2_P2,P2,Fagus sylvatica,Fagus sylvatica,8.331968847222223,0,0,29.989122,144,0,Valid
2025-06-03,1895,925,Buche3_P2,P2,Fagus sylvatica,Fagus sylvatica,0.9546868958333333,0,0,6.743556,144,0,Valid
2025-06-03,1896,926,Buche1_P3,P3,Fagus sylvatica,Fagus sylvatica,13.673571194444444,6.488937,0,44.159905,144,0,Valid
2025-06-03,1897,927,Buche2_P3,P3,Fagus sylvatica,Fagus sylvatica,6.696160458333333,0,0,28.77367,144,0,Valid
2025-06-03,1898,928,Buche3_P3,P3,Fagus sylvatica,Fagus sylvatica,11.724194118055555,0,0,43.750088,144,0,Valid
2025-06-03,1899,929,Fichte1_P3,P3,Fagus sylvatica,Abies alba,1.7329772430555557,0,0,8.263359,144,0,Valid
2025-06-03,1900,930,Fichte2_P3,P3,Fagus sylvatica,Abies alba,13.94412748611111,2.0708895,0,40.16928,144,0,Valid
2025-06-03,1901,931,Fichte3_P3,P3,Fagus sylvatica,Abies alba,0.06737759027777777,0,0,0.919747,144,0,Valid
2025-06-04,1878,908,Buche1_P1,P1,Fagus sylvatica,Fagus sylvatica,2.3921106597222224,0,0,16.658893,144,0,Valid
2025-06-04,1879,909,Buche2_P1,P1,Fagus sylvatica,Fagus sylvatica,88.58031807638889,86.364011,80.030315,100.335362,144,0,Valid
2025-06-04,1880,910,Buche3_P1,P1,Fagus sylvatica,Fagus sylvatica,3.4784106111111113,0,0,22.278516,144,0,Valid
2025-06-04,1881,911,Fichte1_P1,P1,Abies alba,Abies alba,29.492346833333333,23.4791205,0,86.62451,144,0,Valid
2025-06-04,1882,912,Fichte2_P1,P1,Abies alba,Abies alba,8.37481811111111,1.3809230000000001,0,36.56803,144,0,Valid
2025-06-04,1883,913,Fichte3_P1,P1,Abies alba,Abies alba,16.894823159722222,8.816925000000001,0,63.575826,144,0,Valid
2025-06-04,1884,914,Fichte1_G1,G1,Abies alba,Abies alba,24.009894895833334,22.013602,0,61.836071,144,0,Valid
2025-06-04,1885,915,Fichte2_G1,G1,Abies alba,Abies alba,46.01648742361111,43.503412499999996,0,107.464499,144,0,Valid
2025-06-04,1886,916,Fichte3_G1,G1,Abies alba,Abies alba,2.4817234930555556,0,0,14.972265,144,0,Valid
2025-06-04,1887,917,Buche1_G1,G1,Fagus sylvatica,Fagus sylvatica,2.1650842291666668,0,0,15.000307,144,0,Valid
2025-06-04,1888,918,Buche2_G1,G1,Fagus sylvatica,Fagus sylvatica,1.2390284861111112,0,0,8.716502,144,0,Valid
2025-06-04,1889,919,Buche3_G1,G1,Fagus sylvatica,Fagus sylvatica,0.6994265277777778,0,0,4.029808,144,0,Valid
2025-06-04,1890,920,Fichte1_P2,P2,Abies alba,Abies alba,1.940787,0,0,11.341109,144,0,Valid
2025-06-04,1891,921,Fichte2_P2,P2,Abies alba,Abies alba,0.0059838124999999995,0,0,0.17399,144,0,Valid
2025-06-04,1892,922,Fichte3_P2,P2,Abies alba,Abies alba,9.814251361111111,0,0,45.240273,144,0,Valid
2025-06-04,1893,923,Buche1_P2,P2,Fagus sylvatica,Fagus sylvatica,0.7901776319444445,0,0,4.834697,144,0,Valid
2025-06-04,1894,924,Buche2_P2,P2,Fagus sylvatica,Fagus sylvatica,2.2161383263888887,0,0,13.956398,144,0,Valid
2025-06-04,1895,925,Buche3_P2,P2,Fagus sylvatica,Fagus sylvatica,0.013426895833333332,0,0,0.188327,144,0,Valid
2025-06-04,1896,926,Buche1_P3,P3,Fagus sylvatica,Fagus sylvatica,4.7320634375,0,0,23.713644,144,0,Valid
2025-06-04,1897,927,Buche2_P3,P3,Fagus sylvatica,Fagus sylvatica,3.169224701388889,0,0,20.530712,144,0,Valid
2025-06-04,1898,928,Buche3_P3,P3,Fagus sylvatica,Fagus sylvatica,3.706906590277778,0,0,24.914967,144,0,Valid
2025-06-04,1899,929,Fichte1_P3,P3,Fagus sylvatica,Abies alba,0.18729015277777777,0,0,3.029653,144,0,Valid
2025-06-04,1900,930,Fichte2_P3,P3,Fagus sylvatica,Abies alba,4.829050055555555,0.6017395000000001,0,22.15047,144,0,Valid
2025-06-04,1901,931,Fichte3_P3,P3,Fagus sylvatica,Abies alba,0.024143333333333333,0,0,0.479833,144,0,Valid
2025-06-05,1878,908,Buche1_P1,P1,Fagus sylvatica,Fagus sylvatica,7.682293395833334,0,0,31.470144,144,0,Valid
2025-06-05,1879,909,Buche2_P1,P1,Fagus sylvatica,Fagus sylvatica,82.27808718055556,78.7074455,72.136391,96.881098,144,0,Valid
2025-06-05,1880,910,Buche3_P1,P1,Fagus sylvatica,Fagus sylvatica,7.050449090277778,0,0,25.653524,144,0,Valid
2025-06-05,1881,911,Fichte1_P1,P1,Abies alba,Abies alba,50.11771989583333,31.801019500000002,0,132.469686,144,0,Valid
2025-06-05,1882,912,Fichte2_P1,P1,Abies alba,Abies alba,23.044838645833334,20.057168500000003,0,57.749748,144,0,Valid
2025-06-05,1883,913,Fichte3_P1,P1,Abies alba,Abies alba,26.118325965277776,1.090643,0,77.29256,144,0,Valid
2025-06-05,1884,914,Fichte1_G1,G1,Abies alba,Abies alba,35.90107994444445,18.6510405,0,96.143106,144,0,Valid
2025-06-05,1885,915,Fichte2_G1,G1,Abies alba,Abies alba,51.17844947222222,26.711448,0,137.064304,144,0,Valid
2025-06-05,1886,916,Fichte3_G1,G1,Abies alba,Abies alba,4.951725826388889,0,0,18.151701,144,0,Valid
2025-06-05,1887,917,Buche1_G1,G1,Fagus sylvatica,Fagus sylvatica,3.4727895555555555,0,0,16.582937,144,0,Valid
2025-06-05,1888,918,Buche2_G1,G1,Fagus sylvatica,Fagus sylvatica,2.296095388888889,0,0,13.083136,144,0,Valid
2025-06-05,1889,919,Buche3_G1,G1,Fagus sylvatica,Fagus sylvatica,2.838083451388889,0,0,10.29959,144,0,Valid
2025-06-05,1890,920,Fichte1_P2,P2,Abies alba,Abies alba,6.189215458333333,0,0,22.241069,144,0,Valid
2025-06-05,1891,921,Fichte2_P2,P2,Abies alba,Abies alba,0.005451541666666666,0,0,0.189542,144,0,Valid
2025-06-05,1892,922,Fichte3_P2,P2,Abies alba,Abies alba,12.619249395833334,7.1327895,0,37.569168,144,0,Valid
2025-06-05,1893,923,Buche1_P2,P2,Fagus sylvatica,Fagus sylvatica,1.963872638888889,0,0,7.878259,144,0,Valid
2025-06-05,1894,924,Buche2_P2,P2,Fagus sylvatica,Fagus sylvatica,5.920067430555555,0,0,22.120613,144,0,Valid
2025-06-05,1895,925,Buche3_P2,P2,Fagus sylvatica,Fagus sylvatica,0.46557177083333334,0,0,3.77879,144,0,Valid
2025-06-05,1896,926,Buche1_P3,P3,Fagus sylvatica,Fagus sylvatica,10.995384868055556,7.2376075,0,32.923105,144,0,Valid
2025-06-05,1897,927,Buche2_P3,P3,Fagus sylvatica,Fagus sylvatica,5.8079062708333336,0,0,21.107569,144,0,Valid
2025-06-05,1898,928,Buche3_P3,P3,Fagus sylvatica,Fagus sylvatica,7.7037064375,0.22884300000000002,0,29.897369,144,0,Valid
2025-06-05,1899,929,Fichte1_P3,P3,Fagus sylvatica,Abies alba,0.7077617013888889,0,0,3.068317,144,0,Valid
2025-06-05,1900,930,Fichte2_P3,P3,Fagus sylvatica,Abies alba,9.322394722222223,1.5738715,0,25.98632,144,0,Valid
2025-06-05,1901,931,Fichte3_P3,P3,Fagus sylvatica,Abies alba,0.10453238888888888,0,0,0.964538,144,0,Valid
2025-06-06,1878,908,Buche1_P1,P1,Fagus sylvatica,Fagus sylvatica,4.246222861111111,0,0,23.469671,144,0,Valid
2025-06-06,1879,909,Buche2_P1,P1,Fagus sylvatica,Fagus sylvatica,97.86375919444444,96.92238,82.829867,111.959556,144,0,Valid
2025-06-06,1880,910,Buche3_P1,P1,Fagus sylvatica,Fagus sylvatica,5.595275027777777,0.0435345,0,29.914257,144,0,Valid
2025-06-06,1881,911,Fichte1_P1,P1,Abies alba,Abies alba,73.68360866666667,59.600687,37.819605,144.894923,144,0,Valid
2025-06-06,1882,912,Fichte2_P1,P1,Abies alba,Abies alba,37.75350573611111,28.307796,16.395696,81.299983,144,0,Valid
2025-06-06,1883,913,Fichte3_P1,P1,Abies alba,Abies alba,24.76308713888889,14.319448000000001,0,74.594277,144,0,Valid
2025-06-06,1884,914,Fichte1_G1,G1,Abies alba,Abies alba,52.31578910416667,38.948625500000006,26.636892,113.728959,144,0,Valid
2025-06-06,1885,915,Fichte2_G1,G1,Abies alba,Abies alba,66.22247242361111,51.299104,0,149.826795,144,0,Valid
2025-06-06,1886,916,Fichte3_G1,G1,Abies alba,Abies alba,2.8151545208333335,0,0,16.721293,144,0,Valid
2025-06-06,1887,917,Buche1_G1,G1,Fagus sylvatica,Fagus sylvatica,2.5309664513888888,0,0,16.439377,144,0,Valid
2025-06-06,1888,918,Buche2_G1,G1,Fagus sylvatica,Fagus sylvatica,2.1564727777777777,0,0,13.761724,144,0,Valid
2025-06-06,1889,919,Buche3_G1,G1,Fagus sylvatica,Fagus sylvatica,1.3457985347222223,0,0,8.546845,144,0,Valid
2025-06-06,1890,920,Fichte1_P2,P2,Abies alba,Abies alba,2.3284326111111113,0,0,13.266568,144,0,Valid
2025-06-06,1891,921,Fichte2_P2,P2,Abies alba,Abies alba,0.02185453472222222,0,0,0.28401,144,0,Valid
2025-06-06,1892,922,Fichte3_P2,P2,Abies alba,Abies alba,5.724746708333333,2.1639325,0,23.566861,144,0,Valid
2025-06-06,1893,923,Buche1_P2,P2,Fagus sylvatica,Fagus sylvatica,1.120062,0,0,6.125635,144,0,Valid
2025-06-06,1894,924,Buche2_P2,P2,Fagus sylvatica,Fagus sylvatica,3.147651625,0,0,17.945789,144,0,Valid
2025-06-06,1895,925,Buche3_P2,P2,Fagus sylvatica,Fagus sylvatica,0.6032037222222222,0,0,4.707179,144,0,Valid
2025-06-06,1896,926,Buche1_P3,P3,Fagus sylvatica,Fagus sylvatica,7.682991354166667,3.4503325,0,29.586813,144,0,Valid
2025-06-06,1897,927,Buche2_P3,P3,Fagus sylvatica,Fagus sylvatica,2.9729361666666665,0,0,17.109848,144,0,Valid
2025-06-06,1898,928,Buche3_P3,P3,Fagus sylvatica,Fagus sylvatica,6.033728847222222,0.48531199999999997,0,26.691572,144,0,Valid
2025-06-06,1899,929,Fichte1_P3,P3,Fagus sylvatica,Abies alba,0.19969613888888887,0,0,1.566594,144,0,Valid
2025-06-06,1900,930,Fichte2_P3,P3,Fagus sylvatica,Abies alba,5.670335840277778,0.7790520000000001,0,21.583219,144,0,Valid
2025-06-06,1901,931,Fichte3_P3,P3,Fagus sylvatica,Abies alba,0.07692470138888889,0,0,0.962956,144,0,Valid
2025-06-07,1878,908,Buche1_P1,P1,Fagus sylvatica,Fagus sylvatica,0.6295194930555555,0,0,8.785067,144,0,Valid
2025-06-07,1879,909,Buche2_P1,P1,Fagus sylvatica,Fagus sylvatica,76.31262680555555,75.8566405,72.028112,82.630205,144,0,Valid
2025-06-07,1880,910,Buche3_P1,P1,Fagus sylvatica,Fagus sylvatica,0.47678695833333334,0,0,4.166897,144,0,Valid
2025-06-07,1881,911,Fichte1_P1,P1,Abies alba,Abies alba,13.2171186875,10.308806,0,35.113704,144,0,Valid
2025-06-07,1882,912,Fichte2_P1,P1,Abies alba,Abies alba,0.9088443541666666,0,0,14.135492,144,0,Valid
2025-06-07,1883,913,Fichte3_P1,P1,Abies alba,Abies alba,0.7905766527777778,0,0,3.178585,144,0,Valid
2025-06-07,1884,914,Fichte1_G1,G1,Abies alba,Abies alba,5.771207673611111,4.489632500000001,0,37.552851,144,0,Valid
2025-06-07,1885,915,Fichte2_G1,G1,Abies alba,Abies alba,0.6376147638888889,0,0,2.308079,144,0,Valid
2025-06-07,1886,916,Fichte3_G1,G1,Abies alba,Abies alba,0.1922711527777778,0,0,3.952448,144,0,Valid
2025-06-07,1887,917,Buche1_G1,G1,Fagus sylvatica,Fagus sylvatica,0.18201564583333332,0,0,6.764597,144,0,Valid
2025-06-07,1888,918,Buche2_G1,G1,Fagus sylvatica,Fagus sylvatica,0.08010659027777778,0,0,2.440055,144,0,Valid
2025-06-07,1889,919,Buche3_G1,G1,Fagus sylvatica,Fagus sylvatica,0.21079213194444443,0,0,4.812243,144,0,Valid
2025-06-07,1890,920,Fichte1_P2,P2,Abies alba,Abies alba,0.03318351388888889,0,0,1.215871,144,0,Valid
2025-06-07,1891,921,Fichte2_P2,P2,Abies alba,Abies alba,0.0015393819444444446,0,0,0.040247,144,0,Valid
2025-06-07,1892,922,Fichte3_P2,P2,Abies alba,Abies alba,0.13934678472222223,0,0,2.2140590000000002,144,0,Valid
2025-06-07,1893,923,Buche1_P2,P2,Fagus sylvatica,Fagus sylvatica,0.29128934027777775,0,0,3.863046,144,0,Valid
2025-06-07,1894,924,Buche2_P2,P2,Fagus sylvatica,Fagus sylvatica,0.26045264583333333,0,0,6.292563,144,0,Valid
2025-06-07,1895,925,Buche3_P2,P2,Fagus sylvatica,Fagus sylvatica,0.0013413541666666667,0,0,0.088852,144,0,Valid
2025-06-07,1896,926,Buche1_P3,P3,Fagus sylvatica,Fagus sylvatica,0.5404270972222223,0,0,5.236506,144,0,Valid
2025-06-07,1897,927,Buche2_P3,P3,Fagus sylvatica,Fagus sylvatica,1.0314643819444445,0,0,16.447441,144,0,Valid
2025-06-07,1898,928,Buche3_P3,P3,Fagus sylvatica,Fagus sylvatica,0.5037613541666667,0,0,11.521863,144,0,Valid
2025-06-07,1899,929,Fichte1_P3,P3,Fagus sylvatica,Abies alba,0.0011370138888888888,0,0,0.042327,144,0,Valid
2025-06-07,1900,930,Fichte2_P3,P3,Fagus sylvatica,Abies alba,0.016419715277777778,0,0,0.363634,144,0,Valid
2025-06-07,1901,931,Fichte3_P3,P3,Fagus sylvatica,Abies alba,1.5600694444444443e-4,0,0,0.019374,144,0,Valid
2025-06-08,1878,908,Buche1_P1,P1,Fagus sylvatica,Fagus sylvatica,12.4439038125,9.389717000000001,0,37.69202,144,0,Valid
2025-06-08,1879,909,Buche2_P1,P1,Fagus sylvatica,Fagus sylvatica,93.75971951388888,90.607882,74.914378,119.608114,144,0,Valid
2025-06-08,1880,910,Buche3_P1,P1,Fagus sylvatica,Fagus sylvatica,11.6280346875,10.727511,0,33.636087,144,0,Valid
2025-06-08,1881,911,Fichte1_P1,P1,Abies alba,Abies alba,72.21423336805556,67.075074,0,174.614478,144,0,Valid
2025-06-08,1882,912,Fichte2_P1,P1,Abies alba,Abies alba,44.41283971527778,33.168192000000005,0,110.105283,144,0,Valid
2025-06-08,1883,913,Fichte3_P1,P1,Abies alba,Abies alba,50.896004284722224,41.855194999999995,0,127.804832,144,0,Valid
2025-06-08,1884,914,Fichte1_G1,G1,Abies alba,Abies alba,43.06943473611111,31.201248,0,107.447024,144,0,Valid
2025-06-08,1885,915,Fichte2_G1,G1,Abies alba,Abies alba,64.71220310416666,23.118098,0,181.540403,144,0,Valid
2025-06-08,1886,916,Fichte3_G1,G1,Abies alba,Abies alba,16.3257325,16.450134,0,36.813753,144,0,Valid
2025-06-08,1887,917,Buche1_G1,G1,Fagus sylvatica,Fagus sylvatica,14.158569236111111,12.286251,0,40.392794,144,0,Valid
2025-06-08,1888,918,Buche2_G1,G1,Fagus sylvatica,Fagus sylvatica,4.353740395833333,0.37602800000000003,0,16.77245,144,0,Valid
2025-06-08,1889,919,Buche3_G1,G1,Fagus sylvatica,Fagus sylvatica,6.624885291666667,5.0903655,0,16.876791,144,0,Valid
2025-06-08,1890,920,Fichte1_P2,P2,Abies alba,Abies alba,19.619144569444444,16.6578395,0,47.570189,144,0,Valid
2025-06-08,1891,921,Fichte2_P2,P2,Abies alba,Abies alba,2.5854482222222224,0.0614895,0,9.711301,144,0,Valid
2025-06-08,1892,922,Fichte3_P2,P2,Abies alba,Abies alba,44.47424989583333,50.291856,0,98.555637,144,0,Valid
2025-06-08,1893,923,Buche1_P2,P2,Fagus sylvatica,Fagus sylvatica,1.7738321041666667,0,0,5.486129,144,0,Valid
2025-06-08,1894,924,Buche2_P2,P2,Fagus sylvatica,Fagus sylvatica,8.997586465277777,9.644406,0,23.785763,144,0,Valid
2025-06-08,1895,925,Buche3_P2,P2,Fagus sylvatica,Fagus sylvatica,0.5472779444444444,0,0,3.705129,144,0,Valid
2025-06-08,1896,926,Buche1_P3,P3,Fagus sylvatica,Fagus sylvatica,26.542647506944444,20.4768715,0,67.432507,144,0,Valid
2025-06-08,1897,927,Buche2_P3,P3,Fagus sylvatica,Fagus sylvatica,6.722898569444444,3.578208,0,21.182268,144,0,Valid
2025-06-08,1898,928,Buche3_P3,P3,Fagus sylvatica,Fagus sylvatica,14.303286270833333,12.658192,0,39.940206,144,0,Valid
2025-06-08,1899,929,Fichte1_P3,P3,Fagus sylvatica,Abies alba,1.1148329791666667,0,0,7.101243,144,0,Valid
2025-06-08,1900,930,Fichte2_P3,P3,Fagus sylvatica,Abies alba,24.477703583333334,16.616653499999998,0,60.4905,144,0,Valid
2025-06-08,1901,931,Fichte3_P3,P3,Fagus sylvatica,Abies alba,0.004961256944444444,0,0,0.196685,144,0,Valid
2025-06-09,1878,908,Buche1_P1,P1,Fagus sylvatica,Fagus sylvatica,11.635096923611112,1.906752,0,38.655725,144,0,Valid
2025-06-09,1879,909,Buche2_P1,P1,Fagus sylvatica,Fagus sylvatica,109.35292823611111,106.39719,95.849467,127.532638,144,0,Valid
2025-06-09,1880,910,Buche3_P1,P1,Fagus sylvatica,Fagus sylvatica,13.326438569444445,6.027794,0,38.750233,144,0,Valid
2025-06-09,1881,911,Fichte1_P1,P1,Abies alba,Abies alba,90.27772966666667,93.3701235,20.481833,164.981197,144,0,Valid
2025-06-09,1882,912,Fichte2_P1,P1,Abies alba,Abies alba,85.23299963888888,73.2306765,34.918801,141.400987,144,0,Valid
2025-06-09,1883,913,Fichte3_P1,P1,Abies alba,Abies alba,47.537125986111114,49.7016355,0.838885,98.150837,144,0,Valid
2025-06-09,1884,914,Fichte1_G1,G1,Abies alba,Abies alba,52.76136992361111,40.287823,1.924296,116.391281,144,0,Valid
2025-06-09,1885,915,Fichte2_G1,G1,Abies alba,Abies alba,149.2158203611111,139.4295085,69.668912,243.619871,144,0,Valid
2025-06-09,1886,916,Fichte3_G1,G1,Abies alba,Abies alba,15.53602045138889,12.685880000000001,0,37.723938,144,0,Valid
2025-06-09,1887,917,Buche1_G1,G1,Fagus sylvatica,Fagus sylvatica,11.155491673611111,1.607859,0,42.845663,144,0,Valid
2025-06-09,1888,918,Buche2_G1,G1,Fagus sylvatica,Fagus sylvatica,6.001373479166666,0,0,23.374681,144,0,Valid
2025-06-09,1889,919,Buche3_G1,G1,Fagus sylvatica,Fagus sylvatica,8.389134194444445,2.5330955,0,25.556886,144,0,Valid
2025-06-09,1890,920,Fichte1_P2,P2,Abies alba,Abies alba,31.41876903472222,28.152785,0,65.874823,144,0,Valid
2025-06-09,1891,921,Fichte2_P2,P2,Abies alba,Abies alba,6.406036743055555,0.010219,0,19.835939,144,0,Valid
2025-06-09,1892,922,Fichte3_P2,P2,Abies alba,Abies alba,63.49818081944444,58.587204,24.486418,106.445937,144,0,Valid
2025-06-09,1893,923,Buche1_P2,P2,Fagus sylvatica,Fagus sylvatica,9.493281430555555,10.8749895,0,23.676865,144,0,Valid
2025-06-09,1894,924,Buche2_P2,P2,Fagus sylvatica,Fagus sylvatica,24.29518690277778,23.676185500000003,0,61.725292,144,0,Valid
2025-06-09,1895,925,Buche3_P2,P2,Fagus sylvatica,Fagus sylvatica,8.314025208333334,3.029455,0,27.425138,144,0,Valid
2025-06-09,1896,926,Buche1_P3,P3,Fagus sylvatica,Fagus sylvatica,48.18092633333333,47.977686000000006,24.479107,74.495527,144,0,Valid
2025-06-09,1897,927,Buche2_P3,P3,Fagus sylvatica,Fagus sylvatica,7.827782590277778,0,0,23.246706,144,0,Valid
2025-06-09,1898,928,Buche3_P3,P3,Fagus sylvatica,Fagus sylvatica,14.452269868055556,8.575478,0,40.872546,144,0,Valid
2025-06-09,1899,929,Fichte1_P3,P3,Fagus sylvatica,Abies alba,13.572151493055555,4.171355999999999,0,41.064022,144,0,Valid
2025-06-09,1900,930,Fichte2_P3,P3,Fagus sylvatica,Abies alba,43.68541170138889,40.1293065,18.501318,69.803658,144,0,Valid
2025-06-09,1901,931,Fichte3_P3,P3,Fagus sylvatica,Abies alba,23.648532729166668,18.04674,0,57.91001,144,0,Valid
2025-06-10,1878,908,Buche1_P1,P1,Fagus sylvatica,Fagus sylvatica,9.530755,0,0,33.748892,144,0,Valid
2025-06-10,1879,909,Buche2_P1,P1,Fagus sylvatica,Fagus sylvatica,109.96554565277778,110.117051,98.814158,120.078318,144,0,Valid
2025-06-10,1880,910,Buche3_P1,P1,Fagus sylvatica,Fagus sylvatica,9.2104669375,0.4389125,0,34.366486,144,0,Valid
2025-06-10,1881,911,Fichte1_P1,P1,Abies alba,Abies alba,66.65685965972222,65.0802715,7.826574,121.0939,144,0,Valid
2025-06-10,1882,912,Fichte2_P1,P1,Abies alba,Abies alba,83.37269672222222,80.87887,39.448911,124.430168,144,0,Valid
2025-06-10,1883,913,Fichte3_P1,P1,Abies alba,Abies alba,30.3447613125,26.635312,0,72.440251,144,0,Valid
2025-06-10,1884,914,Fichte1_G1,G1,Abies alba,Abies alba,55.97334611111111,44.1567905,0,128.929256,144,0,Valid
2025-06-10,1885,915,Fichte2_G1,G1,Abies alba,Abies alba,147.35664174305555,142.223434,77.170906,219.390987,144,0,Valid
2025-06-10,1886,916,Fichte3_G1,G1,Abies alba,Abies alba,4.720858180555555,1.5241235,0,14.421518,144,0,Valid
2025-06-10,1887,917,Buche1_G1,G1,Fagus sylvatica,Fagus sylvatica,3.4920976458333333,0,0,17.034432,144,0,Valid
2025-06-10,1888,918,Buche2_G1,G1,Fagus sylvatica,Fagus sylvatica,1.5582815763888889,0,0,6.650473,144,0,Valid
2025-06-10,1889,919,Buche3_G1,G1,Fagus sylvatica,Fagus sylvatica,4.233004569444445,0,0,15.215537,144,0,Valid
2025-06-10,1890,920,Fichte1_P2,P2,Abies alba,Abies alba,14.0463958125,12.7256135,0,34.931594,144,0,Valid
2025-06-10,1891,921,Fichte2_P2,P2,Abies alba,Abies alba,0.6810990694444444,0,0,3.617918,144,0,Valid
2025-06-10,1892,922,Fichte3_P2,P2,Abies alba,Abies alba,35.4260813125,37.5365975,3.344731,65.827048,144,0,Valid
2025-06-10,1893,923,Buche1_P2,P2,Fagus sylvatica,Fagus sylvatica,5.959680569444444,5.600251,0,14.402772,144,0,Valid
2025-06-10,1894,924,Buche2_P2,P2,Fagus sylvatica,Fagus sylvatica,14.979486847222223,13.4459935,0,36.139938,144,0,Valid
2025-06-10,1895,925,Buche3_P2,P2,Fagus sylvatica,Fagus sylvatica,3.4776928194444445,0,0,12.394954,144,0,Valid
2025-06-10,1896,926,Buche1_P3,P3,Fagus sylvatica,Fagus sylvatica,41.458160166666666,40.8646485,22.622446,59.320732,144,0,Valid
2025-06-10,1897,927,Buche2_P3,P3,Fagus sylvatica,Fagus sylvatica,5.403245520833333,0,0,17.723779,144,0,Valid
2025-06-10,1898,928,Buche3_P3,P3,Fagus sylvatica,Fagus sylvatica,12.688193715277778,0.8967715,0,40.153409,144,0,Valid
2025-06-10,1899,929,Fichte1_P3,P3,Fagus sylvatica,Abies alba,4.408982506944445,0,0,16.13636,144,0,Valid
2025-06-10,1900,930,Fichte2_P3,P3,Fagus sylvatica,Abies alba,42.64415842361111,45.0261965,23.396583,60.716828,144,0,Valid
2025-06-10,1901,931,Fichte3_P3,P3,Fagus sylvatica,Abies alba,31.06022136111111,30.868004,13.861839,44.124812,144,0,Valid
2025-06-11,1878,908,Buche1_P1,P1,Fagus sylvatica,Fagus sylvatica,16.98374103472222,4.936795,0,55.409335,144,0,Valid
2025-06-11,1879,909,Buche2_P1,P1,Fagus sylvatica,Fagus sylvatica,114.3972540625,113.17226099999999,99.918788,132.328267,144,0,Valid
2025-06-11,1880,910,Buche3_P1,P1,Fagus sylvatica,Fagus sylvatica,13.716234180555556,7.404463,0,42.815819,144,0,Valid
2025-06-11,1881,911,Fichte1_P1,P1,Abies alba,Abies alba,61.526012173611115,39.907360499999996,0,147.430031,144,0,Valid
2025-06-11,1882,912,Fichte2_P1,P1,Abies alba,Abies alba,57.760345083333334,54.612234,4.037251,121.405917,144,0,Valid
2025-06-11,1883,913,Fichte3_P1,P1,Abies alba,Abies alba,36.88772765972222,14.9686995,0,102.365814,144,0,Valid
2025-06-11,1884,914,Fichte1_G1,G1,Abies alba,Abies alba,61.556430347222225,42.491218,0,152.936038,144,0,Valid
2025-06-11,1885,915,Fichte2_G1,G1,Abies alba,Abies alba,148.2459002847222,139.90770099999997,50.766798,248.753818,144,0,Valid
2025-06-11,1886,916,Fichte3_G1,G1,Abies alba,Abies alba,10.546691763888889,11.804632999999999,0,24.258622,144,0,Valid
2025-06-11,1887,917,Buche1_G1,G1,Fagus sylvatica,Fagus sylvatica,13.305231083333334,1.5308655,0,45.393397,144,0,Valid
2025-06-11,1888,918,Buche2_G1,G1,Fagus sylvatica,Fagus sylvatica,4.145519013888889,0,0,14.355206,144,0,Valid
2025-06-11,1889,919,Buche3_G1,G1,Fagus sylvatica,Fagus sylvatica,10.207786958333333,2.411225,0,28.51564,144,0,Valid
2025-06-11,1890,920,Fichte1_P2,P2,Abies alba,Abies alba,24.393107194444443,17.981360000000002,0,62.585704,144,0,Valid
2025-06-11,1891,921,Fichte2_P2,P2,Abies alba,Abies alba,5.380488104166667,0,0,19.308783,144,0,Valid
2025-06-11,1892,922,Fichte3_P2,P2,Abies alba,Abies alba,33.729431506944444,23.299156,0,84.319806,144,0,Valid
2025-06-11,1893,923,Buche1_P2,P2,Fagus sylvatica,Fagus sylvatica,6.230354298611111,2.6369154999999997,0,19.051051,144,0,Valid
2025-06-11,1894,924,Buche2_P2,P2,Fagus sylvatica,Fagus sylvatica,18.837952736111113,15.721154499999999,0,51.474476,144,0,Valid
2025-06-11,1895,925,Buche3_P2,P2,Fagus sylvatica,Fagus sylvatica,5.930953256944444,0.532797,0,21.852962,144,0,Valid
2025-06-11,1896,926,Buche1_P3,P3,Fagus sylvatica,Fagus sylvatica,22.780515868055556,24.9595205,7.177123,45.903017,144,0,Valid
2025-06-11,1897,927,Buche2_P3,P3,Fagus sylvatica,Fagus sylvatica,7.882472965277778,0,0,24.547652,144,0,Valid
2025-06-11,1898,928,Buche3_P3,P3,Fagus sylvatica,Fagus sylvatica,17.537266375,11.370568500000001,0,49.992274,144,0,Valid
2025-06-11,1899,929,Fichte1_P3,P3,Fagus sylvatica,Abies alba,8.134848256944444,0.4568865,0,25.848802,144,0,Valid
2025-06-11,1900,930,Fichte2_P3,P3,Fagus sylvatica,Abies alba,26.898009451388887,25.181323,2.240458,52.074238,144,0,Valid
2025-06-11,1901,931,Fichte3_P3,P3,Fagus sylvatica,Abies alba,20.150444423611113,16.588635500000002,0,49.10399,144,0,Valid
2025-06-12,1878,908,Buche1_P1,P1,Fagus sylvatica,Fagus sylvatica,13.527012715277777,2.0654084999999998,0,44.827877,144,0,Valid
2025-06-12,1879,909,Buche2_P1,P1,Fagus sylvatica,Fagus sylvatica,118.57630848611112,117.7174005,108.195345,128.685107,144,0,Valid
2025-06-12,1880,910,Buche3_P1,P1,Fagus sylvatica,Fagus sylvatica,12.120166263888889,0.3098915,0,40.949562,144,0,Valid
2025-06-12,1881,911,Fichte1_P1,P1,Abies alba,Abies alba,51.2722759375,48.8766635,0,107.570529,144,0,Valid
2025-06-12,1882,912,Fichte2_P1,P1,Abies alba,Abies alba,35.825733131944446,30.252888499999997,0,86.088774,144,0,Valid
2025-06-12,1883,913,Fichte3_P1,P1,Abies alba,Abies alba,29.589111243055555,27.763689499999998,0,69.341803,144,0,Valid
2025-06-12,1884,914,Fichte1_G1,G1,Abies alba,Abies alba,63.95266591666667,55.841592000000006,0,146.370506,144,0,Valid
2025-06-12,1885,915,Fichte2_G1,G1,Abies alba,Abies alba,138.16182856944445,134.713085,60.505123,211.947891,144,0,Valid
2025-06-12,1886,916,Fichte3_G1,G1,Abies alba,Abies alba,3.4062795555555554,0,0,12.918479,144,0,Valid
2025-06-12,1887,917,Buche1_G1,G1,Fagus sylvatica,Fagus sylvatica,6.423200944444444,0,0,24.36962,144,0,Valid
2025-06-12,1888,918,Buche2_G1,G1,Fagus sylvatica,Fagus sylvatica,1.2846579305555557,0,0,8.618441,144,0,Valid
2025-06-12,1889,919,Buche3_G1,G1,Fagus sylvatica,Fagus sylvatica,5.182350798611111,0,0,17.197489,144,0,Valid
2025-06-12,1890,920,Fichte1_P2,P2,Abies alba,Abies alba,13.950784597222222,8.446731,0,38.429075,144,0,Valid
2025-06-12,1891,921,Fichte2_P2,P2,Abies alba,Abies alba,0.8227213819444444,0,0,6.801946,144,0,Valid
2025-06-12,1892,922,Fichte3_P2,P2,Abies alba,Abies alba,23.445338111111113,22.7544235,0,51.402093,144,0,Valid
2025-06-12,1893,923,Buche1_P2,P2,Fagus sylvatica,Fagus sylvatica,2.668272159722222,0,0,9.89978,144,0,Valid
2025-06-12,1894,924,Buche2_P2,P2,Fagus sylvatica,Fagus sylvatica,12.454605402777778,4.63216,0,37.531653,144,0,Valid
2025-06-12,1895,925,Buche3_P2,P2,Fagus sylvatica,Fagus sylvatica,3.803410576388889,0,0,14.175842,144,0,Valid
2025-06-12,1896,926,Buche1_P3,P3,Fagus sylvatica,Fagus sylvatica,13.014262298611111,13.56393,0,41.870781,144,0,Valid
2025-06-12,1897,927,Buche2_P3,P3,Fagus sylvatica,Fagus sylvatica,7.890018048611111,0.0706795,0,25.983502,144,0,Valid
2025-06-12,1898,928,Buche3_P3,P3,Fagus sylvatica,Fagus sylvatica,17.341807777777777,4.3051155,0,52.463318,144,0,Valid
2025-06-12,1899,929,Fichte1_P3,P3,Fagus sylvatica,Abies alba,5.092698715277778,0,0,18.821245,144,0,Valid
2025-06-12,1900,930,Fichte2_P3,P3,Fagus sylvatica,Abies alba,19.016221770833333,19.111135,0,37.473792,144,0,Valid
2025-06-12,1901,931,Fichte3_P3,P3,Fagus sylvatica,Abies alba,11.614064381944445,8.184396499999998,0,31.996438,144,0,Valid
2025-06-13,1878,908,Buche1_P1,P1,Fagus sylvatica,Fagus sylvatica,18.409716243055556,5.930036,0,59.737126,144,0,Valid
2025-06-13,1879,909,Buche2_P1,P1,Fagus sylvatica,Fagus sylvatica,118.71498559027778,114.598855,107.680831,130.795184,144,0,Valid
2025-06-13,1880,910,Buche3_P1,P1,Fagus sylvatica,Fagus sylvatica,15.990495868055556,5.1150275,0,52.55996,144,0,Valid
2025-06-13,1881,911,Fichte1_P1,P1,Abies alba,Abies alba,60.47200904166667,57.0301905,0,140.940318,144,0,Valid
2025-06-13,1882,912,Fichte2_P1,P1,Abies alba,Abies alba,43.50662786805555,30.856302499999998,0,110.713324,144,0,Valid
2025-06-13,1883,913,Fichte3_P1,P1,Abies alba,Abies alba,35.05145734027778,18.2270715,0,99.876314,144,0,Valid
2025-06-13,1884,914,Fichte1_G1,G1,Abies alba,Abies alba,68.10255990277777,54.810281,0,155.413582,144,0,Valid
2025-06-13,1885,915,Fichte2_G1,G1,Abies alba,Abies alba,125.00189526388888,126.32854749999998,28.104823,217.794553,144,0,Valid
2025-06-13,1886,916,Fichte3_G1,G1,Abies alba,Abies alba,6.699675965277778,1.076111,0,19.896529,144,0,Valid
2025-06-13,1887,917,Buche1_G1,G1,Fagus sylvatica,Fagus sylvatica,13.831734256944443,0,0,42.987915,144,0,Valid
2025-06-13,1888,918,Buche2_G1,G1,Fagus sylvatica,Fagus sylvatica,6.113692854166667,0,0,23.89281,144,0,Valid
2025-06-13,1889,919,Buche3_G1,G1,Fagus sylvatica,Fagus sylvatica,9.9937923125,1.758216,0,30.448454,144,0,Valid
2025-06-13,1890,920,Fichte1_P2,P2,Abies alba,Abies alba,19.745410701388888,15.988832500000001,0,57.544285,144,0,Valid
2025-06-13,1891,921,Fichte2_P2,P2,Abies alba,Abies alba,0.8947759444444444,0,0,8.255502,144,0,Valid
2025-06-13,1892,922,Fichte3_P2,P2,Abies alba,Abies alba,26.0993208125,22.014114,0,67.182781,144,0,Valid
2025-06-13,1893,923,Buche1_P2,P2,Fagus sylvatica,Fagus sylvatica,5.468118548611111,0.41350699999999996,0,19.192378,144,0,Valid
2025-06-13,1894,924,Buche2_P2,P2,Fagus sylvatica,Fagus sylvatica,15.526582888888889,10.5400065,0,42.672783,144,0,Valid
2025-06-13,1895,925,Buche3_P2,P2,Fagus sylvatica,Fagus sylvatica,5.712943902777778,0,0,20.085857,144,0,Valid
2025-06-13,1896,926,Buche1_P3,P3,Fagus sylvatica,Fagus sylvatica,21.031240409722223,15.7328835,0,63.481438,144,0,Valid
2025-06-13,1897,927,Buche2_P3,P3,Fagus sylvatica,Fagus sylvatica,9.5857956875,1.0081525,0,30.74533,144,0,Valid
2025-06-13,1898,928,Buche3_P3,P3,Fagus sylvatica,Fagus sylvatica,23.833109548611112,13.269389499999999,0,68.863972,144,0,Valid
2025-06-13,1899,929,Fichte1_P3,P3,Fagus sylvatica,Abies alba,5.3005183125,0,0,18.225729,144,0,Valid
2025-06-13,1900,930,Fichte2_P3,P3,Fagus sylvatica,Abies alba,18.832440631944444,10.9350115,0,50.534098,144,0,Valid
2025-06-13,1901,931,Fichte3_P3,P3,Fagus sylvatica,Abies alba,10.053426256944444,4.523668000000001,0,30.112372,144,0,Valid
2025-06-14,1878,908,Buche1_P1,P1,Fagus sylvatica,Fagus sylvatica,19.0235119375,1.370397,0,59.809435,144,0,Valid
2025-06-14,1879,909,Buche2_P1,P1,Fagus sylvatica,Fagus sylvatica,123.72111088194444,120.671004,114.369682,136.086423,144,0,Valid
2025-06-14,1880,910,Buche3_P1,P1,Fagus sylvatica,Fagus sylvatica,18.282058395833335,2.9080925,0,58.992331,144,0,Valid
2025-06-14,1881,911,Fichte1_P1,P1,Abies alba,Abies alba,72.93870520833333,66.657504,0,161.40668,144,0,Valid
2025-06-14,1882,912,Fichte2_P1,P1,Abies alba,Abies alba,41.04101911111111,30.379381000000002,0,112.856548,144,0,Valid
2025-06-14,1883,913,Fichte3_P1,P1,Abies alba,Abies alba,37.190600868055554,25.318146,0,102.723354,144,0,Valid
2025-06-14,1884,914,Fichte1_G1,G1,Abies alba,Abies alba,66.38585394444445,61.4783315,0,149.957767,144,0,Valid
2025-06-14,1885,915,Fichte2_G1,G1,Abies alba,Abies alba,127.66174786111111,132.0454095,29.496483,220.847818,144,0,Valid
2025-06-14,1886,916,Fichte3_G1,G1,Abies alba,Abies alba,6.771471229166667,0,0,22.572399,144,0,Valid
2025-06-14,1887,917,Buche1_G1,G1,Fagus sylvatica,Fagus sylvatica,10.885646027777778,0,0,40.150804,144,0,Valid
2025-06-14,1888,918,Buche2_G1,G1,Fagus sylvatica,Fagus sylvatica,3.831020159722222,0,0,15.765806,144,0,Valid
2025-06-14,1889,919,Buche3_G1,G1,Fagus sylvatica,Fagus sylvatica,8.363811159722223,0,0,28.194782,144,0,Valid
2025-06-14,1890,920,Fichte1_P2,P2,Abies alba,Abies alba,18.039663347222223,11.0133885,0,50.951294,144,0,Valid
2025-06-14,1891,921,Fichte2_P2,P2,Abies alba,Abies alba,1.163887986111111,0,0,9.249402,144,0,Valid
2025-06-14,1892,922,Fichte3_P2,P2,Abies alba,Abies alba,29.157591298611113,24.526504,0,71.750576,144,0,Valid
2025-06-14,1893,923,Buche1_P2,P2,Fagus sylvatica,Fagus sylvatica,6.525853013888889,0.0828435,0,21.906053,144,0,Valid
2025-06-14,1894,924,Buche2_P2,P2,Fagus sylvatica,Fagus sylvatica,18.71452007638889,8.918696,0,54.482776,144,0,Valid
2025-06-14,1895,925,Buche3_P2,P2,Fagus sylvatica,Fagus sylvatica,5.588248972222222,0,0,19.832768,144,0,Valid
2025-06-14,1896,926,Buche1_P3,P3,Fagus sylvatica,Fagus sylvatica,15.598384847222222,14.453107500000002,0,47.232052,144,0,Valid
2025-06-14,1897,927,Buche2_P3,P3,Fagus sylvatica,Fagus sylvatica,9.149928763888889,1.79843,0,28.413751,144,0,Valid
2025-06-14,1898,928,Buche3_P3,P3,Fagus sylvatica,Fagus sylvatica,20.816987006944444,8.59052,0,61.335115,144,0,Valid
2025-06-14,1899,929,Fichte1_P3,P3,Fagus sylvatica,Abies alba,7.211419506944445,0,0,23.839982,144,0,Valid
2025-06-14,1900,930,Fichte2_P3,P3,Fagus sylvatica,Abies alba,22.70508911111111,21.5191935,0,52.063285,144,0,Valid
2025-06-14,1901,931,Fichte3_P3,P3,Fagus sylvatica,Abies alba,12.49515607638889,4.6579925,0,38.889906,144,0,Valid
2025-06-15,1878,908,Buche1_P1,P1,Fagus sylvatica,Fagus sylvatica,10.245851715277778,0,0,47.194809,144,0,Valid
2025-06-15,1879,909,Buche2_P1,P1,Fagus sylvatica,Fagus sylvatica,128.83546752083333,124.7956305,117.948837,139.318589,144,0,Valid
2025-06-15,1880,910,Buche3_P1,P1,Fagus sylvatica,Fagus sylvatica,10.069998222222223,0,0,42.418494,144,0,Valid
2025-06-15,1881,911,Fichte1_P1,P1,Abies alba,Abies alba,64.33238614583334,64.88493600000001,0,145.842999,144,0,Valid
2025-06-15,1882,912,Fichte2_P1,P1,Abies alba,Abies alba,28.462314493055555,17.946492,0,76.405806,144,0,Valid
2025-06-15,1883,913,Fichte3_P1,P1,Abies alba,Abies alba,34.1635730625,22.7968045,0,90.046058,144,0,Valid
2025-06-15,1884,914,Fichte1_G1,G1,Abies alba,Abies alba,51.84998673611111,57.0444805,0,107.957554,144,0,Valid
2025-06-15,1885,915,Fichte2_G1,G1,Abies alba,Abies alba,103.88803536805555,113.74561650000001,9.135214,193.903331,144,0,Valid
2025-06-15,1886,916,Fichte3_G1,G1,Abies alba,Abies alba,5.1443564375,0,0,22.63404,144,0,Valid
2025-06-15,1887,917,Buche1_G1,G1,Fagus sylvatica,Fagus sylvatica,8.772288784722223,0,0,44.572125,144,0,Valid
2025-06-15,1888,918,Buche2_G1,G1,Fagus sylvatica,Fagus sylvatica,2.5918117916666668,0,0,19.186176,144,0,Valid
2025-06-15,1889,919,Buche3_G1,G1,Fagus sylvatica,Fagus sylvatica,4.749476520833333,0,0,29.018499,144,0,Valid
2025-06-15,1890,920,Fichte1_P2,P2,Abies alba,Abies alba,13.001237659722221,7.4551615,0,47.061249,144,0,Valid
2025-06-15,1891,921,Fichte2_P2,P2,Abies alba,Abies alba,3.0953421458333334,0,0,23.472396,144,0,Valid
2025-06-15,1892,922,Fichte3_P2,P2,Abies alba,Abies alba,29.284823888888887,23.906039999999997,0,81.493104,144,0,Valid
2025-06-15,1893,923,Buche1_P2,P2,Fagus sylvatica,Fagus sylvatica,3.2806891944444443,0,0,15.83081,144,0,Valid
2025-06-15,1894,924,Buche2_P2,P2,Fagus sylvatica,Fagus sylvatica,12.946639486111112,1.6627265,0,53.307026,144,0,Valid
2025-06-15,1895,925,Buche3_P2,P2,Fagus sylvatica,Fagus sylvatica,3.094953673611111,0,0,20.877591,144,0,Valid
2025-06-15,1896,926,Buche1_P3,P3,Fagus sylvatica,Fagus sylvatica,12.617784340277778,10.30294,0,33.248779,144,0,Valid
2025-06-15,1897,927,Buche2_P3,P3,Fagus sylvatica,Fagus sylvatica,5.481452131944445,0,0,35.059751,144,0,Valid
2025-06-15,1898,928,Buche3_P3,P3,Fagus sylvatica,Fagus sylvatica,11.052840013888888,0,0,51.380368,144,0,Valid
2025-06-15,1899,929,Fichte1_P3,P3,Fagus sylvatica,Abies alba,9.281950145833333,0,0,39.154425,144,0,Valid
2025-06-15,1900,930,Fichte2_P3,P3,Fagus sylvatica,Abies alba,20.93627811111111,21.9427465,0,50.916434,144,0,Valid
2025-06-15,1901,931,Fichte3_P3,P3,Fagus sylvatica,Abies alba,13.21895598611111,6.941637999999999,0,48.108495,144,0,Valid
2025-06-16,1878,908,Buche1_P1,P1,Fagus sylvatica,Fagus sylvatica,10.2860925,3.4815069999999997,0,29.655209,144,0,Valid
2025-06-16,1879,909,Buche2_P1,P1,Fagus sylvatica,Fagus sylvatica,136.6851624236111,137.024171,127.247505,146.637983,144,0,Valid
2025-06-16,1880,910,Buche3_P1,P1,Fagus sylvatica,Fagus sylvatica,8.947254965277779,3.7981394999999996,0,31.247928,144,0,Valid
2025-06-16,1881,911,Fichte1_P1,P1,Abies alba,Abies alba,70.92289063888889,60.215021,0,162.585975,144,0,Valid
2025-06-16,1882,912,Fichte2_P1,P1,Abies alba,Abies alba,33.327997277777776,26.337040000000002,0,86.107664,144,0,Valid
2025-06-16,1883,913,Fichte3_P1,P1,Abies alba,Abies alba,33.73690950694444,24.218397500000002,0,89.04848,144,0,Valid
2025-06-16,1884,914,Fichte1_G1,G1,Abies alba,Abies alba,53.3753039375,44.5501515,0,115.88451,144,0,Valid
2025-06-16,1885,915,Fichte2_G1,G1,Abies alba,Abies alba,101.20382991666666,93.09036599999999,11.596152,194.328973,144,0,Valid
2025-06-16,1886,916,Fichte3_G1,G1,Abies alba,Abies alba,4.462785993055555,0,0,14.002505,144,0,Valid
2025-06-16,1887,917,Buche1_G1,G1,Fagus sylvatica,Fagus sylvatica,6.987377388888889,0.7936485,0,24.693541,144,0,Valid
2025-06-16,1888,918,Buche2_G1,G1,Fagus sylvatica,Fagus sylvatica,2.829949875,0,0,12.302725,144,0,Valid
2025-06-16,1889,919,Buche3_G1,G1,Fagus sylvatica,Fagus sylvatica,4.8769725486111115,0.669027,0,15.824651,144,0,Valid
2025-06-16,1890,920,Fichte1_P2,P2,Abies alba,Abies alba,13.436730756944444,6.602316999999999,0,41.647813,144,0,Valid
2025-06-16,1891,921,Fichte2_P2,P2,Abies alba,Abies alba,1.2908385,0,0,8.538823,144,0,Valid
2025-06-16,1892,922,Fichte3_P2,P2,Abies alba,Abies alba,22.743563652777777,18.776957,0,56.650516,144,0,Valid
2025-06-16,1893,923,Buche1_P2,P2,Fagus sylvatica,Fagus sylvatica,4.079003520833333,0,0,13.98369,144,0,Valid
2025-06-16,1894,924,Buche2_P2,P2,Fagus sylvatica,Fagus sylvatica,13.839652361111112,7.6832205,0,39.644775,144,0,Valid
2025-06-16,1895,925,Buche3_P2,P2,Fagus sylvatica,Fagus sylvatica,3.4557520416666665,0,0,14.316756,144,0,Valid
2025-06-16,1896,926,Buche1_P3,P3,Fagus sylvatica,Fagus sylvatica,14.545919833333333,13.1742655,0,33.376076,144,0,Valid
2025-06-16,1897,927,Buche2_P3,P3,Fagus sylvatica,Fagus sylvatica,4.582117430555556,0.051152500000000004,0,16.091836,144,0,Valid
2025-06-16,1898,928,Buche3_P3,P3,Fagus sylvatica,Fagus sylvatica,10.44973436111111,0.8032170000000001,0,35.081652,144,0,Valid
2025-06-16,1899,929,Fichte1_P3,P3,Fagus sylvatica,Abies alba,6.616433020833333,0,0,23.995714,144,0,Valid
2025-06-16,1900,930,Fichte2_P3,P3,Fagus sylvatica,Abies alba,16.330683090277777,15.809094,0,34.949769,144,0,Valid
2025-06-16,1901,931,Fichte3_P3,P3,Fagus sylvatica,Abies alba,11.214849347222222,3.945502,0,34.058252,144,0,Valid
2025-06-17,1878,908,Buche1_P1,P1,Fagus sylvatica,Fagus sylvatica,13.540461659722222,3.0188805,0,45.68088,144,0,Valid
2025-06-17,1879,909,Buche2_P1,P1,Fagus sylvatica,Fagus sylvatica,145.6042935625,142.2287635,135.488731,158.743603,144,0,Valid
2025-06-17,1880,910,Buche3_P1,P1,Fagus sylvatica,Fagus sylvatica,9.676872152777777,1.624642,0,32.573685,144,0,Valid
2025-06-17,1881,911,Fichte1_P1,P1,Abies alba,Abies alba,78.26450801388889,68.494608,0,182.213143,144,0,Valid
2025-06-17,1882,912,Fichte2_P1,P1,Abies alba,Abies alba,44.796573145833335,35.845638,0,108.814716,144,0,Valid
2025-06-17,1883,913,Fichte3_P1,P1,Abies alba,Abies alba,39.09931681944445,28.4009255,0,104.899809,144,0,Valid
2025-06-17,1884,914,Fichte1_G1,G1,Abies alba,Abies alba,82.78865070833334,66.05735250000001,9.035633,179.575766,144,0,Valid
2025-06-17,1885,915,Fichte2_G1,G1,Abies alba,Abies alba,122.05996079861112,118.063306,26.510572,212.884516,144,0,Valid
2025-06-17,1886,916,Fichte3_G1,G1,Abies alba,Abies alba,5.033972340277778,2.6226815,0,13.241524,144,0,Valid
2025-06-17,1887,917,Buche1_G1,G1,Fagus sylvatica,Fagus sylvatica,10.488402659722222,5.872500499999999,0,32.643347,144,0,Valid
2025-06-17,1888,918,Buche2_G1,G1,Fagus sylvatica,Fagus sylvatica,2.7413387916666667,0.544592,0,10.070867,144,0,Valid
2025-06-17,1889,919,Buche3_G1,G1,Fagus sylvatica,Fagus sylvatica,6.733939180555556,2.60953,0,18.346427,144,0,Valid
2025-06-17,1890,920,Fichte1_P2,P2,Abies alba,Abies alba,20.45204648611111,19.471159,0,45.092545,144,0,Valid
2025-06-17,1891,921,Fichte2_P2,P2,Abies alba,Abies alba,3.0721534166666666,0,0,13.690749,144,0,Valid
2025-06-17,1892,922,Fichte3_P2,P2,Abies alba,Abies alba,29.094941576388887,28.182630500000002,0,68.208796,144,0,Valid
2025-06-17,1893,923,Buche1_P2,P2,Fagus sylvatica,Fagus sylvatica,4.949648986111111,0,0,15.108575,144,0,Valid
2025-06-17,1894,924,Buche2_P2,P2,Fagus sylvatica,Fagus sylvatica,16.500002395833334,10.382333,0,43.994313,144,0,Valid
2025-06-17,1895,925,Buche3_P2,P2,Fagus sylvatica,Fagus sylvatica,3.743269375,0,0,12.361626,144,0,Valid
2025-06-17,1896,926,Buche1_P3,P3,Fagus sylvatica,Fagus sylvatica,13.363484277777777,14.510041000000001,0,34.342383,144,0,Valid
2025-06-17,1897,927,Buche2_P3,P3,Fagus sylvatica,Fagus sylvatica,5.8519709027777775,2.3414355000000002,0,15.86897,144,0,Valid
2025-06-17,1898,928,Buche3_P3,P3,Fagus sylvatica,Fagus sylvatica,16.1594921875,5.7111979999999996,0,45.741501,144,0,Valid
2025-06-17,1899,929,Fichte1_P3,P3,Fagus sylvatica,Abies alba,14.101717722222222,9.2742415,0,36.959851,144,0,Valid
2025-06-17,1900,930,Fichte2_P3,P3,Fagus sylvatica,Abies alba,22.425086055555557,19.1378175,0,48.55196,144,0,Valid
2025-06-17,1901,931,Fichte3_P3,P3,Fagus sylvatica,Abies alba,10.903785208333334,8.719314,0,28.183584,144,0,Valid
2025-06-18,1878,908,Buche1_P1,P1,Fagus sylvatica,Fagus sylvatica,15.616402930555555,6.1352845,0,51.315534,144,0,Valid
2025-06-18,1879,909,Buche2_P1,P1,Fagus sylvatica,Fagus sylvatica,153.7424937361111,152.99685749999998,139.277464,167.776809,144,0,Valid
2025-06-18,1880,910,Buche3_P1,P1,Fagus sylvatica,Fagus sylvatica,18.31018316666667,6.4328155,0,54.335339,144,0,Valid
2025-06-18,1881,911,Fichte1_P1,P1,Abies alba,Abies alba,75.86855661805555,75.59827849999999,0,168.075868,144,0,Valid
2025-06-18,1882,912,Fichte2_P1,P1,Abies alba,Abies alba,47.9249623125,40.948301,0,124.774526,144,0,Valid
2025-06-18,1883,913,Fichte3_P1,P1,Abies alba,Abies alba,38.13020409027778,29.4131475,0,104.313097,144,0,Valid
2025-06-18,1884,914,Fichte1_G1,G1,Abies alba,Abies alba,88.73209275,80.5082725,5.735145,186.256056,144,0,Valid
2025-06-18,1885,915,Fichte2_G1,G1,Abies alba,Abies alba,118.80911577083333,123.7101885,17.100634,207.846986,144,0,Valid
2025-06-18,1886,916,Fichte3_G1,G1,Abies alba,Abies alba,3.390255486111111,0,0,10.683636,144,0,Valid
2025-06-18,1887,917,Buche1_G1,G1,Fagus sylvatica,Fagus sylvatica,7.961291006944444,1.152843,0,26.10022,144,0,Valid
2025-06-18,1888,918,Buche2_G1,G1,Fagus sylvatica,Fagus sylvatica,3.9156339236111113,0.1721945,0,14.282623,144,0,Valid
2025-06-18,1889,919,Buche3_G1,G1,Fagus sylvatica,Fagus sylvatica,7.912240805555555,0.654714,0,24.816044,144,0,Valid
2025-06-18,1890,920,Fichte1_P2,P2,Abies alba,Abies alba,23.577556243055557,23.0256455,0,57.109145,144,0,Valid
2025-06-18,1891,921,Fichte2_P2,P2,Abies alba,Abies alba,4.548152479166666,0,0,21.757365,144,0,Valid
2025-06-18,1892,922,Fichte3_P2,P2,Abies alba,Abies alba,37.563948555555555,30.411888,0,86.437849,144,0,Valid
2025-06-18,1893,923,Buche1_P2,P2,Fagus sylvatica,Fagus sylvatica,4.1417327013888885,0.3117585,0,14.284387,144,0,Valid
2025-06-18,1894,924,Buche2_P2,P2,Fagus sylvatica,Fagus sylvatica,16.561105291666667,13.140503,0,45.126114,144,0,Valid
2025-06-18,1895,925,Buche3_P2,P2,Fagus sylvatica,Fagus sylvatica,8.004079222222222,0.21703650000000002,0,25.568069,144,0,Valid
2025-06-18,1896,926,Buche1_P3,P3,Fagus sylvatica,Fagus sylvatica,27.052103020833332,27.347152,0,66.094373,144,0,Valid
2025-06-18,1897,927,Buche2_P3,P3,Fagus sylvatica,Fagus sylvatica,9.259962569444445,2.391571,0,28.533144,144,0,Valid
2025-06-18,1898,928,Buche3_P3,P3,Fagus sylvatica,Fagus sylvatica,20.55615484722222,9.6927545,0,59.06915,144,0,Valid
2025-06-18,1899,929,Fichte1_P3,P3,Fagus sylvatica,Abies alba,12.380631784722222,5.35736,0,35.735067,144,0,Valid
2025-06-18,1900,930,Fichte2_P3,P3,Fagus sylvatica,Abies alba,28.750584604166665,24.052667,0,63.807386,144,0,Valid
2025-06-18,1901,931,Fichte3_P3,P3,Fagus sylvatica,Abies alba,16.98766775,11.921554,0,47.549327,144,0,Valid
2025-06-19,1878,908,Buche1_P1,P1,Fagus sylvatica,Fagus sylvatica,20.989203208333333,8.0118375,0,65.17519,144,0,Valid
2025-06-19,1879,909,Buche2_P1,P1,Fagus sylvatica,Fagus sylvatica,160.2362816527778,161.453858,142.268901,174.278966,144,0,Valid
2025-06-19,1880,910,Buche3_P1,P1,Fagus sylvatica,Fagus sylvatica,18.786651069444446,7.836909500000001,0,58.339182,144,0,Valid
2025-06-19,1881,911,Fichte1_P1,P1,Abies alba,Abies alba,77.92218876388888,71.3244305,0,186.012509,144,0,Valid
2025-06-19,1882,912,Fichte2_P1,P1,Abies alba,Abies alba,50.597626625,39.856204500000004,0,123.652168,144,0,Valid
2025-06-19,1883,913,Fichte3_P1,P1,Abies alba,Abies alba,37.70821241666667,26.888674,0,107.618937,144,0,Valid
2025-06-19,1884,914,Fichte1_G1,G1,Abies alba,Abies alba,92.1802984236111,78.5671705,0,203.571067,144,0,Valid
2025-06-19,1885,915,Fichte2_G1,G1,Abies alba,Abies alba,113.95336295138888,115.994076,8.863295,207.667865,144,0,Valid
2025-06-19,1886,916,Fichte3_G1,G1,Abies alba,Abies alba,4.808669826388889,1.258264,0,15.959588,144,0,Valid
2025-06-19,1887,917,Buche1_G1,G1,Fagus sylvatica,Fagus sylvatica,17.22367413888889,5.000122,0,50.119829,144,0,Valid
2025-06-19,1888,918,Buche2_G1,G1,Fagus sylvatica,Fagus sylvatica,5.799804986111111,0.7174795,0,21.566197,144,0,Valid
2025-06-19,1889,919,Buche3_G1,G1,Fagus sylvatica,Fagus sylvatica,10.216198298611111,2.9204369999999997,0,30.819366,144,0,Valid
2025-06-19,1890,920,Fichte1_P2,P2,Abies alba,Abies alba,23.066006479166667,18.0122755,0,57.176052,144,0,Valid
2025-06-19,1891,921,Fichte2_P2,P2,Abies alba,Abies alba,4.829824125,0,0,18.122075,144,0,Valid
2025-06-19,1892,922,Fichte3_P2,P2,Abies alba,Abies alba,38.94866353472222,37.3259495,0,85.635675,144,0,Valid
2025-06-19,1893,923,Buche1_P2,P2,Fagus sylvatica,Fagus sylvatica,5.0341317708333335,0.3478825,0,16.947159,144,0,Valid
2025-06-19,1894,924,Buche2_P2,P2,Fagus sylvatica,Fagus sylvatica,16.772260381944445,10.9160325,0,45.795582,144,0,Valid
2025-06-19,1895,925,Buche3_P2,P2,Fagus sylvatica,Fagus sylvatica,7.365351423611111,0.760978,0,22.711869,144,0,Valid
2025-06-19,1896,926,Buche1_P3,P3,Fagus sylvatica,Fagus sylvatica,32.226250541666666,27.296080500000002,0,73.071664,144,0,Valid
2025-06-19,1897,927,Buche2_P3,P3,Fagus sylvatica,Fagus sylvatica,11.045972354166667,3.2543905,0,31.351268,144,0,Valid
2025-06-19,1898,928,Buche3_P3,P3,Fagus sylvatica,Fagus sylvatica,18.28868129861111,8.371573999999999,0,52.810481,144,0,Valid
2025-06-19,1899,929,Fichte1_P3,P3,Fagus sylvatica,Abies alba,13.620158958333333,3.9229455,0,41.891149,144,0,Valid
2025-06-19,1900,930,Fichte2_P3,P3,Fagus sylvatica,Abies alba,30.447290895833333,30.78182,0,62.240445,144,0,Valid
2025-06-19,1901,931,Fichte3_P3,P3,Fagus sylvatica,Abies alba,16.11422192361111,10.232028,0,41.227456,144,0,Valid
2025-06-20,1878,908,Buche1_P1,P1,Fagus sylvatica,Fagus sylvatica,18.59538571527778,2.080349,0,63.173148,144,0,Valid
2025-06-20,1879,909,Buche2_P1,P1,Fagus sylvatica,Fagus sylvatica,166.86820339583332,165.1338165,155.91737,180.074062,144,0,Valid
2025-06-20,1880,910,Buche3_P1,P1,Fagus sylvatica,Fagus sylvatica,16.93979695138889,3.8255815,0,55.677887,144,0,Valid
2025-06-20,1881,911,Fichte1_P1,P1,Abies alba,Abies alba,77.15092707638888,69.9783845,0,183.555695,144,0,Valid
2025-06-20,1882,912,Fichte2_P1,P1,Abies alba,Abies alba,43.39917484722222,30.949106999999998,0,116.978955,144,0,Valid
2025-06-20,1883,913,Fichte3_P1,P1,Abies alba,Abies alba,39.97660470138889,26.684573999999998,0,109.245767,144,0,Valid
2025-06-20,1884,914,Fichte1_G1,G1,Abies alba,Abies alba,79.66758607638889,72.88220799999999,0.69714,174.23242,144,0,Valid
2025-06-20,1885,915,Fichte2_G1,G1,Abies alba,Abies alba,114.80036971527778,111.5067005,23.653886,202.919274,144,0,Valid
2025-06-20,1886,916,Fichte3_G1,G1,Abies alba,Abies alba,3.054030847222222,0,0,11.788682,144,0,Valid
2025-06-20,1887,917,Buche1_G1,G1,Fagus sylvatica,Fagus sylvatica,8.62654038888889,2.2538675,0,29.693897,144,0,Valid
2025-06-20,1888,918,Buche2_G1,G1,Fagus sylvatica,Fagus sylvatica,2.7541775555555557,0,0,14.611382,144,0,Valid
2025-06-20,1889,919,Buche3_G1,G1,Fagus sylvatica,Fagus sylvatica,5.876224506944444,1.0547835,0,21.08554,144,0,Valid
2025-06-20,1890,920,Fichte1_P2,P2,Abies alba,Abies alba,14.841018701388888,13.2421575,0,40.638092,144,0,Valid
2025-06-20,1891,921,Fichte2_P2,P2,Abies alba,Abies alba,1.9615897222222223,0,0,11.387762,144,0,Valid
2025-06-20,1892,922,Fichte3_P2,P2,Abies alba,Abies alba,26.6584888125,22.715646,0,64.525582,144,0,Valid
2025-06-20,1893,923,Buche1_P2,P2,Fagus sylvatica,Fagus sylvatica,4.854293208333333,0,0,17.905053,144,0,Valid
2025-06-20,1894,924,Buche2_P2,P2,Fagus sylvatica,Fagus sylvatica,12.2636445625,3.810016,0,39.420519,144,0,Valid
2025-06-20,1895,925,Buche3_P2,P2,Fagus sylvatica,Fagus sylvatica,4.8704638125,0.0836155,0,16.186733,144,0,Valid
2025-06-20,1896,926,Buche1_P3,P3,Fagus sylvatica,Fagus sylvatica,31.30308920138889,25.950693,1.591064,69.978664,144,0,Valid
2025-06-20,1897,927,Buche2_P3,P3,Fagus sylvatica,Fagus sylvatica,10.467159076388889,1.6956725000000001,0,32.470415,144,0,Valid
2025-06-20,1898,928,Buche3_P3,P3,Fagus sylvatica,Fagus sylvatica,11.400139298611112,4.2759754999999995,0,36.096103,144,0,Valid
2025-06-20,1899,929,Fichte1_P3,P3,Fagus sylvatica,Abies alba,11.596308006944444,5.928554,0,35.523271,144,0,Valid
2025-06-20,1900,930,Fichte2_P3,P3,Fagus sylvatica,Abies alba,33.2713530625,28.631978500000002,6.123737,68.301391,144,0,Valid
2025-06-20,1901,931,Fichte3_P3,P3,Fagus sylvatica,Abies alba,7.100710875,1.334117,0,24.114011,144,0,Valid
2025-06-21,1878,908,Buche1_P1,P1,Fagus sylvatica,Fagus sylvatica,6.100676770833333,0,0,28.113888,144,0,Valid
2025-06-21,1879,909,Buche2_P1,P1,Fagus sylvatica,Fagus sylvatica,169.50850245833334,170.3172825,156.289394,179.735347,144,0,Valid
2025-06-21,1880,910,Buche3_P1,P1,Fagus sylvatica,Fagus sylvatica,7.362937090277778,0,0,36.605785,144,0,Valid
2025-06-21,1881,911,Fichte1_P1,P1,Abies alba,Abies alba,42.58256602777778,47.104679000000004,0,92.820302,144,0,Valid
2025-06-21,1882,912,Fichte2_P1,P1,Abies alba,Abies alba,18.654736888888888,12.8001465,0,65.51,144,0,Valid
2025-06-21,1883,913,Fichte3_P1,P1,Abies alba,Abies alba,17.880003680555557,13.966990500000001,0,47.993188,144,0,Valid
2025-06-21,1884,914,Fichte1_G1,G1,Abies alba,Abies alba,56.22327028472222,57.1090875,0,117.14605,144,0,Valid
2025-06-21,1885,915,Fichte2_G1,G1,Abies alba,Abies alba,83.46579531944444,91.0852645,11.202279,147.06505,144,0,Valid
2025-06-21,1886,916,Fichte3_G1,G1,Abies alba,Abies alba,0.9777410694444444,0,0,8.948174,144,0,Valid
2025-06-21,1887,917,Buche1_G1,G1,Fagus sylvatica,Fagus sylvatica,4.125926791666667,0,0,24.947324,144,0,Valid
2025-06-21,1888,918,Buche2_G1,G1,Fagus sylvatica,Fagus sylvatica,0.8409781527777778,0,0,7.37961,144,0,Valid
2025-06-21,1889,919,Buche3_G1,G1,Fagus sylvatica,Fagus sylvatica,1.9426011805555556,0,0,12.987036,144,0,Valid
2025-06-21,1890,920,Fichte1_P2,P2,Abies alba,Abies alba,6.3061229305555555,1.2911215,0,25.811281,144,0,Valid
2025-06-21,1891,921,Fichte2_P2,P2,Abies alba,Abies alba,0.842228875,0,0,7.414613,144,0,Valid
2025-06-21,1892,922,Fichte3_P2,P2,Abies alba,Abies alba,9.159178354166666,6.760603,0,29.45658,144,0,Valid
2025-06-21,1893,923,Buche1_P2,P2,Fagus sylvatica,Fagus sylvatica,1.4802149583333333,0,0,10.851557,144,0,Valid
2025-06-21,1894,924,Buche2_P2,P2,Fagus sylvatica,Fagus sylvatica,5.304993659722222,0,0,27.324808,144,0,Valid
2025-06-21,1895,925,Buche3_P2,P2,Fagus sylvatica,Fagus sylvatica,1.6177670347222222,0,0,10.794549,144,0,Valid
2025-06-21,1896,926,Buche1_P3,P3,Fagus sylvatica,Fagus sylvatica,20.0063628125,20.46774,0,46.412966,144,0,Valid
2025-06-21,1897,927,Buche2_P3,P3,Fagus sylvatica,Fagus sylvatica,5.078577465277777,0,0,26.661647,144,0,Valid
2025-06-21,1898,928,Buche3_P3,P3,Fagus sylvatica,Fagus sylvatica,12.158396902777778,0.9133779999999999,0,50.22287,144,0,Valid
2025-06-21,1899,929,Fichte1_P3,P3,Fagus sylvatica,Abies alba,7.322037673611111,0,0,33.993455,144,0,Valid
2025-06-21,1900,930,Fichte2_P3,P3,Fagus sylvatica,Abies alba,35.04657892361111,36.1237365,9.560287,54.366922,144,0,Valid
2025-06-21,1901,931,Fichte3_P3,P3,Fagus sylvatica,Abies alba,3.423541986111111,0,0,19.985004,144,0,Valid
2025-06-22,1878,908,Buche1_P1,P1,Fagus sylvatica,Fagus sylvatica,19.27676957638889,9.1798745,0,61.936686,144,0,Valid
2025-06-22,1879,909,Buche2_P1,P1,Fagus sylvatica,Fagus sylvatica,169.26268406944445,169.69307650000002,155.720861,180.723828,144,0,Valid
2025-06-22,1880,910,Buche3_P1,P1,Fagus sylvatica,Fagus sylvatica,16.164181583333335,4.3757945000000005,0,55.675618,144,0,Valid
2025-06-22,1881,911,Fichte1_P1,P1,Abies alba,Abies alba,66.44115601388889,61.8178295,0,169.926155,144,0,Valid
2025-06-22,1882,912,Fichte2_P1,P1,Abies alba,Abies alba,51.189795833333335,36.674334,0,141.391079,144,0,Valid
2025-06-22,1883,913,Fichte3_P1,P1,Abies alba,Abies alba,35.400120729166666,19.938508,0,101.877398,144,0,Valid
2025-06-22,1884,914,Fichte1_G1,G1,Abies alba,Abies alba,86.88505700694445,62.5630355,0,217.108102,144,0,Valid
2025-06-22,1885,915,Fichte2_G1,G1,Abies alba,Abies alba,84.07997227083334,81.1241835,0,175.847453,144,0,Valid
2025-06-22,1886,916,Fichte3_G1,G1,Abies alba,Abies alba,4.557533625,0.6599980000000001,0,15.758033,144,0,Valid
2025-06-22,1887,917,Buche1_G1,G1,Fagus sylvatica,Fagus sylvatica,9.444878194444444,0.7122029999999999,0,33.500279,144,0,Valid
2025-06-22,1888,918,Buche2_G1,G1,Fagus sylvatica,Fagus sylvatica,5.388196798611111,0.9597655,0,21.268305,144,0,Valid
2025-06-22,1889,919,Buche3_G1,G1,Fagus sylvatica,Fagus sylvatica,9.679035034722222,0.5584055,0,31.882753,144,0,Valid
2025-06-22,1890,920,Fichte1_P2,P2,Abies alba,Abies alba,15.337640972222223,10.825403,0,46.297746,144,0,Valid
2025-06-22,1891,921,Fichte2_P2,P2,Abies alba,Abies alba,1.1243891597222222,0,0,10.954158,144,0,Valid
2025-06-22,1892,922,Fichte3_P2,P2,Abies alba,Abies alba,22.465791833333334,15.3051785,0,62.568944,144,0,Valid
2025-06-22,1893,923,Buche1_P2,P2,Fagus sylvatica,Fagus sylvatica,5.807746173611111,0,0,19.238131,144,0,Valid
2025-06-22,1894,924,Buche2_P2,P2,Fagus sylvatica,Fagus sylvatica,10.887131916666666,3.456703,0,33.528722,144,0,Valid
2025-06-22,1895,925,Buche3_P2,P2,Fagus sylvatica,Fagus sylvatica,5.900321722222222,0,0,19.520834,144,0,Valid
2025-06-22,1896,926,Buche1_P3,P3,Fagus sylvatica,Fagus sylvatica,31.962472430555554,22.9584285,0,84.795597,144,0,Valid
2025-06-22,1897,927,Buche2_P3,P3,Fagus sylvatica,Fagus sylvatica,13.956001034722222,3.0495785,0,42.051185,144,0,Valid
2025-06-22,1898,928,Buche3_P3,P3,Fagus sylvatica,Fagus sylvatica,22.999788173611112,10.660776,0,73.884242,144,0,Valid
2025-06-22,1899,929,Fichte1_P3,P3,Fagus sylvatica,Abies alba,21.048525402777777,11.1953665,0,58.565018,144,0,Valid
2025-06-22,1900,930,Fichte2_P3,P3,Fagus sylvatica,Abies alba,60.886441194444444,48.3209045,22.768211,110.114381,144,0,Valid
2025-06-22,1901,931,Fichte3_P3,P3,Fagus sylvatica,Abies alba,9.746643715277777,1.5301784999999999,0,30.317464,144,0,Valid
2025-06-23,1878,908,Buche1_P1,P1,Fagus sylvatica,Fagus sylvatica,13.52458457638889,4.528627,0,39.604087,144,0,Valid
2025-06-23,1879,909,Buche2_P1,P1,Fagus sylvatica,Fagus sylvatica,175.04621909722223,176.310958,163.039101,187.707129,144,0,Valid
2025-06-23,1880,910,Buche3_P1,P1,Fagus sylvatica,Fagus sylvatica,16.802972798611112,11.620529999999999,0,43.018794,144,0,Valid
2025-06-23,1881,911,Fichte1_P1,P1,Abies alba,Abies alba,77.38818018055555,74.78271849999999,0,183.860472,144,0,Valid
2025-06-23,1882,912,Fichte2_P1,P1,Abies alba,Abies alba,39.658906020833335,32.529151999999996,0,107.743375,144,0,Valid
2025-06-23,1883,913,Fichte3_P1,P1,Abies alba,Abies alba,39.83715627777778,30.767665,0,107.999087,144,0,Valid
2025-06-23,1884,914,Fichte1_G1,G1,Abies alba,Abies alba,79.85389585416667,82.236839,6.458594,144.91283,144,0,Valid
2025-06-23,1885,915,Fichte2_G1,G1,Abies alba,Abies alba,85.21721038194444,80.15375399999999,2.651407,161.627639,144,0,Valid
2025-06-23,1886,916,Fichte3_G1,G1,Abies alba,Abies alba,3.6988010902777777,0,0,13.34163,144,0,Valid
2025-06-23,1887,917,Buche1_G1,G1,Fagus sylvatica,Fagus sylvatica,6.824168694444444,0.44038299999999997,0,24.854805,144,0,Valid
2025-06-23,1888,918,Buche2_G1,G1,Fagus sylvatica,Fagus sylvatica,5.199680333333333,0.07585599999999999,0,16.566756,144,0,Valid
2025-06-23,1889,919,Buche3_G1,G1,Fagus sylvatica,Fagus sylvatica,4.1914362291666665,0,0,15.336507,144,0,Valid
2025-06-23,1890,920,Fichte1_P2,P2,Abies alba,Abies alba,12.0406831875,12.2211675,0,30.264231,144,0,Valid
2025-06-23,1891,921,Fichte2_P2,P2,Abies alba,Abies alba,1.6338501944444443,0,0,8.829202,144,0,Valid
2025-06-23,1892,922,Fichte3_P2,P2,Abies alba,Abies alba,14.868799958333334,12.3710865,0,41.990765,144,0,Valid
2025-06-23,1893,923,Buche1_P2,P2,Fagus sylvatica,Fagus sylvatica,2.417428326388889,0.0156825,0,9.980106,144,0,Valid
2025-06-23,1894,924,Buche2_P2,P2,Fagus sylvatica,Fagus sylvatica,7.368676506944444,2.7365814999999998,0,22.390245,144,0,Valid
2025-06-23,1895,925,Buche3_P2,P2,Fagus sylvatica,Fagus sylvatica,2.5619051458333333,0,0,13.454093,144,0,Valid
2025-06-23,1896,926,Buche1_P3,P3,Fagus sylvatica,Fagus sylvatica,29.252507465277777,27.570006,0,66.518752,144,0,Valid
2025-06-23,1897,927,Buche2_P3,P3,Fagus sylvatica,Fagus sylvatica,11.600914909722222,5.070151,0,36.172631,144,0,Valid
2025-06-23,1898,928,Buche3_P3,P3,Fagus sylvatica,Fagus sylvatica,17.423042465277778,12.471867,0,49.071231,144,0,Valid
2025-06-23,1899,929,Fichte1_P3,P3,Fagus sylvatica,Abies alba,23.882623708333334,21.11019,0,56.696147,144,0,Valid
2025-06-23,1900,930,Fichte2_P3,P3,Fagus sylvatica,Abies alba,86.07893271527777,80.151689,54.984731,123.333469,144,0,Valid
2025-06-23,1901,931,Fichte3_P3,P3,Fagus sylvatica,Abies alba,8.816242458333333,7.652631,0,22.970945,144,0,Valid
2025-06-24,1878,908,Buche1_P1,P1,Fagus sylvatica,Fagus sylvatica,21.187312784722224,10.2501715,0,65.49005,144,0,Valid
2025-06-24,1879,909,Buche2_P1,P1,Fagus sylvatica,Fagus sylvatica,182.60964063194444,185.19651199999998,169.151753,191.887286,144,0,Valid
2025-06-24,1880,910,Buche3_P1,P1,Fagus sylvatica,Fagus sylvatica,18.973203430555554,5.209189,0,62.658551,144,0,Valid
2025-06-24,1881,911,Fichte1_P1,P1,Abies alba,Abies alba,76.71820125694444,72.8401595,0,179.124926,144,0,Valid
2025-06-24,1882,912,Fichte2_P1,P1,Abies alba,Abies alba,51.3286551875,39.3415385,0,138.42919,144,0,Valid
2025-06-24,1883,913,Fichte3_P1,P1,Abies alba,Abies alba,40.92281042361111,28.740895000000002,0,114.247094,144,0,Valid
2025-06-24,1884,914,Fichte1_G1,G1,Abies alba,Abies alba,80.44335266666667,65.704338,0,195.12795,144,0,Valid
2025-06-24,1885,915,Fichte2_G1,G1,Abies alba,Abies alba,92.8086976875,91.4970265,0,184.480021,144,0,Valid
2025-06-24,1886,916,Fichte3_G1,G1,Abies alba,Abies alba,7.1746933055555555,5.0201125,0,18.016059,144,0,Valid
2025-06-24,1887,917,Buche1_G1,G1,Fagus sylvatica,Fagus sylvatica,11.725392541666666,3.0046085,0,38.422371,144,0,Valid
2025-06-24,1888,918,Buche2_G1,G1,Fagus sylvatica,Fagus sylvatica,3.777093308411215,0,0,18.878412,107,0,Valid
2025-06-24,1889,919,Buche3_G1,G1,Fagus sylvatica,Fagus sylvatica,8.818598569444445,1.127109,0,26.060669,144,0,Valid
2025-06-24,1890,920,Fichte1_P2,P2,Abies alba,Abies alba,24.6449075625,24.217082,0,59.888131,144,0,Valid
2025-06-24,1891,921,Fichte2_P2,P2,Abies alba,Abies alba,3.5793248958333335,0,0,18.101057,144,0,Valid
2025-06-24,1892,922,Fichte3_P2,P2,Abies alba,Abies alba,29.7616290625,27.7533205,0,74.326813,144,0,Valid
2025-06-24,1893,923,Buche1_P2,P2,Fagus sylvatica,Fagus sylvatica,7.637886854166666,1.3732415,0,24.607908,144,0,Valid
2025-06-24,1894,924,Buche2_P2,P2,Fagus sylvatica,Fagus sylvatica,15.400521715277778,9.7887825,0,44.847512,144,0,Valid
2025-06-24,1895,925,Buche3_P2,P2,Fagus sylvatica,Fagus sylvatica,6.465661451388889,0.5022314999999999,0,19.057086,144,0,Valid
2025-06-24,1896,926,Buche1_P3,P3,Fagus sylvatica,Fagus sylvatica,38.77055321527778,27.4203445,0.448385,88.852785,144,0,Valid
2025-06-24,1897,927,Buche2_P3,P3,Fagus sylvatica,Fagus sylvatica,14.899135430555555,6.5735735,0,44.529308,144,0,Valid
2025-06-24,1898,928,Buche3_P3,P3,Fagus sylvatica,Fagus sylvatica,26.684961527777777,15.766627,0,72.14916,144,0,Valid
2025-06-24,1899,929,Fichte1_P3,P3,Fagus sylvatica,Abies alba,28.40032379861111,24.9152885,0,71.395878,144,0,Valid
2025-06-24,1900,930,Fichte2_P3,P3,Fagus sylvatica,Abies alba,112.02568381944444,102.944041,69.535976,158.870969,144,0,Valid
2025-06-24,1901,931,Fichte3_P3,P3,Fagus sylvatica,Abies alba,20.405799451388887,13.644994,0,53.216077,144,0,Valid
2025-06-25,1878,908,Buche1_P1,P1,Fagus sylvatica,Fagus sylvatica,19.940419541666667,11.6021505,0,63.082691,144,0,Valid
2025-06-25,1879,909,Buche2_P1,P1,Fagus sylvatica,Fagus sylvatica,184.8495952013889,186.0406575,171.972972,195.728994,144,0,Valid
2025-06-25,1880,910,Buche3_P1,P1,Fagus sylvatica,Fagus sylvatica,24.686278805555556,13.487874999999999,0,71.726019,144,0,Valid
2025-06-25,1881,911,Fichte1_P1,P1,Abies alba,Abies alba,83.0355365486111,72.1129085,0,193.056854,144,0,Valid
2025-06-25,1882,912,Fichte2_P1,P1,Abies alba,Abies alba,60.39115279166667,41.312605500000004,0,157.130871,144,0,Valid
2025-06-25,1883,913,Fichte3_P1,P1,Abies alba,Abies alba,45.3957195,28.7913455,0,123.818424,144,0,Valid
2025-06-25,1884,914,Fichte1_G1,G1,Abies alba,Abies alba,98.38937706944445,83.03959,0.84877,224.539419,144,0,Valid
2025-06-25,1885,915,Fichte2_G1,G1,Abies alba,Abies alba,104.57444277083333,98.3082015,0,208.098924,144,0,Valid
2025-06-25,1886,916,Fichte3_G1,G1,Abies alba,Abies alba,10.72699332638889,6.711451,0,28.311209,144,0,Valid
2025-06-25,1887,917,Buche1_G1,G1,Fagus sylvatica,Fagus sylvatica,21.372598270833333,12.135925499999999,0,61.905259,144,0,Valid
2025-06-25,1888,918,Buche2_G1,G1,Fagus sylvatica,Fagus sylvatica,8.94541188888889,3.2760245,0,30.156184,144,0,Valid
2025-06-25,1889,919,Buche3_G1,G1,Fagus sylvatica,Fagus sylvatica,17.372534631944443,7.3110705,0,51.179935,144,0,Valid
2025-06-25,1890,920,Fichte1_P2,P2,Abies alba,Abies alba,34.422204236111114,27.256265499999998,0,82.730402,144,0,Valid
2025-06-25,1891,921,Fichte2_P2,P2,Abies alba,Abies alba,6.8822007152777775,0,0,25.528245,144,0,Valid
2025-06-25,1892,922,Fichte3_P2,P2,Abies alba,Abies alba,45.81538923611111,37.811717,0,107.411337,144,0,Valid
2025-06-25,1893,923,Buche1_P2,P2,Fagus sylvatica,Fagus sylvatica,8.086091277777777,4.019379499999999,0,26.221721,144,0,Valid
2025-06-25,1894,924,Buche2_P2,P2,Fagus sylvatica,Fagus sylvatica,25.966313229166666,25.835969499999997,0,62.550468,144,0,Valid
2025-06-25,1895,925,Buche3_P2,P2,Fagus sylvatica,Fagus sylvatica,10.28557123611111,4.1419245,0,30.311724,144,0,Valid
2025-06-25,1896,926,Buche1_P3,P3,Fagus sylvatica,Fagus sylvatica,47.68617239583333,32.7165645,0,103.78278,144,0,Valid
2025-06-25,1897,927,Buche2_P3,P3,Fagus sylvatica,Fagus sylvatica,19.798765944444444,8.633056499999999,0,53.838504,144,0,Valid
2025-06-25,1898,928,Buche3_P3,P3,Fagus sylvatica,Fagus sylvatica,30.272708958333332,18.616471,0,83.299255,144,0,Valid
2025-06-25,1899,929,Fichte1_P3,P3,Fagus sylvatica,Abies alba,30.96869479861111,28.9121595,0,76.711897,144,0,Valid
2025-06-25,1900,930,Fichte2_P3,P3,Fagus sylvatica,Abies alba,145.14190417361112,134.068754,93.913673,203.521095,144,0,Valid
2025-06-25,1901,931,Fichte3_P3,P3,Fagus sylvatica,Abies alba,22.394454875,14.86738,0,61.700149,144,0,Valid
2025-06-26,1878,908,Buche1_P1,P1,Fagus sylvatica,Fagus sylvatica,9.918670916666667,0,0,35.086433,144,0,Valid
2025-06-26,1879,909,Buche2_P1,P1,Fagus sylvatica,Fagus sylvatica,167.5571393125,167.4627215,142.952731,195.771838,144,0,Valid
2025-06-26,1880,910,Buche3_P1,P1,Fagus sylvatica,Fagus sylvatica,10.211725770833333,2.6732839999999998,0,37.551254,144,0,Valid
2025-06-26,1881,911,Fichte1_P1,P1,Abies alba,Abies alba,69.26313390972223,65.07773850000001,0,162.898737,144,0,Valid
2025-06-26,1882,912,Fichte2_P1,P1,Abies alba,Abies alba,28.99616765972222,21.098307499999997,0,79.129995,144,0,Valid
2025-06-26,1883,913,Fichte3_P1,P1,Abies alba,Abies alba,35.52901681944444,26.581654,0,101.287915,144,0,Valid
2025-06-26,1884,914,Fichte1_G1,G1,Abies alba,Abies alba,64.25034572916667,63.953101499999995,0,141.215393,144,0,Valid
2025-06-26,1885,915,Fichte2_G1,G1,Abies alba,Abies alba,83.75798502083333,93.32860550000001,0,177.401317,144,0,Valid
2025-06-26,1886,916,Fichte3_G1,G1,Abies alba,Abies alba,6.033607083333333,2.8865895000000004,0,15.784117,144,0,Valid
2025-06-26,1887,917,Buche1_G1,G1,Fagus sylvatica,Fagus sylvatica,10.159242277777778,0.003458,0,36.935663,144,0,Valid
2025-06-26,1888,918,Buche2_G1,G1,Fagus sylvatica,Fagus sylvatica,4.6655109999999995,0,0,20.155001,144,0,Valid
2025-06-26,1889,919,Buche3_G1,G1,Fagus sylvatica,Fagus sylvatica,7.0133594375,0,0,24.896024,144,0,Valid
2025-06-26,1890,920,Fichte1_P2,P2,Abies alba,Abies alba,20.365895729166667,21.537979,0,43.063639,144,0,Valid
2025-06-26,1891,921,Fichte2_P2,P2,Abies alba,Abies alba,1.153635375,0,0,8.238274,144,0,Valid
2025-06-26,1892,922,Fichte3_P2,P2,Abies alba,Abies alba,38.683300180555555,44.6173785,0,80.322306,144,0,Valid
2025-06-26,1893,923,Buche1_P2,P2,Fagus sylvatica,Fagus sylvatica,4.890113277777778,0.7303415,0,16.184713,144,0,Valid
2025-06-26,1894,924,Buche2_P2,P2,Fagus sylvatica,Fagus sylvatica,14.71964075,12.9540165,0,40.814018,144,0,Valid
2025-06-26,1895,925,Buche3_P2,P2,Fagus sylvatica,Fagus sylvatica,3.660840527777778,0,0,14.669071,144,0,Valid
2025-06-26,1896,926,Buche1_P3,P3,Fagus sylvatica,Fagus sylvatica,29.852216395833334,30.82119,0,63.767011,144,0,Valid
2025-06-26,1897,927,Buche2_P3,P3,Fagus sylvatica,Fagus sylvatica,8.708362722222223,2.0598545,0,24.63605,144,0,Valid
2025-06-26,1898,928,Buche3_P3,P3,Fagus sylvatica,Fagus sylvatica,16.228714020833333,8.9442065,0,46.50213,144,0,Valid
2025-06-26,1899,929,Fichte1_P3,P3,Fagus sylvatica,Abies alba,20.456999145833333,16.472179500000003,0,53.027649,144,0,Valid
2025-06-26,1900,930,Fichte2_P3,P3,Fagus sylvatica,Abies alba,130.1940371875,134.45876049999998,83.595087,190.39493,144,0,Valid
2025-06-26,1901,931,Fichte3_P3,P3,Fagus sylvatica,Abies alba,14.555533784722222,12.117806,0,37.335042,144,0,Valid
2025-06-27,1878,908,Buche1_P1,P1,Fagus sylvatica,Fagus sylvatica,17.869481666666665,8.054952,0,55.355317,144,0,Valid
2025-06-27,1879,909,Buche2_P1,P1,Fagus sylvatica,Fagus sylvatica,178.07233263194445,177.492758,165.905217,192.032116,144,0,Valid
2025-06-27,1880,910,Buche3_P1,P1,Fagus sylvatica,Fagus sylvatica,19.60415422222222,13.681783,0,56.203658,144,0,Valid
2025-06-27,1881,911,Fichte1_P1,P1,Abies alba,Abies alba,85.70654348611112,70.8484825,0,199.922706,144,0,Valid
2025-06-27,1882,912,Fichte2_P1,P1,Abies alba,Abies alba,49.998122875,41.5856965,0,130.807182,144,0,Valid
2025-06-27,1883,913,Fichte3_P1,P1,Abies alba,Abies alba,47.42327090277778,32.3715735,0,119.052552,144,0,Valid
2025-06-27,1884,914,Fichte1_G1,G1,Abies alba,Abies alba,89.96084727083333,69.16919899999999,0,194.229257,144,0,Valid
2025-06-27,1885,915,Fichte2_G1,G1,Abies alba,Abies alba,104.31178204166666,89.145439,0,212.689043,144,0,Valid
2025-06-27,1886,916,Fichte3_G1,G1,Abies alba,Abies alba,11.540267111111111,10.119271000000001,0,28.500744,144,0,Valid
2025-06-27,1887,917,Buche1_G1,G1,Fagus sylvatica,Fagus sylvatica,13.841913784722223,11.9046405,0,36.387455,144,0,Valid
2025-06-27,1888,918,Buche2_G1,G1,Fagus sylvatica,Fagus sylvatica,0.26943498666666665,0,0,3.763858,75,0,Valid
2025-06-27,1889,919,Buche3_G1,G1,Fagus sylvatica,Fagus sylvatica,12.789657993055556,4.6070705,0,36.982176,144,0,Valid
2025-06-27,1890,920,Fichte1_P2,P2,Abies alba,Abies alba,28.688299729166665,26.995805,0,64.391241,144,0,Valid
2025-06-27,1891,921,Fichte2_P2,P2,Abies alba,Abies alba,3.1781915069444446,0,0,16.43981,144,0,Valid
2025-06-27,1892,922,Fichte3_P2,P2,Abies alba,Abies alba,45.83087474305555,38.4001255,0,100.004808,144,0,Valid
2025-06-27,1893,923,Buche1_P2,P2,Fagus sylvatica,Fagus sylvatica,7.593940229166667,4.9149840000000005,0,21.870197,144,0,Valid
2025-06-27,1894,924,Buche2_P2,P2,Fagus sylvatica,Fagus sylvatica,19.734921625,19.990308499999998,0,46.521888,144,0,Valid
2025-06-27,1895,925,Buche3_P2,P2,Fagus sylvatica,Fagus sylvatica,8.549603590277778,3.3145535,0,25.096523,144,0,Valid
2025-06-27,1896,926,Buche1_P3,P3,Fagus sylvatica,Fagus sylvatica,28.02737113888889,30.3776595,0.007564,64.336236,144,0,Valid
2025-06-27,1897,927,Buche2_P3,P3,Fagus sylvatica,Fagus sylvatica,17.097621097222223,8.858296,0,49.061006,144,0,Valid
2025-06-27,1898,928,Buche3_P3,P3,Fagus sylvatica,Fagus sylvatica,24.28963117361111,18.019482,0,63.048722,144,0,Valid
2025-06-27,1899,929,Fichte1_P3,P3,Fagus sylvatica,Abies alba,30.086646597222224,25.1348475,0,76.473099,144,0,Valid
2025-06-27,1900,930,Fichte2_P3,P3,Fagus sylvatica,Abies alba,118.1442201875,114.7630015,70.492122,164.247624,144,0,Valid
2025-06-27,1901,931,Fichte3_P3,P3,Fagus sylvatica,Abies alba,23.648949715277777,16.228406,0,58.601822,144,0,Valid
2025-06-28,1878,908,Buche1_P1,P1,Fagus sylvatica,Fagus sylvatica,19.17873286111111,9.198668,0,61.931527,144,0,Valid
2025-06-28,1879,909,Buche2_P1,P1,Fagus sylvatica,Fagus sylvatica,187.15905508333333,188.767836,172.036443,196.700181,144,0,Valid
2025-06-28,1880,910,Buche3_P1,P1,Fagus sylvatica,Fagus sylvatica,23.61584421527778,14.4352985,0,66.636218,144,0,Valid
2025-06-28,1881,911,Fichte1_P1,P1,Abies alba,Abies alba,90.10314554861111,82.123335,0,212.177078,144,0,Valid
2025-06-28,1882,912,Fichte2_P1,P1,Abies alba,Abies alba,61.9987113125,54.2162475,0,153.809749,144,0,Valid
2025-06-28,1883,913,Fichte3_P1,P1,Abies alba,Abies alba,48.95016366666667,38.256011,0,135.109294,144,0,Valid
2025-06-28,1884,914,Fichte1_G1,G1,Abies alba,Abies alba,107.93341472222222,97.8448945,14.240892,227.394706,144,0,Valid
2025-06-28,1885,915,Fichte2_G1,G1,Abies alba,Abies alba,144.59633861111112,139.5114365,33.375293,254.310905,144,0,Valid
2025-06-28,1886,916,Fichte3_G1,G1,Abies alba,Abies alba,15.6303999375,16.063239499999998,0,35.280844,144,0,Valid
2025-06-28,1887,917,Buche1_G1,G1,Fagus sylvatica,Fagus sylvatica,20.433469368055555,14.739681000000001,0,53.870143,144,0,Valid
2025-06-28,1888,918,Buche2_G1,G1,Fagus sylvatica,Fagus sylvatica,13.02809225,9.059759,0,34.806615,144,0,Valid
2025-06-28,1889,919,Buche3_G1,G1,Fagus sylvatica,Fagus sylvatica,19.34470615972222,9.03436,0,54.479016,144,0,Valid
2025-06-28,1890,920,Fichte1_P2,P2,Abies alba,Abies alba,38.99413305555556,36.836366999999996,0,81.146435,144,0,Valid
2025-06-28,1891,921,Fichte2_P2,P2,Abies alba,Abies alba,7.7559591249999995,0,0,28.172613,144,0,Valid
2025-06-28,1892,922,Fichte3_P2,P2,Abies alba,Abies alba,64.88382389583333,60.085707,7.454877,123.807414,144,0,Valid
2025-06-28,1893,923,Buche1_P2,P2,Fagus sylvatica,Fagus sylvatica,8.668046618055556,6.4846085,0,24.188323,144,0,Valid
2025-06-28,1894,924,Buche2_P2,P2,Fagus sylvatica,Fagus sylvatica,26.970604694444443,26.9840405,0,59.415904,144,0,Valid
2025-06-28,1895,925,Buche3_P2,P2,Fagus sylvatica,Fagus sylvatica,10.0410894375,4.601656,0,28.33,144,0,Valid
2025-06-28,1896,926,Buche1_P3,P3,Fagus sylvatica,Fagus sylvatica,44.4990731875,38.6364675,9.07126,104.549646,144,0,Valid
2025-06-28,1897,927,Buche2_P3,P3,Fagus sylvatica,Fagus sylvatica,16.995613569444444,11.103619,0,44.65808,144,0,Valid
2025-06-28,1898,928,Buche3_P3,P3,Fagus sylvatica,Fagus sylvatica,29.66436696527778,23.4236845,0,74.945196,144,0,Valid
2025-06-28,1899,929,Fichte1_P3,P3,Fagus sylvatica,Abies alba,37.523005805555556,31.725104,0,87.924501,144,0,Valid
2025-06-28,1900,930,Fichte2_P3,P3,Fagus sylvatica,Abies alba,150.62450487499999,142.5495615,106.066886,200.089904,144,0,Valid
2025-06-28,1901,931,Fichte3_P3,P3,Fagus sylvatica,Abies alba,30.096024284722223,25.203268,0,71.252732,144,0,Valid
2025-06-29,1878,908,Buche1_P1,P1,Fagus sylvatica,Fagus sylvatica,23.32564596527778,15.157149,0,66.331319,144,0,Valid
2025-06-29,1879,909,Buche2_P1,P1,Fagus sylvatica,Fagus sylvatica,190.98115027083333,192.881464,177.257089,198.644084,144,0,Valid
2025-06-29,1880,910,Buche3_P1,P1,Fagus sylvatica,Fagus sylvatica,27.61809020138889,15.933886,0,79.777274,144,0,Valid
2025-06-29,1881,911,Fichte1_P1,P1,Abies alba,Abies alba,101.0948447013889,86.66521,0,242.550203,144,0,Valid
2025-06-29,1882,912,Fichte2_P1,P1,Abies alba,Abies alba,66.27356401388889,54.097151499999995,0,162.017155,144,0,Valid
2025-06-29,1883,913,Fichte3_P1,P1,Abies alba,Abies alba,52.11794609722222,39.632791999999995,0,140.388742,144,0,Valid
2025-06-29,1884,914,Fichte1_G1,G1,Abies alba,Abies alba,120.8257376875,106.02464950000001,12.216038,249.935339,144,0,Valid
2025-06-29,1885,915,Fichte2_G1,G1,Abies alba,Abies alba,164.14521229166667,163.5783765,53.341942,270.710343,144,0,Valid
2025-06-29,1886,916,Fichte3_G1,G1,Abies alba,Abies alba,14.913744541666667,14.906278499999999,0,33.445184,144,0,Valid
2025-06-29,1887,917,Buche1_G1,G1,Fagus sylvatica,Fagus sylvatica,24.3476039375,19.368446499999997,0,62.194758,144,0,Valid
2025-06-29,1888,918,Buche2_G1,G1,Fagus sylvatica,Fagus sylvatica,13.995400861111111,9.399354500000001,0,40.370417,144,0,Valid
2025-06-29,1889,919,Buche3_G1,G1,Fagus sylvatica,Fagus sylvatica,18.894862979166668,10.4353595,0,53.403375,144,0,Valid
2025-06-29,1890,920,Fichte1_P2,P2,Abies alba,Abies alba,43.334305125,40.521091,0,89.888831,144,0,Valid
2025-06-29,1891,921,Fichte2_P2,P2,Abies alba,Abies alba,7.820221375,4.065e-4,0,27.092053,144,0,Valid
2025-06-29,1892,922,Fichte3_P2,P2,Abies alba,Abies alba,71.58975985416667,72.503897,13.280166,127.0767,144,0,Valid
2025-06-29,1893,923,Buche1_P2,P2,Fagus sylvatica,Fagus sylvatica,12.026326590277778,7.9461960000000005,0,34.035044,144,0,Valid
2025-06-29,1894,924,Buche2_P2,P2,Fagus sylvatica,Fagus sylvatica,29.020818333333334,21.896479,0,68.850798,144,0,Valid
2025-06-29,1895,925,Buche3_P2,P2,Fagus sylvatica,Fagus sylvatica,12.6650758125,8.2725595,0,32.450253,144,0,Valid
2025-06-29,1896,926,Buche1_P3,P3,Fagus sylvatica,Fagus sylvatica,59.606255652777776,50.8549695,19.255118,117.152905,144,0,Valid
2025-06-29,1897,927,Buche2_P3,P3,Fagus sylvatica,Fagus sylvatica,20.281600402777777,12.890176,0,52.727429,144,0,Valid
2025-06-29,1898,928,Buche3_P3,P3,Fagus sylvatica,Fagus sylvatica,36.590830395833336,31.323297500000002,0,89.272839,144,0,Valid
2025-06-29,1899,929,Fichte1_P3,P3,Fagus sylvatica,Abies alba,39.67133851388889,37.9476655,0,91.801298,144,0,Valid
2025-06-29,1900,930,Fichte2_P3,P3,Fagus sylvatica,Abies alba,183.45395540972223,177.343411,140.53002,239.322638,144,0,Valid
2025-06-29,1901,931,Fichte3_P3,P3,Fagus sylvatica,Abies alba,30.39847067361111,29.081848,0,70.887732,144,0,Valid
2025-06-30,1878,908,Buche1_P1,P1,Fagus sylvatica,Fagus sylvatica,16.251814729166668,5.559399,0,58.620941,144,0,Valid
2025-06-30,1879,909,Buche2_P1,P1,Fagus sylvatica,Fagus sylvatica,190.0551597013889,189.7046935,178.376665,199.526082,144,0,Valid
2025-06-30,1880,910,Buche3_P1,P1,Fagus sylvatica,Fagus sylvatica,12.915034541666667,2.8677135,0,52.812303,144,0,Valid
2025-06-30,1881,911,Fichte1_P1,P1,Abies alba,Abies alba,82.3737526875,81.236492,0,199.204327,144,0,Valid
2025-06-30,1882,912,Fichte2_P1,P1,Abies alba,Abies alba,43.66166386111111,35.3205625,0,130.555827,144,0,Valid
2025-06-30,1883,913,Fichte3_P1,P1,Abies alba,Abies alba,34.90797943055556,26.953664,0,106.615873,144,0,Valid
2025-06-30,1884,914,Fichte1_G1,G1,Abies alba,Abies alba,93.22315966666666,91.1406405,11.972104,190.110343,144,0,Valid
2025-06-30,1885,915,Fichte2_G1,G1,Abies alba,Abies alba,142.540409,149.0811205,48.396407,233.364908,144,0,Valid
2025-06-30,1886,916,Fichte3_G1,G1,Abies alba,Abies alba,8.799988486111111,7.5148209999999995,0,25.657769,144,0,Valid
2025-06-30,1887,917,Buche1_G1,G1,Fagus sylvatica,Fagus sylvatica,18.746646083333335,12.2003275,0,55.06145,144,0,Valid
2025-06-30,1888,918,Buche2_G1,G1,Fagus sylvatica,Fagus sylvatica,9.977121618055556,6.064273,0,36.411926,144,0,Valid
2025-06-30,1889,919,Buche3_G1,G1,Fagus sylvatica,Fagus sylvatica,14.874194159722222,4.911661499999999,0,50.010504,144,0,Valid
2025-06-30,1890,920,Fichte1_P2,P2,Abies alba,Abies alba,30.502730034722223,30.717493,0,69.530797,144,0,Valid
2025-06-30,1891,921,Fichte2_P2,P2,Abies alba,Abies alba,3.9276725694444443,0,0,15.683235,144,0,Valid
2025-06-30,1892,922,Fichte3_P2,P2,Abies alba,Abies alba,58.375967277777775,61.381049,14.868795,100.950449,144,0,Valid
2025-06-30,1893,923,Buche1_P2,P2,Fagus sylvatica,Fagus sylvatica,8.987439104166667,4.531235499999999,0,29.856451,144,0,Valid
2025-06-30,1894,924,Buche2_P2,P2,Fagus sylvatica,Fagus sylvatica,15.005630479166667,10.947631999999999,0,46.514649,144,0,Valid
2025-06-30,1895,925,Buche3_P2,P2,Fagus sylvatica,Fagus sylvatica,8.69803620138889,1.571935,0,31.416679,144,0,Valid
2025-06-30,1896,926,Buche1_P3,P3,Fagus sylvatica,Fagus sylvatica,65.66137639583333,66.37597550000001,28.049818,111.265056,144,0,Valid
2025-06-30,1897,927,Buche2_P3,P3,Fagus sylvatica,Fagus sylvatica,13.549550083333333,5.102399999999999,0,50.869415,144,0,Valid
2025-06-30,1898,928,Buche3_P3,P3,Fagus sylvatica,Fagus sylvatica,26.942105006944445,18.288249999999998,0,78.988162,144,0,Valid
2025-06-30,1899,929,Fichte1_P3,P3,Fagus sylvatica,Abies alba,36.041554069444445,30.223614,0,93.471149,144,0,Valid
2025-06-30,1900,930,Fichte2_P3,P3,Fagus sylvatica,Abies alba,207.67615238194443,203.4038805,166.375777,249.902985,144,0,Valid
2025-06-30,1901,931,Fichte3_P3,P3,Fagus sylvatica,Abies alba,21.589369590277776,20.421377,0,54.925109,144,0,Valid
2025-07-01,1878,908,Buche1_P1,P1,Fagus sylvatica,Fagus sylvatica,22.877446208333332,14.2388675,0,76.114878,144,0,Valid
2025-07-01,1879,909,Buche2_P1,P1,Fagus sylvatica,Fagus sylvatica,190.32438422916667,191.42686600000002,177.345497,201.922172,144,0,Valid
2025-07-01,1880,910,Buche3_P1,P1,Fagus sylvatica,Fagus sylvatica,22.70001159027778,15.956338500000001,0,67.073741,144,0,Valid
2025-07-01,1881,911,Fichte1_P1,P1,Abies alba,Abies alba,102.49817727083334,90.2806445,0,252.406395,144,0,Valid
2025-07-01,1882,912,Fichte2_P1,P1,Abies alba,Abies alba,61.625627333333334,55.299321,0,173.818883,144,0,Valid
2025-07-01,1883,913,Fichte3_P1,P1,Abies alba,Abies alba,47.34407986805556,44.064055499999995,0,138.361167,144,0,Valid
2025-07-01,1884,914,Fichte1_G1,G1,Abies alba,Abies alba,103.37394233333333,82.9162525,0,244.987879,144,0,Valid
2025-07-01,1885,915,Fichte2_G1,G1,Abies alba,Abies alba,143.6209076527778,134.8971715,35.30539,250.080152,144,0,Valid
2025-07-01,1886,916,Fichte3_G1,G1,Abies alba,Abies alba,16.402643555555557,14.947721000000001,0,38.889098,144,0,Valid
2025-07-01,1887,917,Buche1_G1,G1,Fagus sylvatica,Fagus sylvatica,27.625241527777778,26.710987000000003,0,71.6961,144,0,Valid
2025-07-01,1888,918,Buche2_G1,G1,Fagus sylvatica,Fagus sylvatica,14.650336597222223,11.011016000000001,0,43.879565,144,0,Valid
2025-07-01,1889,919,Buche3_G1,G1,Fagus sylvatica,Fagus sylvatica,19.142028625000002,11.3611235,0,55.776896,144,0,Valid
2025-07-01,1890,920,Fichte1_P2,P2,Abies alba,Abies alba,34.71124384027778,38.0012415,0,86.179933,144,0,Valid
2025-07-01,1891,921,Fichte2_P2,P2,Abies alba,Abies alba,11.366533618055556,0.0566715,0,37.293711,144,0,Valid
2025-07-01,1892,922,Fichte3_P2,P2,Abies alba,Abies alba,53.988970090277775,48.345522,1.517454,114.745456,144,0,Valid
2025-07-01,1893,923,Buche1_P2,P2,Fagus sylvatica,Fagus sylvatica,9.909456805555555,7.402969000000001,0,28.989393,144,0,Valid
2025-07-01,1894,924,Buche2_P2,P2,Fagus sylvatica,Fagus sylvatica,23.041437993055556,23.9835505,0,57.459744,144,0,Valid
2025-07-01,1895,925,Buche3_P2,P2,Fagus sylvatica,Fagus sylvatica,12.575217541666667,11.160629,0,32.698893,144,0,Valid
2025-07-01,1896,926,Buche1_P3,P3,Fagus sylvatica,Fagus sylvatica,68.63445600694445,62.8156975,29.844382,119.438573,144,0,Valid
2025-07-01,1897,927,Buche2_P3,P3,Fagus sylvatica,Fagus sylvatica,22.822123645833333,16.116458,0,61.046236,144,0,Valid
2025-07-01,1898,928,Buche3_P3,P3,Fagus sylvatica,Fagus sylvatica,30.628056256944443,23.1465255,0,80.665266,144,0,Valid
2025-07-01,1899,929,Fichte1_P3,P3,Fagus sylvatica,Abies alba,53.05296966666667,55.0434595,0,126.920153,144,0,Valid
2025-07-01,1900,930,Fichte2_P3,P3,Fagus sylvatica,Abies alba,227.2198695,209.919823,179.015107,296.545132,144,0,Valid
2025-07-01,1901,931,Fichte3_P3,P3,Fagus sylvatica,Abies alba,25.41608886111111,22.3440545,0,63.980486,144,0,Valid
2025-07-02,1878,908,Buche1_P1,P1,Fagus sylvatica,Fagus sylvatica,19.907602493055556,11.3550515,0,62.671825,144,0,Valid
2025-07-02,1879,909,Buche2_P1,P1,Fagus sylvatica,Fagus sylvatica,192.2195356111111,193.2228435,179.531284,202.286197,144,0,Valid
2025-07-02,1880,910,Buche3_P1,P1,Fagus sylvatica,Fagus sylvatica,19.213510493055555,10.451942500000001,0,59.669268,144,0,Valid
2025-07-02,1881,911,Fichte1_P1,P1,Abies alba,Abies alba,107.92726702083333,100.7481725,0,244.0622,144,0,Valid
2025-07-02,1882,912,Fichte2_P1,P1,Abies alba,Abies alba,66.87073098611111,54.022287500000004,0,165.646116,144,0,Valid
2025-07-02,1883,913,Fichte3_P1,P1,Abies alba,Abies alba,48.59114188888889,42.127074,0,122.229626,144,0,Valid
2025-07-02,1884,914,Fichte1_G1,G1,Abies alba,Abies alba,109.74278829861112,105.1148635,9.280162,234.356823,144,0,Valid
2025-07-02,1885,915,Fichte2_G1,G1,Abies alba,Abies alba,159.6329278888889,165.62514399999998,61.032824,243.871376,144,0,Valid
2025-07-02,1886,916,Fichte3_G1,G1,Abies alba,Abies alba,16.425062646341463,17.305898999999997,0,33.986318,82,0,Valid
2025-07-02,1887,917,Buche1_G1,G1,Fagus sylvatica,Fagus sylvatica,23.731632819444446,18.449243000000003,0,59.907635,144,0,Valid
2025-07-02,1888,918,Buche2_G1,G1,Fagus sylvatica,Fagus sylvatica,14.23232523611111,10.811576500000001,0,41.634413,144,0,Valid
2025-07-02,1889,919,Buche3_G1,G1,Fagus sylvatica,Fagus sylvatica,16.367758034722222,7.688623,0,54.65348,144,0,Valid
2025-07-02,1890,920,Fichte1_P2,P2,Abies alba,Abies alba,39.60651722222222,39.5512715,4.129965,81.125458,144,0,Valid
2025-07-02,1891,921,Fichte2_P2,P2,Abies alba,Abies alba,13.704013354166667,1.891153,0,45.929745,144,0,Valid
2025-07-02,1892,922,Fichte3_P2,P2,Abies alba,Abies alba,67.6632413125,66.66588,14.996489,120.232063,144,0,Valid
2025-07-02,1893,923,Buche1_P2,P2,Fagus sylvatica,Fagus sylvatica,10.669061041666666,8.702268499999999,0,28.651583,144,0,Valid
2025-07-02,1894,924,Buche2_P2,P2,Fagus sylvatica,Fagus sylvatica,25.956414569444444,25.622394999999997,0,57.477899,144,0,Valid
2025-07-02,1895,925,Buche3_P2,P2,Fagus sylvatica,Fagus sylvatica,12.87685361111111,8.549508,0,35.817689,144,0,Valid
2025-07-02,1896,926,Buche1_P3,P3,Fagus sylvatica,Fagus sylvatica,88.7782952638889,87.3897205,45.67654,129.780196,144,0,Valid
2025-07-02,1897,927,Buche2_P3,P3,Fagus sylvatica,Fagus sylvatica,22.66514254861111,17.4086985,0,61.854823,144,0,Valid
2025-07-02,1898,928,Buche3_P3,P3,Fagus sylvatica,Fagus sylvatica,32.4756825,23.613157,0,83.105729,144,0,Valid
2025-07-02,1899,929,Fichte1_P3,P3,Fagus sylvatica,Abies alba,54.40229772916667,56.5005375,0,110.998423,144,0,Valid
2025-07-02,1900,930,Fichte2_P3,P3,Fagus sylvatica,Abies alba,271.4312994236111,267.89414,216.764891,330.284311,144,0,Valid
2025-07-02,1901,931,Fichte3_P3,P3,Fagus sylvatica,Abies alba,27.774696583333334,26.070953,0,62.696222,144,0,Valid
2025-07-03,1878,908,Buche1_P1,P1,Fagus sylvatica,Fagus sylvatica,18.028644284722223,7.56982,0,55.110124,144,0,Valid
2025-07-03,1879,909,Buche2_P1,P1,Fagus sylvatica,Fagus sylvatica,191.1387168472222,191.8124,176.685295,201.912031,144,0,Valid
2025-07-03,1880,910,Buche3_P1,P1,Fagus sylvatica,Fagus sylvatica,19.137161055555556,10.628729,0,55.876617,144,0,Valid
2025-07-03,1881,911,Fichte1_P1,P1,Abies alba,Abies alba,100.94441338888889,98.771353,0,227.362356,144,0,Valid
2025-07-03,1882,912,Fichte2_P1,P1,Abies alba,Abies alba,52.68780455555556,43.730245499999995,0,133.847112,144,0,Valid
2025-07-03,1883,913,Fichte3_P1,P1,Abies alba,Abies alba,45.6421971875,38.7662785,0,122.745278,144,0,Valid
2025-07-03,1884,914,Fichte1_G1,G1,Abies alba,Abies alba,108.25776635416666,107.218214,13.819494,207.208002,144,0,Valid
2025-07-03,1885,915,Fichte2_G1,G1,Abies alba,Abies alba,159.94524220833333,164.6291415,61.89182,246.441382,144,0,Valid
2025-07-03,1886,916,Fichte3_G1,G1,Abies alba,Abies alba,15.97169625,14.954189,0,35.027862,144,0,Valid
2025-07-03,1887,917,Buche1_G1,G1,Fagus sylvatica,Fagus sylvatica,15.625299993055556,10.5685875,0,43.790657,144,0,Valid
2025-07-03,1888,918,Buche2_G1,G1,Fagus sylvatica,Fagus sylvatica,12.715744784722222,7.504766500000001,0,37.091042,144,0,Valid
2025-07-03,1889,919,Buche3_G1,G1,Fagus sylvatica,Fagus sylvatica,12.975037069444445,3.102865,0,41.841927,144,0,Valid
2025-07-03,1890,920,Fichte1_P2,P2,Abies alba,Abies alba,33.831115618055556,33.1721505,0,68.613769,144,0,Valid
2025-07-03,1891,921,Fichte2_P2,P2,Abies alba,Abies alba,9.256255,3.3765229999999997,0,29.179042,144,0,Valid
2025-07-03,1892,922,Fichte3_P2,P2,Abies alba,Abies alba,64.38862261111112,68.0382425,16.786544,105.483317,144,0,Valid
2025-07-03,1893,923,Buche1_P2,P2,Fagus sylvatica,Fagus sylvatica,8.872235625,5.0312275,0,24.509213,144,0,Valid
2025-07-03,1894,924,Buche2_P2,P2,Fagus sylvatica,Fagus sylvatica,20.271970729166668,14.783787499999999,0,52.477117,144,0,Valid
2025-07-03,1895,925,Buche3_P2,P2,Fagus sylvatica,Fagus sylvatica,11.066332826388889,3.618207,0,31.674411,144,0,Valid
2025-07-03,1896,926,Buche1_P3,P3,Fagus sylvatica,Fagus sylvatica,91.13908621527777,94.775346,52.553753,120.098886,144,0,Valid
2025-07-03,1897,927,Buche2_P3,P3,Fagus sylvatica,Fagus sylvatica,20.553220069444446,15.946114,0,53.578544,144,0,Valid
2025-07-03,1898,928,Buche3_P3,P3,Fagus sylvatica,Fagus sylvatica,27.489362305555556,22.7753275,0,68.497091,144,0,Valid
2025-07-03,1899,929,Fichte1_P3,P3,Fagus sylvatica,Abies alba,54.75914029166667,55.556863500000006,0,117.126648,144,0,Valid
2025-07-03,1900,930,Fichte2_P3,P3,Fagus sylvatica,Abies alba,300.2964724166667,302.04479000000003,257.225053,332.120459,144,0,Valid
2025-07-03,1901,931,Fichte3_P3,P3,Fagus sylvatica,Abies alba,25.0744571875,25.1662515,0,55.145978,144,0,Valid
2025-07-04,1878,908,Buche1_P1,P1,Fagus sylvatica,Fagus sylvatica,17.543363958333334,14.665545,0,47.169797,144,0,Valid
2025-07-04,1879,909,Buche2_P1,P1,Fagus sylvatica,Fagus sylvatica,191.11605698611112,189.9275225,182.199137,203.784769,144,0,Valid
2025-07-04,1880,910,Buche3_P1,P1,Fagus sylvatica,Fagus sylvatica,10.987994215277778,7.4629655,0,32.829125,144,0,Valid
2025-07-04,1881,911,Fichte1_P1,P1,Abies alba,Abies alba,102.94060179166667,91.2590325,0,241.909037,144,0,Valid
2025-07-04,1882,912,Fichte2_P1,P1,Abies alba,Abies alba,45.34237464583333,30.481426,0,124.436719,144,0,Valid
2025-07-04,1883,913,Fichte3_P1,P1,Abies alba,Abies alba,47.77677120138889,34.543366500000005,0,127.318629,144,0,Valid
2025-07-04,1884,914,Fichte1_G1,G1,Abies alba,Abies alba,81.90081085416666,76.8112655,3.369759,171.165587,144,0,Valid
2025-07-04,1885,915,Fichte2_G1,G1,Abies alba,Abies alba,148.6894035138889,152.78177499999998,58.502999,228.567932,144,0,Valid
2025-07-04,1886,916,Fichte3_G1,G1,Abies alba,Abies alba,17.252732013888888,15.250924,0,39.652748,144,0,Valid
2025-07-04,1887,917,Buche1_G1,G1,Fagus sylvatica,Fagus sylvatica,21.33340182638889,23.6342445,0,45.490115,144,0,Valid
2025-07-04,1888,918,Buche2_G1,G1,Fagus sylvatica,Fagus sylvatica,8.31298869,3.952135,0,29.771011,100,0,Valid
2025-07-04,1889,919,Buche3_G1,G1,Fagus sylvatica,Fagus sylvatica,13.012031368055556,5.0564085,0,40.738772,144,0,Valid
2025-07-04,1890,920,Fichte1_P2,P2,Abies alba,Abies alba,32.370840083333334,30.8233785,0,70.438526,144,0,Valid
2025-07-04,1891,921,Fichte2_P2,P2,Abies alba,Abies alba,9.53426795138889,0.21758149999999998,0,35.75277,144,0,Valid
2025-07-04,1892,922,Fichte3_P2,P2,Abies alba,Abies alba,58.39528259722222,56.5499225,7.810323,111.410481,144,0,Valid
2025-07-04,1893,923,Buche1_P2,P2,Fagus sylvatica,Fagus sylvatica,10.211514298611112,10.7640715,0,23.88718,144,0,Valid
2025-07-04,1894,924,Buche2_P2,P2,Fagus sylvatica,Fagus sylvatica,24.577666694444446,28.709936,0,52.36829,144,0,Valid
2025-07-04,1895,925,Buche3_P2,P2,Fagus sylvatica,Fagus sylvatica,10.171491666666666,7.732829000000001,0,25.290512,144,0,Valid
2025-07-04,1896,926,Buche1_P3,P3,Fagus sylvatica,Fagus sylvatica,82.23787350694444,84.281224,46.22479,114.593394,144,0,Valid
2025-07-04,1897,927,Buche2_P3,P3,Fagus sylvatica,Fagus sylvatica,17.512492083333335,14.3928365,0,46.228691,144,0,Valid
2025-07-04,1898,928,Buche3_P3,P3,Fagus sylvatica,Fagus sylvatica,24.78923682638889,20.0459635,0,60.968752,144,0,Valid
2025-07-04,1899,929,Fichte1_P3,P3,Fagus sylvatica,Abies alba,53.190338125,43.731834000000006,0,123.958034,144,0,Valid
2025-07-04,1900,930,Fichte2_P3,P3,Fagus sylvatica,Abies alba,306.3632547638889,304.386502,271.908119,343.59720600000003,144,0,Valid
2025-07-04,1901,931,Fichte3_P3,P3,Fagus sylvatica,Abies alba,23.065849319444446,18.287103000000002,0,58.767076,144,0,Valid
2025-07-05,1878,908,Buche1_P1,P1,Fagus sylvatica,Fagus sylvatica,20.990898861111113,8.996722,0,61.258126,144,0,Valid
2025-07-05,1879,909,Buche2_P1,P1,Fagus sylvatica,Fagus sylvatica,192.59439009722223,192.6506895,177.483337,206.203741,144,0,Valid
2025-07-05,1880,910,Buche3_P1,P1,Fagus sylvatica,Fagus sylvatica,19.797827875,19.463531500000002,0,50.154609,144,0,Valid
2025-07-05,1881,911,Fichte1_P1,P1,Abies alba,Abies alba,100.8338524375,98.79162600000001,0,229.734737,144,0,Valid
2025-07-05,1882,912,Fichte2_P1,P1,Abies alba,Abies alba,64.63987313888889,56.633261000000005,0,161.612697,144,0,Valid
2025-07-05,1883,913,Fichte3_P1,P1,Abies alba,Abies alba,51.15512401388889,40.169695000000004,0,132.710842,144,0,Valid
2025-07-05,1884,914,Fichte1_G1,G1,Abies alba,Abies alba,90.43194346527778,75.2876505,0,195.673217,144,0,Valid
2025-07-05,1885,915,Fichte2_G1,G1,Abies alba,Abies alba,155.5518763611111,157.77495499999998,59.917776,237.733791,144,0,Valid
2025-07-05,1886,916,Fichte3_G1,G1,Abies alba,Abies alba,24.953651444444443,24.4917105,1.155415,44.859961,144,0,Valid
2025-07-05,1887,917,Buche1_G1,G1,Fagus sylvatica,Fagus sylvatica,26.755020256944444,30.801256000000002,0,55.194272,144,0,Valid
2025-07-05,1888,918,Buche2_G1,G1,Fagus sylvatica,Fagus sylvatica,13.38004925,11.2487095,0,30.728991,144,0,Valid
2025-07-05,1889,919,Buche3_G1,G1,Fagus sylvatica,Fagus sylvatica,18.83726104861111,11.259988499999999,0,49.379956,144,0,Valid
2025-07-05,1890,920,Fichte1_P2,P2,Abies alba,Abies alba,51.9831378125,44.6053475,5.991962,104.968373,144,0,Valid
2025-07-05,1891,921,Fichte2_P2,P2,Abies alba,Abies alba,20.45918190277778,9.154886,0,58.767555,144,0,Valid
2025-07-05,1892,922,Fichte3_P2,P2,Abies alba,Abies alba,81.88260220138889,78.367704,24.063235,132.434063,144,0,Valid
2025-07-05,1893,923,Buche1_P2,P2,Fagus sylvatica,Fagus sylvatica,12.105804604166666,11.9494725,0,28.259396,144,0,Valid
2025-07-05,1894,924,Buche2_P2,P2,Fagus sylvatica,Fagus sylvatica,27.549655333333334,29.8921055,0,55.232881,144,0,Valid
2025-07-05,1895,925,Buche3_P2,P2,Fagus sylvatica,Fagus sylvatica,13.899633458333334,14.2721215,0,32.544811,144,0,Valid
2025-07-05,1896,926,Buche1_P3,P3,Fagus sylvatica,Fagus sylvatica,94.29674938194444,91.35731849999999,55.116979,131.276633,144,0,Valid
2025-07-05,1897,927,Buche2_P3,P3,Fagus sylvatica,Fagus sylvatica,23.30461588888889,19.5880905,0,54.242655,144,0,Valid
2025-07-05,1898,928,Buche3_P3,P3,Fagus sylvatica,Fagus sylvatica,32.06307904166667,28.138120999999998,0,76.063378,144,0,Valid
2025-07-05,1899,929,Fichte1_P3,P3,Fagus sylvatica,Abies alba,61.350606229166665,56.483753,0.231726,125.870768,144,0,Valid
2025-07-05,1900,930,Fichte2_P3,P3,Fagus sylvatica,Abies alba,329.72170938194444,327.400476,290.574158,377.485793,144,0,Valid
2025-07-05,1901,931,Fichte3_P3,P3,Fagus sylvatica,Abies alba,32.10701047916667,28.380932,0,70.447504,144,0,Valid
2025-07-06,1878,908,Buche1_P1,P1,Fagus sylvatica,Fagus sylvatica,2.1687952569444446,0,0,10.735073,144,0,Valid
2025-07-06,1879,909,Buche2_P1,P1,Fagus sylvatica,Fagus sylvatica,199.07441375,199.680886,187.426022,207.189759,144,0,Valid
2025-07-06,1880,910,Buche3_P1,P1,Fagus sylvatica,Fagus sylvatica,2.8470676458333335,0.5630385,0,11.924421,144,0,Valid
2025-07-06,1881,911,Fichte1_P1,P1,Abies alba,Abies alba,45.46541543055555,46.86165,0,116.355526,144,0,Valid
2025-07-06,1882,912,Fichte2_P1,P1,Abies alba,Abies alba,19.791253909722222,21.8502175,0,58.878218,144,0,Valid
2025-07-06,1883,913,Fichte3_P1,P1,Abies alba,Abies alba,20.783073972222223,20.544711,0,50.324617,144,0,Valid
2025-07-06,1884,914,Fichte1_G1,G1,Abies alba,Abies alba,53.107104381944445,58.615074500000006,0,100.979011,144,0,Valid
2025-07-06,1885,915,Fichte2_G1,G1,Abies alba,Abies alba,124.54180704166667,131.0800865,67.674552,185.193411,144,0,Valid
2025-07-06,1886,916,Fichte3_G1,G1,Abies alba,Abies alba,22.986430930555557,23.687517999999997,8.275132,36.971386,144,0,Valid
2025-07-06,1887,917,Buche1_G1,G1,Fagus sylvatica,Fagus sylvatica,8.882777694444444,8.6893765,0,29.176968,144,0,Valid
2025-07-06,1888,918,Buche2_G1,G1,Fagus sylvatica,Fagus sylvatica,4.752538597222222,4.6373595000000005,0,12.352692,144,0,Valid
2025-07-06,1889,919,Buche3_G1,G1,Fagus sylvatica,Fagus sylvatica,2.817906298611111,0,0,13.265704,144,0,Valid
2025-07-06,1890,920,Fichte1_P2,P2,Abies alba,Abies alba,61.28824354166667,62.3237155,33.715332,85.396691,144,0,Valid
2025-07-06,1891,921,Fichte2_P2,P2,Abies alba,Abies alba,9.053267118055556,6.3047699999999995,0,49.272136,144,0,Valid
2025-07-06,1892,922,Fichte3_P2,P2,Abies alba,Abies alba,77.99238934722223,76.898874,37.297591,115.45385,144,0,Valid
2025-07-06,1893,923,Buche1_P2,P2,Fagus sylvatica,Fagus sylvatica,4.572908534722222,4.530007,0,13.164327,144,0,Valid
2025-07-06,1894,924,Buche2_P2,P2,Fagus sylvatica,Fagus sylvatica,10.427835,10.323899,0,31.408159,144,0,Valid
2025-07-06,1895,925,Buche3_P2,P2,Fagus sylvatica,Fagus sylvatica,3.301651402777778,0.70817,0,13.488683,144,0,Valid
2025-07-06,1896,926,Buche1_P3,P3,Fagus sylvatica,Fagus sylvatica,92.39338472222222,93.74266850000001,72.735918,111.79073,144,0,Valid
2025-07-06,1897,927,Buche2_P3,P3,Fagus sylvatica,Fagus sylvatica,6.1420374375,4.026453,0,20.977424,144,0,Valid
2025-07-06,1898,928,Buche3_P3,P3,Fagus sylvatica,Fagus sylvatica,9.764804069444445,9.949256,0,27.130063,144,0,Valid
2025-07-06,1899,929,Fichte1_P3,P3,Fagus sylvatica,Abies alba,42.772338625,44.8397705,9.98853,78.422097,144,0,Valid
2025-07-06,1900,930,Fichte2_P3,P3,Fagus sylvatica,Abies alba,353.66998892361113,351.2065515,334.629671,377.690855,144,0,Valid
2025-07-06,1901,931,Fichte3_P3,P3,Fagus sylvatica,Abies alba,18.113384618055555,19.448146,0,48.69733,144,0,Valid
2025-07-07,1878,908,Buche1_P1,P1,Fagus sylvatica,Fagus sylvatica,1.4428810347222223,0,0,12.052768,144,0,Valid
2025-07-07,1879,909,Buche2_P1,P1,Fagus sylvatica,Fagus sylvatica,160.51405698611111,151.99663900000002,146.880432,194.282159,144,0,Valid
2025-07-07,1880,910,Buche3_P1,P1,Fagus sylvatica,Fagus sylvatica,0.8295622986111111,0,0,9.807623,144,0,Valid
2025-07-07,1881,911,Fichte1_P1,P1,Abies alba,Abies alba,10.80820432638889,0,0,67.969601,144,0,Valid
2025-07-07,1882,912,Fichte2_P1,P1,Abies alba,Abies alba,5.468837159722222,0,0,38.277454,144,0,Valid
2025-07-07,1883,913,Fichte3_P1,P1,Abies alba,Abies alba,3.4824177291666665,0,0,30.001701,144,0,Valid
2025-07-07,1884,914,Fichte1_G1,G1,Abies alba,Abies alba,19.028427555555556,18.0547215,0,59.226301,144,0,Valid
2025-07-07,1885,915,Fichte2_G1,G1,Abies alba,Abies alba,23.2120174375,19.625583,0,82.035139,144,0,Valid
2025-07-07,1886,916,Fichte3_G1,G1,Abies alba,Abies alba,1.3189185138888888,0,0,9.781376,144,0,Valid
2025-07-07,1887,917,Buche1_G1,G1,Fagus sylvatica,Fagus sylvatica,0.9804364027777778,0,0,10.525601,144,0,Valid
2025-07-07,1888,918,Buche2_G1,G1,Fagus sylvatica,Fagus sylvatica,0.9184601666666666,0,0,8.301984,144,0,Valid
2025-07-07,1889,919,Buche3_G1,G1,Fagus sylvatica,Fagus sylvatica,0.3478526041666667,0,0,4.522382,144,0,Valid
2025-07-07,1890,920,Fichte1_P2,P2,Abies alba,Abies alba,14.184667854166667,12.874565,0,44.712909,144,0,Valid
2025-07-07,1891,921,Fichte2_P2,P2,Abies alba,Abies alba,0.2020396875,0,0,3.3964,144,0,Valid
2025-07-07,1892,922,Fichte3_P2,P2,Abies alba,Abies alba,6.390507555555556,0.7746905,0,35.392127,144,0,Valid
2025-07-07,1893,923,Buche1_P2,P2,Fagus sylvatica,Fagus sylvatica,0.8564901944444444,0,0,6.094757,144,0,Valid
2025-07-07,1894,924,Buche2_P2,P2,Fagus sylvatica,Fagus sylvatica,1.6360379166666668,0,0,11.373293,144,0,Valid
2025-07-07,1895,925,Buche3_P2,P2,Fagus sylvatica,Fagus sylvatica,0.33368702083333335,0,0,3.562318,144,0,Valid
2025-07-07,1896,926,Buche1_P3,P3,Fagus sylvatica,Fagus sylvatica,33.32620416666666,34.1069655,4.13643,71.678878,144,0,Valid
2025-07-07,1897,927,Buche2_P3,P3,Fagus sylvatica,Fagus sylvatica,3.2219536458333335,0,0,20.247266,144,0,Valid
2025-07-07,1898,928,Buche3_P3,P3,Fagus sylvatica,Fagus sylvatica,3.022777159722222,0,0,20.74973,144,0,Valid
2025-07-07,1899,929,Fichte1_P3,P3,Fagus sylvatica,Abies alba,7.496803868055555,0,0,37.85769,144,0,Valid
2025-07-07,1900,930,Fichte2_P3,P3,Fagus sylvatica,Abies alba,269.88614275,262.6402485,196.600998,343.08883,144,0,Valid
2025-07-07,1901,931,Fichte3_P3,P3,Fagus sylvatica,Abies alba,1.7980130625,0,0,13.303239,144,0,Valid
2025-07-08,1878,908,Buche1_P1,P1,Fagus sylvatica,Fagus sylvatica,5.382757770833333,2.0908315,0,19.516052,144,0,Valid
2025-07-08,1879,909,Buche2_P1,P1,Fagus sylvatica,Fagus sylvatica,155.38379990972223,150.093097,142.846579,172.954484,144,0,Valid
2025-07-08,1880,910,Buche3_P1,P1,Fagus sylvatica,Fagus sylvatica,5.185577451388889,4.959776,0,14.707059,144,0,Valid
2025-07-08,1881,911,Fichte1_P1,P1,Abies alba,Abies alba,44.492354541666664,42.8971065,0,101.13632,144,0,Valid
2025-07-08,1882,912,Fichte2_P1,P1,Abies alba,Abies alba,27.94171425,34.4018255,0,61.737932,144,0,Valid
2025-07-08,1883,913,Fichte3_P1,P1,Abies alba,Abies alba,27.602888506944446,16.997008,0,68.274063,144,0,Valid
2025-07-08,1884,914,Fichte1_G1,G1,Abies alba,Abies alba,37.24829600694444,25.480151499999998,0,84.27184,144,0,Valid
2025-07-08,1885,915,Fichte2_G1,G1,Abies alba,Abies alba,49.515677743055555,48.861971499999996,0,125.794988,144,0,Valid
2025-07-08,1886,916,Fichte3_G1,G1,Abies alba,Abies alba,9.995221743055556,7.925791500000001,0,27.217229,144,0,Valid
2025-07-08,1887,917,Buche1_G1,G1,Fagus sylvatica,Fagus sylvatica,8.444183715277777,5.409318000000001,0,28.092694,144,0,Valid
2025-07-08,1888,918,Buche2_G1,G1,Fagus sylvatica,Fagus sylvatica,6.424784493055555,4.858159499999999,0,17.12132,144,0,Valid
2025-07-08,1889,919,Buche3_G1,G1,Fagus sylvatica,Fagus sylvatica,5.942839666666667,0.0507315,0,26.77788,144,0,Valid
2025-07-08,1890,920,Fichte1_P2,P2,Abies alba,Abies alba,21.880418638888887,24.934772000000002,0,58.665543,144,0,Valid
2025-07-08,1891,921,Fichte2_P2,P2,Abies alba,Abies alba,2.435229236111111,0.0153355,0,7.436729,144,0,Valid
2025-07-08,1892,922,Fichte3_P2,P2,Abies alba,Abies alba,25.005428708333334,29.0189465,0,65.339636,144,0,Valid
2025-07-08,1893,923,Buche1_P2,P2,Fagus sylvatica,Fagus sylvatica,8.263974166666667,6.818464,0,22.165264,144,0,Valid
2025-07-08,1894,924,Buche2_P2,P2,Fagus sylvatica,Fagus sylvatica,14.906533805555556,12.8591145,0,42.730886,144,0,Valid
2025-07-08,1895,925,Buche3_P2,P2,Fagus sylvatica,Fagus sylvatica,4.0286720625,0.07147500000000001,0,18.179502,144,0,Valid
2025-07-08,1896,926,Buche1_P3,P3,Fagus sylvatica,Fagus sylvatica,10.708088611111112,11.731100000000001,0,31.711034,144,0,Valid
2025-07-08,1897,927,Buche2_P3,P3,Fagus sylvatica,Fagus sylvatica,5.819741805555555,1.30334,0,24.309956,144,0,Valid
2025-07-08,1898,928,Buche3_P3,P3,Fagus sylvatica,Fagus sylvatica,9.26627188888889,4.675053500000001,0,31.910436,144,0,Valid
2025-07-08,1899,929,Fichte1_P3,P3,Fagus sylvatica,Abies alba,13.343342451388889,4.466449,0,45.68583,144,0,Valid
2025-07-08,1900,930,Fichte2_P3,P3,Fagus sylvatica,Abies alba,155.82242699305556,151.767976,128.920561,195.41943,144,0,Valid
2025-07-08,1901,931,Fichte3_P3,P3,Fagus sylvatica,Abies alba,14.094193784722222,12.9601525,0,37.950768,144,0,Valid
2025-07-09,1878,908,Buche1_P1,P1,Fagus sylvatica,Fagus sylvatica,14.32123542361111,11.8897735,0,37.055893,144,0,Valid
2025-07-09,1879,909,Buche2_P1,P1,Fagus sylvatica,Fagus sylvatica,175.02209006944443,174.28227149999998,162.46048,186.525133,144,0,Valid
2025-07-09,1880,910,Buche3_P1,P1,Fagus sylvatica,Fagus sylvatica,18.47982832638889,14.8752865,0,48.424706,144,0,Valid
2025-07-09,1881,911,Fichte1_P1,P1,Abies alba,Abies alba,79.61155669444445,52.427106499999994,0,192.94203,144,0,Valid
2025-07-09,1882,912,Fichte2_P1,P1,Abies alba,Abies alba,59.95699392361111,50.005044999999996,0,135.180432,144,0,Valid
2025-07-09,1883,913,Fichte3_P1,P1,Abies alba,Abies alba,48.23219313194444,29.230306499999998,0,127.01428,144,0,Valid
2025-07-09,1884,914,Fichte1_G1,G1,Abies alba,Abies alba,92.19834899305556,60.245868,3.285109,207.939373,144,0,Valid
2025-07-09,1885,915,Fichte2_G1,G1,Abies alba,Abies alba,97.859264,73.2841745,0,212.106257,144,0,Valid
2025-07-09,1886,916,Fichte3_G1,G1,Abies alba,Abies alba,22.812428131944444,23.0654685,0,49.821265,144,0,Valid
2025-07-09,1887,917,Buche1_G1,G1,Fagus sylvatica,Fagus sylvatica,20.845539576388887,19.4568005,0,49.755072,144,0,Valid
2025-07-09,1888,918,Buche2_G1,G1,Fagus sylvatica,Fagus sylvatica,15.664841402777778,18.33663,0,35.998257,144,0,Valid
2025-07-09,1889,919,Buche3_G1,G1,Fagus sylvatica,Fagus sylvatica,15.543968736111111,11.4410815,0,39.050284,144,0,Valid
2025-07-09,1890,920,Fichte1_P2,P2,Abies alba,Abies alba,46.815454875,41.934396500000005,4.555656,93.483932,144,0,Valid
2025-07-09,1891,921,Fichte2_P2,P2,Abies alba,Abies alba,10.93161025,1.267694,0,36.567181,144,0,Valid
2025-07-09,1892,922,Fichte3_P2,P2,Abies alba,Abies alba,57.7153940625,35.003504,2.329969,122.848506,144,0,Valid
2025-07-09,1893,923,Buche1_P2,P2,Fagus sylvatica,Fagus sylvatica,16.755226888888888,19.2372115,0,36.77206,144,0,Valid
2025-07-09,1894,924,Buche2_P2,P2,Fagus sylvatica,Fagus sylvatica,28.877037819444446,26.0194955,0,62.493565,144,0,Valid
2025-07-09,1895,925,Buche3_P2,P2,Fagus sylvatica,Fagus sylvatica,13.988543006944445,12.222228000000001,0,33.029835,144,0,Valid
2025-07-09,1896,926,Buche1_P3,P3,Fagus sylvatica,Fagus sylvatica,20.747900090277778,18.272649,0,51.822674,144,0,Valid
2025-07-09,1897,927,Buche2_P3,P3,Fagus sylvatica,Fagus sylvatica,15.33052748611111,13.245577999999998,0,36.691594,144,0,Valid
2025-07-09,1898,928,Buche3_P3,P3,Fagus sylvatica,Fagus sylvatica,25.481083076388888,23.8191885,0,61.010019,144,0,Valid
2025-07-09,1899,929,Fichte1_P3,P3,Fagus sylvatica,Abies alba,33.000968381944446,18.453057,0,87.175541,144,0,Valid
2025-07-09,1900,930,Fichte2_P3,P3,Fagus sylvatica,Abies alba,120.44791141666667,119.75011749999999,91.572332,147.097608,144,0,Valid
2025-07-09,1901,931,Fichte3_P3,P3,Fagus sylvatica,Abies alba,33.092471743055555,24.968137,0,76.677232,144,0,Valid
2025-07-10,1878,908,Buche1_P1,P1,Fagus sylvatica,Fagus sylvatica,17.496083819444443,11.153476999999999,0,47.255223,144,0,Valid
2025-07-10,1879,909,Buche2_P1,P1,Fagus sylvatica,Fagus sylvatica,184.08795288194443,185.808291,173.943847,195.260712,144,0,Valid
2025-07-10,1880,910,Buche3_P1,P1,Fagus sylvatica,Fagus sylvatica,22.5213690625,18.011396499999996,2.214899,50.835445,144,0,Valid
2025-07-10,1881,911,Fichte1_P1,P1,Abies alba,Abies alba,93.29586954861111,87.5758295,11.990891,200.435263,144,0,Valid
2025-07-10,1882,912,Fichte2_P1,P1,Abies alba,Abies alba,73.82892256944444,68.4136775,9.728898,142.188456,144,0,Valid
2025-07-10,1883,913,Fichte3_P1,P1,Abies alba,Abies alba,53.10949367361111,49.8279955,0,127.428906,144,0,Valid
2025-07-10,1884,914,Fichte1_G1,G1,Abies alba,Abies alba,133.4757239236111,125.6875995,49.409439,232.175363,144,0,Valid
2025-07-10,1885,915,Fichte2_G1,G1,Abies alba,Abies alba,162.4008474652778,144.37951299999997,55.817808,280.062459,144,0,Valid
2025-07-10,1886,916,Fichte3_G1,G1,Abies alba,Abies alba,35.42052931944444,34.3096415,11.389945,57.323789,144,0,Valid
2025-07-10,1887,917,Buche1_G1,G1,Fagus sylvatica,Fagus sylvatica,28.34530402777778,25.4995485,5.029763,55.10709,144,0,Valid
2025-07-10,1888,918,Buche2_G1,G1,Fagus sylvatica,Fagus sylvatica,20.9380770625,18.761826,5.522579,38.425844,144,0,Valid
2025-07-10,1889,919,Buche3_G1,G1,Fagus sylvatica,Fagus sylvatica,14.442284888888889,10.5237085,0,37.440188,144,0,Valid
2025-07-10,1890,920,Fichte1_P2,P2,Abies alba,Abies alba,73.49857654861111,66.2455185,30.813956,116.571125,144,0,Valid
2025-07-10,1891,921,Fichte2_P2,P2,Abies alba,Abies alba,21.48978909722222,19.5603875,0,52.55935,144,0,Valid
2025-07-10,1892,922,Fichte3_P2,P2,Abies alba,Abies alba,94.19437590277778,83.36830549999999,36.310472,164.683385,144,0,Valid
2025-07-10,1893,923,Buche1_P2,P2,Fagus sylvatica,Fagus sylvatica,21.06051272222222,21.856502,1.718399,37.72024,144,0,Valid
2025-07-10,1894,924,Buche2_P2,P2,Fagus sylvatica,Fagus sylvatica,37.092532256944445,33.8360265,6.78947,67.065815,144,0,Valid
2025-07-10,1895,925,Buche3_P2,P2,Fagus sylvatica,Fagus sylvatica,14.686062493055555,12.415073,0,33.687035,144,0,Valid
2025-07-10,1896,926,Buche1_P3,P3,Fagus sylvatica,Fagus sylvatica,47.575103159722225,34.579133999999996,15.682917,93.903293,144,0,Valid
2025-07-10,1897,927,Buche2_P3,P3,Fagus sylvatica,Fagus sylvatica,17.432554701388888,14.179502500000002,0,40.877453,144,0,Valid
2025-07-10,1898,928,Buche3_P3,P3,Fagus sylvatica,Fagus sylvatica,33.47225042361111,27.903516,3.732582,68.814624,144,0,Valid
2025-07-10,1899,929,Fichte1_P3,P3,Fagus sylvatica,Abies alba,48.75071659722222,38.593719500000006,0,112.656975,144,0,Valid
2025-07-10,1900,930,Fichte2_P3,P3,Fagus sylvatica,Abies alba,140.68076320138888,133.08392650000002,105.153516,188.081164,144,0,Valid
2025-07-10,1901,931,Fichte3_P3,P3,Fagus sylvatica,Abies alba,52.63522174305555,49.8651945,13.211692,95.078825,144,0,Valid
2025-07-11,1878,908,Buche1_P1,P1,Fagus sylvatica,Fagus sylvatica,18.446988055555554,8.2547795,0,53.010105,144,0,Valid
2025-07-11,1879,909,Buche2_P1,P1,Fagus sylvatica,Fagus sylvatica,191.08261574305556,191.881505,179.858296,200.263609,144,0,Valid
2025-07-11,1880,910,Buche3_P1,P1,Fagus sylvatica,Fagus sylvatica,20.929207597222224,14.4774025,0,52.976263,144,0,Valid
2025-07-11,1881,911,Fichte1_P1,P1,Abies alba,Abies alba,86.57051647222222,85.974851,0,195.759654,144,0,Valid
2025-07-11,1882,912,Fichte2_P1,P1,Abies alba,Abies alba,66.42597863194445,61.035161,0,140.17281500000001,144,0,Valid
2025-07-11,1883,913,Fichte3_P1,P1,Abies alba,Abies alba,54.78273542361111,47.386419000000004,0,133.920245,144,0,Valid
2025-07-11,1884,914,Fichte1_G1,G1,Abies alba,Abies alba,146.387411125,140.7484585,52.923972,246.240795,144,0,Valid
2025-07-11,1885,915,Fichte2_G1,G1,Abies alba,Abies alba,218.23176656944443,204.1702205,108.483027,324.720553,144,0,Valid
2025-07-11,1886,916,Fichte3_G1,G1,Abies alba,Abies alba,40.19721350694444,39.9126445,13.610944,62.294252,144,0,Valid
2025-07-11,1887,917,Buche1_G1,G1,Fagus sylvatica,Fagus sylvatica,28.34043109027778,25.059243000000002,3.568788,53.232419,144,0,Valid
2025-07-11,1888,918,Buche2_G1,G1,Fagus sylvatica,Fagus sylvatica,12.589138204081634,10.9012985,0,31.88512,98,0,Valid
2025-07-11,1889,919,Buche3_G1,G1,Fagus sylvatica,Fagus sylvatica,18.65816079861111,13.596683500000001,0,45.389862,144,0,Valid
2025-07-11,1890,920,Fichte1_P2,P2,Abies alba,Abies alba,89.19751145138889,86.8923935,45.586505,129.991545,144,0,Valid
2025-07-11,1891,921,Fichte2_P2,P2,Abies alba,Abies alba,24.750597777777777,23.427338,0,55.171341,144,0,Valid
2025-07-11,1892,922,Fichte3_P2,P2,Abies alba,Abies alba,120.50840694444445,111.9668185,57.710179,179.710192,144,0,Valid
2025-07-11,1893,923,Buche1_P2,P2,Fagus sylvatica,Fagus sylvatica,20.53717563888889,19.1975635,0,41.561854,144,0,Valid
2025-07-11,1894,924,Buche2_P2,P2,Fagus sylvatica,Fagus sylvatica,33.75176592361111,31.747730500000003,0.599023,62.877653,144,0,Valid
2025-07-11,1895,925,Buche3_P2,P2,Fagus sylvatica,Fagus sylvatica,14.8402393125,12.839632,0,34.266477,144,0,Valid
2025-07-11,1896,926,Buche1_P3,P3,Fagus sylvatica,Fagus sylvatica,74.34001727083333,62.165493,36.824224,115.543519,144,0,Valid
2025-07-11,1897,927,Buche2_P3,P3,Fagus sylvatica,Fagus sylvatica,21.014407381944444,17.912681499999998,0,51.446221,144,0,Valid
2025-07-11,1898,928,Buche3_P3,P3,Fagus sylvatica,Fagus sylvatica,36.63475959722222,31.1054895,3.004518,74.326111,144,0,Valid
2025-07-11,1899,929,Fichte1_P3,P3,Fagus sylvatica,Abies alba,78.0188476736111,64.8502175,12.529209,152.735077,144,0,Valid
2025-07-11,1900,930,Fichte2_P3,P3,Fagus sylvatica,Abies alba,193.65124325,180.60851250000002,152.970044,251.07703,144,0,Valid
2025-07-11,1901,931,Fichte3_P3,P3,Fagus sylvatica,Abies alba,59.95874936805556,59.186853,18.529649,96.905605,144,0,Valid
2025-07-12,1878,908,Buche1_P1,P1,Fagus sylvatica,Fagus sylvatica,16.854798972222223,9.1204955,0,54.166873,144,0,Valid
2025-07-12,1879,909,Buche2_P1,P1,Fagus sylvatica,Fagus sylvatica,192.43816854861112,191.464832,183.357393,203.609032,144,0,Valid
2025-07-12,1880,910,Buche3_P1,P1,Fagus sylvatica,Fagus sylvatica,17.751356284722224,10.4194695,0,49.212267,144,0,Valid
2025-07-12,1881,911,Fichte1_P1,P1,Abies alba,Abies alba,81.40080632638889,73.0415815,0,196.295634,144,0,Valid
2025-07-12,1882,912,Fichte2_P1,P1,Abies alba,Abies alba,56.19563189583333,47.95139,0,136.513849,144,0,Valid
2025-07-12,1883,913,Fichte3_P1,P1,Abies alba,Abies alba,51.339881194444445,42.158962,0,129.32902,144,0,Valid
2025-07-12,1884,914,Fichte1_G1,G1,Abies alba,Abies alba,139.3277864513889,134.333375,52.532662,234.021959,144,0,Valid
2025-07-12,1885,915,Fichte2_G1,G1,Abies alba,Abies alba,232.46262071527778,229.50965200000002,138.569979,319.316548,144,0,Valid
2025-07-12,1886,916,Fichte3_G1,G1,Abies alba,Abies alba,36.01272129861111,39.950073,10.946641,53.805261,144,0,Valid
2025-07-12,1887,917,Buche1_G1,G1,Fagus sylvatica,Fagus sylvatica,22.97483626388889,22.3564785,0,50.729751,144,0,Valid
2025-07-12,1888,918,Buche2_G1,G1,Fagus sylvatica,Fagus sylvatica,14.9625194375,13.202304999999999,0,35.751058,144,0,Valid
2025-07-12,1889,919,Buche3_G1,G1,Fagus sylvatica,Fagus sylvatica,17.1808408125,11.529344,0,46.13425,144,0,Valid
2025-07-12,1890,920,Fichte1_P2,P2,Abies alba,Abies alba,88.10756229861111,89.0674665,49.48286,122.296802,144,0,Valid
2025-07-12,1891,921,Fichte2_P2,P2,Abies alba,Abies alba,16.14473721527778,14.532681,0,44.979068,144,0,Valid
2025-07-12,1892,922,Fichte3_P2,P2,Abies alba,Abies alba,123.46509806944445,118.4947005,65.708787,174.924382,144,0,Valid
2025-07-12,1893,923,Buche1_P2,P2,Fagus sylvatica,Fagus sylvatica,18.277333055555555,16.241006,0,43.394306,144,0,Valid
2025-07-12,1894,924,Buche2_P2,P2,Fagus sylvatica,Fagus sylvatica,28.94430054861111,29.118884,0,61.201279,144,0,Valid
2025-07-12,1895,925,Buche3_P2,P2,Fagus sylvatica,Fagus sylvatica,14.402327333333334,13.895951,0,32.315844,144,0,Valid
2025-07-12,1896,926,Buche1_P3,P3,Fagus sylvatica,Fagus sylvatica,89.503511375,85.3987855,52.377866,126.824997,144,0,Valid
2025-07-12,1897,927,Buche2_P3,P3,Fagus sylvatica,Fagus sylvatica,23.69633432638889,21.509339,0,55.6967,144,0,Valid
2025-07-12,1898,928,Buche3_P3,P3,Fagus sylvatica,Fagus sylvatica,34.585126340277775,30.705750000000002,0,75.767704,144,0,Valid
2025-07-12,1899,929,Fichte1_P3,P3,Fagus sylvatica,Abies alba,100.18395457638889,98.3852505,38.93466,163.967847,144,0,Valid
2025-07-12,1900,930,Fichte2_P3,P3,Fagus sylvatica,Abies alba,244.92935185416667,238.127363,201.941997,301.148673,144,0,Valid
2025-07-12,1901,931,Fichte3_P3,P3,Fagus sylvatica,Abies alba,45.71011061805556,50.426818999999995,7.741741,72.872576,144,0,Valid
2025-07-13,1878,908,Buche1_P1,P1,Fagus sylvatica,Fagus sylvatica,8.573700638888889,0.0611615,0,38.678097,144,0,Valid
2025-07-13,1879,909,Buche2_P1,P1,Fagus sylvatica,Fagus sylvatica,193.75272338194443,191.708829,182.137554,205.741726,144,0,Valid
2025-07-13,1880,910,Buche3_P1,P1,Fagus sylvatica,Fagus sylvatica,7.231147611111111,1.4436974999999999,0,34.281209,144,0,Valid
2025-07-13,1881,911,Fichte1_P1,P1,Abies alba,Abies alba,57.666179881944444,48.927809999999994,0,149.988956,144,0,Valid
2025-07-13,1882,912,Fichte2_P1,P1,Abies alba,Abies alba,31.366149118055556,17.336100000000002,0,106.98378,144,0,Valid
2025-07-13,1883,913,Fichte3_P1,P1,Abies alba,Abies alba,28.823654798611113,14.520503999999999,0,94.030812,144,0,Valid
2025-07-13,1884,914,Fichte1_G1,G1,Abies alba,Abies alba,124.86003471527778,122.03896950000001,51.491576,216.082307,144,0,Valid
2025-07-13,1885,915,Fichte2_G1,G1,Abies alba,Abies alba,219.48833052777778,218.986604,152.845751,295.295632,144,0,Valid
2025-07-13,1886,916,Fichte3_G1,G1,Abies alba,Abies alba,21.469088166666666,22.2807895,0,40.716164,144,0,Valid
2025-07-13,1887,917,Buche1_G1,G1,Fagus sylvatica,Fagus sylvatica,11.506338347222222,11.1172435,0,32.193675,144,0,Valid
2025-07-13,1888,918,Buche2_G1,G1,Fagus sylvatica,Fagus sylvatica,6.487690583333333,2.6678515000000003,0,25.153594,144,0,Valid
2025-07-13,1889,919,Buche3_G1,G1,Fagus sylvatica,Fagus sylvatica,4.891697465277778,0,0,21.836972,144,0,Valid
2025-07-13,1890,920,Fichte1_P2,P2,Abies alba,Abies alba,72.67114161111111,72.4377255,43.515756,98.290946,144,0,Valid
2025-07-13,1891,921,Fichte2_P2,P2,Abies alba,Abies alba,5.673805944444444,1.7040655,0,29.144025,144,0,Valid
2025-07-13,1892,922,Fichte3_P2,P2,Abies alba,Abies alba,104.77971529166666,104.9448525,60.690546,146.561673,144,0,Valid
2025-07-13,1893,923,Buche1_P2,P2,Fagus sylvatica,Fagus sylvatica,8.615380958333333,6.673621499999999,0,24.981004,144,0,Valid
2025-07-13,1894,924,Buche2_P2,P2,Fagus sylvatica,Fagus sylvatica,14.57630317361111,12.678258,0,37.974405,144,0,Valid
2025-07-13,1895,925,Buche3_P2,P2,Fagus sylvatica,Fagus sylvatica,5.336097798611111,1.662699,0,19.433042,144,0,Valid
2025-07-13,1896,926,Buche1_P3,P3,Fagus sylvatica,Fagus sylvatica,95.11025258333333,95.5996415,69.526794,120.125963,144,0,Valid
2025-07-13,1897,927,Buche2_P3,P3,Fagus sylvatica,Fagus sylvatica,17.02876121527778,12.265233,0,49.56163,144,0,Valid
2025-07-13,1898,928,Buche3_P3,P3,Fagus sylvatica,Fagus sylvatica,21.73908645138889,16.465755,0,61.472507,144,0,Valid
2025-07-13,1899,929,Fichte1_P3,P3,Fagus sylvatica,Abies alba,95.25570238888889,97.8541765,52.352896,137.736376,144,0,Valid
2025-07-13,1900,930,Fichte2_P3,P3,Fagus sylvatica,Abies alba,283.41909836805553,288.2750535,255.755449,301.089222,144,0,Valid
2025-07-13,1901,931,Fichte3_P3,P3,Fagus sylvatica,Abies alba,23.682813618055555,24.493848,0,52.518312,144,0,Valid
2025-07-14,1878,908,Buche1_P1,P1,Fagus sylvatica,Fagus sylvatica,7.771032090277778,0,0,33.119902,144,0,Valid
2025-07-14,1879,909,Buche2_P1,P1,Fagus sylvatica,Fagus sylvatica,157.98834428472222,157.230206,139.906206,181.67425,144,0,Valid
2025-07-14,1880,910,Buche3_P1,P1,Fagus sylvatica,Fagus sylvatica,5.470337527777778,0,0,24.318318,144,0,Valid
2025-07-14,1881,911,Fichte1_P1,P1,Abies alba,Abies alba,41.88678102777778,7.0035925,0,122.972699,144,0,Valid
2025-07-14,1882,912,Fichte2_P1,P1,Abies alba,Abies alba,20.0953605,0.4982855,0,71.372907,144,0,Valid
2025-07-14,1883,913,Fichte3_P1,P1,Abies alba,Abies alba,26.617271604166667,0,0,84.52739,144,0,Valid
2025-07-14,1884,914,Fichte1_G1,G1,Abies alba,Abies alba,55.024873076388886,58.472058000000004,0,124.775909,144,0,Valid
2025-07-14,1885,915,Fichte2_G1,G1,Abies alba,Abies alba,41.529768833333335,12.2078585,0,188.303889,144,0,Valid
2025-07-14,1886,916,Fichte3_G1,G1,Abies alba,Abies alba,6.4139416944444445,0,0,24.024034,144,0,Valid
2025-07-14,1887,917,Buche1_G1,G1,Fagus sylvatica,Fagus sylvatica,4.3770607083333335,0,0,16.10632,144,0,Valid
2025-07-14,1888,918,Buche2_G1,G1,Fagus sylvatica,Fagus sylvatica,5.0010275625,0,0,19.023783,144,0,Valid
2025-07-14,1889,919,Buche3_G1,G1,Fagus sylvatica,Fagus sylvatica,2.9985336875,0,0,11.143836,144,0,Valid
2025-07-14,1890,920,Fichte1_P2,P2,Abies alba,Abies alba,9.10952625,2.4847455,0,41.870115,144,0,Valid
2025-07-14,1891,921,Fichte2_P2,P2,Abies alba,Abies alba,0.11843545138888889,0,0,1.064535,144,0,Valid
2025-07-14,1892,922,Fichte3_P2,P2,Abies alba,Abies alba,33.16162246527778,31.812958000000002,0,79.371405,144,0,Valid
2025-07-14,1893,923,Buche1_P2,P2,Fagus sylvatica,Fagus sylvatica,2.961193090277778,0,0,11.11746,144,0,Valid
2025-07-14,1894,924,Buche2_P2,P2,Fagus sylvatica,Fagus sylvatica,5.905350076388889,0,0,22.183413,144,0,Valid
2025-07-14,1895,925,Buche3_P2,P2,Fagus sylvatica,Fagus sylvatica,0.17493058333333333,0,0,1.946951,144,0,Valid
2025-07-14,1896,926,Buche1_P3,P3,Fagus sylvatica,Fagus sylvatica,17.669803138888888,10.4058145,0,78.141695,144,0,Valid
2025-07-14,1897,927,Buche2_P3,P3,Fagus sylvatica,Fagus sylvatica,7.248885777777778,0,0,26.402185,144,0,Valid
2025-07-14,1898,928,Buche3_P3,P3,Fagus sylvatica,Fagus sylvatica,18.23219623611111,7.266076,0,63.501084,144,0,Valid
2025-07-14,1899,929,Fichte1_P3,P3,Fagus sylvatica,Abies alba,8.540435041666667,0,0,76.015481,144,0,Valid
2025-07-14,1900,930,Fichte2_P3,P3,Fagus sylvatica,Abies alba,158.87706206944443,122.22426,84.090964,283.851071,144,0,Valid
2025-07-14,1901,931,Fichte3_P3,P3,Fagus sylvatica,Abies alba,0.17251865277777778,0,0,1.893245,144,0,Valid
2025-07-15,1878,908,Buche1_P1,P1,Fagus sylvatica,Fagus sylvatica,8.348638944444444,0,0,31.563949,144,0,Valid
2025-07-15,1879,909,Buche2_P1,P1,Fagus sylvatica,Fagus sylvatica,158.59918593055556,161.499109,138.147646,178.49533,144,0,Valid
2025-07-15,1880,910,Buche3_P1,P1,Fagus sylvatica,Fagus sylvatica,7.342574090277778,0.0962395,0,24.100112,144,0,Valid
2025-07-15,1881,911,Fichte1_P1,P1,Abies alba,Abies alba,50.194162444444444,29.95543,0,149.765002,144,0,Valid
2025-07-15,1882,912,Fichte2_P1,P1,Abies alba,Abies alba,25.793812006944446,1.4698365,0,81.002751,144,0,Valid
2025-07-15,1883,913,Fichte3_P1,P1,Abies alba,Abies alba,32.84051507638889,8.988046,0,108.752954,144,0,Valid
2025-07-15,1884,914,Fichte1_G1,G1,Abies alba,Abies alba,42.75398431944444,13.129463000000001,0,133.687408,144,0,Valid
2025-07-15,1885,915,Fichte2_G1,G1,Abies alba,Abies alba,61.17730240277778,7.3524195,0,203.794099,144,0,Valid
2025-07-15,1886,916,Fichte3_G1,G1,Abies alba,Abies alba,9.732456708333332,0.0270225,0,29.149086,144,0,Valid
2025-07-15,1887,917,Buche1_G1,G1,Fagus sylvatica,Fagus sylvatica,7.409479666666667,0.020316999999999998,0,30.039749,144,0,Valid
2025-07-15,1888,918,Buche2_G1,G1,Fagus sylvatica,Fagus sylvatica,6.62684975,0.684159,0,24.787431,144,0,Valid
2025-07-15,1889,919,Buche3_G1,G1,Fagus sylvatica,Fagus sylvatica,6.7820174444444445,0,0,23.37937,144,0,Valid
2025-07-15,1890,920,Fichte1_P2,P2,Abies alba,Abies alba,23.4761968125,1.07515,0,69.067674,144,0,Valid
2025-07-15,1891,921,Fichte2_P2,P2,Abies alba,Abies alba,0.14338084722222222,0,0,2.50799,144,0,Valid
2025-07-15,1892,922,Fichte3_P2,P2,Abies alba,Abies alba,32.26590053543307,23.148114,0,93.19527,127,0,Valid
2025-07-15,1893,923,Buche1_P2,P2,Fagus sylvatica,Fagus sylvatica,6.182473222222222,0.452925,0,17.262963,144,0,Valid
2025-07-15,1894,924,Buche2_P2,P2,Fagus sylvatica,Fagus sylvatica,17.905386506944446,4.7761745,0,46.941943,144,0,Valid
2025-07-15,1895,925,Buche3_P2,P2,Fagus sylvatica,Fagus sylvatica,4.564784652777778,0,0,14.228962,144,0,Valid
2025-07-15,1896,926,Buche1_P3,P3,Fagus sylvatica,Fagus sylvatica,14.758216881944444,7.2834295000000004,0,41.986193,144,0,Valid
2025-07-15,1897,927,Buche2_P3,P3,Fagus sylvatica,Fagus sylvatica,6.834926451388889,0,0,26.19212,144,0,Valid
2025-07-15,1898,928,Buche3_P3,P3,Fagus sylvatica,Fagus sylvatica,18.07487953472222,8.0182175,0,54.342242,144,0,Valid
2025-07-15,1899,929,Fichte1_P3,P3,Fagus sylvatica,Abies alba,3.9656923680555556,0,0,18.201078,144,0,Valid
2025-07-15,1900,930,Fichte2_P3,P3,Fagus sylvatica,Abies alba,32.500311930555554,33.427672,0,82.71326,144,0,Valid
2025-07-15,1901,931,Fichte3_P3,P3,Fagus sylvatica,Abies alba,20.701327569444445,0.7881665,0,66.95025,144,0,Valid
2025-07-16,1878,908,Buche1_P1,P1,Fagus sylvatica,Fagus sylvatica,6.015151555555556,0,0,27.065213,144,0,Valid
2025-07-16,1879,909,Buche2_P1,P1,Fagus sylvatica,Fagus sylvatica,178.92611604166666,178.671443,172.591776,183.083663,144,0,Valid
2025-07-16,1880,910,Buche3_P1,P1,Fagus sylvatica,Fagus sylvatica,11.682420138888888,5.405054,1.162904,37.268211,144,0,Valid
2025-07-16,1881,911,Fichte1_P1,P1,Abies alba,Abies alba,54.475824125,46.0820085,0,139.67961,144,0,Valid
2025-07-16,1882,912,Fichte2_P1,P1,Abies alba,Abies alba,32.90752508333333,23.9126005,0,99.148026,144,0,Valid
2025-07-16,1883,913,Fichte3_P1,P1,Abies alba,Abies alba,35.532150368055554,26.434911,0,106.645226,144,0,Valid
2025-07-16,1884,914,Fichte1_G1,G1,Abies alba,Abies alba,59.35016363194445,58.684453,0,136.684794,144,0,Valid
2025-07-16,1885,915,Fichte2_G1,G1,Abies alba,Abies alba,157.55558660416668,154.51466649999998,85.032721,249.48853,144,0,Valid
2025-07-16,1886,916,Fichte3_G1,G1,Abies alba,Abies alba,9.502248243055556,3.680825,0,32.864373,144,0,Valid
2025-07-16,1887,917,Buche1_G1,G1,Fagus sylvatica,Fagus sylvatica,10.558287861111111,7.62756,0,33.711588,144,0,Valid
2025-07-16,1888,918,Buche2_G1,G1,Fagus sylvatica,Fagus sylvatica,6.653114736111111,1.0088995,0,25.249754,144,0,Valid
2025-07-16,1889,919,Buche3_G1,G1,Fagus sylvatica,Fagus sylvatica,9.0450589375,0,0,36.146176,144,0,Valid
2025-07-16,1890,920,Fichte1_P2,P2,Abies alba,Abies alba,39.22744884722222,35.952552,15.201921,75.593515,144,0,Valid
2025-07-16,1891,921,Fichte2_P2,P2,Abies alba,Abies alba,1.2339275416666666,0,0,8.356037,144,0,Valid
2025-07-16,1892,922,Fichte3_P2,P2,Abies alba,Abies alba,69.28548173394495,67.144285,36.985212,108.952984,109,0,Valid
2025-07-16,1893,923,Buche1_P2,P2,Fagus sylvatica,Fagus sylvatica,12.565065583333332,13.684144,2.480992,26.237822,144,0,Valid
2025-07-16,1894,924,Buche2_P2,P2,Fagus sylvatica,Fagus sylvatica,52.03852277777778,49.982265999999996,33.346695,82.163637,144,0,Valid
2025-07-16,1895,925,Buche3_P2,P2,Fagus sylvatica,Fagus sylvatica,8.015926833333333,3.6187465,0,29.775133,144,0,Valid
2025-07-16,1896,926,Buche1_P3,P3,Fagus sylvatica,Fagus sylvatica,25.488090555555555,22.742264,14.980293,46.654012,144,0,Valid
2025-07-16,1897,927,Buche2_P3,P3,Fagus sylvatica,Fagus sylvatica,4.866244361111111,0,0,19.643471,144,0,Valid
2025-07-16,1898,928,Buche3_P3,P3,Fagus sylvatica,Fagus sylvatica,18.012164909722223,10.538352,2.495929,51.286173,144,0,Valid
2025-07-16,1899,929,Fichte1_P3,P3,Fagus sylvatica,Abies alba,7.1432755625,0,0,37.679588,144,0,Valid
2025-07-16,1900,930,Fichte2_P3,P3,Fagus sylvatica,Abies alba,21.54499748611111,21.399751000000002,4.45707,39.747664,144,0,Valid
2025-07-16,1901,931,Fichte3_P3,P3,Fagus sylvatica,Abies alba,27.44914292361111,24.045606499999998,4.523859,65.071599,144,0,Valid
2025-07-17,1878,908,Buche1_P1,P1,Fagus sylvatica,Fagus sylvatica,11.456605569444445,6.927023999999999,0,30.854739,144,0,Valid
2025-07-17,1879,909,Buche2_P1,P1,Fagus sylvatica,Fagus sylvatica,181.55563127777776,182.648007,168.660203,190.512795,144,0,Valid
2025-07-17,1880,910,Buche3_P1,P1,Fagus sylvatica,Fagus sylvatica,12.972125604166667,11.2486065,0,36.141578,144,0,Valid
2025-07-17,1881,911,Fichte1_P1,P1,Abies alba,Abies alba,68.27754819444445,51.1640165,0,177.123918,144,0,Valid
2025-07-17,1882,912,Fichte2_P1,P1,Abies alba,Abies alba,42.66883261805555,36.9694925,0,111.047989,144,0,Valid
2025-07-17,1883,913,Fichte3_P1,P1,Abies alba,Abies alba,45.25035936111111,23.9254015,0,119.662869,144,0,Valid
2025-07-17,1884,914,Fichte1_G1,G1,Abies alba,Abies alba,72.48312677777778,51.7724585,0,175.153412,144,0,Valid
2025-07-17,1885,915,Fichte2_G1,G1,Abies alba,Abies alba,178.71374868055557,156.63294000000002,74.376182,294.384968,144,0,Valid
2025-07-17,1886,916,Fichte3_G1,G1,Abies alba,Abies alba,14.876114125,15.199577999999999,0,35.52812,144,0,Valid
2025-07-17,1887,917,Buche1_G1,G1,Fagus sylvatica,Fagus sylvatica,17.361019819444444,18.4598345,0,43.504235,144,0,Valid
2025-07-17,1888,918,Buche2_G1,G1,Fagus sylvatica,Fagus sylvatica,12.958139118055556,12.825501,0,32.075466,144,0,Valid
2025-07-17,1889,919,Buche3_G1,G1,Fagus sylvatica,Fagus sylvatica,16.7184164375,11.533994,0,44.456322,144,0,Valid
2025-07-17,1890,920,Fichte1_P2,P2,Abies alba,Abies alba,42.34374745833333,45.6144095,0,90.069205,144,0,Valid
2025-07-17,1891,921,Fichte2_P2,P2,Abies alba,Abies alba,3.1663481875,0,0,14.364044,144,0,Valid
2025-07-17,1892,922,Fichte3_P2,P2,Abies alba,Abies alba,60.828871972222224,47.1429285,0,122.969518,144,0,Valid
2025-07-17,1893,923,Buche1_P2,P2,Fagus sylvatica,Fagus sylvatica,13.691394027777777,12.357694500000001,0.746535,26.763102,144,0,Valid
2025-07-17,1894,924,Buche2_P2,P2,Fagus sylvatica,Fagus sylvatica,53.84905485416667,54.3267315,19.085666,82.957216,144,0,Valid
2025-07-17,1895,925,Buche3_P2,P2,Fagus sylvatica,Fagus sylvatica,9.693391583333334,9.5651285,0,25.45516,144,0,Valid
2025-07-17,1896,926,Buche1_P3,P3,Fagus sylvatica,Fagus sylvatica,33.21483339583333,28.851987,12.419424,58.119195,144,0,Valid
2025-07-17,1897,927,Buche2_P3,P3,Fagus sylvatica,Fagus sylvatica,13.019523145833332,12.423715,0,31.617364,144,0,Valid
2025-07-17,1898,928,Buche3_P3,P3,Fagus sylvatica,Fagus sylvatica,23.04341159722222,17.1369885,0,58.531309,144,0,Valid
2025-07-17,1899,929,Fichte1_P3,P3,Fagus sylvatica,Abies alba,17.247680305555555,7.626343,0,50.117565,144,0,Valid
2025-07-17,1900,930,Fichte2_P3,P3,Fagus sylvatica,Abies alba,21.326493555555555,12.178653,0,53.314448,144,0,Valid
2025-07-17,1901,931,Fichte3_P3,P3,Fagus sylvatica,Abies alba,30.09459057638889,23.5478685,0,72.612376,144,0,Valid
2025-07-18,1878,908,Buche1_P1,P1,Fagus sylvatica,Fagus sylvatica,14.257863784722222,6.7399995,0,43.727718,144,0,Valid
2025-07-18,1879,909,Buche2_P1,P1,Fagus sylvatica,Fagus sylvatica,182.27276479861112,182.06163750000002,172.664116,191.400434,144,0,Valid
2025-07-18,1880,910,Buche3_P1,P1,Fagus sylvatica,Fagus sylvatica,13.450985590277778,8.65361,0,35.802364,144,0,Valid
2025-07-18,1881,911,Fichte1_P1,P1,Abies alba,Abies alba,63.11261719444445,61.567803,0,146.274426,144,0,Valid
2025-07-18,1882,912,Fichte2_P1,P1,Abies alba,Abies alba,48.844444145833336,38.430082,0,122.619188,144,0,Valid
2025-07-18,1883,913,Fichte3_P1,P1,Abies alba,Abies alba,41.723958,36.197610499999996,0,107.811092,144,0,Valid
2025-07-18,1884,914,Fichte1_G1,G1,Abies alba,Abies alba,112.27678921527777,95.309854,19.112788,233.540569,144,0,Valid
2025-07-18,1885,915,Fichte2_G1,G1,Abies alba,Abies alba,228.39775124305555,211.926335,120.8696,343.401797,144,0,Valid
2025-07-18,1886,916,Fichte3_G1,G1,Abies alba,Abies alba,16.35131806542056,10.429658,0,41.411343,107,0,Valid
2025-07-18,1887,917,Buche1_G1,G1,Fagus sylvatica,Fagus sylvatica,17.93714865277778,15.855265,0,40.825702,144,0,Valid
2025-07-18,1888,918,Buche2_G1,G1,Fagus sylvatica,Fagus sylvatica,8.82711800952381,5.340831,0,30.908788,105,0,Valid
2025-07-18,1889,919,Buche3_G1,G1,Fagus sylvatica,Fagus sylvatica,14.816928201388889,8.739229000000002,0,42.805648,144,0,Valid
2025-07-18,1890,920,Fichte1_P2,P2,Abies alba,Abies alba,42.631041875,40.993314999999996,9.139348,91.310836,104,0,Valid
2025-07-18,1891,921,Fichte2_P2,P2,Abies alba,Abies alba,7.5332407847222225,0.0589465,0,24.923866,144,0,Valid
2025-07-18,1892,922,Fichte3_P2,P2,Abies alba,Abies alba,84.8059728125,81.78989999999999,31.013791,141.442005,144,0,Valid
2025-07-18,1893,923,Buche1_P2,P2,Fagus sylvatica,Fagus sylvatica,12.90570036111111,13.098574500000002,0,27.481794,144,0,Valid
2025-07-18,1894,924,Buche2_P2,P2,Fagus sylvatica,Fagus sylvatica,56.816950347222225,56.6259695,25.046063,85.405041,144,0,Valid
2025-07-18,1895,925,Buche3_P2,P2,Fagus sylvatica,Fagus sylvatica,11.126966631944445,9.9341555,0,26.011325,144,0,Valid
2025-07-18,1896,926,Buche1_P3,P3,Fagus sylvatica,Fagus sylvatica,44.0027176875,41.6159445,25.444282,63.244997,144,0,Valid
2025-07-18,1897,927,Buche2_P3,P3,Fagus sylvatica,Fagus sylvatica,16.527512243055554,13.1336965,0,40.762582,144,0,Valid
2025-07-18,1898,928,Buche3_P3,P3,Fagus sylvatica,Fagus sylvatica,30.70777628472222,23.690196999999998,1.044195,70.943051,144,0,Valid
2025-07-18,1899,929,Fichte1_P3,P3,Fagus sylvatica,Abies alba,20.922957125,12.498316500000001,0,58.928171,144,0,Valid
2025-07-18,1900,930,Fichte2_P3,P3,Fagus sylvatica,Abies alba,39.739738645833334,34.6740395,6.208656,79.217324,144,0,Valid
2025-07-18,1901,931,Fichte3_P3,P3,Fagus sylvatica,Abies alba,36.4261630625,37.7037935,0,72.826763,144,0,Valid
2025-07-19,1878,908,Buche1_P1,P1,Fagus sylvatica,Fagus sylvatica,3.1929686875,0,0,18.587365,144,0,Valid
2025-07-19,1879,909,Buche2_P1,P1,Fagus sylvatica,Fagus sylvatica,172.05010460416668,176.91022800000002,148.449976,191.678858,144,0,Valid
2025-07-19,1880,910,Buche3_P1,P1,Fagus sylvatica,Fagus sylvatica,2.9201232152777776,0,0,21.038544,144,0,Valid
2025-07-19,1881,911,Fichte1_P1,P1,Abies alba,Abies alba,22.661019243055556,15.254271,0,83.024417,144,0,Valid
2025-07-19,1882,912,Fichte2_P1,P1,Abies alba,Abies alba,11.183483826388889,2.7318805,0,45.224119,144,0,Valid
2025-07-19,1883,913,Fichte3_P1,P1,Abies alba,Abies alba,10.421624909722222,0,0,56.575717,144,0,Valid
2025-07-19,1884,914,Fichte1_G1,G1,Abies alba,Abies alba,83.275035875,86.622747,34.482465,131.948633,144,0,Valid
2025-07-19,1885,915,Fichte2_G1,G1,Abies alba,Abies alba,198.4840516736111,195.132208,115.316013,271.542929,144,0,Valid
2025-07-19,1886,916,Fichte3_G1,G1,Abies alba,Abies alba,4.966433,0,0,19.701102,144,0,Valid
2025-07-19,1887,917,Buche1_G1,G1,Fagus sylvatica,Fagus sylvatica,4.840761576388889,0.0966565,0,19.029352,144,0,Valid
2025-07-19,1888,918,Buche2_G1,G1,Fagus sylvatica,Fagus sylvatica,2.3496665208333334,0,0,12.482385,144,0,Valid
2025-07-19,1889,919,Buche3_G1,G1,Fagus sylvatica,Fagus sylvatica,3.344269298611111,0,0,19.983805,144,0,Valid
2025-07-19,1890,920,Fichte1_P2,P2,Abies alba,Abies alba,20.738487229166665,16.143648,0,56.535758,144,0,Valid
2025-07-19,1891,921,Fichte2_P2,P2,Abies alba,Abies alba,1.5098484722222223,0,0,13.783231,144,0,Valid
2025-07-19,1892,922,Fichte3_P2,P2,Abies alba,Abies alba,55.78751152777778,55.027532,0,102.989122,144,0,Valid
2025-07-19,1893,923,Buche1_P2,P2,Fagus sylvatica,Fagus sylvatica,4.950417423611111,2.082723,0,17.067686,144,0,Valid
2025-07-19,1894,924,Buche2_P2,P2,Fagus sylvatica,Fagus sylvatica,32.092426555555555,30.6995045,0,60.420422,144,0,Valid
2025-07-19,1895,925,Buche3_P2,P2,Fagus sylvatica,Fagus sylvatica,3.3896548194444445,0,0,16.391882,144,0,Valid
2025-07-19,1896,926,Buche1_P3,P3,Fagus sylvatica,Fagus sylvatica,41.15225935416667,38.6828725,23.735546,58.806228,144,0,Valid
2025-07-19,1897,927,Buche2_P3,P3,Fagus sylvatica,Fagus sylvatica,6.862195006944445,1.5677444999999999,0,30.678142,144,0,Valid
2025-07-19,1898,928,Buche3_P3,P3,Fagus sylvatica,Fagus sylvatica,9.753583854166667,4.9052525,0,40.239245,144,0,Valid
2025-07-19,1899,929,Fichte1_P3,P3,Fagus sylvatica,Abies alba,6.883811687500001,0,0,38.256767,144,0,Valid
2025-07-19,1900,930,Fichte2_P3,P3,Fagus sylvatica,Abies alba,34.406895069444445,34.771606,4.776262,65.677261,144,0,Valid
2025-07-19,1901,931,Fichte3_P3,P3,Fagus sylvatica,Abies alba,10.014312319444445,1.096649,0,44.397535,144,0,Valid
2025-07-20,1878,908,Buche1_P1,P1,Fagus sylvatica,Fagus sylvatica,9.681842222222222,0,0,38.433389,144,0,Valid
2025-07-20,1879,909,Buche2_P1,P1,Fagus sylvatica,Fagus sylvatica,150.61554314583333,147.5713235,141.819645,168.410927,144,0,Valid
2025-07-20,1880,910,Buche3_P1,P1,Fagus sylvatica,Fagus sylvatica,10.923789277777777,1.6005660000000002,0,41.085826,144,0,Valid
2025-07-20,1881,911,Fichte1_P1,P1,Abies alba,Abies alba,59.977498555555556,47.538826,0,176.655704,144,0,Valid
2025-07-20,1882,912,Fichte2_P1,P1,Abies alba,Abies alba,35.771792680555556,19.436490499999998,0,116.434794,144,0,Valid
2025-07-20,1883,913,Fichte3_P1,P1,Abies alba,Abies alba,35.07313327083333,11.3599415,0,109.791317,144,0,Valid
2025-07-20,1884,914,Fichte1_G1,G1,Abies alba,Abies alba,78.54017213194444,52.8775955,0,203.973341,144,0,Valid
2025-07-20,1885,915,Fichte2_G1,G1,Abies alba,Abies alba,154.42043368055556,129.9335825,54.607396,294.199848,144,0,Valid
2025-07-20,1886,916,Fichte3_G1,G1,Abies alba,Abies alba,15.11987411111111,8.1867135,0,45.556217,144,0,Valid
2025-07-20,1887,917,Buche1_G1,G1,Fagus sylvatica,Fagus sylvatica,16.214887145833334,10.8757895,0,48.28149,144,0,Valid
2025-07-20,1888,918,Buche2_G1,G1,Fagus sylvatica,Fagus sylvatica,10.385991152777779,5.641196000000001,0,35.385887,144,0,Valid
2025-07-20,1889,919,Buche3_G1,G1,Fagus sylvatica,Fagus sylvatica,13.204464256944444,3.3577614999999996,0,42.516886,144,0,Valid
2025-07-20,1890,920,Fichte1_P2,P2,Abies alba,Abies alba,33.965816375,30.327556,0,87.947515,144,0,Valid
2025-07-20,1891,921,Fichte2_P2,P2,Abies alba,Abies alba,2.9040507916666667,0,0,12.526133,144,0,Valid
2025-07-20,1892,922,Fichte3_P2,P2,Abies alba,Abies alba,41.67190898611111,34.675833,0,111.803044,144,0,Valid
2025-07-20,1893,923,Buche1_P2,P2,Fagus sylvatica,Fagus sylvatica,14.26073917361111,13.187865500000001,0,37.253943,144,0,Valid
2025-07-20,1894,924,Buche2_P2,P2,Fagus sylvatica,Fagus sylvatica,22.67518521527778,16.863914,0,64.886708,144,0,Valid
2025-07-20,1895,925,Buche3_P2,P2,Fagus sylvatica,Fagus sylvatica,8.676693659722222,3.5266885,0,27.857587,144,0,Valid
2025-07-20,1896,926,Buche1_P3,P3,Fagus sylvatica,Fagus sylvatica,37.091599583333334,30.485415,16.685174,69.159492,144,0,Valid
2025-07-20,1897,927,Buche2_P3,P3,Fagus sylvatica,Fagus sylvatica,16.278661222222222,10.7608275,0,48.683014,144,0,Valid
2025-07-20,1898,928,Buche3_P3,P3,Fagus sylvatica,Fagus sylvatica,23.88565175,14.1413615,0,73.36526,144,0,Valid
2025-07-20,1899,929,Fichte1_P3,P3,Fagus sylvatica,Abies alba,23.359962826388887,5.9671780000000005,0,79.193226,144,0,Valid
2025-07-20,1900,930,Fichte2_P3,P3,Fagus sylvatica,Abies alba,26.490493069444444,6.79877,0,70.564936,144,0,Valid
2025-07-20,1901,931,Fichte3_P3,P3,Fagus sylvatica,Abies alba,28.69687973611111,13.91571,0,77.349765,144,0,Valid
2025-07-21,1878,908,Buche1_P1,P1,Fagus sylvatica,Fagus sylvatica,5.754539444444444,0,0,27.366437,144,0,Valid
2025-07-21,1879,909,Buche2_P1,P1,Fagus sylvatica,Fagus sylvatica,146.6332473125,142.2585145,137.635338,165.822539,144,0,Valid
2025-07-21,1880,910,Buche3_P1,P1,Fagus sylvatica,Fagus sylvatica,5.624907152777777,0.062098,0,20.553298,144,0,Valid
2025-07-21,1881,911,Fichte1_P1,P1,Abies alba,Abies alba,46.52642990277778,20.227359999999997,0,143.652904,144,0,Valid
2025-07-21,1882,912,Fichte2_P1,P1,Abies alba,Abies alba,24.210751395833334,2.146275,0,75.627826,144,0,Valid
2025-07-21,1883,913,Fichte3_P1,P1,Abies alba,Abies alba,23.915014381944445,0.147765,0,87.756803,144,0,Valid
2025-07-21,1884,914,Fichte1_G1,G1,Abies alba,Abies alba,49.81116291666667,46.8461095,0,121.183311,144,0,Valid
2025-07-21,1885,915,Fichte2_G1,G1,Abies alba,Abies alba,96.60748654166667,97.617843,7.883803,184.151383,144,0,Valid
2025-07-21,1886,916,Fichte3_G1,G1,Abies alba,Abies alba,10.201621541666666,1.4752405,0,31.703938,144,0,Valid
2025-07-21,1887,917,Buche1_G1,G1,Fagus sylvatica,Fagus sylvatica,9.118623520833333,4.626272,0,29.385367,144,0,Valid
2025-07-21,1888,918,Buche2_G1,G1,Fagus sylvatica,Fagus sylvatica,3.181245074468085,3.7174535,0,9.557208,94,0,Valid
2025-07-21,1889,919,Buche3_G1,G1,Fagus sylvatica,Fagus sylvatica,7.224881784722222,0,0,27.687692,144,0,Valid
2025-07-21,1890,920,Fichte1_P2,P2,Abies alba,Abies alba,22.227871819444445,17.3884875,0,65.048764,144,0,Valid
2025-07-21,1891,921,Fichte2_P2,P2,Abies alba,Abies alba,1.3455419583333335,0,0,9.451612,144,0,Valid
2025-07-21,1892,922,Fichte3_P2,P2,Abies alba,Abies alba,32.33651402777778,32.8638025,0,85.543244,144,0,Valid
2025-07-21,1893,923,Buche1_P2,P2,Fagus sylvatica,Fagus sylvatica,8.863879756944444,7.390282,0,23.845194,144,0,Valid
2025-07-21,1894,924,Buche2_P2,P2,Fagus sylvatica,Fagus sylvatica,14.353247152777778,10.7766795,0,43.134284,144,0,Valid
2025-07-21,1895,925,Buche3_P2,P2,Fagus sylvatica,Fagus sylvatica,7.054244465277778,1.1071545,0,22.383153,144,0,Valid
2025-07-21,1896,926,Buche1_P3,P3,Fagus sylvatica,Fagus sylvatica,21.777826069444444,23.72488,4.438516,44.785062,144,0,Valid
2025-07-21,1897,927,Buche2_P3,P3,Fagus sylvatica,Fagus sylvatica,7.709926680555555,1.1246945,0,30.18681,144,0,Valid
2025-07-21,1898,928,Buche3_P3,P3,Fagus sylvatica,Fagus sylvatica,14.597262097222222,9.7544355,0,43.790668,144,0,Valid
2025-07-21,1899,929,Fichte1_P3,P3,Fagus sylvatica,Abies alba,12.382271722222223,0,0,50.448781,144,0,Valid
2025-07-21,1900,930,Fichte2_P3,P3,Fagus sylvatica,Abies alba,19.548772145833333,21.306398,0,45.879028,144,0,Valid
2025-07-21,1901,931,Fichte3_P3,P3,Fagus sylvatica,Abies alba,15.213224534722222,10.372158,0,49.043296,144,0,Valid
2025-07-22,1878,908,Buche1_P1,P1,Fagus sylvatica,Fagus sylvatica,9.850168722222222,6.2966359999999995,0,27.873079,144,0,Valid
2025-07-22,1879,909,Buche2_P1,P1,Fagus sylvatica,Fagus sylvatica,166.57998738194445,166.8201285,143.21817,183.679582,144,0,Valid
2025-07-22,1880,910,Buche3_P1,P1,Fagus sylvatica,Fagus sylvatica,17.253839694444444,16.081319,0,43.751826,144,0,Valid
2025-07-22,1881,911,Fichte1_P1,P1,Abies alba,Abies alba,81.7810160763889,59.734871,0,189.263613,144,0,Valid
2025-07-22,1882,912,Fichte2_P1,P1,Abies alba,Abies alba,46.6695963125,45.4797705,0,115.946583,144,0,Valid
2025-07-22,1883,913,Fichte3_P1,P1,Abies alba,Abies alba,52.026391034722224,37.408217,0,129.768813,144,0,Valid
2025-07-22,1884,914,Fichte1_G1,G1,Abies alba,Abies alba,79.30333380555555,55.803523999999996,0,175.274679,144,0,Valid
2025-07-22,1885,915,Fichte2_G1,G1,Abies alba,Abies alba,142.2852512013889,112.4776805,26.892379,262.651244,144,0,Valid
2025-07-22,1886,916,Fichte3_G1,G1,Abies alba,Abies alba,15.582614326388889,17.116627,0,38.210881,144,0,Valid
2025-07-22,1887,917,Buche1_G1,G1,Fagus sylvatica,Fagus sylvatica,19.459014284722222,21.779410499999997,0,48.707602,144,0,Valid
2025-07-22,1888,918,Buche2_G1,G1,Fagus sylvatica,Fagus sylvatica,14.468049361111111,17.958269,0,32.741242,144,0,Valid
2025-07-22,1889,919,Buche3_G1,G1,Fagus sylvatica,Fagus sylvatica,18.849097555555556,17.172204,0,46.421783,144,0,Valid
2025-07-22,1890,920,Fichte1_P2,P2,Abies alba,Abies alba,42.40236559722222,43.990399,0,91.743366,144,0,Valid
2025-07-22,1891,921,Fichte2_P2,P2,Abies alba,Abies alba,7.9605752361111115,0,0,27.663361,144,0,Valid
2025-07-22,1892,922,Fichte3_P2,P2,Abies alba,Abies alba,60.69507455555556,42.857206,1.685322,130.468313,144,0,Valid
2025-07-22,1893,923,Buche1_P2,P2,Fagus sylvatica,Fagus sylvatica,15.2300674375,12.2088355,0,35.940054,144,0,Valid
2025-07-22,1894,924,Buche2_P2,P2,Fagus sylvatica,Fagus sylvatica,30.006089979166667,26.166587999999997,2.057872,63.998023,144,0,Valid
2025-07-22,1895,925,Buche3_P2,P2,Fagus sylvatica,Fagus sylvatica,17.1153085625,18.4103365,0,40.350193,144,0,Valid
2025-07-22,1896,926,Buche1_P3,P3,Fagus sylvatica,Fagus sylvatica,37.874484055555556,31.8103555,12.984955,66.256661,144,0,Valid
2025-07-22,1897,927,Buche2_P3,P3,Fagus sylvatica,Fagus sylvatica,17.29242154861111,20.1071575,0,39.294778,144,0,Valid
2025-07-22,1898,928,Buche3_P3,P3,Fagus sylvatica,Fagus sylvatica,27.923162861111113,29.2937035,0,60.447893,144,0,Valid
2025-07-22,1899,929,Fichte1_P3,P3,Fagus sylvatica,Abies alba,28.263670527777776,19.931417500000002,0,78.57914,144,0,Valid
2025-07-22,1900,930,Fichte2_P3,P3,Fagus sylvatica,Abies alba,33.847481375,20.209287500000002,0,77.669349,144,0,Valid
2025-07-22,1901,931,Fichte3_P3,P3,Fagus sylvatica,Abies alba,38.374813333333336,23.304164,0,95.020671,144,0,Valid
2025-07-23,1878,908,Buche1_P1,P1,Fagus sylvatica,Fagus sylvatica,11.162191791666666,4.527181,0,35.98355,144,0,Valid
2025-07-23,1879,909,Buche2_P1,P1,Fagus sylvatica,Fagus sylvatica,179.90378525,181.700621,170.133077,186.765897,144,0,Valid
2025-07-23,1880,910,Buche3_P1,P1,Fagus sylvatica,Fagus sylvatica,22.445045944444445,18.383978,9.124518,44.860853,144,0,Valid
2025-07-23,1881,911,Fichte1_P1,P1,Abies alba,Abies alba,77.05486209027778,70.08807,0,170.580716,144,0,Valid
2025-07-23,1882,912,Fichte2_P1,P1,Abies alba,Abies alba,46.374306965277775,37.022293,0,109.46395,144,0,Valid
2025-07-23,1883,913,Fichte3_P1,P1,Abies alba,Abies alba,51.70989121527778,49.356441000000004,0,114.08006,144,0,Valid
2025-07-23,1884,914,Fichte1_G1,G1,Abies alba,Abies alba,122.7070404375,109.07156850000001,29.711865,238.689316,144,0,Valid
2025-07-23,1885,915,Fichte2_G1,G1,Abies alba,Abies alba,205.48180784027778,192.034864,85.652119,329.521583,144,0,Valid
2025-07-23,1886,916,Fichte3_G1,G1,Abies alba,Abies alba,22.15897142361111,20.239324,0,47.621562,144,0,Valid
2025-07-23,1887,917,Buche1_G1,G1,Fagus sylvatica,Fagus sylvatica,24.479656833333333,21.071373,4.702795,48.98386,144,0,Valid
2025-07-23,1888,918,Buche2_G1,G1,Fagus sylvatica,Fagus sylvatica,15.953619923611111,15.2668935,4.291029,28.0649,144,0,Valid
2025-07-23,1889,919,Buche3_G1,G1,Fagus sylvatica,Fagus sylvatica,18.825434027777778,12.2682985,0,49.268539,144,0,Valid
2025-07-23,1890,920,Fichte1_P2,P2,Abies alba,Abies alba,64.72731368055555,62.15348,18.427088,114.676141,144,0,Valid
2025-07-23,1891,921,Fichte2_P2,P2,Abies alba,Abies alba,15.903933708333334,9.529157000000001,0,40.808626,144,0,Valid
2025-07-23,1892,922,Fichte3_P2,P2,Abies alba,Abies alba,101.18113319444444,93.1570625,42.825372,165.570209,144,0,Valid
2025-07-23,1893,923,Buche1_P2,P2,Fagus sylvatica,Fagus sylvatica,21.923288361111112,19.3431705,4.495011,42.667258,144,0,Valid
2025-07-23,1894,924,Buche2_P2,P2,Fagus sylvatica,Fagus sylvatica,41.10621160416667,39.678968499999996,10.923446,77.310222,144,0,Valid
2025-07-23,1895,925,Buche3_P2,P2,Fagus sylvatica,Fagus sylvatica,20.035592145833334,18.223352,0,41.943054,144,0,Valid
2025-07-23,1896,926,Buche1_P3,P3,Fagus sylvatica,Fagus sylvatica,53.272510458333336,57.932703000000004,34.45467,74.516551,144,0,Valid
2025-07-23,1897,927,Buche2_P3,P3,Fagus sylvatica,Fagus sylvatica,28.327817222222222,23.853981,7.934525,55.397064,144,0,Valid
2025-07-23,1898,928,Buche3_P3,P3,Fagus sylvatica,Fagus sylvatica,39.19267273611111,36.800974,10.288026,80.711297,144,0,Valid
2025-07-23,1899,929,Fichte1_P3,P3,Fagus sylvatica,Abies alba,43.411273881944446,36.388462000000004,0,118.28339,144,0,Valid
2025-07-23,1900,930,Fichte2_P3,P3,Fagus sylvatica,Abies alba,77.16368595833333,66.10498799999999,34.590437,121.434027,144,0,Valid
2025-07-23,1901,931,Fichte3_P3,P3,Fagus sylvatica,Abies alba,67.44876753472222,63.0766515,21.513333,111.476729,144,0,Valid
2025-07-24,1878,908,Buche1_P1,P1,Fagus sylvatica,Fagus sylvatica,2.9088009444444443,0,0,18.63168,144,0,Valid
2025-07-24,1879,909,Buche2_P1,P1,Fagus sylvatica,Fagus sylvatica,159.3676255138889,151.967513,146.399675,186.899173,144,0,Valid
2025-07-24,1880,910,Buche3_P1,P1,Fagus sylvatica,Fagus sylvatica,4.739732125,1.1012395,0,28.488541,144,0,Valid
2025-07-24,1881,911,Fichte1_P1,P1,Abies alba,Abies alba,25.646561923611113,12.347717,0,89.252653,144,0,Valid
2025-07-24,1882,912,Fichte2_P1,P1,Abies alba,Abies alba,15.939913020833334,5.2391985000000005,0,64.092834,144,0,Valid
2025-07-24,1883,913,Fichte3_P1,P1,Abies alba,Abies alba,16.826525993055554,2.6142545,0,65.826901,144,0,Valid
2025-07-24,1884,914,Fichte1_G1,G1,Abies alba,Abies alba,85.26607368055555,87.184899,39.911081,148.487832,144,0,Valid
2025-07-24,1885,915,Fichte2_G1,G1,Abies alba,Abies alba,168.09333606944443,172.8225735,89.552792,244.279654,144,0,Valid
2025-07-24,1886,916,Fichte3_G1,G1,Abies alba,Abies alba,7.904325930555555,4.755409,0,32.04135,144,0,Valid
2025-07-24,1887,917,Buche1_G1,G1,Fagus sylvatica,Fagus sylvatica,7.193037777777778,5.112524499999999,0,29.043364,144,0,Valid
2025-07-24,1888,918,Buche2_G1,G1,Fagus sylvatica,Fagus sylvatica,4.852709916666667,0.78596,0,25.864005,144,0,Valid
2025-07-24,1889,919,Buche3_G1,G1,Fagus sylvatica,Fagus sylvatica,2.546483472222222,0,0,15.299899,144,0,Valid
2025-07-24,1890,920,Fichte1_P2,P2,Abies alba,Abies alba,27.1897220625,27.9382525,0,61.048451,144,0,Valid
2025-07-24,1891,921,Fichte2_P2,P2,Abies alba,Abies alba,4.000777840277777,0,0,25.24048,144,0,Valid
2025-07-24,1892,922,Fichte3_P2,P2,Abies alba,Abies alba,59.15777947916666,59.831879,24.213094,107.596341,144,0,Valid
2025-07-24,1893,923,Buche1_P2,P2,Fagus sylvatica,Fagus sylvatica,7.087106659722222,5.949057,0,19.480382,144,0,Valid
2025-07-24,1894,924,Buche2_P2,P2,Fagus sylvatica,Fagus sylvatica,15.74149417361111,13.6558045,2.694651,39.328513,144,0,Valid
2025-07-24,1895,925,Buche3_P2,P2,Fagus sylvatica,Fagus sylvatica,5.178797076388889,0.6937055000000001,0,21.671717,144,0,Valid
2025-07-24,1896,926,Buche1_P3,P3,Fagus sylvatica,Fagus sylvatica,51.69702921527778,51.6923295,37.943912,68.736046,144,0,Valid
2025-07-24,1897,927,Buche2_P3,P3,Fagus sylvatica,Fagus sylvatica,13.760101895833333,13.253258500000001,0,31.384291,144,0,Valid
2025-07-24,1898,928,Buche3_P3,P3,Fagus sylvatica,Fagus sylvatica,17.697192027777778,14.868462000000001,0,47.08756,144,0,Valid
2025-07-24,1899,929,Fichte1_P3,P3,Fagus sylvatica,Abies alba,16.236364895833333,5.770274499999999,0,62.928383,144,0,Valid
2025-07-24,1900,930,Fichte2_P3,P3,Fagus sylvatica,Abies alba,83.5279796111111,82.682848,63.65128,109.691371,144,0,Valid
2025-07-24,1901,931,Fichte3_P3,P3,Fagus sylvatica,Abies alba,31.622178652777777,29.767136999999998,5.557031,75.009825,144,0,Valid
2025-07-25,1878,908,Buche1_P1,P1,Fagus sylvatica,Fagus sylvatica,3.7759938472222223,0,0,24.061651,144,0,Valid
2025-07-25,1879,909,Buche2_P1,P1,Fagus sylvatica,Fagus sylvatica,143.40015352083333,143.0885375,140.063419,146.437386,144,0,Valid
2025-07-25,1880,910,Buche3_P1,P1,Fagus sylvatica,Fagus sylvatica,2.6413123402777776,0,0,16.391139,144,0,Valid
2025-07-25,1881,911,Fichte1_P1,P1,Abies alba,Abies alba,25.500538368055555,1.387764,0,105.418352,144,0,Valid
2025-07-25,1882,912,Fichte2_P1,P1,Abies alba,Abies alba,15.414819305555556,0,0,77.074026,144,0,Valid
2025-07-25,1883,913,Fichte3_P1,P1,Abies alba,Abies alba,13.557261652777777,0,0,60.090055,144,0,Valid
2025-07-25,1884,914,Fichte1_G1,G1,Abies alba,Abies alba,41.88462580555556,34.3049815,0,119.156225,144,0,Valid
2025-07-25,1885,915,Fichte2_G1,G1,Abies alba,Abies alba,91.17941132638889,83.250759,35.062172,178.693395,144,0,Valid
2025-07-25,1886,916,Fichte3_G1,G1,Abies alba,Abies alba,4.810868277777778,0,0,27.678356,144,0,Valid
2025-07-25,1887,917,Buche1_G1,G1,Fagus sylvatica,Fagus sylvatica,5.078504180555556,0,0,28.125495,144,0,Valid
2025-07-25,1888,918,Buche2_G1,G1,Fagus sylvatica,Fagus sylvatica,4.089103611111111,0,0,24.988088,144,0,Valid
2025-07-25,1889,919,Buche3_G1,G1,Fagus sylvatica,Fagus sylvatica,2.2640052847222223,0,0,15.284078,144,0,Valid
2025-07-25,1890,920,Fichte1_P2,P2,Abies alba,Abies alba,9.298318159722223,0.626837,0,44.674326,144,0,Valid
2025-07-25,1891,921,Fichte2_P2,P2,Abies alba,Abies alba,0.4972131111111111,0,0,5.970126,144,0,Valid
2025-07-25,1892,922,Fichte3_P2,P2,Abies alba,Abies alba,16.859131972222222,15.250600500000001,0,54.476801,144,0,Valid
2025-07-25,1893,923,Buche1_P2,P2,Fagus sylvatica,Fagus sylvatica,3.9789511180555555,0.028691,0,16.480059,144,0,Valid
2025-07-25,1894,924,Buche2_P2,P2,Fagus sylvatica,Fagus sylvatica,10.282655111111112,5.895300000000001,0,35.254573,144,0,Valid
2025-07-25,1895,925,Buche3_P2,P2,Fagus sylvatica,Fagus sylvatica,2.0410780763888887,0,0,11.250254,144,0,Valid
2025-07-25,1896,926,Buche1_P3,P3,Fagus sylvatica,Fagus sylvatica,32.59579469444444,30.625746,22.856786,51.019969,144,0,Valid
2025-07-25,1897,927,Buche2_P3,P3,Fagus sylvatica,Fagus sylvatica,6.2009371875,0,0,30.164289,144,0,Valid
2025-07-25,1898,928,Buche3_P3,P3,Fagus sylvatica,Fagus sylvatica,9.24862573611111,2.7628065,0,41.726389,144,0,Valid
2025-07-25,1899,929,Fichte1_P3,P3,Fagus sylvatica,Abies alba,6.306671208333333,0,0,39.22974,144,0,Valid
2025-07-25,1900,930,Fichte2_P3,P3,Fagus sylvatica,Abies alba,24.260575006944446,20.860029,0,70.50084,144,0,Valid
2025-07-25,1901,931,Fichte3_P3,P3,Fagus sylvatica,Abies alba,7.639783583333333,0,0,32.728663,144,0,Valid
2025-07-26,1878,908,Buche1_P1,P1,Fagus sylvatica,Fagus sylvatica,4.071148486111111,0,0,19.447329,144,0,Valid
2025-07-26,1879,909,Buche2_P1,P1,Fagus sylvatica,Fagus sylvatica,141.2019722986111,140.7574065,136.567956,144.529647,144,0,Valid
2025-07-26,1880,910,Buche3_P1,P1,Fagus sylvatica,Fagus sylvatica,6.0575568125,0,0,27.148444,144,0,Valid
2025-07-26,1881,911,Fichte1_P1,P1,Abies alba,Abies alba,29.933353611111112,12.448801,0,111.355148,144,0,Valid
2025-07-26,1882,912,Fichte2_P1,P1,Abies alba,Abies alba,19.53934536111111,0,0,79.049433,144,0,Valid
2025-07-26,1883,913,Fichte3_P1,P1,Abies alba,Abies alba,16.310577368055554,2.5367315,0,69.929722,144,0,Valid
2025-07-26,1884,914,Fichte1_G1,G1,Abies alba,Abies alba,49.42082460416667,42.260625000000005,0,132.166733,144,0,Valid
2025-07-26,1885,915,Fichte2_G1,G1,Abies alba,Abies alba,71.81004620833333,69.901212,6.031441,170.638198,144,0,Valid
2025-07-26,1886,916,Fichte3_G1,G1,Abies alba,Abies alba,7.199300979166667,0,0,33.0237,144,0,Valid
2025-07-26,1887,917,Buche1_G1,G1,Fagus sylvatica,Fagus sylvatica,5.633795423611111,0,0,27.156378,144,0,Valid
2025-07-26,1888,918,Buche2_G1,G1,Fagus sylvatica,Fagus sylvatica,9.351123712765958,6.84773,0,28.519346,94,0,Valid
2025-07-26,1889,919,Buche3_G1,G1,Fagus sylvatica,Fagus sylvatica,3.315420048611111,0,0,16.921173,144,0,Valid
2025-07-26,1890,920,Fichte1_P2,P2,Abies alba,Abies alba,14.055559888888888,0.7104085,0,60.564771,144,0,Valid
2025-07-26,1891,921,Fichte2_P2,P2,Abies alba,Abies alba,0.24262488194444445,0,0,1.9848190000000001,144,0,Valid
2025-07-26,1892,922,Fichte3_P2,P2,Abies alba,Abies alba,22.000378194444444,12.8367465,0,68.811616,144,0,Valid
2025-07-26,1893,923,Buche1_P2,P2,Fagus sylvatica,Fagus sylvatica,5.477733375,1.8075890000000001,0,20.730827,144,0,Valid
2025-07-26,1894,924,Buche2_P2,P2,Fagus sylvatica,Fagus sylvatica,11.704993055555555,6.338197,0,39.419377,144,0,Valid
2025-07-26,1895,925,Buche3_P2,P2,Fagus sylvatica,Fagus sylvatica,3.5768588472222222,0,0,16.700716,144,0,Valid
2025-07-26,1896,926,Buche1_P3,P3,Fagus sylvatica,Fagus sylvatica,32.945743881944445,27.9115395,19.040301,59.698795,144,0,Valid
2025-07-26,1897,927,Buche2_P3,P3,Fagus sylvatica,Fagus sylvatica,10.748811631944445,3.53718,0,38.626514,144,0,Valid
2025-07-26,1898,928,Buche3_P3,P3,Fagus sylvatica,Fagus sylvatica,15.210754416666667,6.4104410000000005,0,55.027795,144,0,Valid
2025-07-26,1899,929,Fichte1_P3,P3,Fagus sylvatica,Abies alba,12.210935770833334,0,0,57.4948,144,0,Valid
2025-07-26,1900,930,Fichte2_P3,P3,Fagus sylvatica,Abies alba,15.590665222222222,1.280124,0,49.818071,144,0,Valid
2025-07-26,1901,931,Fichte3_P3,P3,Fagus sylvatica,Abies alba,17.33019102777778,1.5979755,0,58.19307,144,0,Valid
2025-07-27,1878,908,Buche1_P1,P1,Fagus sylvatica,Fagus sylvatica,3.3755495625,0,0,17.353552,144,0,Valid
2025-07-27,1879,909,Buche2_P1,P1,Fagus sylvatica,Fagus sylvatica,138.19350225,139.58532000000002,132.825313,141.790758,144,0,Valid
2025-07-27,1880,910,Buche3_P1,P1,Fagus sylvatica,Fagus sylvatica,3.5131374861111113,0,0,14.412371,144,0,Valid
2025-07-27,1881,911,Fichte1_P1,P1,Abies alba,Abies alba,22.165304916666667,3.1528869999999998,0,82.996628,144,0,Valid
2025-07-27,1882,912,Fichte2_P1,P1,Abies alba,Abies alba,10.77275470138889,0,0,42.727983,144,0,Valid
2025-07-27,1883,913,Fichte3_P1,P1,Abies alba,Abies alba,6.587900048611111,0,0,26.040917,144,0,Valid
2025-07-27,1884,914,Fichte1_G1,G1,Abies alba,Abies alba,30.333730631944444,29.967969,0,78.056708,144,0,Valid
2025-07-27,1885,915,Fichte2_G1,G1,Abies alba,Abies alba,38.70632802083333,35.727352499999995,0,103.003904,144,0,Valid
2025-07-27,1886,916,Fichte3_G1,G1,Abies alba,Abies alba,2.958529048611111,0,0,15.412701,144,0,Valid
2025-07-27,1887,917,Buche1_G1,G1,Fagus sylvatica,Fagus sylvatica,3.5911023125,0,0,16.694819,144,0,Valid
2025-07-27,1888,918,Buche2_G1,G1,Fagus sylvatica,Fagus sylvatica,0.4853281530612245,0,0,6.718767,98,0,Valid
2025-07-27,1889,919,Buche3_G1,G1,Fagus sylvatica,Fagus sylvatica,3.5845693333333335,0,0,12.534945,144,0,Valid
2025-07-27,1890,920,Fichte1_P2,P2,Abies alba,Abies alba,6.156277493055556,0,0,25.298005,144,0,Valid
2025-07-27,1891,921,Fichte2_P2,P2,Abies alba,Abies alba,0.2846766736111111,0,0,2.621088,144,0,Valid
2025-07-27,1892,922,Fichte3_P2,P2,Abies alba,Abies alba,12.56941879861111,10.653064,0,44.164569,144,0,Valid
2025-07-27,1893,923,Buche1_P2,P2,Fagus sylvatica,Fagus sylvatica,5.113883194444444,1.6890874999999999,0,16.326716,144,0,Valid
2025-07-27,1894,924,Buche2_P2,P2,Fagus sylvatica,Fagus sylvatica,8.365026076388888,3.0396225,0,29.239331,144,0,Valid
2025-07-27,1895,925,Buche3_P2,P2,Fagus sylvatica,Fagus sylvatica,3.309137284722222,0,0,11.807154,144,0,Valid
2025-07-27,1896,926,Buche1_P3,P3,Fagus sylvatica,Fagus sylvatica,23.209903625,22.8794545,14.351216,36.652323,144,0,Valid
2025-07-27,1897,927,Buche2_P3,P3,Fagus sylvatica,Fagus sylvatica,7.902918423611111,0.19732,0,29.441476,144,0,Valid
2025-07-27,1898,928,Buche3_P3,P3,Fagus sylvatica,Fagus sylvatica,11.374108069444445,3.3530794999999998,0,38.87917,144,0,Valid
2025-07-27,1899,929,Fichte1_P3,P3,Fagus sylvatica,Abies alba,4.000115958333334,0,0,18.248369,144,0,Valid
2025-07-27,1900,930,Fichte2_P3,P3,Fagus sylvatica,Abies alba,5.0911933125,2.0613954999999997,0,24.840355,144,0,Valid
2025-07-27,1901,931,Fichte3_P3,P3,Fagus sylvatica,Abies alba,7.374492520833333,0.86697,0,28.78599,144,0,Valid
2025-07-28,1878,908,Buche1_P1,P1,Fagus sylvatica,Fagus sylvatica,0.065046125,0,0,1.076331,144,0,Valid
2025-07-28,1879,909,Buche2_P1,P1,Fagus sylvatica,Fagus sylvatica,138.19103732638888,138.230598,134.937877,141.087003,144,0,Valid
2025-07-28,1880,910,Buche3_P1,P1,Fagus sylvatica,Fagus sylvatica,0.08532242361111111,0.0066105,0,0.740616,144,0,Valid
2025-07-28,1881,911,Fichte1_P1,P1,Abies alba,Abies alba,0.4956129375,0,0,2.621493,144,0,Valid
2025-07-28,1882,912,Fichte2_P1,P1,Abies alba,Abies alba,0.6717898125,0,0,8.713248,144,0,Valid
2025-07-28,1883,913,Fichte3_P1,P1,Abies alba,Abies alba,0.09302521527777778,0,0,1.199421,144,0,Valid
2025-07-28,1884,914,Fichte1_G1,G1,Abies alba,Abies alba,1.2470225972222222,0.002876,0,16.622135,144,0,Valid
2025-07-28,1885,915,Fichte2_G1,G1,Abies alba,Abies alba,0.5758278055555556,0,0,9.449616,144,0,Valid
2025-07-28,1886,916,Fichte3_G1,G1,Abies alba,Abies alba,0.007395083333333333,0,0,0.152642,144,0,Valid
2025-07-28,1887,917,Buche1_G1,G1,Fagus sylvatica,Fagus sylvatica,0.013185923611111112,0,0,0.254249,144,0,Valid
2025-07-28,1888,918,Buche2_G1,G1,Fagus sylvatica,Fagus sylvatica,0,0,0,0,47,0,Valid
2025-07-28,1889,919,Buche3_G1,G1,Fagus sylvatica,Fagus sylvatica,0.007275736111111111,0,0,0.154656,144,0,Valid
2025-07-28,1890,920,Fichte1_P2,P2,Abies alba,Abies alba,0.21510075694444444,0,0,2.336554,144,0,Valid
2025-07-28,1891,921,Fichte2_P2,P2,Abies alba,Abies alba,4.8550694444444444e-4,0,0,0.044159,144,0,Valid
2025-07-28,1892,922,Fichte3_P2,P2,Abies alba,Abies alba,0.2785709027777778,0,0,3.226092,144,0,Valid
2025-07-28,1893,923,Buche1_P2,P2,Fagus sylvatica,Fagus sylvatica,0.06412375694444444,0,0,0.876492,144,0,Valid
2025-07-28,1894,924,Buche2_P2,P2,Fagus sylvatica,Fagus sylvatica,0.6682195069444444,0,0,4.274801,144,0,Valid
2025-07-28,1895,925,Buche3_P2,P2,Fagus sylvatica,Fagus sylvatica,0.011095277777777779,0,0,0.267958,144,0,Valid
2025-07-28,1896,926,Buche1_P3,P3,Fagus sylvatica,Fagus sylvatica,0.6079893125,0,0,15.503366,144,0,Valid
2025-07-28,1897,927,Buche2_P3,P3,Fagus sylvatica,Fagus sylvatica,0.02971109027777778,0,0,0.396634,144,0,Valid
2025-07-28,1898,928,Buche3_P3,P3,Fagus sylvatica,Fagus sylvatica,0.9148184652777778,0,0,5.464219,144,0,Valid
2025-07-28,1899,929,Fichte1_P3,P3,Fagus sylvatica,Abies alba,0.006426201388888889,0,0,0.161436,144,0,Valid
2025-07-28,1900,930,Fichte2_P3,P3,Fagus sylvatica,Abies alba,4.742013888888889e-4,0,0,0.057653,144,0,Valid
2025-07-28,1901,931,Fichte3_P3,P3,Fagus sylvatica,Abies alba,0,0,0,0,144,0,Valid
2025-07-29,1878,908,Buche1_P1,P1,Fagus sylvatica,Fagus sylvatica,10.076416972222223,2.850483,0,26.43104,144,0,Valid
2025-07-29,1879,909,Buche2_P1,P1,Fagus sylvatica,Fagus sylvatica,139.76492452777777,139.732704,132.754974,150.098112,144,0,Valid
2025-07-29,1880,910,Buche3_P1,P1,Fagus sylvatica,Fagus sylvatica,7.8784784722222225,4.559356,0,22.408677,144,0,Valid
2025-07-29,1881,911,Fichte1_P1,P1,Abies alba,Abies alba,62.973123298611114,38.629891,0,158.417145,144,0,Valid
2025-07-29,1882,912,Fichte2_P1,P1,Abies alba,Abies alba,41.41293082638889,39.315158,0,102.498052,144,0,Valid
2025-07-29,1883,913,Fichte3_P1,P1,Abies alba,Abies alba,37.94697427083333,7.860915,0,108.632727,144,0,Valid
2025-07-29,1884,914,Fichte1_G1,G1,Abies alba,Abies alba,63.409775715277775,33.270206,0,168.031019,144,0,Valid
2025-07-29,1885,915,Fichte2_G1,G1,Abies alba,Abies alba,67.41193861805556,44.9511035,0,195.516253,144,0,Valid
2025-07-29,1886,916,Fichte3_G1,G1,Abies alba,Abies alba,16.758752590277776,18.353358999999998,0,40.01663,144,0,Valid
2025-07-29,1887,917,Buche1_G1,G1,Fagus sylvatica,Fagus sylvatica,10.945196069444444,9.9865725,0,32.753206,144,0,Valid
2025-07-29,1888,918,Buche2_G1,G1,Fagus sylvatica,Fagus sylvatica,10.875048034722223,7.473867,0,29.344732,144,0,Valid
2025-07-29,1889,919,Buche3_G1,G1,Fagus sylvatica,Fagus sylvatica,9.233928013888889,0,0,24.509768,144,0,Valid
2025-07-29,1890,920,Fichte1_P2,P2,Abies alba,Abies alba,32.14959823611111,35.960460499999996,0,77.381921,144,0,Valid
2025-07-29,1891,921,Fichte2_P2,P2,Abies alba,Abies alba,0.21530854861111112,0,0,2.814266,144,0,Valid
2025-07-29,1892,922,Fichte3_P2,P2,Abies alba,Abies alba,39.290458541666666,31.740293,0,100.764425,144,0,Valid
2025-07-29,1893,923,Buche1_P2,P2,Fagus sylvatica,Fagus sylvatica,6.995338993055555,6.8441665,0,16.560025,144,0,Valid
2025-07-29,1894,924,Buche2_P2,P2,Fagus sylvatica,Fagus sylvatica,13.821830638888889,15.958710499999999,0,29.957415,144,0,Valid
2025-07-29,1895,925,Buche3_P2,P2,Fagus sylvatica,Fagus sylvatica,0.15177975694444445,0,0,1.093048,144,0,Valid
2025-07-29,1896,926,Buche1_P3,P3,Fagus sylvatica,Fagus sylvatica,14.404835569444444,0.2340255,0,42.81582,144,0,Valid
2025-07-29,1897,927,Buche2_P3,P3,Fagus sylvatica,Fagus sylvatica,8.617094625,4.278048,0,23.868082,144,0,Valid
2025-07-29,1898,928,Buche3_P3,P3,Fagus sylvatica,Fagus sylvatica,19.543611270833335,17.6160405,0,48.410299,144,0,Valid
2025-07-29,1899,929,Fichte1_P3,P3,Fagus sylvatica,Abies alba,4.089345118055555,0,0,13.235134,144,0,Valid
2025-07-29,1900,930,Fichte2_P3,P3,Fagus sylvatica,Abies alba,19.631405069444444,3.2385539999999997,0,51.745157,144,0,Valid
2025-07-29,1901,931,Fichte3_P3,P3,Fagus sylvatica,Abies alba,26.616371583333333,18.102842,0,71.462365,144,0,Valid
2025-07-30,1878,908,Buche1_P1,P1,Fagus sylvatica,Fagus sylvatica,7.498908111111111,2.5524115,0,23.101767,144,0,Valid
2025-07-30,1879,909,Buche2_P1,P1,Fagus sylvatica,Fagus sylvatica,156.82592299305554,158.0247585,149.187546,161.859613,144,0,Valid
2025-07-30,1880,910,Buche3_P1,P1,Fagus sylvatica,Fagus sylvatica,12.819620965277778,11.0649285,0,32.748567,144,0,Valid
2025-07-30,1881,911,Fichte1_P1,P1,Abies alba,Abies alba,62.63470949305555,64.3820705,7.869202,123.149783,144,0,Valid
2025-07-30,1882,912,Fichte2_P1,P1,Abies alba,Abies alba,44.74840472222222,43.927646499999994,0.035176,93.878615,144,0,Valid
2025-07-30,1883,913,Fichte3_P1,P1,Abies alba,Abies alba,37.82461395833333,41.639531000000005,0,77.357114,144,0,Valid
2025-07-30,1884,914,Fichte1_G1,G1,Abies alba,Abies alba,79.95116164583334,80.57579899999999,22.472318,144.478613,144,0,Valid
2025-07-30,1885,915,Fichte2_G1,G1,Abies alba,Abies alba,144.0769085,131.555606,70.344042,220.797437,144,0,Valid
2025-07-30,1886,916,Fichte3_G1,G1,Abies alba,Abies alba,14.444772,14.779356,0,26.702686,144,0,Valid
2025-07-30,1887,917,Buche1_G1,G1,Fagus sylvatica,Fagus sylvatica,13.319523173611111,9.591857000000001,4.063106,30.647898,144,0,Valid
2025-07-30,1888,918,Buche2_G1,G1,Fagus sylvatica,Fagus sylvatica,8.9007685,4.5463155,0,25.088616,144,0,Valid
2025-07-30,1889,919,Buche3_G1,G1,Fagus sylvatica,Fagus sylvatica,11.144878743055555,5.618629,0,28.998319,144,0,Valid
2025-07-30,1890,920,Fichte1_P2,P2,Abies alba,Abies alba,46.09054164583333,44.0688935,17.586231,72.454703,144,0,Valid
2025-07-30,1891,921,Fichte2_P2,P2,Abies alba,Abies alba,0.29320497916666666,0,0,2.797766,144,0,Valid
2025-07-30,1892,922,Fichte3_P2,P2,Abies alba,Abies alba,54.05717330555556,51.717907499999995,21.905394,82.298862,144,0,Valid
2025-07-30,1893,923,Buche1_P2,P2,Fagus sylvatica,Fagus sylvatica,8.975966180555556,10.0746525,0,19.406109,144,0,Valid
2025-07-30,1894,924,Buche2_P2,P2,Fagus sylvatica,Fagus sylvatica,33.29774730555555,38.932812,5.053496,63.37881,144,0,Valid
2025-07-30,1895,925,Buche3_P2,P2,Fagus sylvatica,Fagus sylvatica,7.038236298611111,5.644835499999999,0,15.992002,144,0,Valid
2025-07-30,1896,926,Buche1_P3,P3,Fagus sylvatica,Fagus sylvatica,36.95393822222222,38.535747,23.420696,52.600659,144,0,Valid
2025-07-30,1897,927,Buche2_P3,P3,Fagus sylvatica,Fagus sylvatica,7.245369590277778,5.3129745,0,23.001486,144,0,Valid
2025-07-30,1898,928,Buche3_P3,P3,Fagus sylvatica,Fagus sylvatica,24.733878006944444,22.2213675,7.384403,48.487113,144,0,Valid
2025-07-30,1899,929,Fichte1_P3,P3,Fagus sylvatica,Abies alba,15.372035479166666,5.063252,0,43.539015,144,0,Valid
2025-07-30,1900,930,Fichte2_P3,P3,Fagus sylvatica,Abies alba,32.86610793055556,34.966730999999996,14.147031,46.807228,144,0,Valid
2025-07-30,1901,931,Fichte3_P3,P3,Fagus sylvatica,Abies alba,40.957570305555556,38.772325499999994,14.165911,70.862132,144,0,Valid
2025-07-31,1878,908,Buche1_P1,P1,Fagus sylvatica,Fagus sylvatica,8.869415298611111,1.6163885,0,25.615327,144,0,Valid
2025-07-31,1879,909,Buche2_P1,P1,Fagus sylvatica,Fagus sylvatica,158.2749429375,161.081773,148.830433,163.788486,144,0,Valid
2025-07-31,1880,910,Buche3_P1,P1,Fagus sylvatica,Fagus sylvatica,14.340911979166666,10.175775999999999,0,35.774045,144,0,Valid
2025-07-31,1881,911,Fichte1_P1,P1,Abies alba,Abies alba,54.22180850694444,44.4738,0,129.949817,144,0,Valid
2025-07-31,1882,912,Fichte2_P1,P1,Abies alba,Abies alba,43.324626375,36.4825865,0,99.906724,144,0,Valid
2025-07-31,1883,913,Fichte3_P1,P1,Abies alba,Abies alba,39.69995655555556,29.0975095,0,102.933265,144,0,Valid
2025-07-31,1884,914,Fichte1_G1,G1,Abies alba,Abies alba,82.16021971527778,70.717497,20.844217,162.044717,144,0,Valid
2025-07-31,1885,915,Fichte2_G1,G1,Abies alba,Abies alba,167.813474625,142.018758,73.693188,283.985174,144,0,Valid
2025-07-31,1886,916,Fichte3_G1,G1,Abies alba,Abies alba,11.438142423611112,5.557658,0,30.8939,144,0,Valid
2025-07-31,1887,917,Buche1_G1,G1,Fagus sylvatica,Fagus sylvatica,12.344646208333334,9.5796025,0,34.717573,144,0,Valid
2025-07-31,1888,918,Buche2_G1,G1,Fagus sylvatica,Fagus sylvatica,12.177659284722223,4.898823500000001,0,34.564805,144,0,Valid
2025-07-31,1889,919,Buche3_G1,G1,Fagus sylvatica,Fagus sylvatica,9.413721548611111,0.7438225,0,28.880391,144,0,Valid
2025-07-31,1890,920,Fichte1_P2,P2,Abies alba,Abies alba,32.222698625,29.712494,0,71.235303,144,0,Valid
2025-07-31,1891,921,Fichte2_P2,P2,Abies alba,Abies alba,0.31450738194444444,0,0,3.505305,144,0,Valid
2025-07-31,1892,922,Fichte3_P2,P2,Abies alba,Abies alba,46.40821736805555,45.429694,0,98.570336,144,0,Valid
2025-07-31,1893,923,Buche1_P2,P2,Fagus sylvatica,Fagus sylvatica,17.578246770833335,15.663004,2.245547,34.142473,144,0,Valid
2025-07-31,1894,924,Buche2_P2,P2,Fagus sylvatica,Fagus sylvatica,48.3643690625,44.9176765,24.821584,76.570193,144,0,Valid
2025-07-31,1895,925,Buche3_P2,P2,Fagus sylvatica,Fagus sylvatica,9.177912868055556,7.694146,0,22.63572,144,0,Valid
2025-07-31,1896,926,Buche1_P3,P3,Fagus sylvatica,Fagus sylvatica,42.97559925694444,41.21876,25.172122,64.966647,144,0,Valid
2025-07-31,1897,927,Buche2_P3,P3,Fagus sylvatica,Fagus sylvatica,10.052589409722222,8.095386999999999,0,24.831469,144,0,Valid
2025-07-31,1898,928,Buche3_P3,P3,Fagus sylvatica,Fagus sylvatica,27.222573090277777,22.2477435,4.146285,55.57402,144,0,Valid
2025-07-31,1899,929,Fichte1_P3,P3,Fagus sylvatica,Abies alba,16.64420521527778,0.6603479999999999,0,51.998458,144,0,Valid
2025-07-31,1900,930,Fichte2_P3,P3,Fagus sylvatica,Abies alba,26.065377520833334,26.631940999999998,0,51.121365,144,0,Valid
2025-07-31,1901,931,Fichte3_P3,P3,Fagus sylvatica,Abies alba,30.203967388888888,27.1335275,0,71.884596,144,0,Valid
2025-08-01,1878,908,Buche1_P1,P1,Fagus sylvatica,Fagus sylvatica,10.081445194444445,0.2183935,0,33.968487,144,0,Valid
2025-08-01,1879,909,Buche2_P1,P1,Fagus sylvatica,Fagus sylvatica,162.82781799305556,163.95332100000002,149.03676,170.47182,144,0,Valid
2025-08-01,1880,910,Buche3_P1,P1,Fagus sylvatica,Fagus sylvatica,14.762186798611111,8.500226,0,41.523758,144,0,Valid
2025-08-01,1881,911,Fichte1_P1,P1,Abies alba,Abies alba,56.48838247222222,42.0076705,0,152.327814,144,0,Valid
2025-08-01,1882,912,Fichte2_P1,P1,Abies alba,Abies alba,39.65474622916667,28.1080325,0,107.949452,144,0,Valid
2025-08-01,1883,913,Fichte3_P1,P1,Abies alba,Abies alba,40.799190333333335,27.8469815,0,123.342676,144,0,Valid
2025-08-01,1884,914,Fichte1_G1,G1,Abies alba,Abies alba,81.10338949305556,75.138553,17.066292,174.690006,144,0,Valid
2025-08-01,1885,915,Fichte2_G1,G1,Abies alba,Abies alba,197.0798873263889,196.800938,96.611977,325.1637,144,0,Valid
2025-08-01,1886,916,Fichte3_G1,G1,Abies alba,Abies alba,12.249376159722223,6.034252,0,34.7328,144,0,Valid
2025-08-01,1887,917,Buche1_G1,G1,Fagus sylvatica,Fagus sylvatica,14.155676576388888,6.3041205,0,43.273861,144,0,Valid
2025-08-01,1888,918,Buche2_G1,G1,Fagus sylvatica,Fagus sylvatica,9.762341409722222,4.37918,0,31.054967,144,0,Valid
2025-08-01,1889,919,Buche3_G1,G1,Fagus sylvatica,Fagus sylvatica,8.114081145833334,0.0642905,0,28.913161,144,0,Valid
2025-08-01,1890,920,Fichte1_P2,P2,Abies alba,Abies alba,31.446899722222224,24.3690225,0,79.874862,144,0,Valid
2025-08-01,1891,921,Fichte2_P2,P2,Abies alba,Abies alba,1.6387730625,0,0,11.871335,144,0,Valid
2025-08-01,1892,922,Fichte3_P2,P2,Abies alba,Abies alba,50.470832333333334,46.480072,1.618653,115.835502,144,0,Valid
2025-08-01,1893,923,Buche1_P2,P2,Fagus sylvatica,Fagus sylvatica,26.14046482638889,23.5979745,12.669872,43.81449,144,0,Valid
2025-08-01,1894,924,Buche2_P2,P2,Fagus sylvatica,Fagus sylvatica,53.635743770833336,48.270310499999994,29.304851,88.073601,144,0,Valid
2025-08-01,1895,925,Buche3_P2,P2,Fagus sylvatica,Fagus sylvatica,9.69759732638889,5.9242835,0,27.541701,144,0,Valid
2025-08-01,1896,926,Buche1_P3,P3,Fagus sylvatica,Fagus sylvatica,52.78184054166667,50.692403999999996,35.208616,78.580547,144,0,Valid
2025-08-01,1897,927,Buche2_P3,P3,Fagus sylvatica,Fagus sylvatica,12.406313520833333,10.294099500000002,0.748823,28.974932,144,0,Valid
2025-08-01,1898,928,Buche3_P3,P3,Fagus sylvatica,Fagus sylvatica,33.71120436111111,27.2388455,9.719116,70.27931,144,0,Valid
2025-08-01,1899,929,Fichte1_P3,P3,Fagus sylvatica,Abies alba,22.7255321875,9.672110499999999,0,72.644804,144,0,Valid
2025-08-01,1900,930,Fichte2_P3,P3,Fagus sylvatica,Abies alba,28.914215006944445,27.844462999999998,0,61.948129,144,0,Valid
2025-08-01,1901,931,Fichte3_P3,P3,Fagus sylvatica,Abies alba,34.830717201388886,29.708333500000002,0,88.032662,144,0,Valid
2025-08-02,1878,908,Buche1_P1,P1,Fagus sylvatica,Fagus sylvatica,2.3216258680555555,0,0,15.898972,144,0,Valid
2025-08-02,1879,909,Buche2_P1,P1,Fagus sylvatica,Fagus sylvatica,144.9902226875,140.8789355,139.125862,162.641522,144,0,Valid
2025-08-02,1880,910,Buche3_P1,P1,Fagus sylvatica,Fagus sylvatica,1.8084025277777778,0.0491285,0,8.542825,144,0,Valid
2025-08-02,1881,911,Fichte1_P1,P1,Abies alba,Abies alba,9.644055020833333,0,0,41.91715,144,0,Valid
2025-08-02,1882,912,Fichte2_P1,P1,Abies alba,Abies alba,4.898058986111111,0,0,28.931535,144,0,Valid
2025-08-02,1883,913,Fichte3_P1,P1,Abies alba,Abies alba,2.2699168680555557,0,0,13.340665,144,0,Valid
2025-08-02,1884,914,Fichte1_G1,G1,Abies alba,Abies alba,18.21890782638889,12.4146675,0,75.162513,144,0,Valid
2025-08-02,1885,915,Fichte2_G1,G1,Abies alba,Abies alba,92.59065647222222,83.6274035,40.09893,196.162838,144,0,Valid
2025-08-02,1886,916,Fichte3_G1,G1,Abies alba,Abies alba,1.2132532777777778,0,0,8.868309,144,0,Valid
2025-08-02,1887,917,Buche1_G1,G1,Fagus sylvatica,Fagus sylvatica,1.2996548333333333,0,0,9.564482,144,0,Valid
2025-08-02,1888,918,Buche2_G1,G1,Fagus sylvatica,Fagus sylvatica,1.28236234,0.002164,0,5.160615,50,0,Valid
2025-08-02,1889,919,Buche3_G1,G1,Fagus sylvatica,Fagus sylvatica,0.3688973541666667,0,0,3.062928,144,0,Valid
2025-08-02,1890,920,Fichte1_P2,P2,Abies alba,Abies alba,5.2008919930555555,0,0,32.327119,144,0,Valid
2025-08-02,1891,921,Fichte2_P2,P2,Abies alba,Abies alba,0.18348282638888888,0,0,2.185799,144,0,Valid
2025-08-02,1892,922,Fichte3_P2,P2,Abies alba,Abies alba,13.188147041666667,6.015148999999999,0,42.955802,144,0,Valid
2025-08-02,1893,923,Buche1_P2,P2,Fagus sylvatica,Fagus sylvatica,15.305810659722223,16.081854,4.732436,24.292627,144,0,Valid
2025-08-02,1894,924,Buche2_P2,P2,Fagus sylvatica,Fagus sylvatica,21.749707625,23.7043495,2.227911,43.286721,144,0,Valid
2025-08-02,1895,925,Buche3_P2,P2,Fagus sylvatica,Fagus sylvatica,1.1988447361111112,0,0,7.40786,144,0,Valid
2025-08-02,1896,926,Buche1_P3,P3,Fagus sylvatica,Fagus sylvatica,36.55913128472222,37.7443455,21.667478,49.672642,144,0,Valid
2025-08-02,1897,927,Buche2_P3,P3,Fagus sylvatica,Fagus sylvatica,3.5297890555555553,1.8072355,0,12.617448,144,0,Valid
2025-08-02,1898,928,Buche3_P3,P3,Fagus sylvatica,Fagus sylvatica,12.210552583333333,11.423674,0,31.039253,144,0,Valid
2025-08-02,1899,929,Fichte1_P3,P3,Fagus sylvatica,Abies alba,0.9650493819444445,0,0,10.799488,144,0,Valid
2025-08-02,1900,930,Fichte2_P3,P3,Fagus sylvatica,Abies alba,6.028899777777778,0,0,34.783595,144,0,Valid
2025-08-02,1901,931,Fichte3_P3,P3,Fagus sylvatica,Abies alba,6.008529847222222,0,0,31.776838,144,0,Valid
2025-08-03,1878,908,Buche1_P1,P1,Fagus sylvatica,Fagus sylvatica,9.19841429861111,2.4708395,0,29.357686,144,0,Valid
2025-08-03,1879,909,Buche2_P1,P1,Fagus sylvatica,Fagus sylvatica,142.33637680555555,141.4953065,135.126529,153.620604,144,0,Valid
2025-08-03,1880,910,Buche3_P1,P1,Fagus sylvatica,Fagus sylvatica,9.199321944444444,6.7828815,0,26.020814,144,0,Valid
2025-08-03,1881,911,Fichte1_P1,P1,Abies alba,Abies alba,53.18636488194444,30.318196999999998,0,139.650771,144,0,Valid
2025-08-03,1882,912,Fichte2_P1,P1,Abies alba,Abies alba,39.232563479166664,34.400372000000004,0,98.197751,144,0,Valid
2025-08-03,1883,913,Fichte3_P1,P1,Abies alba,Abies alba,36.58188005555556,9.262624500000001,0,101.915002,144,0,Valid
2025-08-03,1884,914,Fichte1_G1,G1,Abies alba,Abies alba,62.99854975694444,26.802197999999997,0,163.133328,144,0,Valid
2025-08-03,1885,915,Fichte2_G1,G1,Abies alba,Abies alba,107.1020044513889,72.583182,18.375805,223.282183,144,0,Valid
2025-08-03,1886,916,Fichte3_G1,G1,Abies alba,Abies alba,11.255768638888888,4.902147,0,30.849376,144,0,Valid
2025-08-03,1887,917,Buche1_G1,G1,Fagus sylvatica,Fagus sylvatica,11.636006145833333,10.676181,0,31.765279,144,0,Valid
2025-08-03,1888,918,Buche2_G1,G1,Fagus sylvatica,Fagus sylvatica,10.960280027777777,10.4878345,0,22.688959,108,0,Valid
2025-08-03,1889,919,Buche3_G1,G1,Fagus sylvatica,Fagus sylvatica,9.523379243055555,0.5069375,0,29.756788,144,0,Valid
2025-08-03,1890,920,Fichte1_P2,P2,Abies alba,Abies alba,27.42246457638889,28.277797,0,69.466472,144,0,Valid
2025-08-03,1891,921,Fichte2_P2,P2,Abies alba,Abies alba,0.5077879375,0,0,5.757305,144,0,Valid
2025-08-03,1892,922,Fichte3_P2,P2,Abies alba,Abies alba,27.483461583333334,9.965917000000001,0,76.810589,144,0,Valid
2025-08-03,1893,923,Buche1_P2,P2,Fagus sylvatica,Fagus sylvatica,11.401808229166667,10.4083665,0,25.096326,144,0,Valid
2025-08-03,1894,924,Buche2_P2,P2,Fagus sylvatica,Fagus sylvatica,26.767622305555555,25.6954145,0,63.423492,144,0,Valid
2025-08-03,1895,925,Buche3_P2,P2,Fagus sylvatica,Fagus sylvatica,7.592887638888889,2.705965,0,22.330463,144,0,Valid
2025-08-03,1896,926,Buche1_P3,P3,Fagus sylvatica,Fagus sylvatica,41.41208498611111,41.543877,26.527443,62.042665,144,0,Valid
2025-08-03,1897,927,Buche2_P3,P3,Fagus sylvatica,Fagus sylvatica,9.967247895833333,8.738042,0,26.422769,144,0,Valid
2025-08-03,1898,928,Buche3_P3,P3,Fagus sylvatica,Fagus sylvatica,19.607135173611113,15.098742000000001,0,50.197504,144,0,Valid
2025-08-03,1899,929,Fichte1_P3,P3,Fagus sylvatica,Abies alba,18.204197708333332,2.111746,0,54.861763,144,0,Valid
2025-08-03,1900,930,Fichte2_P3,P3,Fagus sylvatica,Abies alba,18.289024875,4.349759499999999,0,48.725228,144,0,Valid
2025-08-03,1901,931,Fichte3_P3,P3,Fagus sylvatica,Abies alba,24.005477,15.910989,0,63.645919,144,0,Valid
2025-08-04,1878,908,Buche1_P1,P1,Fagus sylvatica,Fagus sylvatica,10.352086680555555,4.952248,0,31.078287,144,0,Valid
2025-08-04,1879,909,Buche2_P1,P1,Fagus sylvatica,Fagus sylvatica,157.4140133611111,158.765083,150.577528,161.506158,144,0,Valid
2025-08-04,1880,910,Buche3_P1,P1,Fagus sylvatica,Fagus sylvatica,18.77378401388889,16.366894000000002,2.371591,41.980993,144,0,Valid
2025-08-04,1881,911,Fichte1_P1,P1,Abies alba,Abies alba,56.04447969444445,50.074439999999996,0,124.296477,144,0,Valid
2025-08-04,1882,912,Fichte2_P1,P1,Abies alba,Abies alba,49.15851540972222,33.984995,0.999792,112.856244,144,0,Valid
2025-08-04,1883,913,Fichte3_P1,P1,Abies alba,Abies alba,46.785693180555555,39.2606805,0,110.299973,144,0,Valid
2025-08-04,1884,914,Fichte1_G1,G1,Abies alba,Abies alba,106.15921234027778,92.28134349999999,25.329456,213.871138,144,0,Valid
2025-08-04,1885,915,Fichte2_G1,G1,Abies alba,Abies alba,151.71379388194444,129.45822900000002,68.432111,250.402723,144,0,Valid
2025-08-04,1886,916,Fichte3_G1,G1,Abies alba,Abies alba,11.763073763888888,7.322343999999999,0,29.555453,144,0,Valid
2025-08-04,1887,917,Buche1_G1,G1,Fagus sylvatica,Fagus sylvatica,16.256583243055555,13.061960500000001,4.789194,32.236596,144,0,Valid
2025-08-04,1888,918,Buche2_G1,G1,Fagus sylvatica,Fagus sylvatica,10.924962744680851,7.958669,0,30.165059,141,0,Valid
2025-08-04,1889,919,Buche3_G1,G1,Fagus sylvatica,Fagus sylvatica,9.725944006944445,2.1728125,0,29.514853,144,0,Valid
2025-08-04,1890,920,Fichte1_P2,P2,Abies alba,Abies alba,30.78491490972222,26.5381535,0,66.42349,144,0,Valid
2025-08-04,1891,921,Fichte2_P2,P2,Abies alba,Abies alba,1.1429994791666667,0,0,9.602691,144,0,Valid
2025-08-04,1892,922,Fichte3_P2,P2,Abies alba,Abies alba,38.89662963888889,26.012394999999998,0,88.768573,144,0,Valid
2025-08-04,1893,923,Buche1_P2,P2,Fagus sylvatica,Fagus sylvatica,18.437387506944443,16.0580445,1.93751,34.829583,144,0,Valid
2025-08-04,1894,924,Buche2_P2,P2,Fagus sylvatica,Fagus sylvatica,49.91164088888889,47.042632999999995,26.976979,78.884322,144,0,Valid
2025-08-04,1895,925,Buche3_P2,P2,Fagus sylvatica,Fagus sylvatica,13.0877736875,12.165814000000001,0,32.116466,144,0,Valid
2025-08-04,1896,926,Buche1_P3,P3,Fagus sylvatica,Fagus sylvatica,52.196749708333336,47.959629500000005,34.820589,76.92671,144,0,Valid
2025-08-04,1897,927,Buche2_P3,P3,Fagus sylvatica,Fagus sylvatica,15.835521291666666,14.93414,1.962928,30.176022,144,0,Valid
2025-08-04,1898,928,Buche3_P3,P3,Fagus sylvatica,Fagus sylvatica,30.39134334722222,26.067756,4.312729,66.550334,144,0,Valid
2025-08-04,1899,929,Fichte1_P3,P3,Fagus sylvatica,Abies alba,24.612851083333332,10.5609265,0,69.600593,144,0,Valid
2025-08-04,1900,930,Fichte2_P3,P3,Fagus sylvatica,Abies alba,28.482114930555557,24.3272025,0,62.314265,144,0,Valid
2025-08-04,1901,931,Fichte3_P3,P3,Fagus sylvatica,Abies alba,29.98808523611111,20.954506000000002,0,75.271177,144,0,Valid
2025-08-05,1878,908,Buche1_P1,P1,Fagus sylvatica,Fagus sylvatica,12.412972194444444,5.2452235,0,43.157704,144,0,Valid
2025-08-05,1879,909,Buche2_P1,P1,Fagus sylvatica,Fagus sylvatica,160.89738258333333,162.354715,149.386782,169.094281,144,0,Valid
2025-08-05,1880,910,Buche3_P1,P1,Fagus sylvatica,Fagus sylvatica,22.819125840277778,16.170499,4.227121,52.228365,144,0,Valid
2025-08-05,1881,911,Fichte1_P1,P1,Abies alba,Abies alba,52.248544305555555,33.097288,0,144.684338,144,0,Valid
2025-08-05,1882,912,Fichte2_P1,P1,Abies alba,Abies alba,43.60643084722222,31.019444999999997,0,120.528813,144,0,Valid
2025-08-05,1883,913,Fichte3_P1,P1,Abies alba,Abies alba,46.64253657638889,31.4444205,0,126.063491,144,0,Valid
2025-08-05,1884,914,Fichte1_G1,G1,Abies alba,Abies alba,124.18948423611111,108.8562435,32.892536,246.306129,144,0,Valid
2025-08-05,1885,915,Fichte2_G1,G1,Abies alba,Abies alba,178.7820290138889,145.4671795,75.172729,311.424212,144,0,Valid
2025-08-05,1886,916,Fichte3_G1,G1,Abies alba,Abies alba,12.495040715277778,7.928832,0,35.303488,144,0,Valid
2025-08-05,1887,917,Buche1_G1,G1,Fagus sylvatica,Fagus sylvatica,13.856654680555556,13.012892,0,35.283038,144,0,Valid
2025-08-05,1888,918,Buche2_G1,G1,Fagus sylvatica,Fagus sylvatica,14.998615581818182,14.814377499999999,0,32.305488,110,0,Valid
2025-08-05,1889,919,Buche3_G1,G1,Fagus sylvatica,Fagus sylvatica,12.783638166666666,4.796761,0,39.389349,144,0,Valid
2025-08-05,1890,920,Fichte1_P2,P2,Abies alba,Abies alba,33.38049921527778,28.003995,0,83.43281,144,0,Valid
2025-08-05,1891,921,Fichte2_P2,P2,Abies alba,Abies alba,2.671279861111111,0,0,10.736893,144,0,Valid
2025-08-05,1892,922,Fichte3_P2,P2,Abies alba,Abies alba,46.76512224305556,31.1743865,0,111.134128,144,0,Valid
2025-08-05,1893,923,Buche1_P2,P2,Fagus sylvatica,Fagus sylvatica,25.277074590277778,22.712002499999997,7.174922,44.939542,144,0,Valid
2025-08-05,1894,924,Buche2_P2,P2,Fagus sylvatica,Fagus sylvatica,56.41774754861111,50.0803265,30.167014000000002,89.809512,144,0,Valid
2025-08-05,1895,925,Buche3_P2,P2,Fagus sylvatica,Fagus sylvatica,14.540440354166666,11.492961000000001,0,35.684242,144,0,Valid
2025-08-05,1896,926,Buche1_P3,P3,Fagus sylvatica,Fagus sylvatica,61.18537496527778,52.481369,42.796277,83.536654,144,0,Valid
2025-08-05,1897,927,Buche2_P3,P3,Fagus sylvatica,Fagus sylvatica,23.494876631944443,24.2713025,8.960486,46.361512,144,0,Valid
2025-08-05,1898,928,Buche3_P3,P3,Fagus sylvatica,Fagus sylvatica,40.89293726388889,38.31188,11.168715,85.876709,144,0,Valid
2025-08-05,1899,929,Fichte1_P3,P3,Fagus sylvatica,Abies alba,26.136413145833334,9.70664,0,85.922345000000007,144,0,Valid
2025-08-05,1900,930,Fichte2_P3,P3,Fagus sylvatica,Abies alba,32.94607728472222,23.870423000000002,0,80.100094,144,0,Valid
2025-08-05,1901,931,Fichte3_P3,P3,Fagus sylvatica,Abies alba,36.1439285625,23.9579175,0,90.503802,144,0,Valid
2025-08-06,1878,908,Buche1_P1,P1,Fagus sylvatica,Fagus sylvatica,6.792945201388889,2.724915,0,23.856417,144,0,Valid
2025-08-06,1879,909,Buche2_P1,P1,Fagus sylvatica,Fagus sylvatica,176.36758091666667,176.624685,169.561916,178.834396,144,0,Valid
2025-08-06,1880,910,Buche3_P1,P1,Fagus sylvatica,Fagus sylvatica,30.21779145138889,27.4328925,22.098081,43.102093000000004,144,0,Valid
2025-08-06,1881,911,Fichte1_P1,P1,Abies alba,Abies alba,43.30979874305555,32.251540500000004,0,114.512985,144,0,Valid
2025-08-06,1882,912,Fichte2_P1,P1,Abies alba,Abies alba,26.93075423611111,19.6872605,0,74.981563,144,0,Valid
2025-08-06,1883,913,Fichte3_P1,P1,Abies alba,Abies alba,32.654063875,28.5716395,0,77.765584,144,0,Valid
2025-08-06,1884,914,Fichte1_G1,G1,Abies alba,Abies alba,107.1662633888889,106.108552,42.994904,179.022821,144,0,Valid
2025-08-06,1885,915,Fichte2_G1,G1,Abies alba,Abies alba,232.6981556111111,215.6149325,159.250481,329.641193,144,0,Valid
2025-08-06,1886,916,Fichte3_G1,G1,Abies alba,Abies alba,7.559741006944445,2.9971835000000002,0,21.708635,144,0,Valid
2025-08-06,1887,917,Buche1_G1,G1,Fagus sylvatica,Fagus sylvatica,20.29099325,19.32292,10.452274,30.924577,144,0,Valid
2025-08-06,1888,918,Buche2_G1,G1,Fagus sylvatica,Fagus sylvatica,5.913818840277778,4.3130505,0,17.036034,144,0,Valid
2025-08-06,1889,919,Buche3_G1,G1,Fagus sylvatica,Fagus sylvatica,5.402665958333333,0.3781785,0,17.33761,144,0,Valid
2025-08-06,1890,920,Fichte1_P2,P2,Abies alba,Abies alba,39.16038316666667,36.393019,15.741301,68.472232,144,0,Valid
2025-08-06,1891,921,Fichte2_P2,P2,Abies alba,Abies alba,1.2158536944444445,0,0,8.634673,144,0,Valid
2025-08-06,1892,922,Fichte3_P2,P2,Abies alba,Abies alba,82.67233659027778,75.91950299999999,58.94055,116.208238,144,0,Valid
2025-08-06,1893,923,Buche1_P2,P2,Fagus sylvatica,Fagus sylvatica,37.946476402777776,37.0795295,29.681247,48.614665,144,0,Valid
2025-08-06,1894,924,Buche2_P2,P2,Fagus sylvatica,Fagus sylvatica,74.89182415972222,71.7952785,61.119663,92.692816,144,0,Valid
2025-08-06,1895,925,Buche3_P2,P2,Fagus sylvatica,Fagus sylvatica,20.044343520833333,17.756492,13.041064,29.187063,144,0,Valid
2025-08-06,1896,926,Buche1_P3,P3,Fagus sylvatica,Fagus sylvatica,75.80396433333334,74.2950405,69.075594,83.879522,144,0,Valid
2025-08-06,1897,927,Buche2_P3,P3,Fagus sylvatica,Fagus sylvatica,31.194908520833334,29.286779,22.263425,45.371118,144,0,Valid
2025-08-06,1898,928,Buche3_P3,P3,Fagus sylvatica,Fagus sylvatica,46.99343783333333,43.2047305,28.094113,72.148732999999993,144,0,Valid
2025-08-06,1899,929,Fichte1_P3,P3,Fagus sylvatica,Abies alba,12.0068968125,0.957249,0,42.814409,144,0,Valid
2025-08-06,1900,930,Fichte2_P3,P3,Fagus sylvatica,Abies alba,55.730555180555555,49.883552,32.740664,85.594709,144,0,Valid
2025-08-06,1901,931,Fichte3_P3,P3,Fagus sylvatica,Abies alba,55.033607958333334,49.398364,28.214748,89.614488,144,0,Valid
2025-08-07,1878,908,Buche1_P1,P1,Fagus sylvatica,Fagus sylvatica,12.62572625,9.616921000000001,0,36.734406,144,0,Valid
2025-08-07,1879,909,Buche2_P1,P1,Fagus sylvatica,Fagus sylvatica,170.00550507638889,169.2688795,164.634866,178.826422,144,0,Valid
2025-08-07,1880,910,Buche3_P1,P1,Fagus sylvatica,Fagus sylvatica,33.11851709027778,27.5153695,16.758189,58.790116,144,0,Valid
2025-08-07,1881,911,Fichte1_P1,P1,Abies alba,Abies alba,49.81519297916667,31.010169,0,135.492913,144,0,Valid
2025-08-07,1882,912,Fichte2_P1,P1,Abies alba,Abies alba,41.70852949305556,29.671764,0,113.3164,144,0,Valid
2025-08-07,1883,913,Fichte3_P1,P1,Abies alba,Abies alba,41.29496336111111,23.2742425,0,118.459201,144,0,Valid
2025-08-07,1884,914,Fichte1_G1,G1,Abies alba,Abies alba,122.94341684027778,95.40498550000001,27.785206,252.787214,144,0,Valid
2025-08-07,1885,915,Fichte2_G1,G1,Abies alba,Abies alba,237.89494093055555,224.365599,132.672945,347.182428,144,0,Valid
2025-08-07,1886,916,Fichte3_G1,G1,Abies alba,Abies alba,12.027599125,11.5056205,0,29.569391,144,0,Valid
2025-08-07,1887,917,Buche1_G1,G1,Fagus sylvatica,Fagus sylvatica,14.340868694444444,12.869305,0,36.576591,144,0,Valid
2025-08-07,1888,918,Buche2_G1,G1,Fagus sylvatica,Fagus sylvatica,10.801351208333333,8.5891275,0,32.827882,144,0,Valid
2025-08-07,1889,919,Buche3_G1,G1,Fagus sylvatica,Fagus sylvatica,14.224099263888888,8.0710505,0,42.493725,144,0,Valid
2025-08-07,1890,920,Fichte1_P2,P2,Abies alba,Abies alba,28.449862763888888,23.988498999999997,0,74.560615,144,0,Valid
2025-08-07,1891,921,Fichte2_P2,P2,Abies alba,Abies alba,3.2102143888888888,0,0,15.529013,144,0,Valid
2025-08-07,1892,922,Fichte3_P2,P2,Abies alba,Abies alba,66.77992969444445,60.4787515,18.248993,124.189074,144,0,Valid
2025-08-07,1893,923,Buche1_P2,P2,Fagus sylvatica,Fagus sylvatica,36.964419131944446,34.545725000000004,20.751993,54.713631,144,0,Valid
2025-08-07,1894,924,Buche2_P2,P2,Fagus sylvatica,Fagus sylvatica,71.74399027083334,67.17483,43.239602,99.318545,144,0,Valid
2025-08-07,1895,925,Buche3_P2,P2,Fagus sylvatica,Fagus sylvatica,14.239213020833333,11.772415,0,32.561679,144,0,Valid
2025-08-07,1896,926,Buche1_P3,P3,Fagus sylvatica,Fagus sylvatica,79.59571069444445,73.7897245,59.762242,121.555157,144,0,Valid
2025-08-07,1897,927,Buche2_P3,P3,Fagus sylvatica,Fagus sylvatica,39.29740240277778,37.586400999999995,22.638462,62.176647,144,0,Valid
2025-08-07,1898,928,Buche3_P3,P3,Fagus sylvatica,Fagus sylvatica,55.19379522222222,52.9927335,20.630101,102.40649,144,0,Valid
2025-08-07,1899,929,Fichte1_P3,P3,Fagus sylvatica,Abies alba,31.940163902777776,21.1165425,0,90.168757,144,0,Valid
2025-08-07,1900,930,Fichte2_P3,P3,Fagus sylvatica,Abies alba,67.01495952777778,58.229738999999995,19.675026,121.714151,144,0,Valid
2025-08-07,1901,931,Fichte3_P3,P3,Fagus sylvatica,Abies alba,53.6389195,46.143508499999996,8.391488,107.840179,144,0,Valid
2025-08-08,1878,908,Buche1_P1,P1,Fagus sylvatica,Fagus sylvatica,14.700957722222222,9.2112385,0,44.720592,144,0,Valid
2025-08-08,1879,909,Buche2_P1,P1,Fagus sylvatica,Fagus sylvatica,172.69298863194444,173.4807585,164.357999,178.874227,144,0,Valid
2025-08-08,1880,910,Buche3_P1,P1,Fagus sylvatica,Fagus sylvatica,36.30511648611111,31.6228155,17.870714,65.490924,144,0,Valid
2025-08-08,1881,911,Fichte1_P1,P1,Abies alba,Abies alba,51.86976453472222,40.984700000000004,0,136.258247,144,0,Valid
2025-08-08,1882,912,Fichte2_P1,P1,Abies alba,Abies alba,47.821835569444445,38.493306000000004,0,130.060816,144,0,Valid
2025-08-08,1883,913,Fichte3_P1,P1,Abies alba,Abies alba,43.69339461805556,33.741285500000004,0,115.082082,144,0,Valid
2025-08-08,1884,914,Fichte1_G1,G1,Abies alba,Abies alba,155.52148351388888,130.09706,39.773351,313.011197,144,0,Valid
2025-08-08,1885,915,Fichte2_G1,G1,Abies alba,Abies alba,263.5292009375,254.173161,149.393831,373.046844,144,0,Valid
2025-08-08,1886,916,Fichte3_G1,G1,Abies alba,Abies alba,15.144120854166667,13.215119,0,37.956977,144,0,Valid
2025-08-08,1887,917,Buche1_G1,G1,Fagus sylvatica,Fagus sylvatica,18.547698618055556,17.6608105,0,44.674128,144,0,Valid
2025-08-08,1888,918,Buche2_G1,G1,Fagus sylvatica,Fagus sylvatica,7.812656117647059,2.6263555,0,31.052168000000002,102,0,Valid
2025-08-08,1889,919,Buche3_G1,G1,Fagus sylvatica,Fagus sylvatica,18.660871958333335,12.86403,0,51.067357,144,0,Valid
2025-08-08,1890,920,Fichte1_P2,P2,Abies alba,Abies alba,38.20100308333333,35.857424,0,89.469119,144,0,Valid
2025-08-08,1891,921,Fichte2_P2,P2,Abies alba,Abies alba,8.95270601388889,1.321817,0,28.093547,144,0,Valid
2025-08-08,1892,922,Fichte3_P2,P2,Abies alba,Abies alba,77.34539427083334,76.013203,22.328858,137.125504,144,0,Valid
2025-08-08,1893,923,Buche1_P2,P2,Fagus sylvatica,Fagus sylvatica,43.14742416666667,41.3829285,24.485306,63.502567,144,0,Valid
2025-08-08,1894,924,Buche2_P2,P2,Fagus sylvatica,Fagus sylvatica,81.01328073611111,81.090409,51.394458,109.912923,144,0,Valid
2025-08-08,1895,925,Buche3_P2,P2,Fagus sylvatica,Fagus sylvatica,17.135815291666667,14.554189000000001,0,37.350086,144,0,Valid
2025-08-08,1896,926,Buche1_P3,P3,Fagus sylvatica,Fagus sylvatica,102.66219218055555,89.7902795,72.929089,161.908842,144,0,Valid
2025-08-08,1897,927,Buche2_P3,P3,Fagus sylvatica,Fagus sylvatica,49.32253374305556,48.445049,27.66807,79.52933,144,0,Valid
2025-08-08,1898,928,Buche3_P3,P3,Fagus sylvatica,Fagus sylvatica,68.57939897916667,67.974,27.538624,119.579805,144,0,Valid
2025-08-08,1899,929,Fichte1_P3,P3,Fagus sylvatica,Abies alba,42.316528416666664,37.350849,0,107.771005,144,0,Valid
2025-08-08,1900,930,Fichte2_P3,P3,Fagus sylvatica,Abies alba,117.05422952777778,105.638102,70.025408,177.190689,144,0,Valid
2025-08-08,1901,931,Fichte3_P3,P3,Fagus sylvatica,Abies alba,68.57285044444444,64.638004,20.354726,121.331273,144,0,Valid
2025-08-09,1878,908,Buche1_P1,P1,Fagus sylvatica,Fagus sylvatica,15.262032284722222,8.818825499999999,0,46.561295,144,0,Valid
2025-08-09,1879,909,Buche2_P1,P1,Fagus sylvatica,Fagus sylvatica,171.94232288194445,171.6779315,165.452019,177.05261,144,0,Valid
2025-08-09,1880,910,Buche3_P1,P1,Fagus sylvatica,Fagus sylvatica,35.55900520138889,31.0528895,17.941599,62.87371,144,0,Valid
2025-08-09,1881,911,Fichte1_P1,P1,Abies alba,Abies alba,56.20728480555555,41.928159,0,146.140834,144,0,Valid
2025-08-09,1882,912,Fichte2_P1,P1,Abies alba,Abies alba,46.32315441666667,32.842831,0,127.464635,144,0,Valid
2025-08-09,1883,913,Fichte3_P1,P1,Abies alba,Abies alba,44.759589812499996,33.465014,0,119.249065,144,0,Valid
2025-08-09,1884,914,Fichte1_G1,G1,Abies alba,Abies alba,153.90828466666667,138.605287,36.596376,306.925053,144,0,Valid
2025-08-09,1885,915,Fichte2_G1,G1,Abies alba,Abies alba,283.2104199444444,279.141125,166.020983,388.278784,144,0,Valid
2025-08-09,1886,916,Fichte3_G1,G1,Abies alba,Abies alba,15.547552284722222,12.909155,0,36.425,144,0,Valid
2025-08-09,1887,917,Buche1_G1,G1,Fagus sylvatica,Fagus sylvatica,21.307473305555554,19.053945,0,46.28741,144,0,Valid
2025-08-09,1888,918,Buche2_G1,G1,Fagus sylvatica,Fagus sylvatica,17.18938540625,17.2339685,0,30.101533,96,0,Valid
2025-08-09,1889,919,Buche3_G1,G1,Fagus sylvatica,Fagus sylvatica,21.498278618055554,16.2705855,0,56.095632,144,0,Valid
2025-08-09,1890,920,Fichte1_P2,P2,Abies alba,Abies alba,40.041038666666665,38.8726085,0,84.002008,144,0,Valid
2025-08-09,1891,921,Fichte2_P2,P2,Abies alba,Abies alba,10.999044722222223,6.6146025,0,28.453488,144,0,Valid
2025-08-09,1892,922,Fichte3_P2,P2,Abies alba,Abies alba,78.79378090972222,83.435891,25.825117,125.878679,144,0,Valid
2025-08-09,1893,923,Buche1_P2,P2,Fagus sylvatica,Fagus sylvatica,47.48262679166667,47.0145275,27.948482,66.114572,144,0,Valid
2025-08-09,1894,924,Buche2_P2,P2,Fagus sylvatica,Fagus sylvatica,86.10847004166666,88.308041,54.914526,112.013363,144,0,Valid
2025-08-09,1895,925,Buche3_P2,P2,Fagus sylvatica,Fagus sylvatica,18.372512034722224,16.48478,0,38.541329,144,0,Valid
2025-08-09,1896,926,Buche1_P3,P3,Fagus sylvatica,Fagus sylvatica,122.44803593055556,109.4165735,88.833083,173.688151,144,0,Valid
2025-08-09,1897,927,Buche2_P3,P3,Fagus sylvatica,Fagus sylvatica,55.55955418055556,52.8740645,32.453784,85.077754,144,0,Valid
2025-08-09,1898,928,Buche3_P3,P3,Fagus sylvatica,Fagus sylvatica,75.32554322222222,75.0106655,32.304752,127.939596,144,0,Valid
2025-08-09,1899,929,Fichte1_P3,P3,Fagus sylvatica,Abies alba,49.539320875,41.955512999999996,0,113.473505,144,0,Valid
2025-08-09,1900,930,Fichte2_P3,P3,Fagus sylvatica,Abies alba,169.25301929861112,155.764569,123.271497,239.291482,144,0,Valid
2025-08-09,1901,931,Fichte3_P3,P3,Fagus sylvatica,Abies alba,68.85797569444445,71.2909415,24.396514,110.518795,144,0,Valid
2025-08-10,1878,908,Buche1_P1,P1,Fagus sylvatica,Fagus sylvatica,17.177405409722223,12.5616005,0,47.004756,144,0,Valid
2025-08-10,1879,909,Buche2_P1,P1,Fagus sylvatica,Fagus sylvatica,178.83425891666667,176.72908999999999,170.582249,188.189263,144,0,Valid
2025-08-10,1880,910,Buche3_P1,P1,Fagus sylvatica,Fagus sylvatica,37.66241847916667,33.979318500000005,16.32411,65.725228,144,0,Valid
2025-08-10,1881,911,Fichte1_P1,P1,Abies alba,Abies alba,75.27295914583334,60.773728500000004,0,198.044524,144,0,Valid
2025-08-10,1882,912,Fichte2_P1,P1,Abies alba,Abies alba,44.289621965277775,37.4367485,0,115.389766,144,0,Valid
2025-08-10,1883,913,Fichte3_P1,P1,Abies alba,Abies alba,46.821907625,30.481676,0,124.398968,144,0,Valid
2025-08-10,1884,914,Fichte1_G1,G1,Abies alba,Abies alba,149.82869166666666,138.4605895,44.063126,274.637894,144,0,Valid
2025-08-10,1885,915,Fichte2_G1,G1,Abies alba,Abies alba,310.92024447222224,301.3645405,198.063069,428.674589,144,0,Valid
2025-08-10,1886,916,Fichte3_G1,G1,Abies alba,Abies alba,19.05143826388889,17.6569205,0,42.512757,144,0,Valid
2025-08-10,1887,917,Buche1_G1,G1,Fagus sylvatica,Fagus sylvatica,27.202450375,29.714895,0.77473,52.399239,144,0,Valid
2025-08-10,1888,918,Buche2_G1,G1,Fagus sylvatica,Fagus sylvatica,14.181816697478991,6.502956,0,36.444071,119,0,Valid
2025-08-10,1889,919,Buche3_G1,G1,Fagus sylvatica,Fagus sylvatica,26.081896743055555,26.9720865,0,59.632432,144,0,Valid
2025-08-10,1890,920,Fichte1_P2,P2,Abies alba,Abies alba,49.36318217361111,48.259303,0,99.959752,144,0,Valid
2025-08-10,1891,921,Fichte2_P2,P2,Abies alba,Abies alba,16.34670388888889,7.267502,0,46.476391,144,0,Valid
2025-08-10,1892,922,Fichte3_P2,P2,Abies alba,Abies alba,87.29399127083333,79.81263849999999,26.965575,152.474609,144,0,Valid
2025-08-10,1893,923,Buche1_P2,P2,Fagus sylvatica,Fagus sylvatica,51.844464645833334,48.7359395,30.482711,71.789472,144,0,Valid
2025-08-10,1894,924,Buche2_P2,P2,Fagus sylvatica,Fagus sylvatica,94.29364136805556,93.99749349999999,60.193439,126.167962,144,0,Valid
2025-08-10,1895,925,Buche3_P2,P2,Fagus sylvatica,Fagus sylvatica,21.96319998611111,18.134206,0,42.928567,144,0,Valid
2025-08-10,1896,926,Buche1_P3,P3,Fagus sylvatica,Fagus sylvatica,137.27848042361111,129.14847500000002,105.004739,182.76876,144,0,Valid
2025-08-10,1897,927,Buche2_P3,P3,Fagus sylvatica,Fagus sylvatica,57.651987875,57.3851055,36.25129,81.211537,144,0,Valid
2025-08-10,1898,928,Buche3_P3,P3,Fagus sylvatica,Fagus sylvatica,78.37957400694444,79.474051,38.15683,121.315875,144,0,Valid
2025-08-10,1899,929,Fichte1_P3,P3,Fagus sylvatica,Abies alba,59.85433777083333,46.989797499999995,0,138.14226,144,0,Valid
2025-08-10,1900,930,Fichte2_P3,P3,Fagus sylvatica,Abies alba,234.86518038194444,220.63660299999998,179.246006,309.207318,144,0,Valid
2025-08-10,1901,931,Fichte3_P3,P3,Fagus sylvatica,Abies alba,80.29748663194445,73.0895425,26.666853,133.358523,144,0,Valid
2025-08-11,1878,908,Buche1_P1,P1,Fagus sylvatica,Fagus sylvatica,16.470831041666667,10.5771225,3.942166,40.964573,144,0,Valid
2025-08-11,1879,909,Buche2_P1,P1,Fagus sylvatica,Fagus sylvatica,186.0580171875,186.54292900000002,180.95823,189.026247,144,0,Valid
2025-08-11,1880,910,Buche3_P1,P1,Fagus sylvatica,Fagus sylvatica,41.798471472222225,37.3035345,31.028755,62.106305,144,0,Valid
2025-08-11,1881,911,Fichte1_P1,P1,Abies alba,Abies alba,61.60602046527778,58.72199,0,143.752938,144,0,Valid
2025-08-11,1882,912,Fichte2_P1,P1,Abies alba,Abies alba,37.02886279166667,27.511322999999997,0,94.661354,144,0,Valid
2025-08-11,1883,913,Fichte3_P1,P1,Abies alba,Abies alba,35.99250089583333,31.201390500000002,0,92.111581,144,0,Valid
2025-08-11,1884,914,Fichte1_G1,G1,Abies alba,Abies alba,167.89205136805555,145.238597,77.366392,298.907577,144,0,Valid
2025-08-11,1885,915,Fichte2_G1,G1,Abies alba,Abies alba,346.1814290625,344.62863100000004,254.22821,437.843696,144,0,Valid
2025-08-11,1886,916,Fichte3_G1,G1,Abies alba,Abies alba,19.62133935416667,20.615982000000002,6.630401,32.042751,144,0,Valid
2025-08-11,1887,917,Buche1_G1,G1,Fagus sylvatica,Fagus sylvatica,36.98734316666667,34.3988215,27.008112,50.454373,144,0,Valid
2025-08-11,1888,918,Buche2_G1,G1,Fagus sylvatica,Fagus sylvatica,20.353741,20.5397775,10.082049,31.724441,96,0,Valid
2025-08-11,1889,919,Buche3_G1,G1,Fagus sylvatica,Fagus sylvatica,15.497916479166667,15.149011999999999,0,34.271766,144,0,Valid
2025-08-11,1890,920,Fichte1_P2,P2,Abies alba,Abies alba,68.35561691666666,67.220129,42.307954,95.569734,144,0,Valid
2025-08-11,1891,921,Fichte2_P2,P2,Abies alba,Abies alba,14.364516006944445,15.414062999999999,0,45.417811,144,0,Valid
2025-08-11,1892,922,Fichte3_P2,P2,Abies alba,Abies alba,117.34356221527777,117.39417,91.727926,142.133993,144,0,Valid
2025-08-11,1893,923,Buche1_P2,P2,Fagus sylvatica,Fagus sylvatica,60.98909066666667,60.5581545,50.729511,72.214496,144,0,Valid
2025-08-11,1894,924,Buche2_P2,P2,Fagus sylvatica,Fagus sylvatica,108.0921143263889,105.76777949999999,96.26389,124.919362,144,0,Valid
2025-08-11,1895,925,Buche3_P2,P2,Fagus sylvatica,Fagus sylvatica,30.610147541666667,29.522528,20.015381,41.278626,144,0,Valid
2025-08-11,1896,926,Buche1_P3,P3,Fagus sylvatica,Fagus sylvatica,166.51685779166667,165.35319900000002,144.910158,186.744342,144,0,Valid
2025-08-11,1897,927,Buche2_P3,P3,Fagus sylvatica,Fagus sylvatica,62.36229125,59.807539500000004,47.845619,80.621592,144,0,Valid
2025-08-11,1898,928,Buche3_P3,P3,Fagus sylvatica,Fagus sylvatica,83.3724174375,80.0540525,56.522823,116.651049,144,0,Valid
2025-08-11,1899,929,Fichte1_P3,P3,Fagus sylvatica,Abies alba,76.68855009027777,73.26385350000001,18.188051,142.645718,144,0,Valid
2025-08-11,1900,930,Fichte2_P3,P3,Fagus sylvatica,Abies alba,326.1699712361111,316.0965905,302.917601,360.276926,144,0,Valid
2025-08-11,1901,931,Fichte3_P3,P3,Fagus sylvatica,Abies alba,105.59771701388888,107.10963699999999,75.658856,131.00943,144,0,Valid
2025-08-12,1878,908,Buche1_P1,P1,Fagus sylvatica,Fagus sylvatica,15.331531416666667,9.518345,0,43.945398,144,0,Valid
2025-08-12,1879,909,Buche2_P1,P1,Fagus sylvatica,Fagus sylvatica,178.56327770833335,177.76376,173.837209,183.845391,144,0,Valid
2025-08-12,1880,910,Buche3_P1,P1,Fagus sylvatica,Fagus sylvatica,38.428869597222224,34.233933,20.331539,66.750101,144,0,Valid
2025-08-12,1881,911,Fichte1_P1,P1,Abies alba,Abies alba,66.10506514583334,48.9786335,0,180.67884,144,0,Valid
2025-08-12,1882,912,Fichte2_P1,P1,Abies alba,Abies alba,44.81997302777778,32.276229,0,127.244761,144,0,Valid
2025-08-12,1883,913,Fichte3_P1,P1,Abies alba,Abies alba,50.295827368055555,31.0163905,0,138.962946,144,0,Valid
2025-08-12,1884,914,Fichte1_G1,G1,Abies alba,Abies alba,181.34884241666666,161.8660145,75.738543,322.919468,144,0,Valid
2025-08-12,1885,915,Fichte2_G1,G1,Abies alba,Abies alba,331.423067875,338.70879049999996,219.811445,440.167956,144,0,Valid
2025-08-12,1886,916,Fichte3_G1,G1,Abies alba,Abies alba,18.6046024375,13.391323499999999,0,46.06901,144,0,Valid
2025-08-12,1887,917,Buche1_G1,G1,Fagus sylvatica,Fagus sylvatica,30.488079173611112,28.4306945,10.057423,55.194196,144,0,Valid
2025-08-12,1888,918,Buche2_G1,G1,Fagus sylvatica,Fagus sylvatica,15.090318932330828,13.72076,0,37.758268,133,0,Valid
2025-08-12,1889,919,Buche3_G1,G1,Fagus sylvatica,Fagus sylvatica,19.145806027777777,11.5486135,0,55.803655,144,0,Valid
2025-08-12,1890,920,Fichte1_P2,P2,Abies alba,Abies alba,61.307014708333334,54.6473635,18.549072,111.907239,144,0,Valid
2025-08-12,1891,921,Fichte2_P2,P2,Abies alba,Abies alba,18.70282220138889,6.995659,0,54.531974,144,0,Valid
2025-08-12,1892,922,Fichte3_P2,P2,Abies alba,Abies alba,100.587726125,99.596606,38.817991,166.067205,144,0,Valid
2025-08-12,1893,923,Buche1_P2,P2,Fagus sylvatica,Fagus sylvatica,57.88007477777778,56.0032085,38.463482,78.132041,144,0,Valid
2025-08-12,1894,924,Buche2_P2,P2,Fagus sylvatica,Fagus sylvatica,103.49577926388889,99.666625,71.979084,139.129513,144,0,Valid
2025-08-12,1895,925,Buche3_P2,P2,Fagus sylvatica,Fagus sylvatica,24.832196222222223,23.053192,4.684797,47.232664,144,0,Valid
2025-08-12,1896,926,Buche1_P3,P3,Fagus sylvatica,Fagus sylvatica,165.3396799513889,161.433313,128.877459,200.217183,144,0,Valid
2025-08-12,1897,927,Buche2_P3,P3,Fagus sylvatica,Fagus sylvatica,63.23799909722222,61.019414499999996,42.258643,88.724067,144,0,Valid
2025-08-12,1898,928,Buche3_P3,P3,Fagus sylvatica,Fagus sylvatica,83.56288463888889,80.582302,42.236246,136.63979,144,0,Valid
2025-08-12,1899,929,Fichte1_P3,P3,Fagus sylvatica,Abies alba,70.47055752083334,65.3063185,1.250758,146.677305,144,0,Valid
2025-08-12,1900,930,Fichte2_P3,P3,Fagus sylvatica,Abies alba,358.43574790972224,352.54951500000004,327.877644,403.022911,144,0,Valid
2025-08-12,1901,931,Fichte3_P3,P3,Fagus sylvatica,Abies alba,99.90960036111112,95.6472215,55.778689,143.922384,144,0,Valid
2025-08-13,1878,908,Buche1_P1,P1,Fagus sylvatica,Fagus sylvatica,18.066429881944444,12.6145915,0,50.801718,144,0,Valid
2025-08-13,1879,909,Buche2_P1,P1,Fagus sylvatica,Fagus sylvatica,187.026321875,186.68755850000002,180.629354,193.080108,144,0,Valid
2025-08-13,1880,910,Buche3_P1,P1,Fagus sylvatica,Fagus sylvatica,44.710784895833335,38.949926000000005,22.538569,80.712169,144,0,Valid
2025-08-13,1881,911,Fichte1_P1,P1,Abies alba,Abies alba,78.70850027083334,62.69576550000001,0,196.438502,144,0,Valid
2025-08-13,1882,912,Fichte2_P1,P1,Abies alba,Abies alba,54.865023854166665,37.963158,0,145.218383,144,0,Valid
2025-08-13,1883,913,Fichte3_P1,P1,Abies alba,Abies alba,62.98936132638889,46.148611,0,166.628931,144,0,Valid
2025-08-13,1884,914,Fichte1_G1,G1,Abies alba,Abies alba,205.59352281944444,171.1064815,80.222249,384.324585,144,0,Valid
2025-08-13,1885,915,Fichte2_G1,G1,Abies alba,Abies alba,366.78689419444447,346.5928925,243.300986,493.436839,144,0,Valid
2025-08-13,1886,916,Fichte3_G1,G1,Abies alba,Abies alba,25.731735944444445,19.9222385,0,57.710118,144,0,Valid
2025-08-13,1887,917,Buche1_G1,G1,Fagus sylvatica,Fagus sylvatica,42.511479180555554,37.567255,15.128005,81.447088,144,0,Valid
2025-08-13,1888,918,Buche2_G1,G1,Fagus sylvatica,Fagus sylvatica,19.14506045138889,16.957346,0,45.397307,144,0,Valid
2025-08-13,1889,919,Buche3_G1,G1,Fagus sylvatica,Fagus sylvatica,30.482087979166668,21.815638,0,80.650306,144,0,Valid
2025-08-13,1890,920,Fichte1_P2,P2,Abies alba,Abies alba,91.91052738194445,72.67090400000001,38.293327,162.431376,144,0,Valid
2025-08-13,1891,921,Fichte2_P2,P2,Abies alba,Abies alba,38.255807222222224,31.3009025,0,88.26011,144,0,Valid
2025-08-13,1892,922,Fichte3_P2,P2,Abies alba,Abies alba,141.11283975,113.5813965,71.518902,228.034379,144,0,Valid
2025-08-13,1893,923,Buche1_P2,P2,Fagus sylvatica,Fagus sylvatica,66.23876940277778,61.138604,47.349182,89.984965,144,0,Valid
2025-08-13,1894,924,Buche2_P2,P2,Fagus sylvatica,Fagus sylvatica,123.18827125,106.92849100000001,89.779904,169.791324,144,0,Valid
2025-08-13,1895,925,Buche3_P2,P2,Fagus sylvatica,Fagus sylvatica,34.422589520833334,27.858238,11.457565,60.897897,144,0,Valid
2025-08-13,1896,926,Buche1_P3,P3,Fagus sylvatica,Fagus sylvatica,187.35173555555556,179.374178,154.167178,224.32831,144,0,Valid
2025-08-13,1897,927,Buche2_P3,P3,Fagus sylvatica,Fagus sylvatica,70.52702297222223,68.53944,49.712481,97.773237,144,0,Valid
2025-08-13,1898,928,Buche3_P3,P3,Fagus sylvatica,Fagus sylvatica,97.25676419444444,94.010906,53.223858,156.092588,144,0,Valid
2025-08-13,1899,929,Fichte1_P3,P3,Fagus sylvatica,Abies alba,96.17439190972222,84.6699935,20.121041,183.997024,144,0,Valid
2025-08-13,1900,930,Fichte2_P3,P3,Fagus sylvatica,Abies alba,417.5973178333333,401.437184,384.270597,471.853165,144,0,Valid
2025-08-13,1901,931,Fichte3_P3,P3,Fagus sylvatica,Abies alba,138.1650261111111,120.059229,83.670619,206.569186,144,0,Valid
2025-08-14,1878,908,Buche1_P1,P1,Fagus sylvatica,Fagus sylvatica,20.054774847222223,13.1144695,2.470559,49.758262,144,0,Valid
2025-08-14,1879,909,Buche2_P1,P1,Fagus sylvatica,Fagus sylvatica,193.99604983333333,193.9091565,185.55528,200.038124,144,0,Valid
2025-08-14,1880,910,Buche3_P1,P1,Fagus sylvatica,Fagus sylvatica,48.12965404861111,41.110815,30.922878,75.891703,144,0,Valid
2025-08-14,1881,911,Fichte1_P1,P1,Abies alba,Abies alba,75.603767375,68.30397049999999,0,183.7117,144,0,Valid
2025-08-14,1882,912,Fichte2_P1,P1,Abies alba,Abies alba,47.31283632638889,36.4030555,3.011999,108.075621,144,0,Valid
2025-08-14,1883,913,Fichte3_P1,P1,Abies alba,Abies alba,54.454250125,49.3986675,0,135.661149,144,0,Valid
2025-08-14,1884,914,Fichte1_G1,G1,Abies alba,Abies alba,211.35958039583332,187.458539,117.212574,338.903264,144,0,Valid
2025-08-14,1885,915,Fichte2_G1,G1,Abies alba,Abies alba,401.83252208333334,395.8146145,304.155713,499.408087,144,0,Valid
2025-08-14,1886,916,Fichte3_G1,G1,Abies alba,Abies alba,42.559766527777775,42.3874415,19.132564,63.065178,144,0,Valid
2025-08-14,1887,917,Buche1_G1,G1,Fagus sylvatica,Fagus sylvatica,50.13856350694444,47.494839999999996,30.158774,74.279375,144,0,Valid
2025-08-14,1888,918,Buche2_G1,G1,Fagus sylvatica,Fagus sylvatica,20.988413645833333,19.016454,7.155154,38.830964,144,0,Valid
2025-08-14,1889,919,Buche3_G1,G1,Fagus sylvatica,Fagus sylvatica,21.644476923611112,15.972769,0,56.894528,144,0,Valid
2025-08-14,1890,920,Fichte1_P2,P2,Abies alba,Abies alba,126.68044907638888,124.893036,81.649069,171.995867,144,0,Valid
2025-08-14,1891,921,Fichte2_P2,P2,Abies alba,Abies alba,58.14128471527778,57.108947,26.055642,91.681729,144,0,Valid
2025-08-14,1892,922,Fichte3_P2,P2,Abies alba,Abies alba,172.07922143055555,170.570269,117.633187,228.45221,144,0,Valid
2025-08-14,1893,923,Buche1_P2,P2,Fagus sylvatica,Fagus sylvatica,73.88265481944444,73.171779,58.742488,89.866423,144,0,Valid
2025-08-14,1894,924,Buche2_P2,P2,Fagus sylvatica,Fagus sylvatica,135.12895574305554,133.285562,104.985722,167.263366,144,0,Valid
2025-08-14,1895,925,Buche3_P2,P2,Fagus sylvatica,Fagus sylvatica,42.84131269444445,42.326573499999995,27.254575,59.534997,144,0,Valid
2025-08-14,1896,926,Buche1_P3,P3,Fagus sylvatica,Fagus sylvatica,201.54370652083333,198.521974,177.623941,225.645266,144,0,Valid
2025-08-14,1897,927,Buche2_P3,P3,Fagus sylvatica,Fagus sylvatica,75.22488545833333,73.9706975,58.290081,96.940552,144,0,Valid
2025-08-14,1898,928,Buche3_P3,P3,Fagus sylvatica,Fagus sylvatica,101.60358465277778,97.00916649999999,67.633931,143.06655,144,0,Valid
2025-08-14,1899,929,Fichte1_P3,P3,Fagus sylvatica,Abies alba,129.82427777083333,127.881638,67.019044,195.588281,144,0,Valid
2025-08-14,1900,930,Fichte2_P3,P3,Fagus sylvatica,Abies alba,466.48386757142856,463.462455,453.791652,499.100965,144,25,Excluded: TWD > 500 µm
2025-08-14,1901,931,Fichte3_P3,P3,Fagus sylvatica,Abies alba,173.50263141666667,167.38901850000002,134.411004,218.110206,144,0,Valid
2025-08-15,1878,908,Buche1_P1,P1,Fagus sylvatica,Fagus sylvatica,19.18350890972222,12.1689345,0.621961,55.102578,144,0,Valid
2025-08-15,1879,909,Buche2_P1,P1,Fagus sylvatica,Fagus sylvatica,194.46698059722223,192.4908705,186.260781,206.455994,144,0,Valid
2025-08-15,1880,910,Buche3_P1,P1,Fagus sylvatica,Fagus sylvatica,47.810780951388885,41.0153195,28.786413,82.387184,144,0,Valid
2025-08-15,1881,911,Fichte1_P1,P1,Abies alba,Abies alba,78.25409213194445,58.128143,0,203.723053,144,0,Valid
2025-08-15,1882,912,Fichte2_P1,P1,Abies alba,Abies alba,49.06306165972222,35.5123875,0,124.30281600000001,144,0,Valid
2025-08-15,1883,913,Fichte3_P1,P1,Abies alba,Abies alba,56.81593501388889,43.1406245,0,152.999686,144,0,Valid
2025-08-15,1884,914,Fichte1_G1,G1,Abies alba,Abies alba,217.2418420625,185.143363,102.050665,371.424406,144,0,Valid
2025-08-15,1885,915,Fichte2_G1,G1,Abies alba,Abies alba,385.2651156639344,374.265695,292.399519,498.415606,144,22,Excluded: TWD > 500 µm
2025-08-15,1886,916,Fichte3_G1,G1,Abies alba,Abies alba,40.41650525,41.9708845,12.068397,66.06577,144,0,Valid
2025-08-15,1887,917,Buche1_G1,G1,Fagus sylvatica,Fagus sylvatica,47.09808709027778,45.4190755,23.647662,78.613143,144,0,Valid
2025-08-15,1888,918,Buche2_G1,G1,Fagus sylvatica,Fagus sylvatica,18.818434444444446,15.340861499999999,1.669511,40.108113,144,0,Valid
2025-08-15,1889,919,Buche3_G1,G1,Fagus sylvatica,Fagus sylvatica,20.72798187962963,0.522758,0,64.926367,108,0,Valid
2025-08-15,1890,920,Fichte1_P2,P2,Abies alba,Abies alba,134.57354222222222,129.6196625,83.115299,187.090635,144,0,Valid
2025-08-15,1891,921,Fichte2_P2,P2,Abies alba,Abies alba,54.09635102083333,53.870646,15.721445,91.458024,144,0,Valid
2025-08-15,1892,922,Fichte3_P2,P2,Abies alba,Abies alba,167.1951386111111,163.3363875,105.497428,234.634547,144,0,Valid
2025-08-15,1893,923,Buche1_P2,P2,Fagus sylvatica,Fagus sylvatica,72.58378923611112,71.36230549999999,54.088543,92.010903,144,0,Valid
2025-08-15,1894,924,Buche2_P2,P2,Fagus sylvatica,Fagus sylvatica,131.88912475694445,128.6202055,97.553422,172.493809,144,0,Valid
2025-08-15,1895,925,Buche3_P2,P2,Fagus sylvatica,Fagus sylvatica,41.46769660416667,39.944413,21.151074,62.599632,144,0,Valid
2025-08-15,1896,926,Buche1_P3,P3,Fagus sylvatica,Fagus sylvatica,199.04073809027778,199.53155900000002,173.356133,225.423955,144,0,Valid
2025-08-15,1897,927,Buche2_P3,P3,Fagus sylvatica,Fagus sylvatica,78.18632480555556,76.4784095,58.478297,100.749193,144,0,Valid
2025-08-15,1898,928,Buche3_P3,P3,Fagus sylvatica,Fagus sylvatica,98.83685944444444,94.82472250000001,61.696152,145.861743,144,0,Valid
2025-08-15,1899,929,Fichte1_P3,P3,Fagus sylvatica,Abies alba,117.46534154166666,123.214759,60.386878,163.967273,144,0,Valid
2025-08-15,1900,930,Fichte2_P3,P3,Fagus sylvatica,Abies alba,482.6718702317073,481.90131,470.488143,499.502748,144,62,Excluded: TWD > 500 µm
2025-08-15,1901,931,Fichte3_P3,P3,Fagus sylvatica,Abies alba,176.0487674236111,172.9403765,134.800138,216.831659,144,0,Valid
2025-08-16,1878,908,Buche1_P1,P1,Fagus sylvatica,Fagus sylvatica,13.793520604166666,7.025596,0,42.713438,144,0,Valid
2025-08-16,1879,909,Buche2_P1,P1,Fagus sylvatica,Fagus sylvatica,188.93185660416665,191.466471,162.862649,205.699174,144,0,Valid
2025-08-16,1880,910,Buche3_P1,P1,Fagus sylvatica,Fagus sylvatica,37.89220069444445,35.218315000000004,16.052253,64.390981,144,0,Valid
2025-08-16,1881,911,Fichte1_P1,P1,Abies alba,Abies alba,63.303867583333336,50.7316175,0,176.543086,144,0,Valid
2025-08-16,1882,912,Fichte2_P1,P1,Abies alba,Abies alba,36.47852566666667,25.7002035,0,107.52802,144,0,Valid
2025-08-16,1883,913,Fichte3_P1,P1,Abies alba,Abies alba,39.3037175,28.856702,0,107.445057,144,0,Valid
2025-08-16,1884,914,Fichte1_G1,G1,Abies alba,Abies alba,199.61628152777777,184.3529345,112.942747,332.439713,144,0,Valid
2025-08-16,1885,915,Fichte2_G1,G1,Abies alba,Abies alba,388.6819799513889,384.9548415,301.77087,485.316181,144,0,Valid
2025-08-16,1886,916,Fichte3_G1,G1,Abies alba,Abies alba,28.952130145833333,28.2747775,7.154222,56.001155,144,0,Valid
2025-08-16,1887,917,Buche1_G1,G1,Fagus sylvatica,Fagus sylvatica,36.20831329861111,32.6559875,19.640955,56.899602,144,0,Valid
2025-08-16,1888,918,Buche2_G1,G1,Fagus sylvatica,Fagus sylvatica,11.788130138888889,8.115477,0,32.004985,144,0,Valid
2025-08-16,1889,919,Buche3_G1,G1,Fagus sylvatica,Fagus sylvatica,11.029064784722221,3.578787,0,40.163919,144,0,Valid
2025-08-16,1890,920,Fichte1_P2,P2,Abies alba,Abies alba,131.77587434027777,129.57199,98.91836,174.436895,144,0,Valid
2025-08-16,1891,921,Fichte2_P2,P2,Abies alba,Abies alba,44.614707625,46.979245500000005,14.755607,76.654693,144,0,Valid
2025-08-16,1892,922,Fichte3_P2,P2,Abies alba,Abies alba,148.32848124305556,144.3786265,108.279085,206.988477,144,0,Valid
2025-08-16,1893,923,Buche1_P2,P2,Fagus sylvatica,Fagus sylvatica,67.21255759722222,66.2139195,53.896712,85.603835,144,0,Valid
2025-08-16,1894,924,Buche2_P2,P2,Fagus sylvatica,Fagus sylvatica,118.52513224305555,113.7149685,97.500041,151.05099,144,0,Valid
2025-08-16,1895,925,Buche3_P2,P2,Fagus sylvatica,Fagus sylvatica,35.3586618125,33.694593499999996,21.809466,53.261048,144,0,Valid
2025-08-16,1896,926,Buche1_P3,P3,Fagus sylvatica,Fagus sylvatica,183.72028833333334,182.676239,170.285119,208.365033,144,0,Valid
2025-08-16,1897,927,Buche2_P3,P3,Fagus sylvatica,Fagus sylvatica,75.18060416666667,71.69613050000001,59.692509,100.190922,144,0,Valid
2025-08-16,1898,928,Buche3_P3,P3,Fagus sylvatica,Fagus sylvatica,86.79381451388889,80.39796,62.388125,123.761451,144,0,Valid
2025-08-16,1899,929,Fichte1_P3,P3,Fagus sylvatica,Abies alba,106.21519775,108.9133445,59.187943,152.810142,144,0,Valid
2025-08-16,1900,930,Fichte2_P3,P3,Fagus sylvatica,Abies alba,495.45042966666665,494.582342,493.624801,499.893892,144,117,Excluded: TWD > 500 µm
2025-08-16,1901,931,Fichte3_P3,P3,Fagus sylvatica,Abies alba,170.53464383333332,169.2927205,143.425673,202.671223,144,0,Valid
2025-08-17,1878,908,Buche1_P1,P1,Fagus sylvatica,Fagus sylvatica,15.544902597222222,16.300311,0,39.097524,144,0,Valid
2025-08-17,1879,909,Buche2_P1,P1,Fagus sylvatica,Fagus sylvatica,190.71895486111111,194.476326,163.43889,205.164022,144,0,Valid
2025-08-17,1880,910,Buche3_P1,P1,Fagus sylvatica,Fagus sylvatica,31.68539003472222,32.687088,12.38114,55.725559,144,0,Valid
2025-08-17,1881,911,Fichte1_P1,P1,Abies alba,Abies alba,75.47030544444445,48.524503499999994,0,197.956037,144,0,Valid
2025-08-17,1882,912,Fichte2_P1,P1,Abies alba,Abies alba,40.218280881944445,23.555737999999998,0,108.964912,144,0,Valid
2025-08-17,1883,913,Fichte3_P1,P1,Abies alba,Abies alba,47.32506154861111,25.480563500000002,0,128.443776,144,0,Valid
2025-08-17,1884,914,Fichte1_G1,G1,Abies alba,Abies alba,183.697100125,156.948309,102.992372,303.47922,144,0,Valid
2025-08-17,1885,915,Fichte2_G1,G1,Abies alba,Abies alba,370.11884899305556,355.3919125,272.707328,467.30992,144,0,Valid
2025-08-17,1886,916,Fichte3_G1,G1,Abies alba,Abies alba,19.9263135,13.7808865,0,48.309656,144,0,Valid
2025-08-17,1887,917,Buche1_G1,G1,Fagus sylvatica,Fagus sylvatica,30.72022417361111,31.7116265,6.192149,52.333779,144,0,Valid
2025-08-17,1888,918,Buche2_G1,G1,Fagus sylvatica,Fagus sylvatica,16.622368256944444,18.709274999999998,0,39.141992,144,0,Valid
2025-08-17,1889,919,Buche3_G1,G1,Fagus sylvatica,Fagus sylvatica,22.161924631944444,18.590325999999997,0,57.020803,144,0,Valid
2025-08-17,1890,920,Fichte1_P2,P2,Abies alba,Abies alba,120.4134821388889,112.872612,76.386387,164.455697,144,0,Valid
2025-08-17,1891,921,Fichte2_P2,P2,Abies alba,Abies alba,25.04758636111111,23.773721000000002,0.970789,53.693268,144,0,Valid
2025-08-17,1892,922,Fichte3_P2,P2,Abies alba,Abies alba,132.47078136805555,116.5953165,74.380375,199.88231,144,0,Valid
2025-08-17,1893,923,Buche1_P2,P2,Fagus sylvatica,Fagus sylvatica,61.489264104166665,59.209417,44.584005,77.877805,144,0,Valid
2025-08-17,1894,924,Buche2_P2,P2,Fagus sylvatica,Fagus sylvatica,112.39174727083333,103.0949545,82.525259,145.008198,144,0,Valid
2025-08-17,1895,925,Buche3_P2,P2,Fagus sylvatica,Fagus sylvatica,29.429210909722222,24.823363,9.657605,48.060009,144,0,Valid
2025-08-17,1896,926,Buche1_P3,P3,Fagus sylvatica,Fagus sylvatica,167.70327909722224,167.0777845,147.410709,191.906112,144,0,Valid
2025-08-17,1897,927,Buche2_P3,P3,Fagus sylvatica,Fagus sylvatica,73.089599,72.09344949999999,53.893274,94.726359,144,0,Valid
2025-08-17,1898,928,Buche3_P3,P3,Fagus sylvatica,Fagus sylvatica,81.71816059722222,81.495541,51.252547,115.207852,144,0,Valid
2025-08-17,1899,929,Fichte1_P3,P3,Fagus sylvatica,Abies alba,81.82949376388889,79.550051,25.078459,137.67972,144,0,Valid
2025-08-17,1900,930,Fichte2_P3,P3,Fagus sylvatica,Abies alba,486.1736841267606,484.382117,478.063331,499.635705,144,73,Excluded: TWD > 500 µm
2025-08-17,1901,931,Fichte3_P3,P3,Fagus sylvatica,Abies alba,168.2121766736111,158.59474949999998,130.599837,213.43781,144,0,Valid
2025-08-18,1878,908,Buche1_P1,P1,Fagus sylvatica,Fagus sylvatica,22.300383284722223,18.3297145,9.110993,46.736197,144,0,Valid
2025-08-18,1879,909,Buche2_P1,P1,Fagus sylvatica,Fagus sylvatica,201.9906033611111,202.87435749999997,191.117541,211.727331,144,0,Valid
2025-08-18,1880,910,Buche3_P1,P1,Fagus sylvatica,Fagus sylvatica,42.27116132638889,38.222908000000004,28.372507,64.42676,144,0,Valid
2025-08-18,1881,911,Fichte1_P1,P1,Abies alba,Abies alba,80.58608783333334,79.059646,1.701687,174.742288,144,0,Valid
2025-08-18,1882,912,Fichte2_P1,P1,Abies alba,Abies alba,51.608379916666664,38.9979565,8.131096,117.778601,144,0,Valid
2025-08-18,1883,913,Fichte3_P1,P1,Abies alba,Abies alba,50.13739784027778,48.428914500000005,0.659724,114.068732,144,0,Valid
2025-08-18,1884,914,Fichte1_G1,G1,Abies alba,Abies alba,207.18298080555556,180.69321300000001,122.271623,337.078998,144,0,Valid
2025-08-18,1885,915,Fichte2_G1,G1,Abies alba,Abies alba,396.48032715277776,386.722323,313.058427,483.810107,144,0,Valid
2025-08-18,1886,916,Fichte3_G1,G1,Abies alba,Abies alba,33.77838138888889,29.644659500000003,13.746133,58.105751,144,0,Valid
2025-08-18,1887,917,Buche1_G1,G1,Fagus sylvatica,Fagus sylvatica,41.70858660416667,41.128082,24.962455,59.90098,144,0,Valid
2025-08-18,1888,918,Buche2_G1,G1,Fagus sylvatica,Fagus sylvatica,25.5627703125,24.759484,11.44415,43.324584,144,0,Valid
2025-08-18,1889,919,Buche3_G1,G1,Fagus sylvatica,Fagus sylvatica,15.164081243055556,12.383161,0,39.086058,144,0,Valid
2025-08-18,1890,920,Fichte1_P2,P2,Abies alba,Abies alba,147.10745102777778,141.32482,111.705338,185.324538,144,0,Valid
2025-08-18,1891,921,Fichte2_P2,P2,Abies alba,Abies alba,37.00323426388889,36.123127,11.164397,65.375424,144,0,Valid
2025-08-18,1892,922,Fichte3_P2,P2,Abies alba,Abies alba,165.38695731944443,161.98015450000003,117.747572,223.066565,144,0,Valid
2025-08-18,1893,923,Buche1_P2,P2,Fagus sylvatica,Fagus sylvatica,69.20086240972222,68.3265435,55.210151,83.42941,144,0,Valid
2025-08-18,1894,924,Buche2_P2,P2,Fagus sylvatica,Fagus sylvatica,127.46909917361111,125.179696,101.797572,154.332037,144,0,Valid
2025-08-18,1895,925,Buche3_P2,P2,Fagus sylvatica,Fagus sylvatica,38.533174430555555,37.295559499999996,23.896591,51.687982,144,0,Valid
2025-08-18,1896,926,Buche1_P3,P3,Fagus sylvatica,Fagus sylvatica,182.7524970763889,177.80905,163.880056,204.886474,144,0,Valid
2025-08-18,1897,927,Buche2_P3,P3,Fagus sylvatica,Fagus sylvatica,79.47793522916666,77.8302475,61.680726,98.201869,144,0,Valid
2025-08-18,1898,928,Buche3_P3,P3,Fagus sylvatica,Fagus sylvatica,90.39504320138889,87.606808,62.888715,122.677497,144,0,Valid
2025-08-18,1899,929,Fichte1_P3,P3,Fagus sylvatica,Abies alba,97.72335313194445,93.9602915,51.888154,142.408171,144,0,Valid
2025-08-18,1900,930,Fichte2_P3,P3,Fagus sylvatica,Abies alba,NA,NA,NA,NA,144,144,Excluded: TWD > 500 µm
2025-08-18,1901,931,Fichte3_P3,P3,Fagus sylvatica,Abies alba,191.91946986805556,188.9036175,157.298537,232.677174,144,0,Valid
2025-08-19,1878,908,Buche1_P1,P1,Fagus sylvatica,Fagus sylvatica,19.811016375,15.7517805,6.748871,41.848072,144,0,Valid
2025-08-19,1879,909,Buche2_P1,P1,Fagus sylvatica,Fagus sylvatica,203.45531154166667,203.07520649999998,183.134052,212.654552,144,0,Valid
2025-08-19,1880,910,Buche3_P1,P1,Fagus sylvatica,Fagus sylvatica,41.50140520833333,38.312091499999994,22.680249,63.31808,144,0,Valid
2025-08-19,1881,911,Fichte1_P1,P1,Abies alba,Abies alba,60.94448079166666,53.364416,0,145.377402,144,0,Valid
2025-08-19,1882,912,Fichte2_P1,P1,Abies alba,Abies alba,37.64710545138889,29.09311,0,92.02044,144,0,Valid
2025-08-19,1883,913,Fichte3_P1,P1,Abies alba,Abies alba,42.18198946527778,33.4255085,0,104.337863,144,0,Valid
2025-08-19,1884,914,Fichte1_G1,G1,Abies alba,Abies alba,211.5701268888889,196.7391975,119.264817,323.020043,144,0,Valid
2025-08-19,1885,915,Fichte2_G1,G1,Abies alba,Abies alba,395.45184539583335,392.724971,309.785406,468.300706,144,0,Valid
2025-08-19,1886,916,Fichte3_G1,G1,Abies alba,Abies alba,34.765669430555555,33.3332195,12.706492,57.693103,144,0,Valid
2025-08-19,1887,917,Buche1_G1,G1,Fagus sylvatica,Fagus sylvatica,39.613266743055554,38.724197000000004,23.203692,57.591531,144,0,Valid
2025-08-19,1888,918,Buche2_G1,G1,Fagus sylvatica,Fagus sylvatica,23.814619395833333,22.052314,10.549063,40.138659,144,0,Valid
2025-08-19,1889,919,Buche3_G1,G1,Fagus sylvatica,Fagus sylvatica,13.499786256944445,6.8482115,0,38.098207,144,0,Valid
2025-08-19,1890,920,Fichte1_P2,P2,Abies alba,Abies alba,158.71477101388888,154.539217,123.484307,192.160626,144,0,Valid
2025-08-19,1891,921,Fichte2_P2,P2,Abies alba,Abies alba,41.000904125,46.9612935,12.944028,63.911056,144,0,Valid
2025-08-19,1892,922,Fichte3_P2,P2,Abies alba,Abies alba,174.73764595138888,173.9317395,117.556065,224.509647,144,0,Valid
2025-08-19,1893,923,Buche1_P2,P2,Fagus sylvatica,Fagus sylvatica,69.46507028472222,69.663986,54.540833,81.559118,144,0,Valid
2025-08-19,1894,924,Buche2_P2,P2,Fagus sylvatica,Fagus sylvatica,126.71666940972223,126.16387900000001,100.206806,151.445023,144,0,Valid
2025-08-19,1895,925,Buche3_P2,P2,Fagus sylvatica,Fagus sylvatica,38.683160854166665,38.3830875,22.931867,51.264349,144,0,Valid
2025-08-19,1896,926,Buche1_P3,P3,Fagus sylvatica,Fagus sylvatica,189.46068736805555,188.44805100000002,168.795158,209.215927,144,0,Valid
2025-08-19,1897,927,Buche2_P3,P3,Fagus sylvatica,Fagus sylvatica,82.02189624305555,79.53333599999999,62.201595,100.802368,144,0,Valid
2025-08-19,1898,928,Buche3_P3,P3,Fagus sylvatica,Fagus sylvatica,89.76749440277777,84.49922649999999,62.289371,123.204313,144,0,Valid
2025-08-19,1899,929,Fichte1_P3,P3,Fagus sylvatica,Abies alba,106.21366123611111,108.14357849999999,62.925681,147.400163,144,0,Valid
2025-08-19,1900,930,Fichte2_P3,P3,Fagus sylvatica,Abies alba,NA,NA,NA,NA,144,144,Excluded: TWD > 500 µm
2025-08-19,1901,931,Fichte3_P3,P3,Fagus sylvatica,Abies alba,203.94651039583334,203.548565,168.585539,237.215796,144,0,Valid
2025-08-20,1878,908,Buche1_P1,P1,Fagus sylvatica,Fagus sylvatica,5.900943486111111,3.4085655,0,20.792856,144,0,Valid
2025-08-20,1879,909,Buche2_P1,P1,Fagus sylvatica,Fagus sylvatica,169.31058586111112,166.77612299999998,162.967164,183.283331,144,0,Valid
2025-08-20,1880,910,Buche3_P1,P1,Fagus sylvatica,Fagus sylvatica,7.404107298611112,6.9705965,0,21.916913,144,0,Valid
2025-08-20,1881,911,Fichte1_P1,P1,Abies alba,Abies alba,16.88639864583333,0,0,72.848314,144,0,Valid
2025-08-20,1882,912,Fichte2_P1,P1,Abies alba,Abies alba,6.324737381944445,0,0,27.037638,144,0,Valid
2025-08-20,1883,913,Fichte3_P1,P1,Abies alba,Abies alba,7.631494097222222,0,0,38.113428,144,0,Valid
2025-08-20,1884,914,Fichte1_G1,G1,Abies alba,Abies alba,126.017944,125.090157,79.016839,187.58955,144,0,Valid
2025-08-20,1885,915,Fichte2_G1,G1,Abies alba,Abies alba,291.36016759722224,298.5209615,143.338439,372.004703,144,0,Valid
2025-08-20,1886,916,Fichte3_G1,G1,Abies alba,Abies alba,6.518709444444444,2.5456659999999998,0,27.617492,144,0,Valid
2025-08-20,1887,917,Buche1_G1,G1,Fagus sylvatica,Fagus sylvatica,9.159148652777779,7.3471375000000005,0,26.363892,144,0,Valid
2025-08-20,1888,918,Buche2_G1,G1,Fagus sylvatica,Fagus sylvatica,5.061929375,0.6783165,0,18.095323,144,0,Valid
2025-08-20,1889,919,Buche3_G1,G1,Fagus sylvatica,Fagus sylvatica,1.5613894791666667,0,0,7.77634,144,0,Valid
2025-08-20,1890,920,Fichte1_P2,P2,Abies alba,Abies alba,104.48450672916667,108.236879,26.675521,148.571757,144,0,Valid
2025-08-20,1891,921,Fichte2_P2,P2,Abies alba,Abies alba,9.087024694444445,2.6538855000000003,0,49.784538,144,0,Valid
2025-08-20,1892,922,Fichte3_P2,P2,Abies alba,Abies alba,95.04809947916667,99.3173525,1.126788,162.37571,144,0,Valid
2025-08-20,1893,923,Buche1_P2,P2,Fagus sylvatica,Fagus sylvatica,49.438871284722225,49.0326765,33.624414,64.35153,144,0,Valid
2025-08-20,1894,924,Buche2_P2,P2,Fagus sylvatica,Fagus sylvatica,85.10897322916666,89.6866835,37.16838,110.448311,144,0,Valid
2025-08-20,1895,925,Buche3_P2,P2,Fagus sylvatica,Fagus sylvatica,13.31439432638889,13.4650135,0,30.790373,144,0,Valid
2025-08-20,1896,926,Buche1_P3,P3,Fagus sylvatica,Fagus sylvatica,151.62554375,157.2192245,74.989879,184.796834,144,0,Valid
2025-08-20,1897,927,Buche2_P3,P3,Fagus sylvatica,Fagus sylvatica,53.5842245,53.952529,27.101106,74.391175,144,0,Valid
2025-08-20,1898,928,Buche3_P3,P3,Fagus sylvatica,Fagus sylvatica,50.1087485,48.0361345,21.165308,76.950627,144,0,Valid
2025-08-20,1899,929,Fichte1_P3,P3,Fagus sylvatica,Abies alba,41.058329111111114,38.3888845,0,109.377287,144,0,Valid
2025-08-20,1900,930,Fichte2_P3,P3,Fagus sylvatica,Abies alba,467.5983413488372,475.315879,421.00595,499.269937,144,101,Excluded: TWD > 500 µm
2025-08-20,1901,931,Fichte3_P3,P3,Fagus sylvatica,Abies alba,148.07890547916668,152.4757375,41.091691,198.830661,144,0,Valid
2025-08-21,1878,908,Buche1_P1,P1,Fagus sylvatica,Fagus sylvatica,0.03545018055555556,0,0,0.425468,144,0,Valid
2025-08-21,1879,909,Buche2_P1,P1,Fagus sylvatica,Fagus sylvatica,161.68904772916667,161.974456,158.888329,163.898882,144,0,Valid
2025-08-21,1880,910,Buche3_P1,P1,Fagus sylvatica,Fagus sylvatica,0.18044878472222223,0,0,0.916573,144,0,Valid
2025-08-21,1881,911,Fichte1_P1,P1,Abies alba,Abies alba,0.0021822083333333333,0,0,0.102675,144,0,Valid
2025-08-21,1882,912,Fichte2_P1,P1,Abies alba,Abies alba,0,0,0,0,144,0,Valid
2025-08-21,1883,913,Fichte3_P1,P1,Abies alba,Abies alba,0,0,0,0,144,0,Valid
2025-08-21,1884,914,Fichte1_G1,G1,Abies alba,Abies alba,15.842011590277778,0.02838,0,75.977286,144,0,Valid
2025-08-21,1885,915,Fichte2_G1,G1,Abies alba,Abies alba,39.39169236111111,20.067966499999997,0,140.963575,144,0,Valid
2025-08-21,1886,916,Fichte3_G1,G1,Abies alba,Abies alba,0,0,0,0,144,0,Valid
2025-08-21,1887,917,Buche1_G1,G1,Fagus sylvatica,Fagus sylvatica,0.0015276944444444446,0,0,0.050409,144,0,Valid
2025-08-21,1888,918,Buche2_G1,G1,Fagus sylvatica,Fagus sylvatica,0,0,0,0,95,0,Valid
2025-08-21,1889,919,Buche3_G1,G1,Fagus sylvatica,Fagus sylvatica,3.2232638888888887e-4,0,0,0.046415,144,0,Valid
2025-08-21,1890,920,Fichte1_P2,P2,Abies alba,Abies alba,0.7987511944444444,0,0,23.601062,144,0,Valid
2025-08-21,1891,921,Fichte2_P2,P2,Abies alba,Abies alba,0,0,0,0,144,0,Valid
2025-08-21,1892,922,Fichte3_P2,P2,Abies alba,Abies alba,0,0,0,0,144,0,Valid
2025-08-21,1893,923,Buche1_P2,P2,Fagus sylvatica,Fagus sylvatica,9.967099583333333,5.2307705,0,33.201741,144,0,Valid
2025-08-21,1894,924,Buche2_P2,P2,Fagus sylvatica,Fagus sylvatica,8.191142534722221,1.8392435,0,35.854577,144,0,Valid
2025-08-21,1895,925,Buche3_P2,P2,Fagus sylvatica,Fagus sylvatica,0.0012276041666666666,0,0,0.056589,144,0,Valid
2025-08-21,1896,926,Buche1_P3,P3,Fagus sylvatica,Fagus sylvatica,34.4046595,29.6472055,13.146371,73.731946,144,0,Valid
2025-08-21,1897,927,Buche2_P3,P3,Fagus sylvatica,Fagus sylvatica,9.436979159722222,7.5520215,0,26.500366,144,0,Valid
2025-08-21,1898,928,Buche3_P3,P3,Fagus sylvatica,Fagus sylvatica,4.491848173611111,1.048189,0,20.6682,144,0,Valid
2025-08-21,1899,929,Fichte1_P3,P3,Fagus sylvatica,Abies alba,0,0,0,0,144,0,Valid
2025-08-21,1900,930,Fichte2_P3,P3,Fagus sylvatica,Abies alba,300.22434113194447,290.185704,207.054528,418.947441,144,0,Valid
2025-08-21,1901,931,Fichte3_P3,P3,Fagus sylvatica,Abies alba,2.6490409444444443,0,0,38.179419,144,0,Valid
2025-08-22,1878,908,Buche1_P1,P1,Fagus sylvatica,Fagus sylvatica,7.109062736111111,3.678065,0,23.750422,144,0,Valid
2025-08-22,1879,909,Buche2_P1,P1,Fagus sylvatica,Fagus sylvatica,162.6821581111111,159.0376615,157.381172,175.22199,144,0,Valid
2025-08-22,1880,910,Buche3_P1,P1,Fagus sylvatica,Fagus sylvatica,8.358088340277778,2.9578119999999997,0,24.364843,144,0,Valid
2025-08-22,1881,911,Fichte1_P1,P1,Abies alba,Abies alba,59.08721077777778,17.1113075,0,158.117657,144,0,Valid
2025-08-22,1882,912,Fichte2_P1,P1,Abies alba,Abies alba,24.68851634027778,0.373023,0,71.799903,144,0,Valid
2025-08-22,1883,913,Fichte3_P1,P1,Abies alba,Abies alba,36.112035381944445,1.475698,0,101.796833,144,0,Valid
2025-08-22,1884,914,Fichte1_G1,G1,Abies alba,Abies alba,40.99218960416667,0.4886495,0,125.243468,144,0,Valid
2025-08-22,1885,915,Fichte2_G1,G1,Abies alba,Abies alba,32.24455836111111,5.2486515,0,89.539409,144,0,Valid
2025-08-22,1886,916,Fichte3_G1,G1,Abies alba,Abies alba,10.004535252427184,0,0,34.802825,103,0,Valid
2025-08-22,1887,917,Buche1_G1,G1,Fagus sylvatica,Fagus sylvatica,9.057140138888888,11.279783,0,21.558473,144,0,Valid
2025-08-22,1888,918,Buche2_G1,G1,Fagus sylvatica,Fagus sylvatica,12.773592780487805,16.480243,0,19.944305,41,0,Valid
2025-08-22,1889,919,Buche3_G1,G1,Fagus sylvatica,Fagus sylvatica,2.8745699904761906,0,0,15.293551,105,0,Valid
2025-08-22,1890,920,Fichte1_P2,P2,Abies alba,Abies alba,12.372194125,4.0878135,0,37.324408,144,0,Valid
2025-08-22,1891,921,Fichte2_P2,P2,Abies alba,Abies alba,0.1787603125,0,0,1.415387,144,0,Valid
2025-08-22,1892,922,Fichte3_P2,P2,Abies alba,Abies alba,17.219715395833333,1.6311589999999998,0,50.453985,144,0,Valid
2025-08-22,1893,923,Buche1_P2,P2,Fagus sylvatica,Fagus sylvatica,4.428806215277778,1.7001979999999999,0,12.573112,144,0,Valid
2025-08-22,1894,924,Buche2_P2,P2,Fagus sylvatica,Fagus sylvatica,11.133441840277778,10.916382500000001,0,32.034199,144,0,Valid
2025-08-22,1895,925,Buche3_P2,P2,Fagus sylvatica,Fagus sylvatica,0.1319066736111111,0,0,1.074882,144,0,Valid
2025-08-22,1896,926,Buche1_P3,P3,Fagus sylvatica,Fagus sylvatica,5.877379041666667,5.832741,1.345198,12.883337,144,0,Valid
2025-08-22,1897,927,Buche2_P3,P3,Fagus sylvatica,Fagus sylvatica,5.434531243055556,4.0809014999999995,0,17.479023,144,0,Valid
2025-08-22,1898,928,Buche3_P3,P3,Fagus sylvatica,Fagus sylvatica,14.963940541666666,13.5847485,0,46.089511,144,0,Valid
2025-08-22,1899,929,Fichte1_P3,P3,Fagus sylvatica,Abies alba,0.23995327777777778,0,0,1.47297,144,0,Valid
2025-08-22,1900,930,Fichte2_P3,P3,Fagus sylvatica,Abies alba,160.23901764583334,153.90968049999998,129.591016,205.981792,144,0,Valid
2025-08-22,1901,931,Fichte3_P3,P3,Fagus sylvatica,Abies alba,6.546702013888889,0.13596750000000002,0,26.142981,144,0,Valid
2025-08-23,1878,908,Buche1_P1,P1,Fagus sylvatica,Fagus sylvatica,14.253098784722223,11.7409095,2.145611,32.977137,144,0,Valid
2025-08-23,1879,909,Buche2_P1,P1,Fagus sylvatica,Fagus sylvatica,186.91328540277777,189.4543845,175.436756,201.8473,144,0,Valid
2025-08-23,1880,910,Buche3_P1,P1,Fagus sylvatica,Fagus sylvatica,21.47574695138889,22.902665499999998,3.351505,44.781436,144,0,Valid
2025-08-23,1881,911,Fichte1_P1,P1,Abies alba,Abies alba,119.10946964583333,98.3633805,43.361169,209.268107,144,0,Valid
2025-08-23,1882,912,Fichte2_P1,P1,Abies alba,Abies alba,57.28509845833334,42.506752000000006,11.603788,114.60126700000001,144,0,Valid
2025-08-23,1883,913,Fichte3_P1,P1,Abies alba,Abies alba,76.38574820138889,61.888127499999996,22.910724,142.863799,144,0,Valid
2025-08-23,1884,914,Fichte1_G1,G1,Abies alba,Abies alba,68.64381211111112,54.9547125,7.507681,150.456761,144,0,Valid
2025-08-23,1885,915,Fichte2_G1,G1,Abies alba,Abies alba,125.85830740277778,133.7458615,16.329595,266.611107,144,0,Valid
2025-08-23,1886,916,Fichte3_G1,G1,Abies alba,Abies alba,21.857715,20.667448999999998,0.604471,43.393803,144,0,Valid
2025-08-23,1887,917,Buche1_G1,G1,Fagus sylvatica,Fagus sylvatica,39.81491354166667,42.6583845,15.311654,69.599199,144,0,Valid
2025-08-23,1888,918,Buche2_G1,G1,Fagus sylvatica,Fagus sylvatica,26.223808124031006,32.614748,5.532943,43.980847,129,0,Valid
2025-08-23,1889,919,Buche3_G1,G1,Fagus sylvatica,Fagus sylvatica,18.166874104166666,15.244169,0,46.925648,144,0,Valid
2025-08-23,1890,920,Fichte1_P2,P2,Abies alba,Abies alba,54.58526257638889,53.95415,13.239077,104.963942,144,0,Valid
2025-08-23,1891,921,Fichte2_P2,P2,Abies alba,Abies alba,9.690022131944444,0.150505,0,27.975872,144,0,Valid
2025-08-23,1892,922,Fichte3_P2,P2,Abies alba,Abies alba,77.5585105625,68.4812235,24.19578,149.833329,144,0,Valid
2025-08-23,1893,923,Buche1_P2,P2,Fagus sylvatica,Fagus sylvatica,7.724352347222222,7.86475,0,18.402645,144,0,Valid
2025-08-23,1894,924,Buche2_P2,P2,Fagus sylvatica,Fagus sylvatica,39.85315618055556,33.104712,3.701832,87.151327,144,0,Valid
2025-08-23,1895,925,Buche3_P2,P2,Fagus sylvatica,Fagus sylvatica,9.256242513888889,2.078227,0,26.469244,144,0,Valid
2025-08-23,1896,926,Buche1_P3,P3,Fagus sylvatica,Fagus sylvatica,24.66093161111111,28.395554500000003,6.839599,44.580334,144,0,Valid
2025-08-23,1897,927,Buche2_P3,P3,Fagus sylvatica,Fagus sylvatica,10.993535743055556,14.75664,2.567596,18.827055,144,0,Valid
2025-08-23,1898,928,Buche3_P3,P3,Fagus sylvatica,Fagus sylvatica,30.499002979166665,29.706705499999998,11.865933,55.43607,144,0,Valid
2025-08-23,1899,929,Fichte1_P3,P3,Fagus sylvatica,Abies alba,0.5942009166666666,0,0,3.107106,144,0,Valid
2025-08-23,1900,930,Fichte2_P3,P3,Fagus sylvatica,Abies alba,102.32855780555556,102.26615050000001,84.84911,129.02687,144,0,Valid
2025-08-23,1901,931,Fichte3_P3,P3,Fagus sylvatica,Abies alba,50.723983,38.387734,0,121.862928,144,0,Valid
2025-08-24,1878,908,Buche1_P1,P1,Fagus sylvatica,Fagus sylvatica,17.572607680555556,13.6573105,4.72887,36.637261,144,0,Valid
2025-08-24,1879,909,Buche2_P1,P1,Fagus sylvatica,Fagus sylvatica,190.87820774305555,191.1244375,180.13552,204.015542,144,0,Valid
2025-08-24,1880,910,Buche3_P1,P1,Fagus sylvatica,Fagus sylvatica,34.368831326388886,28.194763000000002,18.489082,53.621993,144,0,Valid
2025-08-24,1881,911,Fichte1_P1,P1,Abies alba,Abies alba,129.4174329027778,119.997202,69.150347,206.775184,144,0,Valid
2025-08-24,1882,912,Fichte2_P1,P1,Abies alba,Abies alba,96.4650041736111,83.1204095,51.711147,156.327238,144,0,Valid
2025-08-24,1883,913,Fichte3_P1,P1,Abies alba,Abies alba,88.40810789583334,85.1243455,41.475761,144.285822,144,0,Valid
2025-08-24,1884,914,Fichte1_G1,G1,Abies alba,Abies alba,73.22687878472222,58.361363499999996,8.265278,160.612232,144,0,Valid
2025-08-24,1885,915,Fichte2_G1,G1,Abies alba,Abies alba,201.32446613888888,186.7632905,122.5755,294.03828,144,0,Valid
2025-08-24,1886,916,Fichte3_G1,G1,Abies alba,Abies alba,43.81080447222222,37.0740305,22.858872,65.219765,144,0,Valid
2025-08-24,1887,917,Buche1_G1,G1,Fagus sylvatica,Fagus sylvatica,58.28390961805555,57.3814555,42.168799,78.097204,144,0,Valid
2025-08-24,1888,918,Buche2_G1,G1,Fagus sylvatica,Fagus sylvatica,33.268579352941174,33.270483,31.296056,34.938377,51,0,Valid
2025-08-24,1889,919,Buche3_G1,G1,Fagus sylvatica,Fagus sylvatica,17.36718715972222,15.60456,0,34.863788,144,0,Valid
2025-08-24,1890,920,Fichte1_P2,P2,Abies alba,Abies alba,92.380649625,85.882829,67.310015,125.986776,144,0,Valid
2025-08-24,1891,921,Fichte2_P2,P2,Abies alba,Abies alba,12.433541076388888,10.901986,0,30.403241,144,0,Valid
2025-08-24,1892,922,Fichte3_P2,P2,Abies alba,Abies alba,124.91479696527777,113.68289899999999,83.647303,172.659082,144,0,Valid
2025-08-24,1893,923,Buche1_P2,P2,Fagus sylvatica,Fagus sylvatica,24.695912055555556,19.257387,8.12176,41.689705,144,0,Valid
2025-08-24,1894,924,Buche2_P2,P2,Fagus sylvatica,Fagus sylvatica,81.86807663194445,77.8298345,56.607308,108.728897,144,0,Valid
2025-08-24,1895,925,Buche3_P2,P2,Fagus sylvatica,Fagus sylvatica,28.111554590277777,25.641689,12.810648,45.804972,144,0,Valid
2025-08-24,1896,926,Buche1_P3,P3,Fagus sylvatica,Fagus sylvatica,39.32751433333333,37.4803155,28.859392,50.505209,144,0,Valid
2025-08-24,1897,927,Buche2_P3,P3,Fagus sylvatica,Fagus sylvatica,17.817374090277777,17.62858,9.318336,22.696872,144,0,Valid
2025-08-24,1898,928,Buche3_P3,P3,Fagus sylvatica,Fagus sylvatica,38.872445659722224,35.6716115,20.69611,66.028262,144,0,Valid
2025-08-24,1899,929,Fichte1_P3,P3,Fagus sylvatica,Abies alba,11.518679104166667,7.733046,0,33.195927,144,0,Valid
2025-08-24,1900,930,Fichte2_P3,P3,Fagus sylvatica,Abies alba,60.313625458333334,62.9752985,35.800961,84.61726,144,0,Valid
2025-08-24,1901,931,Fichte3_P3,P3,Fagus sylvatica,Abies alba,120.58772595833334,108.79896049999999,92.536589,153.836891,144,0,Valid
2025-08-25,1878,908,Buche1_P1,P1,Fagus sylvatica,Fagus sylvatica,18.713929381944446,13.4553285,6.259693,39.208672,144,0,Valid
2025-08-25,1879,909,Buche2_P1,P1,Fagus sylvatica,Fagus sylvatica,191.14637835416667,190.28261600000002,183.011587,202.467734,144,0,Valid
2025-08-25,1880,910,Buche3_P1,P1,Fagus sylvatica,Fagus sylvatica,39.884189472222225,37.117954499999996,26.268564,57.863939,144,0,Valid
2025-08-25,1881,911,Fichte1_P1,P1,Abies alba,Abies alba,110.88255016666666,106.535294,55.5649,176.407355,144,0,Valid
2025-08-25,1882,912,Fichte2_P1,P1,Abies alba,Abies alba,112.99379056944444,106.386528,72.695155,165.045396,144,0,Valid
2025-08-25,1883,913,Fichte3_P1,P1,Abies alba,Abies alba,78.95083205555555,77.39662799999999,34.75892,126.28099,144,0,Valid
2025-08-25,1884,914,Fichte1_G1,G1,Abies alba,Abies alba,92.06725084722223,72.3537455,16.939053,191.145189,144,0,Valid
2025-08-25,1885,915,Fichte2_G1,G1,Abies alba,Abies alba,222.0792319236111,207.59356150000002,141.022607,319.224022,144,0,Valid
2025-08-25,1886,916,Fichte3_G1,G1,Abies alba,Abies alba,57.29865219444444,56.1842235,36.34909,73.495572,144,0,Valid
2025-08-25,1887,917,Buche1_G1,G1,Fagus sylvatica,Fagus sylvatica,58.35534320833333,56.5070575,45.396284,75.440326,144,0,Valid
2025-08-25,1888,918,Buche2_G1,G1,Fagus sylvatica,Fagus sylvatica,38.294491813953485,37.400307999999995,35.79356,46.683204,86,0,Valid
2025-08-25,1889,919,Buche3_G1,G1,Fagus sylvatica,Fagus sylvatica,10.242274013888888,4.2408855,0,31.897806,144,0,Valid
2025-08-25,1890,920,Fichte1_P2,P2,Abies alba,Abies alba,96.18744140972223,94.0867375,76.102274,125.081833,144,0,Valid
2025-08-25,1891,921,Fichte2_P2,P2,Abies alba,Abies alba,13.194843597222222,12.290178999999998,0,30.49607,144,0,Valid
2025-08-25,1892,922,Fichte3_P2,P2,Abies alba,Abies alba,131.6629031736111,129.2969545,95.530906,173.754157,144,0,Valid
2025-08-25,1893,923,Buche1_P2,P2,Fagus sylvatica,Fagus sylvatica,39.11847977083333,37.0505815,25.309009,54.354635,144,0,Valid
2025-08-25,1894,924,Buche2_P2,P2,Fagus sylvatica,Fagus sylvatica,91.13133903472222,90.295212,69.716319,112.075442,144,0,Valid
2025-08-25,1895,925,Buche3_P2,P2,Fagus sylvatica,Fagus sylvatica,32.69887005555555,29.4408915,19.441303,51.579874,144,0,Valid
2025-08-25,1896,926,Buche1_P3,P3,Fagus sylvatica,Fagus sylvatica,44.487250930555554,44.218002999999996,36.276924,53.271378,144,0,Valid
2025-08-25,1897,927,Buche2_P3,P3,Fagus sylvatica,Fagus sylvatica,20.196023319444443,18.9321805,12.626191,26.997985,144,0,Valid
2025-08-25,1898,928,Buche3_P3,P3,Fagus sylvatica,Fagus sylvatica,45.27314470138889,39.027133,25.384809,77.894825,144,0,Valid
2025-08-25,1899,929,Fichte1_P3,P3,Fagus sylvatica,Abies alba,12.526844201388888,11.048128,0,30.591424,144,0,Valid
2025-08-25,1900,930,Fichte2_P3,P3,Fagus sylvatica,Abies alba,35.9570478125,36.102650499999996,12.61691,57.037796,144,0,Valid
2025-08-25,1901,931,Fichte3_P3,P3,Fagus sylvatica,Abies alba,134.32914002083334,135.056665,109.843114,160.178522,144,0,Valid
2025-08-26,1878,908,Buche1_P1,P1,Fagus sylvatica,Fagus sylvatica,18.945124229166666,15.8279775,5.769335,39.895974,144,0,Valid
2025-08-26,1879,909,Buche2_P1,P1,Fagus sylvatica,Fagus sylvatica,190.93704786111113,188.9261335,174.589596,199.86943,144,0,Valid
2025-08-26,1880,910,Buche3_P1,P1,Fagus sylvatica,Fagus sylvatica,39.949742631944446,35.477055,25.933801,60.461641,144,0,Valid
2025-08-26,1881,911,Fichte1_P1,P1,Abies alba,Abies alba,70.52345377777777,72.85977700000001,8.531425,137.996129,144,0,Valid
2025-08-26,1882,912,Fichte2_P1,P1,Abies alba,Abies alba,112.17980792361111,106.52326450000001,68.387047,171.413944,144,0,Valid
2025-08-26,1883,913,Fichte3_P1,P1,Abies alba,Abies alba,57.117227569444445,53.632675000000006,7.801413,116.205239,144,0,Valid
2025-08-26,1884,914,Fichte1_G1,G1,Abies alba,Abies alba,124.70378979861111,101.2589105,32.428427,254.982451,144,0,Valid
2025-08-26,1885,915,Fichte2_G1,G1,Abies alba,Abies alba,252.98185729861112,234.6994115,151.693483,378.325609,144,0,Valid
2025-08-26,1886,916,Fichte3_G1,G1,Abies alba,Abies alba,57.30046389583333,56.690917,34.951411,77.68054,144,0,Valid
2025-08-26,1887,917,Buche1_G1,G1,Fagus sylvatica,Fagus sylvatica,57.93063800694444,54.896688999999995,43.651564,78.289002,144,0,Valid
2025-08-26,1888,918,Buche2_G1,G1,Fagus sylvatica,Fagus sylvatica,45.6583487375,43.8247875,37.231809,55.67343,80,0,Valid
2025-08-26,1889,919,Buche3_G1,G1,Fagus sylvatica,Fagus sylvatica,12.435193222222223,5.343748,0,37.595203,144,0,Valid
2025-08-26,1890,920,Fichte1_P2,P2,Abies alba,Abies alba,94.862842,90.1715055,69.022376,133.094108,144,0,Valid
2025-08-26,1891,921,Fichte2_P2,P2,Abies alba,Abies alba,14.753097951388888,13.9768155,0,32.953642,144,0,Valid
2025-08-26,1892,922,Fichte3_P2,P2,Abies alba,Abies alba,135.75512920138888,128.0543935,94.573681,183.459069,144,0,Valid
2025-08-26,1893,923,Buche1_P2,P2,Fagus sylvatica,Fagus sylvatica,44.24132517361111,41.3490345,30.856741,60.127027,144,0,Valid
2025-08-26,1894,924,Buche2_P2,P2,Fagus sylvatica,Fagus sylvatica,93.13541580555555,91.5612945,70.959064,115.260077,144,0,Valid
2025-08-26,1895,925,Buche3_P2,P2,Fagus sylvatica,Fagus sylvatica,35.3506666875,31.3024555,20.00864,57.966531,144,0,Valid
2025-08-26,1896,926,Buche1_P3,P3,Fagus sylvatica,Fagus sylvatica,46.7847641875,46.546184,38.516527,56.398173,144,0,Valid
2025-08-26,1897,927,Buche2_P3,P3,Fagus sylvatica,Fagus sylvatica,22.19687176388889,21.2767645,15.594871,33.071743,144,0,Valid
2025-08-26,1898,928,Buche3_P3,P3,Fagus sylvatica,Fagus sylvatica,53.893803125,47.782968,30.325135,92.884425,144,0,Valid
2025-08-26,1899,929,Fichte1_P3,P3,Fagus sylvatica,Abies alba,15.153541923611112,4.1727185,0,48.21797,144,0,Valid
2025-08-26,1900,930,Fichte2_P3,P3,Fagus sylvatica,Abies alba,24.706434229166668,23.6287595,1.690015,53.672868,144,0,Valid
2025-08-26,1901,931,Fichte3_P3,P3,Fagus sylvatica,Abies alba,137.27965086111112,135.9194565,110.891171,171.01188200000001,144,0,Valid
2025-08-27,1878,908,Buche1_P1,P1,Fagus sylvatica,Fagus sylvatica,10.711828555555556,8.321325,3.261144,19.710233,144,0,Valid
2025-08-27,1879,909,Buche2_P1,P1,Fagus sylvatica,Fagus sylvatica,162.86762009027777,161.8081325,159.330863,173.795379,144,0,Valid
2025-08-27,1880,910,Buche3_P1,P1,Fagus sylvatica,Fagus sylvatica,11.781299402777778,11.6647915,4.730206,24.726947,144,0,Valid
2025-08-27,1881,911,Fichte1_P1,P1,Abies alba,Abies alba,26.51644072222222,21.6722225,0,76.294651,144,0,Valid
2025-08-27,1882,912,Fichte2_P1,P1,Abies alba,Abies alba,52.94177407638889,50.929737,35.125399,103.131781,144,0,Valid
2025-08-27,1883,913,Fichte3_P1,P1,Abies alba,Abies alba,14.984179020833333,13.804433,0,40.323432,144,0,Valid
2025-08-27,1884,914,Fichte1_G1,G1,Abies alba,Abies alba,64.5102803125,62.829322000000005,24.625751,136.977796,144,0,Valid
2025-08-27,1885,915,Fichte2_G1,G1,Abies alba,Abies alba,161.31988878472222,159.10927049999998,107.33427,261.347465,144,0,Valid
2025-08-27,1886,916,Fichte3_G1,G1,Abies alba,Abies alba,15.864084256944444,12.860193500000001,0,55.591194,144,0,Valid
2025-08-27,1887,917,Buche1_G1,G1,Fagus sylvatica,Fagus sylvatica,27.7249184375,27.2725485,20.693968,47.644908,144,0,Valid
2025-08-27,1888,918,Buche2_G1,G1,Fagus sylvatica,Fagus sylvatica,23.776135083333333,24.0005625,15.850915,36.160717,144,0,Valid
2025-08-27,1889,919,Buche3_G1,G1,Fagus sylvatica,Fagus sylvatica,2.1983040069444444,0,0,8.551538,144,0,Valid
2025-08-27,1890,920,Fichte1_P2,P2,Abies alba,Abies alba,44.816139916666664,44.128439,20.835395,84.927754,144,0,Valid
2025-08-27,1891,921,Fichte2_P2,P2,Abies alba,Abies alba,2.265898534722222,0,0,29.523732,144,0,Valid
2025-08-27,1892,922,Fichte3_P2,P2,Abies alba,Abies alba,70.96485794444445,67.342485,41.705439,131.119008,144,0,Valid
2025-08-27,1893,923,Buche1_P2,P2,Fagus sylvatica,Fagus sylvatica,29.332783833333334,29.6317795,16.095271,45.620539,144,0,Valid
2025-08-27,1894,924,Buche2_P2,P2,Fagus sylvatica,Fagus sylvatica,60.30932901388889,60.506318500000006,45.572294,88.698907,144,0,Valid
2025-08-27,1895,925,Buche3_P2,P2,Fagus sylvatica,Fagus sylvatica,17.73388682638889,17.824561000000003,11.053149,28.859781,144,0,Valid
2025-08-27,1896,926,Buche1_P3,P3,Fagus sylvatica,Fagus sylvatica,32.14955025,30.818457000000002,24.822102,46.333586,144,0,Valid
2025-08-27,1897,927,Buche2_P3,P3,Fagus sylvatica,Fagus sylvatica,12.727721875,11.5040645,5.220954,20.419499,144,0,Valid
2025-08-27,1898,928,Buche3_P3,P3,Fagus sylvatica,Fagus sylvatica,29.958861159722222,28.146047,13.72933,52.40711,144,0,Valid
2025-08-27,1899,929,Fichte1_P3,P3,Fagus sylvatica,Abies alba,1.5089801388888888,0,0,7.006044,144,0,Valid
2025-08-27,1900,930,Fichte2_P3,P3,Fagus sylvatica,Abies alba,3.009432604166667,0.2769455,0,21.147604,144,0,Valid
2025-08-27,1901,931,Fichte3_P3,P3,Fagus sylvatica,Abies alba,85.07152313888889,80.35920250000001,57.080913,135.797066,144,0,Valid
2025-08-28,1878,908,Buche1_P1,P1,Fagus sylvatica,Fagus sylvatica,3.0765175555555557,2.5841054999999997,0,7.54229,144,0,Valid
2025-08-28,1879,909,Buche2_P1,P1,Fagus sylvatica,Fagus sylvatica,157.34330138194446,157.5263455,153.136767,159.311931,144,0,Valid
2025-08-28,1880,910,Buche3_P1,P1,Fagus sylvatica,Fagus sylvatica,1.6583737222222221,1.0270725,0,4.795742,144,0,Valid
2025-08-28,1881,911,Fichte1_P1,P1,Abies alba,Abies alba,2.7091330902777777,0,0,19.123176,144,0,Valid
2025-08-28,1882,912,Fichte2_P1,P1,Abies alba,Abies alba,9.81151273611111,0.255397,0,36.593996,144,0,Valid
2025-08-28,1883,913,Fichte3_P1,P1,Abies alba,Abies alba,1.1048929791666666,0,0,11.716825,144,0,Valid
2025-08-28,1884,914,Fichte1_G1,G1,Abies alba,Abies alba,9.026385090277778,0.153389,0,53.44389,144,0,Valid
2025-08-28,1885,915,Fichte2_G1,G1,Abies alba,Abies alba,41.036065979166665,10.5705255,0,146.866039,144,0,Valid
2025-08-28,1886,916,Fichte3_G1,G1,Abies alba,Abies alba,0.019814597222222223,0,0,0.346434,144,0,Valid
2025-08-28,1887,917,Buche1_G1,G1,Fagus sylvatica,Fagus sylvatica,7.728615201388889,4.657835,0,20.549144,144,0,Valid
2025-08-28,1888,918,Buche2_G1,G1,Fagus sylvatica,Fagus sylvatica,4.717951798611111,1.584964,0,17.599888,144,0,Valid
2025-08-28,1889,919,Buche3_G1,G1,Fagus sylvatica,Fagus sylvatica,0.009676784722222222,0,0,0.182043,144,0,Valid
2025-08-28,1890,920,Fichte1_P2,P2,Abies alba,Abies alba,3.5930064444444443,0,0,20.62528,144,0,Valid
2025-08-28,1891,921,Fichte2_P2,P2,Abies alba,Abies alba,0.0017215,0,0,0.055883,144,0,Valid
2025-08-28,1892,922,Fichte3_P2,P2,Abies alba,Abies alba,13.806560625,3.1593415,0,53.570359,144,0,Valid
2025-08-28,1893,923,Buche1_P2,P2,Fagus sylvatica,Fagus sylvatica,8.1202898125,4.113289,0,22.226225,144,0,Valid
2025-08-28,1894,924,Buche2_P2,P2,Fagus sylvatica,Fagus sylvatica,23.87392951388889,17.357517,5.985922,49.452457,144,0,Valid
2025-08-28,1895,925,Buche3_P2,P2,Fagus sylvatica,Fagus sylvatica,5.925865756944445,3.6495845,2.089455,15.791085,144,0,Valid
2025-08-28,1896,926,Buche1_P3,P3,Fagus sylvatica,Fagus sylvatica,6.711759041666666,0.0914065,0,29.260674,144,0,Valid
2025-08-28,1897,927,Buche2_P3,P3,Fagus sylvatica,Fagus sylvatica,2.0809553333333333,0.534868,0,7.013565,144,0,Valid
2025-08-28,1898,928,Buche3_P3,P3,Fagus sylvatica,Fagus sylvatica,7.844103381944445,4.6500520000000005,0,23.551447,144,0,Valid
2025-08-28,1899,929,Fichte1_P3,P3,Fagus sylvatica,Abies alba,0.0014839305555555556,0,0,0.048916,144,0,Valid
2025-08-28,1900,930,Fichte2_P3,P3,Fagus sylvatica,Abies alba,0.0012177222222222223,0,0,0.093326,144,0,Valid
2025-08-28,1901,931,Fichte3_P3,P3,Fagus sylvatica,Abies alba,11.946103819444444,0,0,56.173901,144,0,Valid
2025-08-29,1878,908,Buche1_P1,P1,Fagus sylvatica,Fagus sylvatica,5.8804508958333335,5.2200825,0,20.939502,144,0,Valid
2025-08-29,1879,909,Buche2_P1,P1,Fagus sylvatica,Fagus sylvatica,158.86760491666666,154.489739,150.872228,178.845537,144,0,Valid
2025-08-29,1880,910,Buche3_P1,P1,Fagus sylvatica,Fagus sylvatica,11.095515118055555,4.7073175,0,28.192752,144,0,Valid
2025-08-29,1881,911,Fichte1_P1,P1,Abies alba,Abies alba,52.427314180555555,25.0588635,0,144.780174,144,0,Valid
2025-08-29,1882,912,Fichte2_P1,P1,Abies alba,Abies alba,23.117273472222223,0.3491655,0,79.592888,144,0,Valid
2025-08-29,1883,913,Fichte3_P1,P1,Abies alba,Abies alba,29.734262340277777,6.649897,0,88.813185,144,0,Valid
2025-08-29,1884,914,Fichte1_G1,G1,Abies alba,Abies alba,33.40927463888889,1.206254,0,100.037467,144,0,Valid
2025-08-29,1885,915,Fichte2_G1,G1,Abies alba,Abies alba,37.270443291666666,33.860162,0,103.719984,144,0,Valid
2025-08-29,1886,916,Fichte3_G1,G1,Abies alba,Abies alba,13.799305354166666,9.466546999999998,0,39.523536,144,0,Valid
2025-08-29,1887,917,Buche1_G1,G1,Fagus sylvatica,Fagus sylvatica,4.635409020833333,5.964937,0,13.563134,144,0,Valid
2025-08-29,1888,918,Buche2_G1,G1,Fagus sylvatica,Fagus sylvatica,1.0394383580246913,0.506323,0,5.369424,81,0,Valid
2025-08-29,1889,919,Buche3_G1,G1,Fagus sylvatica,Fagus sylvatica,2.8391106597222224,0,0,14.573571,144,0,Valid
2025-08-29,1890,920,Fichte1_P2,P2,Abies alba,Abies alba,10.749001479166667,9.7477,0,29.84229,144,0,Valid
2025-08-29,1891,921,Fichte2_P2,P2,Abies alba,Abies alba,0.36388746527777777,0,0,3.506418,144,0,Valid
2025-08-29,1892,922,Fichte3_P2,P2,Abies alba,Abies alba,16.08916759722222,7.4553735,0,39.761933,144,0,Valid
2025-08-29,1893,923,Buche1_P2,P2,Fagus sylvatica,Fagus sylvatica,3.4776299166666664,2.73251,0,10.357151,144,0,Valid
2025-08-29,1894,924,Buche2_P2,P2,Fagus sylvatica,Fagus sylvatica,10.370488972222223,8.381855,0,29.630221,144,0,Valid
2025-08-29,1895,925,Buche3_P2,P2,Fagus sylvatica,Fagus sylvatica,1.862485423611111,0.8599185,0,7.063681,144,0,Valid
2025-08-29,1896,926,Buche1_P3,P3,Fagus sylvatica,Fagus sylvatica,4.256366118055555,1.0254815000000002,0,14.66899,144,0,Valid
2025-08-29,1897,927,Buche2_P3,P3,Fagus sylvatica,Fagus sylvatica,5.633457131944445,5.868377,0,18.996877,144,0,Valid
2025-08-29,1898,928,Buche3_P3,P3,Fagus sylvatica,Fagus sylvatica,13.665160319444444,15.746541,0,42.15119,144,0,Valid
2025-08-29,1899,929,Fichte1_P3,P3,Fagus sylvatica,Abies alba,1.5533073819444445,0,0,9.602908,144,0,Valid
2025-08-29,1900,930,Fichte2_P3,P3,Fagus sylvatica,Abies alba,1.6417380555555556,0,0,7.236121,144,0,Valid
2025-08-29,1901,931,Fichte3_P3,P3,Fagus sylvatica,Abies alba,5.339573965277777,0.5784135,0,20.586243,144,0,Valid
2025-08-30,1878,908,Buche1_P1,P1,Fagus sylvatica,Fagus sylvatica,6.889110284722222,4.375364,2.614558,19.716857,144,0,Valid
2025-08-30,1879,909,Buche2_P1,P1,Fagus sylvatica,Fagus sylvatica,165.23905984722222,166.00358699999998,151.7904,179.397792,144,0,Valid
2025-08-30,1880,910,Buche3_P1,P1,Fagus sylvatica,Fagus sylvatica,29.3968401875,28.882210999999998,27.560161,33.310751,144,0,Valid
2025-08-30,1881,911,Fichte1_P1,P1,Abies alba,Abies alba,46.16520242361111,41.417542499999996,20.047235,85.729875,144,0,Valid
2025-08-30,1882,912,Fichte2_P1,P1,Abies alba,Abies alba,20.963683194444446,19.642151499999997,11.937001,37.857101,144,0,Valid
2025-08-30,1883,913,Fichte3_P1,P1,Abies alba,Abies alba,21.672724993055557,16.7832415,4.353706,56.684395,144,0,Valid
2025-08-30,1884,914,Fichte1_G1,G1,Abies alba,Abies alba,31.14895457638889,29.6164055,11.688143,60.867707,144,0,Valid
2025-08-30,1885,915,Fichte2_G1,G1,Abies alba,Abies alba,31.765202569444444,30.2378175,5.825539,71.364818,144,0,Valid
2025-08-30,1886,916,Fichte3_G1,G1,Abies alba,Abies alba,14.894726138888888,14.911255,8.489633,21.410936,144,0,Valid
2025-08-30,1887,917,Buche1_G1,G1,Fagus sylvatica,Fagus sylvatica,8.120804618055555,8.309298,3.001392,17.369223,144,0,Valid
2025-08-30,1888,918,Buche2_G1,G1,Fagus sylvatica,Fagus sylvatica,4.677705198412698,4.854255,0.232694,12.499919,126,0,Valid
2025-08-30,1889,919,Buche3_G1,G1,Fagus sylvatica,Fagus sylvatica,0.4052958263888889,0,0,2.729932,144,0,Valid
2025-08-30,1890,920,Fichte1_P2,P2,Abies alba,Abies alba,7.954637826388889,5.080296000000001,0,27.059109,144,0,Valid
2025-08-30,1891,921,Fichte2_P2,P2,Abies alba,Abies alba,0.15229834027777778,0,0,0.911851,144,0,Valid
2025-08-30,1892,922,Fichte3_P2,P2,Abies alba,Abies alba,23.787765548611112,26.327510500000002,6.965118,33.551891,144,0,Valid
2025-08-30,1893,923,Buche1_P2,P2,Fagus sylvatica,Fagus sylvatica,3.047874798611111,1.8920935,0,10.623115,144,0,Valid
2025-08-30,1894,924,Buche2_P2,P2,Fagus sylvatica,Fagus sylvatica,8.61715832638889,6.116436,0.443276,22.875842,144,0,Valid
2025-08-30,1895,925,Buche3_P2,P2,Fagus sylvatica,Fagus sylvatica,0.7844647430555556,0.17209249999999998,0,4.612169,144,0,Valid
2025-08-30,1896,926,Buche1_P3,P3,Fagus sylvatica,Fagus sylvatica,22.4296065,21.462047,14.751028,32.297628,144,0,Valid
2025-08-30,1897,927,Buche2_P3,P3,Fagus sylvatica,Fagus sylvatica,6.456862652777778,4.7479805,2.784189,16.4281,144,0,Valid
2025-08-30,1898,928,Buche3_P3,P3,Fagus sylvatica,Fagus sylvatica,16.993861625,15.5312685,9.350102,28.064383,144,0,Valid
2025-08-30,1899,929,Fichte1_P3,P3,Fagus sylvatica,Abies alba,0.23805347916666666,0,0,2.137011,144,0,Valid
2025-08-30,1900,930,Fichte2_P3,P3,Fagus sylvatica,Abies alba,2.3373341597222224,0,0,10.682781,144,0,Valid
2025-08-30,1901,931,Fichte3_P3,P3,Fagus sylvatica,Abies alba,4.288551659722223,2.2263625,0,15.261782,144,0,Valid
2025-08-31,1878,908,Buche1_P1,P1,Fagus sylvatica,Fagus sylvatica,11.638584388888889,8.253934000000001,0.48742,28.752811,144,0,Valid
2025-08-31,1879,909,Buche2_P1,P1,Fagus sylvatica,Fagus sylvatica,162.81590077083334,159.27741500000002,150.511099,178.356496,144,0,Valid
2025-08-31,1880,910,Buche3_P1,P1,Fagus sylvatica,Fagus sylvatica,35.62289851388889,34.614348500000006,29.020547,41.42443,144,0,Valid
2025-08-31,1881,911,Fichte1_P1,P1,Abies alba,Abies alba,56.954864729166665,44.7978805,0,135.432507,144,0,Valid
2025-08-31,1882,912,Fichte2_P1,P1,Abies alba,Abies alba,45.621419118055556,32.5356055,2.896945,102.299959,144,0,Valid
2025-08-31,1883,913,Fichte3_P1,P1,Abies alba,Abies alba,41.769507131944444,29.974282000000002,0,102.241839,144,0,Valid
2025-08-31,1884,914,Fichte1_G1,G1,Abies alba,Abies alba,56.20637370138889,27.594776500000002,0,147.964341,144,0,Valid
2025-08-31,1885,915,Fichte2_G1,G1,Abies alba,Abies alba,106.11575020138889,102.692393,0.573581,237.834654,144,0,Valid
2025-08-31,1886,916,Fichte3_G1,G1,Abies alba,Abies alba,22.307089736111113,22.967451,3.266078,42.647501,144,0,Valid
2025-08-31,1887,917,Buche1_G1,G1,Fagus sylvatica,Fagus sylvatica,22.006296791666667,23.3223435,2.991272,45.464337,144,0,Valid
2025-08-31,1888,918,Buche2_G1,G1,Fagus sylvatica,Fagus sylvatica,11.5906905625,9.5493865,0,31.902204,144,0,Valid
2025-08-31,1889,919,Buche3_G1,G1,Fagus sylvatica,Fagus sylvatica,9.983890840277779,5.460217,0,28.344616,144,0,Valid
2025-08-31,1890,920,Fichte1_P2,P2,Abies alba,Abies alba,35.438755625,36.224940000000004,3.974549,78.033133,144,0,Valid
2025-08-31,1891,921,Fichte2_P2,P2,Abies alba,Abies alba,2.2222523541666668,0,0,8.39999,144,0,Valid
2025-08-31,1892,922,Fichte3_P2,P2,Abies alba,Abies alba,42.73151815277778,39.0187965,8.07138,84.965759,144,0,Valid
2025-08-31,1893,923,Buche1_P2,P2,Fagus sylvatica,Fagus sylvatica,8.777985743055556,5.860824,0,19.027738,144,0,Valid
2025-08-31,1894,924,Buche2_P2,P2,Fagus sylvatica,Fagus sylvatica,39.74305442361111,42.843813999999995,7.140666,75.993823,144,0,Valid
2025-08-31,1895,925,Buche3_P2,P2,Fagus sylvatica,Fagus sylvatica,12.746193416666667,11.3657465,0,31.640452,144,0,Valid
2025-08-31,1896,926,Buche1_P3,P3,Fagus sylvatica,Fagus sylvatica,37.11115636805555,37.496044499999996,23.389316,54.933666,144,0,Valid
2025-08-31,1897,927,Buche2_P3,P3,Fagus sylvatica,Fagus sylvatica,10.533340277777778,6.848579,1.261411,24.384366,144,0,Valid
2025-08-31,1898,928,Buche3_P3,P3,Fagus sylvatica,Fagus sylvatica,28.433742993055557,24.087506,9.824255,56.337865,144,0,Valid
2025-08-31,1899,929,Fichte1_P3,P3,Fagus sylvatica,Abies alba,11.161912020833332,0.767433,0,35.090376,144,0,Valid
2025-08-31,1900,930,Fichte2_P3,P3,Fagus sylvatica,Abies alba,22.718482375,17.273042500000003,0,51.444752,144,0,Valid
2025-08-31,1901,931,Fichte3_P3,P3,Fagus sylvatica,Abies alba,32.579214791666665,20.2620965,0,78.419649,144,0,Valid
2025-09-01,1878,908,Buche1_P1,P1,Fagus sylvatica,Fagus sylvatica,6.675988534722222,5.371679,1.197026,14.16755,144,0,Valid
2025-09-01,1879,909,Buche2_P1,P1,Fagus sylvatica,Fagus sylvatica,156.37906831944446,151.83960050000002,148.797227,174.694502,144,0,Valid
2025-09-01,1880,910,Buche3_P1,P1,Fagus sylvatica,Fagus sylvatica,41.95082971527778,41.0674845,39.354992,47.688555,144,0,Valid
2025-09-01,1881,911,Fichte1_P1,P1,Abies alba,Abies alba,21.028700694444446,17.992038,0,66.97953,144,0,Valid
2025-09-01,1882,912,Fichte2_P1,P1,Abies alba,Abies alba,35.46976456944444,33.508971,14.352232,61.699223,144,0,Valid
2025-09-01,1883,913,Fichte3_P1,P1,Abies alba,Abies alba,15.638781916666666,12.124777,0,59.334339,144,0,Valid
2025-09-01,1884,914,Fichte1_G1,G1,Abies alba,Abies alba,25.835666416666665,18.691434,4.904755,73.916903,144,0,Valid
2025-09-01,1885,915,Fichte2_G1,G1,Abies alba,Abies alba,90.44553827777777,90.169018,32.939619,145.839982,144,0,Valid
2025-09-01,1886,916,Fichte3_G1,G1,Abies alba,Abies alba,12.527118215277778,12.516914,0,29.115508,144,0,Valid
2025-09-01,1887,917,Buche1_G1,G1,Fagus sylvatica,Fagus sylvatica,17.412976291666666,20.327903499999998,3.38157,26.996699,144,0,Valid
2025-09-01,1888,918,Buche2_G1,G1,Fagus sylvatica,Fagus sylvatica,8.859657069444445,7.620404,2.24503,16.838557,144,0,Valid
2025-09-01,1889,919,Buche3_G1,G1,Fagus sylvatica,Fagus sylvatica,0.039144520833333335,0,0,0.41307,144,0,Valid
2025-09-01,1890,920,Fichte1_P2,P2,Abies alba,Abies alba,18.61980835416667,20.0404925,0,41.330589,144,0,Valid
2025-09-01,1891,921,Fichte2_P2,P2,Abies alba,Abies alba,0.0048996111111111115,0,0,0.113706,144,0,Valid
2025-09-01,1892,922,Fichte3_P2,P2,Abies alba,Abies alba,20.435783784722222,22.585399000000002,0,42.8954,144,0,Valid
2025-09-01,1893,923,Buche1_P2,P2,Fagus sylvatica,Fagus sylvatica,12.529404902777777,12.145127,7.257523,17.718289,144,0,Valid
2025-09-01,1894,924,Buche2_P2,P2,Fagus sylvatica,Fagus sylvatica,35.40202441666667,40.415820999999994,8.670686,48.091641,144,0,Valid
2025-09-01,1895,925,Buche3_P2,P2,Fagus sylvatica,Fagus sylvatica,14.315342118055556,13.9634365,7.928306,19.698556,144,0,Valid
2025-09-01,1896,926,Buche1_P3,P3,Fagus sylvatica,Fagus sylvatica,25.546452631944444,29.206397,6.081551,38.129411,144,0,Valid
2025-09-01,1897,927,Buche2_P3,P3,Fagus sylvatica,Fagus sylvatica,6.436799951388889,5.084199,1.44894,14.453085,144,0,Valid
2025-09-01,1898,928,Buche3_P3,P3,Fagus sylvatica,Fagus sylvatica,15.796023284722223,16.518161,3.412393,30.073362,144,0,Valid
2025-09-01,1899,929,Fichte1_P3,P3,Fagus sylvatica,Abies alba,0.007222604166666667,0,0,0.141859,144,0,Valid
2025-09-01,1900,930,Fichte2_P3,P3,Fagus sylvatica,Abies alba,10.563476583333333,4.65241,0,35.309046,144,0,Valid
2025-09-01,1901,931,Fichte3_P3,P3,Fagus sylvatica,Abies alba,30.068754972222223,35.101321999999996,0,50.408556,144,0,Valid
2025-09-02,1878,908,Buche1_P1,P1,Fagus sylvatica,Fagus sylvatica,6.2623157916666665,1.1900249999999999,0,19.74194,144,0,Valid
2025-09-02,1879,909,Buche2_P1,P1,Fagus sylvatica,Fagus sylvatica,148.6145317222222,148.31072799999998,147.59664,151.052195,144,0,Valid
2025-09-02,1880,910,Buche3_P1,P1,Fagus sylvatica,Fagus sylvatica,68.6704228125,47.992076999999995,43.028436,115.772089,144,0,Valid
2025-09-02,1881,911,Fichte1_P1,P1,Abies alba,Abies alba,37.28681838194444,0.220488,0,114.298966,144,0,Valid
2025-09-02,1882,912,Fichte2_P1,P1,Abies alba,Abies alba,19.636891118055555,9.8204435,0,59.805801,144,0,Valid
2025-09-02,1883,913,Fichte3_P1,P1,Abies alba,Abies alba,21.729550125,0.016051,0,68.484281,144,0,Valid
2025-09-02,1884,914,Fichte1_G1,G1,Abies alba,Abies alba,21.50499615972222,0.3522555,0,68.659004,144,0,Valid
2025-09-02,1885,915,Fichte2_G1,G1,Abies alba,Abies alba,30.607444958333332,18.788645,0,80.594611,144,0,Valid
2025-09-02,1886,916,Fichte3_G1,G1,Abies alba,Abies alba,9.129182881944445,0,0,29.313127,144,0,Valid
2025-09-02,1887,917,Buche1_G1,G1,Fagus sylvatica,Fagus sylvatica,2.9332799444444446,1.3877465,0,11.279808,144,0,Valid
2025-09-02,1888,918,Buche2_G1,G1,Fagus sylvatica,Fagus sylvatica,4.117567027777778,2.0296525,0,12.464094,144,0,Valid
2025-09-02,1889,919,Buche3_G1,G1,Fagus sylvatica,Fagus sylvatica,0.9554245694444444,0,0,4.226385,144,0,Valid
2025-09-02,1890,920,Fichte1_P2,P2,Abies alba,Abies alba,6.844348152777778,0,0,21.500621,144,0,Valid
2025-09-02,1891,921,Fichte2_P2,P2,Abies alba,Abies alba,0.06936380555555556,0,0,1.119782,144,0,Valid
2025-09-02,1892,922,Fichte3_P2,P2,Abies alba,Abies alba,10.104852305555555,0,0,30.811756,144,0,Valid
2025-09-02,1893,923,Buche1_P2,P2,Fagus sylvatica,Fagus sylvatica,5.593980840277778,6.0270185000000005,0.013359,10.482564,144,0,Valid
2025-09-02,1894,924,Buche2_P2,P2,Fagus sylvatica,Fagus sylvatica,8.119326548611111,5.486493,0,23.280103,144,0,Valid
2025-09-02,1895,925,Buche3_P2,P2,Fagus sylvatica,Fagus sylvatica,4.856768333333333,4.52206,2.450715,7.896569,144,0,Valid
2025-09-02,1896,926,Buche1_P3,P3,Fagus sylvatica,Fagus sylvatica,4.042574472222222,4.1366445,1.474183,6.030911,144,0,Valid
2025-09-02,1897,927,Buche2_P3,P3,Fagus sylvatica,Fagus sylvatica,4.512680402777778,1.4634394999999998,0,15.566269,144,0,Valid
2025-09-02,1898,928,Buche3_P3,P3,Fagus sylvatica,Fagus sylvatica,10.506762430555556,3.2830045,0.123297,32.885092,144,0,Valid
2025-09-02,1899,929,Fichte1_P3,P3,Fagus sylvatica,Abies alba,0.9410545833333334,0,0,5.94334,144,0,Valid
2025-09-02,1900,930,Fichte2_P3,P3,Fagus sylvatica,Abies alba,2.833595597222222,0,0,12.136943,144,0,Valid
2025-09-02,1901,931,Fichte3_P3,P3,Fagus sylvatica,Abies alba,3.4166649930555555,0,0,13.232597,144,0,Valid
2025-09-03,1878,908,Buche1_P1,P1,Fagus sylvatica,Fagus sylvatica,11.002729951388888,8.0969465,0.998501,27.470421,144,0,Valid
2025-09-03,1879,909,Buche2_P1,P1,Fagus sylvatica,Fagus sylvatica,158.96323991666665,160.325516,147.550983,173.633474,144,0,Valid
2025-09-03,1880,910,Buche3_P1,P1,Fagus sylvatica,Fagus sylvatica,121.34692847916666,118.2563385,115.465565,131.041747,144,0,Valid
2025-09-03,1881,911,Fichte1_P1,P1,Abies alba,Abies alba,65.65962028472222,53.155133500000005,2.661726,133.665068,144,0,Valid
2025-09-03,1882,912,Fichte2_P1,P1,Abies alba,Abies alba,41.30613941666667,29.1500485,0.62914,100.240953,144,0,Valid
2025-09-03,1883,913,Fichte3_P1,P1,Abies alba,Abies alba,44.04271071527778,33.0985995,4.742202,95.823103,144,0,Valid
2025-09-03,1884,914,Fichte1_G1,G1,Abies alba,Abies alba,59.81638328472222,36.924022,7.709813,134.678629,144,0,Valid
2025-09-03,1885,915,Fichte2_G1,G1,Abies alba,Abies alba,89.78463960416667,57.799414,2.444069,208.14727,144,0,Valid
2025-09-03,1886,916,Fichte3_G1,G1,Abies alba,Abies alba,20.154459097222222,22.717215000000003,0.401532,39.987763,144,0,Valid
2025-09-03,1887,917,Buche1_G1,G1,Fagus sylvatica,Fagus sylvatica,7.637437125,7.693514,0,19.430931,144,0,Valid
2025-09-03,1888,918,Buche2_G1,G1,Fagus sylvatica,Fagus sylvatica,11.399988854166667,11.838797,0.281103,29.017323,144,0,Valid
2025-09-03,1889,919,Buche3_G1,G1,Fagus sylvatica,Fagus sylvatica,4.186596409722222,0.0072895,0,11.721769,144,0,Valid
2025-09-03,1890,920,Fichte1_P2,P2,Abies alba,Abies alba,23.777841465277778,22.238458,2.423332,53.345448,144,0,Valid
2025-09-03,1891,921,Fichte2_P2,P2,Abies alba,Abies alba,0.3081046111111111,0,0,2.731657,144,0,Valid
2025-09-03,1892,922,Fichte3_P2,P2,Abies alba,Abies alba,37.15170088194444,35.264247,8.04871,77.14264,144,0,Valid
2025-09-03,1893,923,Buche1_P2,P2,Fagus sylvatica,Fagus sylvatica,5.8783407500000004,4.6348645,0,13.527876,144,0,Valid
2025-09-03,1894,924,Buche2_P2,P2,Fagus sylvatica,Fagus sylvatica,18.414441118055557,20.900700999999998,0,42.6517,144,0,Valid
2025-09-03,1895,925,Buche3_P2,P2,Fagus sylvatica,Fagus sylvatica,5.180669458333333,2.2415215,0,12.308196,144,0,Valid
2025-09-03,1896,926,Buche1_P3,P3,Fagus sylvatica,Fagus sylvatica,19.56689536111111,15.624913,0.305794,46.31078,144,0,Valid
2025-09-03,1897,927,Buche2_P3,P3,Fagus sylvatica,Fagus sylvatica,11.208875277777778,8.7290755,2.401236,25.164025,144,0,Valid
2025-09-03,1898,928,Buche3_P3,P3,Fagus sylvatica,Fagus sylvatica,24.64417226388889,20.704782,6.964561,50.273623,144,0,Valid
2025-09-03,1899,929,Fichte1_P3,P3,Fagus sylvatica,Abies alba,2.787744138888889,0,0,11.35574,144,0,Valid
2025-09-03,1900,930,Fichte2_P3,P3,Fagus sylvatica,Abies alba,18.58914601388889,10.8348105,0,43.065557,144,0,Valid
2025-09-03,1901,931,Fichte3_P3,P3,Fagus sylvatica,Abies alba,15.5370683125,8.4856655,0,44.535422,144,0,Valid
2025-09-04,1878,908,Buche1_P1,P1,Fagus sylvatica,Fagus sylvatica,5.447772416666667,4.164878,1.084554,17.683492,144,0,Valid
2025-09-04,1879,909,Buche2_P1,P1,Fagus sylvatica,Fagus sylvatica,138.1210822777778,137.23901999999998,130.25477,159.94069,144,0,Valid
2025-09-04,1880,910,Buche3_P1,P1,Fagus sylvatica,Fagus sylvatica,132.85006972222223,130.93354349999998,127.941079,138.644066,144,0,Valid
2025-09-04,1881,911,Fichte1_P1,P1,Abies alba,Abies alba,20.798188486111112,13.571119,0,63.252161,144,0,Valid
2025-09-04,1882,912,Fichte2_P1,P1,Abies alba,Abies alba,17.196456979166665,17.2107125,0,42.293622,144,0,Valid
2025-09-04,1883,913,Fichte3_P1,P1,Abies alba,Abies alba,11.998662020833333,6.438335,0,43.142846,144,0,Valid
2025-09-04,1884,914,Fichte1_G1,G1,Abies alba,Abies alba,23.492267986111113,20.446551499999998,0.749783,67.304387,144,0,Valid
2025-09-04,1885,915,Fichte2_G1,G1,Abies alba,Abies alba,49.445158229166665,44.2276485,12.737598,125.000397,144,0,Valid
2025-09-04,1886,916,Fichte3_G1,G1,Abies alba,Abies alba,8.309865743055555,4.265642,0,25.605248,144,0,Valid
2025-09-04,1887,917,Buche1_G1,G1,Fagus sylvatica,Fagus sylvatica,2.9987021805555556,1.1257674999999998,0,11.124518,144,0,Valid
2025-09-04,1888,918,Buche2_G1,G1,Fagus sylvatica,Fagus sylvatica,5.448110368055556,3.926667,0.436388,14.91492,144,0,Valid
2025-09-04,1889,919,Buche3_G1,G1,Fagus sylvatica,Fagus sylvatica,0.6631747777777778,0,0,5.583849,144,0,Valid
2025-09-04,1890,920,Fichte1_P2,P2,Abies alba,Abies alba,8.696307402777778,2.7121380000000004,0,27.299785,144,0,Valid
2025-09-04,1891,921,Fichte2_P2,P2,Abies alba,Abies alba,0.03791113194444445,0,0,1.39415,144,0,Valid
2025-09-04,1892,922,Fichte3_P2,P2,Abies alba,Abies alba,11.813280069444444,7.1397755,0,43.243129,144,0,Valid
2025-09-04,1893,923,Buche1_P2,P2,Fagus sylvatica,Fagus sylvatica,3.5727064583333332,3.084302,0,10.30566,144,0,Valid
2025-09-04,1894,924,Buche2_P2,P2,Fagus sylvatica,Fagus sylvatica,11.648787340277778,8.267268999999999,0,27.372684,144,0,Valid
2025-09-04,1895,925,Buche3_P2,P2,Fagus sylvatica,Fagus sylvatica,6.2893074930555555,6.304003,2.454377,10.06544,144,0,Valid
2025-09-04,1896,926,Buche1_P3,P3,Fagus sylvatica,Fagus sylvatica,8.933191923611112,3.7317895,0,33.208958,144,0,Valid
2025-09-04,1897,927,Buche2_P3,P3,Fagus sylvatica,Fagus sylvatica,6.257430416666667,4.5754185,1.60015,20.667407,144,0,Valid
2025-09-04,1898,928,Buche3_P3,P3,Fagus sylvatica,Fagus sylvatica,8.772965090277777,5.5495775,1.015508,24.845501,144,0,Valid
2025-09-04,1899,929,Fichte1_P3,P3,Fagus sylvatica,Abies alba,0.12472510416666667,0,0,2.91319,144,0,Valid
2025-09-04,1900,930,Fichte2_P3,P3,Fagus sylvatica,Abies alba,3.814470958333333,0.0063690000000000005,0,25.255041,144,0,Valid
2025-09-04,1901,931,Fichte3_P3,P3,Fagus sylvatica,Abies alba,4.7162810763888885,2.0310975,0,17.04015,144,0,Valid
2025-09-05,1878,908,Buche1_P1,P1,Fagus sylvatica,Fagus sylvatica,6.086313875,1.9943179999999998,0,19.670369,144,0,Valid
2025-09-05,1879,909,Buche2_P1,P1,Fagus sylvatica,Fagus sylvatica,129.87565929166666,129.332046,127.872565,133.378047,144,0,Valid
2025-09-05,1880,910,Buche3_P1,P1,Fagus sylvatica,Fagus sylvatica,140.64720028472223,138.91429799999997,137.104474,147.198654,144,0,Valid
2025-09-05,1881,911,Fichte1_P1,P1,Abies alba,Abies alba,40.90406065277778,19.287367500000002,0,122.565144,144,0,Valid
2025-09-05,1882,912,Fichte2_P1,P1,Abies alba,Abies alba,24.725013090277777,1.1470250000000002,0,71.625782,144,0,Valid
2025-09-05,1883,913,Fichte3_P1,P1,Abies alba,Abies alba,27.706541020833335,0.9651049999999999,0,83.623049,144,0,Valid
2025-09-05,1884,914,Fichte1_G1,G1,Abies alba,Abies alba,29.41910084027778,2.7991585,0,91.774376,144,0,Valid
2025-09-05,1885,915,Fichte2_G1,G1,Abies alba,Abies alba,34.51978686111111,11.919561999999999,0,93.226809,144,0,Valid
2025-09-05,1886,916,Fichte3_G1,G1,Abies alba,Abies alba,12.853990118055556,3.2571335,0,36.429566,144,0,Valid
2025-09-05,1887,917,Buche1_G1,G1,Fagus sylvatica,Fagus sylvatica,5.361668680555556,5.8134915,0,12.433078,144,0,Valid
2025-09-05,1888,918,Buche2_G1,G1,Fagus sylvatica,Fagus sylvatica,3.9633917847222224,3.465183,0,12.718926,144,0,Valid
2025-09-05,1889,919,Buche3_G1,G1,Fagus sylvatica,Fagus sylvatica,3.2305094305555557,0,0,13.11353,144,0,Valid
2025-09-05,1890,920,Fichte1_P2,P2,Abies alba,Abies alba,14.082707791666667,7.901394,0,42.185094,144,0,Valid
2025-09-05,1891,921,Fichte2_P2,P2,Abies alba,Abies alba,0.20079624305555555,0,0,2.402952,144,0,Valid
2025-09-05,1892,922,Fichte3_P2,P2,Abies alba,Abies alba,27.178724368055555,11.951152,0,75.13869,144,0,Valid
2025-09-05,1893,923,Buche1_P2,P2,Fagus sylvatica,Fagus sylvatica,3.9959814375,2.1472585,0,10.161068,144,0,Valid
2025-09-05,1894,924,Buche2_P2,P2,Fagus sylvatica,Fagus sylvatica,8.402422375,5.65008,0,25.95323,144,0,Valid
2025-09-05,1895,925,Buche3_P2,P2,Fagus sylvatica,Fagus sylvatica,0.8896596597222223,0.7524255,0,2.894738,144,0,Valid
2025-09-05,1896,926,Buche1_P3,P3,Fagus sylvatica,Fagus sylvatica,4.7898625486111115,1.590783,0,16.000246,144,0,Valid
2025-09-05,1897,927,Buche2_P3,P3,Fagus sylvatica,Fagus sylvatica,6.074571993055556,4.0705825,0,16.024897,144,0,Valid
2025-09-05,1898,928,Buche3_P3,P3,Fagus sylvatica,Fagus sylvatica,13.408640680555555,10.8278795,0,39.400023,144,0,Valid
2025-09-05,1899,929,Fichte1_P3,P3,Fagus sylvatica,Abies alba,1.2145262847222222,0,0,6.735996,144,0,Valid
2025-09-05,1900,930,Fichte2_P3,P3,Fagus sylvatica,Abies alba,11.915818166666666,0.6063515,0,34.339947,144,0,Valid
2025-09-05,1901,931,Fichte3_P3,P3,Fagus sylvatica,Abies alba,11.490659326388888,4.220542999999999,0,35.139948,144,0,Valid
2025-09-06,1878,908,Buche1_P1,P1,Fagus sylvatica,Fagus sylvatica,8.852878909722222,6.817698,0,26.357751,144,0,Valid
2025-09-06,1879,909,Buche2_P1,P1,Fagus sylvatica,Fagus sylvatica,144.56689058333333,143.84203300000001,133.406482,156.850878,144,0,Valid
2025-09-06,1880,910,Buche3_P1,P1,Fagus sylvatica,Fagus sylvatica,143.4402824236111,138.60692,132.814221,159.624269,144,0,Valid
2025-09-06,1881,911,Fichte1_P1,P1,Abies alba,Abies alba,56.35944154861111,43.5618815,0,138.069298,144,0,Valid
2025-09-06,1882,912,Fichte2_P1,P1,Abies alba,Abies alba,50.88146038194444,32.2417765,15.497863,112.283968,144,0,Valid
2025-09-06,1883,913,Fichte3_P1,P1,Abies alba,Abies alba,40.80705195833333,34.876853499999996,6.769912,88.60434,144,0,Valid
2025-09-06,1884,914,Fichte1_G1,G1,Abies alba,Abies alba,50.917771673611114,41.994232,8.143094,113.609583,144,0,Valid
2025-09-06,1885,915,Fichte2_G1,G1,Abies alba,Abies alba,96.21892247222222,63.1826815,12.152964,219.776736,144,0,Valid
2025-09-06,1886,916,Fichte3_G1,G1,Abies alba,Abies alba,33.3664434375,22.862198499999998,15.313512,55.71886,144,0,Valid
2025-09-06,1887,917,Buche1_G1,G1,Fagus sylvatica,Fagus sylvatica,23.683167090277777,22.8649535,10.184125,41.402492,144,0,Valid
2025-09-06,1888,918,Buche2_G1,G1,Fagus sylvatica,Fagus sylvatica,12.209278430555555,6.6074965,3.419991,28.0508,144,0,Valid
2025-09-06,1889,919,Buche3_G1,G1,Fagus sylvatica,Fagus sylvatica,4.7795415,2.229358,0,12.913209,144,0,Valid
2025-09-06,1890,920,Fichte1_P2,P2,Abies alba,Abies alba,42.48829229166667,37.753853,20.907334,73.259447,144,0,Valid
2025-09-06,1891,921,Fichte2_P2,P2,Abies alba,Abies alba,0.0597093125,0,0,1.533118,144,0,Valid
2025-09-06,1892,922,Fichte3_P2,P2,Abies alba,Abies alba,54.11009763194444,49.678067999999996,32.722905,78.934447,144,0,Valid
2025-09-06,1893,923,Buche1_P2,P2,Fagus sylvatica,Fagus sylvatica,4.316876333333333,3.144928,0,10.193515,144,0,Valid
2025-09-06,1894,924,Buche2_P2,P2,Fagus sylvatica,Fagus sylvatica,20.93687434027778,13.6538625,0,51.250144,144,0,Valid
2025-09-06,1895,925,Buche3_P2,P2,Fagus sylvatica,Fagus sylvatica,5.364730597222223,0.204642,0,15.166317,144,0,Valid
2025-09-06,1896,926,Buche1_P3,P3,Fagus sylvatica,Fagus sylvatica,24.681773756944445,18.491802,8.556048,46.378791,144,0,Valid
2025-09-06,1897,927,Buche2_P3,P3,Fagus sylvatica,Fagus sylvatica,8.377878548611111,5.8063465,2.223016,21.708575,144,0,Valid
2025-09-06,1898,928,Buche3_P3,P3,Fagus sylvatica,Fagus sylvatica,21.138124868055556,15.795612,10.772895,41.737359,144,0,Valid
2025-09-06,1899,929,Fichte1_P3,P3,Fagus sylvatica,Abies alba,0.5914362986111111,0,0,3.698163,144,0,Valid
2025-09-06,1900,930,Fichte2_P3,P3,Fagus sylvatica,Abies alba,25.435209125,26.2382105,15.596803,31.907643,144,0,Valid
2025-09-06,1901,931,Fichte3_P3,P3,Fagus sylvatica,Abies alba,46.26389764583333,33.2649575,22.411145,84.540321,144,0,Valid
2025-09-07,1878,908,Buche1_P1,P1,Fagus sylvatica,Fagus sylvatica,11.30222898611111,8.2194345,2.409514,25.006956,144,0,Valid
2025-09-07,1879,909,Buche2_P1,P1,Fagus sylvatica,Fagus sylvatica,153.18389816666667,152.58003250000002,147.284981,157.844464,144,0,Valid
2025-09-07,1880,910,Buche3_P1,P1,Fagus sylvatica,Fagus sylvatica,151.240326875,147.00030049999998,142.650035,165.795049,144,0,Valid
2025-09-07,1881,911,Fichte1_P1,P1,Abies alba,Abies alba,56.78237643055556,51.332084,0,118.612109,144,0,Valid
2025-09-07,1882,912,Fichte2_P1,P1,Abies alba,Abies alba,84.43156951388889,67.648563,48.928022,139.655646,144,0,Valid
2025-09-07,1883,913,Fichte3_P1,P1,Abies alba,Abies alba,40.3008296875,34.058744000000004,3.803465,85.246113,144,0,Valid
2025-09-07,1884,914,Fichte1_G1,G1,Abies alba,Abies alba,68.43972679166667,52.29855,7.236275,154.528621,144,0,Valid
2025-09-07,1885,915,Fichte2_G1,G1,Abies alba,Abies alba,157.88632579861113,143.0349055,93.410087,248.202047,144,0,Valid
2025-09-07,1886,916,Fichte3_G1,G1,Abies alba,Abies alba,46.24361990972222,44.9516235,28.21183,66.568258,144,0,Valid
2025-09-07,1887,917,Buche1_G1,G1,Fagus sylvatica,Fagus sylvatica,30.277740805555556,26.7254145,22.84709,44.640137,144,0,Valid
2025-09-07,1888,918,Buche2_G1,G1,Fagus sylvatica,Fagus sylvatica,20.785576083333332,18.5311915,12.828463,34.560656,144,0,Valid
2025-09-07,1889,919,Buche3_G1,G1,Fagus sylvatica,Fagus sylvatica,8.254362729166667,3.9410065000000003,0,23.596511,144,0,Valid
2025-09-07,1890,920,Fichte1_P2,P2,Abies alba,Abies alba,60.33054549305555,58.555974500000005,43.553972,81.115139,144,0,Valid
2025-09-07,1891,921,Fichte2_P2,P2,Abies alba,Abies alba,0.048313590277777776,0,0,1.085744,144,0,Valid
2025-09-07,1892,922,Fichte3_P2,P2,Abies alba,Abies alba,54.6402515,47.49106,27.585135,86.752356,144,0,Valid
2025-09-07,1893,923,Buche1_P2,P2,Fagus sylvatica,Fagus sylvatica,10.015341965277777,7.109218,0,19.129934,144,0,Valid
2025-09-07,1894,924,Buche2_P2,P2,Fagus sylvatica,Fagus sylvatica,49.54094002777778,49.3738105,35.77137,73.738785,144,0,Valid
2025-09-07,1895,925,Buche3_P2,P2,Fagus sylvatica,Fagus sylvatica,19.617376354166666,17.250704,10.591299,34.181379,144,0,Valid
2025-09-07,1896,926,Buche1_P3,P3,Fagus sylvatica,Fagus sylvatica,41.06547363888889,38.345086,29.923804,58.933512,144,0,Valid
2025-09-07,1897,927,Buche2_P3,P3,Fagus sylvatica,Fagus sylvatica,12.02961604861111,9.374136499999999,3.990443,26.841704,144,0,Valid
2025-09-07,1898,928,Buche3_P3,P3,Fagus sylvatica,Fagus sylvatica,26.605121541666666,20.2295865,12.522511,52.41817,144,0,Valid
2025-09-07,1899,929,Fichte1_P3,P3,Fagus sylvatica,Abies alba,7.180065256944444,0,0,25.878844,144,0,Valid
2025-09-07,1900,930,Fichte2_P3,P3,Fagus sylvatica,Abies alba,25.786976527777778,24.880541,11.819271,37.28659,144,0,Valid
2025-09-07,1901,931,Fichte3_P3,P3,Fagus sylvatica,Abies alba,85.82892440277777,76.715221,61.624629,121.329179,144,0,Valid
2025-09-08,1878,908,Buche1_P1,P1,Fagus sylvatica,Fagus sylvatica,7.571047145833333,6.0263285,3.370371,15.049322,144,0,Valid
2025-09-08,1879,909,Buche2_P1,P1,Fagus sylvatica,Fagus sylvatica,150.99221297222223,156.257558,140.417562,158.441856,144,0,Valid
2025-09-08,1880,910,Buche3_P1,P1,Fagus sylvatica,Fagus sylvatica,143.5019582013889,144.421548,138.462969,149.902889,144,0,Valid
2025-09-08,1881,911,Fichte1_P1,P1,Abies alba,Abies alba,9.858536881944444,0.877866,0,49.442714,144,0,Valid
2025-09-08,1882,912,Fichte2_P1,P1,Abies alba,Abies alba,65.87721102083333,65.60757749999999,44.47388,85.380114,144,0,Valid
2025-09-08,1883,913,Fichte3_P1,P1,Abies alba,Abies alba,6.592196284722222,2.299954,0,39.315175,144,0,Valid
2025-09-08,1884,914,Fichte1_G1,G1,Abies alba,Abies alba,31.259527069444445,30.161738,2.629958,72.705491,144,0,Valid
2025-09-08,1885,915,Fichte2_G1,G1,Abies alba,Abies alba,105.28242754861111,110.45453,41.410672,154.058515,144,0,Valid
2025-09-08,1886,916,Fichte3_G1,G1,Abies alba,Abies alba,32.133841527777776,34.5688265,10.646185,46.536546,144,0,Valid
2025-09-08,1887,917,Buche1_G1,G1,Fagus sylvatica,Fagus sylvatica,20.402052791666666,22.2745795,10.228447,28.878335,144,0,Valid
2025-09-08,1888,918,Buche2_G1,G1,Fagus sylvatica,Fagus sylvatica,14.081518756944444,14.722431,6.854447,18.947068,144,0,Valid
2025-09-08,1889,919,Buche3_G1,G1,Fagus sylvatica,Fagus sylvatica,0.10224329166666667,0,0,1.380742,144,0,Valid
2025-09-08,1890,920,Fichte1_P2,P2,Abies alba,Abies alba,39.252119354166666,42.068943000000004,13.424799,56.973819,144,0,Valid
2025-09-08,1891,921,Fichte2_P2,P2,Abies alba,Abies alba,0.0010890208333333333,0,0,0.052222,144,0,Valid
2025-09-08,1892,922,Fichte3_P2,P2,Abies alba,Abies alba,24.211391930555557,28.378252500000002,0,46.990542,144,0,Valid
2025-09-08,1893,923,Buche1_P2,P2,Fagus sylvatica,Fagus sylvatica,11.599210916666667,10.999061000000001,7.55789,15.923634,144,0,Valid
2025-09-08,1894,924,Buche2_P2,P2,Fagus sylvatica,Fagus sylvatica,39.27049240972222,41.478718,22.432188,51.197004,144,0,Valid
2025-09-08,1895,925,Buche3_P2,P2,Fagus sylvatica,Fagus sylvatica,18.001117013888887,17.94566,14.609835,21.085743,144,0,Valid
2025-09-08,1896,926,Buche1_P3,P3,Fagus sylvatica,Fagus sylvatica,32.08991011111111,35.257216,17.436247,40.419875,144,0,Valid
2025-09-08,1897,927,Buche2_P3,P3,Fagus sylvatica,Fagus sylvatica,8.305947256944444,8.1487345,3.140719,15.078527,144,0,Valid
2025-09-08,1898,928,Buche3_P3,P3,Fagus sylvatica,Fagus sylvatica,17.269734159722223,15.8635485,6.351528,30.334273,144,0,Valid
2025-09-08,1899,929,Fichte1_P3,P3,Fagus sylvatica,Abies alba,0.0023404444444444445,0,0,0.055989,144,0,Valid
2025-09-08,1900,930,Fichte2_P3,P3,Fagus sylvatica,Abies alba,10.621663125,9.7938165,0,27.882663,144,0,Valid
2025-09-08,1901,931,Fichte3_P3,P3,Fagus sylvatica,Abies alba,75.85501336805555,82.74386100000001,46.377574,98.401942,144,0,Valid
2025-09-09,1878,908,Buche1_P1,P1,Fagus sylvatica,Fagus sylvatica,7.400066395833333,3.2148165,0.804936,19.590626,144,0,Valid
2025-09-09,1879,909,Buche2_P1,P1,Fagus sylvatica,Fagus sylvatica,139.6464829097222,139.8311605,137.812934,140.611088,144,0,Valid
2025-09-09,1880,910,Buche3_P1,P1,Fagus sylvatica,Fagus sylvatica,143.29559803472222,138.97923450000002,135.840405,155.880662,144,0,Valid
2025-09-09,1881,911,Fichte1_P1,P1,Abies alba,Abies alba,48.17054609027778,0.187763,0,141.314252,144,0,Valid
2025-09-09,1882,912,Fichte2_P1,P1,Abies alba,Abies alba,44.6447986875,38.1903215,19.605891,80.033211,144,0,Valid
2025-09-09,1883,913,Fichte3_P1,P1,Abies alba,Abies alba,24.5565518125,0,0,70.829979,144,0,Valid
2025-09-09,1884,914,Fichte1_G1,G1,Abies alba,Abies alba,26.78355545138889,0.153914,0,74.936518,144,0,Valid
2025-09-09,1885,915,Fichte2_G1,G1,Abies alba,Abies alba,42.059301131944444,32.638547,6.542958,87.084656,144,0,Valid
2025-09-09,1886,916,Fichte3_G1,G1,Abies alba,Abies alba,9.179969930555556,8.0193585,0,21.808126,144,0,Valid
2025-09-09,1887,917,Buche1_G1,G1,Fagus sylvatica,Fagus sylvatica,13.411173527777779,9.7193075,5.928996,24.518895,144,0,Valid
2025-09-09,1888,918,Buche2_G1,G1,Fagus sylvatica,Fagus sylvatica,5.757149381944444,4.9649775,1.046154,13.11269,144,0,Valid
2025-09-09,1889,919,Buche3_G1,G1,Fagus sylvatica,Fagus sylvatica,2.52892625,0,0,9.792047,144,0,Valid
2025-09-09,1890,920,Fichte1_P2,P2,Abies alba,Abies alba,9.511917833333333,10.220278,0,21.5294,144,0,Valid
2025-09-09,1891,921,Fichte2_P2,P2,Abies alba,Abies alba,0.04003189583333333,0,0,0.309332,144,0,Valid
2025-09-09,1892,922,Fichte3_P2,P2,Abies alba,Abies alba,19.247922916666667,0.2688235,0,57.568111,144,0,Valid
2025-09-09,1893,923,Buche1_P2,P2,Fagus sylvatica,Fagus sylvatica,9.808818923611112,6.883474,3.34723,16.598237,144,0,Valid
2025-09-09,1894,924,Buche2_P2,P2,Fagus sylvatica,Fagus sylvatica,20.598108458333332,20.4845155,9.685396,30.676711,144,0,Valid
2025-09-09,1895,925,Buche3_P2,P2,Fagus sylvatica,Fagus sylvatica,15.752848256944445,14.105849500000001,11.558707,22.274184,144,0,Valid
2025-09-09,1896,926,Buche1_P3,P3,Fagus sylvatica,Fagus sylvatica,9.284177340277777,8.204540000000001,5.354248,17.295043,144,0,Valid
2025-09-09,1897,927,Buche2_P3,P3,Fagus sylvatica,Fagus sylvatica,6.946322034722222,3.6306655,0.751357,18.724682,144,0,Valid
2025-09-09,1898,928,Buche3_P3,P3,Fagus sylvatica,Fagus sylvatica,13.196205472222223,6.206738,1.893592,33.028513,144,0,Valid
2025-09-09,1899,929,Fichte1_P3,P3,Fagus sylvatica,Abies alba,2.981732770833333,0,0,13.777622,144,0,Valid
2025-09-09,1900,930,Fichte2_P3,P3,Fagus sylvatica,Abies alba,2.9466320486111113,0,0,11.161364,144,0,Valid
2025-09-09,1901,931,Fichte3_P3,P3,Fagus sylvatica,Abies alba,16.358937076388887,10.136307500000001,1.717452,46.088897,144,0,Valid
2025-09-10,1878,908,Buche1_P1,P1,Fagus sylvatica,Fagus sylvatica,10.618928881944445,8.60891,2.422975,24.109232,144,0,Valid
2025-09-10,1879,909,Buche2_P1,P1,Fagus sylvatica,Fagus sylvatica,147.2579609513889,143.410991,137.602668,162.828729,144,0,Valid
2025-09-10,1880,910,Buche3_P1,P1,Fagus sylvatica,Fagus sylvatica,145.29113701388889,142.326747,136.674913,157.228777,144,0,Valid
2025-09-10,1881,911,Fichte1_P1,P1,Abies alba,Abies alba,93.39780290277778,84.712086,32.633181,177.846031,144,0,Valid
2025-09-10,1882,912,Fichte2_P1,P1,Abies alba,Abies alba,71.11680543055556,55.652300499999996,39.940362,130.40247,144,0,Valid
2025-09-10,1883,913,Fichte3_P1,P1,Abies alba,Abies alba,48.161743375,44.358312999999995,13.294017,95.461805,144,0,Valid
2025-09-10,1884,914,Fichte1_G1,G1,Abies alba,Abies alba,52.388870618055556,45.676100500000004,15.306992,103.744307,144,0,Valid
2025-09-10,1885,915,Fichte2_G1,G1,Abies alba,Abies alba,81.1157830486111,53.896644,14.331594,199.269476,144,0,Valid
2025-09-10,1886,916,Fichte3_G1,G1,Abies alba,Abies alba,20.150048958333333,16.1718135,5.983105,41.757451,144,0,Valid
2025-09-10,1887,917,Buche1_G1,G1,Fagus sylvatica,Fagus sylvatica,25.869316284722224,23.4720405,17.434533,40.281621,144,0,Valid
2025-09-10,1888,918,Buche2_G1,G1,Fagus sylvatica,Fagus sylvatica,9.141773965277778,3.7224705,0.843185,26.447904,144,0,Valid
2025-09-10,1889,919,Buche3_G1,G1,Fagus sylvatica,Fagus sylvatica,2.779931472222222,0.4018365,0,9.47618,144,0,Valid
2025-09-10,1890,920,Fichte1_P2,P2,Abies alba,Abies alba,25.40241526388889,20.754882000000002,6.279151,55.360252,144,0,Valid
2025-09-10,1891,921,Fichte2_P2,P2,Abies alba,Abies alba,0.046429291666666664,0,0,1.010815,144,0,Valid
2025-09-10,1892,922,Fichte3_P2,P2,Abies alba,Abies alba,48.490483069444444,40.182219,25.315077,85.424188,144,0,Valid
2025-09-10,1893,923,Buche1_P2,P2,Fagus sylvatica,Fagus sylvatica,15.329357861111111,14.6658805,6.357684,24.48193,144,0,Valid
2025-09-10,1894,924,Buche2_P2,P2,Fagus sylvatica,Fagus sylvatica,42.492454708333334,41.806076000000004,20.956902,66.381009,144,0,Valid
2025-09-10,1895,925,Buche3_P2,P2,Fagus sylvatica,Fagus sylvatica,24.24230986111111,22.006209,18.673237,34.548128,144,0,Valid
2025-09-10,1896,926,Buche1_P3,P3,Fagus sylvatica,Fagus sylvatica,18.432158680555556,10.893479500000002,2.833974,43.315208,144,0,Valid
2025-09-10,1897,927,Buche2_P3,P3,Fagus sylvatica,Fagus sylvatica,9.204012527777778,5.940084000000001,2.863259,23.180096,144,0,Valid
2025-09-10,1898,928,Buche3_P3,P3,Fagus sylvatica,Fagus sylvatica,21.50465061111111,16.527372999999997,9.663697,43.477465,144,0,Valid
2025-09-10,1899,929,Fichte1_P3,P3,Fagus sylvatica,Abies alba,2.201448888888889,0,0,13.914172,144,0,Valid
2025-09-10,1900,930,Fichte2_P3,P3,Fagus sylvatica,Abies alba,16.369750034722223,11.061824999999999,0,41.364569,144,0,Valid
2025-09-10,1901,931,Fichte3_P3,P3,Fagus sylvatica,Abies alba,20.427971590277778,9.696053,0,54.599581,144,0,Valid
2025-09-11,1878,908,Buche1_P1,P1,Fagus sylvatica,Fagus sylvatica,10.368999097222222,9.021289,1.957034,24.449602,144,0,Valid
2025-09-11,1879,909,Buche2_P1,P1,Fagus sylvatica,Fagus sylvatica,148.65250575,142.0306345,139.334352,166.292561,144,0,Valid
2025-09-11,1880,910,Buche3_P1,P1,Fagus sylvatica,Fagus sylvatica,145.6674700902778,142.000532,137.468244,156.874713,144,0,Valid
2025-09-11,1881,911,Fichte1_P1,P1,Abies alba,Abies alba,73.5063494861111,67.02643599999999,9.176476,157.678627,144,0,Valid
2025-09-11,1882,912,Fichte2_P1,P1,Abies alba,Abies alba,76.52767848611111,65.3674225,39.176224,130.489123,144,0,Valid
2025-09-11,1883,913,Fichte3_P1,P1,Abies alba,Abies alba,33.30440657638889,25.482765999999998,0,82.522259,144,0,Valid
2025-09-11,1884,914,Fichte1_G1,G1,Abies alba,Abies alba,43.31308141666667,39.3466745,5.587382,92.808791,144,0,Valid
2025-09-11,1885,915,Fichte2_G1,G1,Abies alba,Abies alba,96.11934877083333,61.944121,18.741863,213.374517,144,0,Valid
2025-09-11,1886,916,Fichte3_G1,G1,Abies alba,Abies alba,24.911072444444443,19.2201605,8.781602,46.71249,144,0,Valid
2025-09-11,1887,917,Buche1_G1,G1,Fagus sylvatica,Fagus sylvatica,27.469165958333335,26.875496499999997,15.006667,46.098445,144,0,Valid
2025-09-11,1888,918,Buche2_G1,G1,Fagus sylvatica,Fagus sylvatica,5.5040562430555555,6.175009,0,14.281951,144,0,Valid
2025-09-11,1889,919,Buche3_G1,G1,Fagus sylvatica,Fagus sylvatica,7.7263786111111115,2.282881,0,25.522916,144,0,Valid
2025-09-11,1890,920,Fichte1_P2,P2,Abies alba,Abies alba,40.814685902777775,33.8301165,16.509364,75.951557,144,0,Valid
2025-09-11,1891,921,Fichte2_P2,P2,Abies alba,Abies alba,0.24779878472222222,0,0,3.520056,144,0,Valid
2025-09-11,1892,922,Fichte3_P2,P2,Abies alba,Abies alba,54.202572430555556,43.4688055,24.023282,97.723181,144,0,Valid
2025-09-11,1893,923,Buche1_P2,P2,Fagus sylvatica,Fagus sylvatica,17.93659584027778,15.751706500000001,9.529794,28.85039,144,0,Valid
2025-09-11,1894,924,Buche2_P2,P2,Fagus sylvatica,Fagus sylvatica,49.772197416666664,46.560912,30.614978,76.983602,144,0,Valid
2025-09-11,1895,925,Buche3_P2,P2,Fagus sylvatica,Fagus sylvatica,24.400066902777777,19.9916225,15.305115,39.233176,144,0,Valid
2025-09-11,1896,926,Buche1_P3,P3,Fagus sylvatica,Fagus sylvatica,35.4364821875,32.008767,21.506828,53.086022,144,0,Valid
2025-09-11,1897,927,Buche2_P3,P3,Fagus sylvatica,Fagus sylvatica,8.081599159722222,7.3844285,2.423118,19.784892,144,0,Valid
2025-09-11,1898,928,Buche3_P3,P3,Fagus sylvatica,Fagus sylvatica,21.490737444444445,21.815175,7.3028,46.568001,144,0,Valid
2025-09-11,1899,929,Fichte1_P3,P3,Fagus sylvatica,Abies alba,4.205445534722222,0,0,22.491327,144,0,Valid
2025-09-11,1900,930,Fichte2_P3,P3,Fagus sylvatica,Abies alba,20.903840388888888,15.5069295,0,46.204723,144,0,Valid
2025-09-11,1901,931,Fichte3_P3,P3,Fagus sylvatica,Abies alba,59.324275354166666,41.239256499999996,27.708261,106.859263,144,0,Valid
2025-09-12,1878,908,Buche1_P1,P1,Fagus sylvatica,Fagus sylvatica,9.5118424375,7.538254,2.985948,21.780296,144,0,Valid
2025-09-12,1879,909,Buche2_P1,P1,Fagus sylvatica,Fagus sylvatica,151.61940322222222,148.5498805,143.480027,165.756001,144,0,Valid
2025-09-12,1880,910,Buche3_P1,P1,Fagus sylvatica,Fagus sylvatica,147.40918780555555,148.3532755,138.776547,155.033302,144,0,Valid
2025-09-12,1881,911,Fichte1_P1,P1,Abies alba,Abies alba,63.7697529375,63.5507855,18.534921,107.103613,144,0,Valid
2025-09-12,1882,912,Fichte2_P1,P1,Abies alba,Abies alba,83.82539295833334,83.23318549999999,60.885978,110.249061,144,0,Valid
2025-09-12,1883,913,Fichte3_P1,P1,Abies alba,Abies alba,30.985104305555556,32.1330535,1.103529,57.099179,144,0,Valid
2025-09-12,1884,914,Fichte1_G1,G1,Abies alba,Abies alba,37.07995470833333,36.4651095,10.380643,67.306834,144,0,Valid
2025-09-12,1885,915,Fichte2_G1,G1,Abies alba,Abies alba,121.36209786805556,139.3754925,28.815482,188.195312,144,0,Valid
2025-09-12,1886,916,Fichte3_G1,G1,Abies alba,Abies alba,31.84357945138889,30.226694000000002,18.96158,46.543747,144,0,Valid
2025-09-12,1887,917,Buche1_G1,G1,Fagus sylvatica,Fagus sylvatica,31.162241909722223,32.775645999999995,21.058207,37.386853,144,0,Valid
2025-09-12,1888,918,Buche2_G1,G1,Fagus sylvatica,Fagus sylvatica,7.407014805555556,7.217373500000001,0.977966,12.957883,144,0,Valid
2025-09-12,1889,919,Buche3_G1,G1,Fagus sylvatica,Fagus sylvatica,9.01014167361111,9.745892,3.55794,14.329278,144,0,Valid
2025-09-12,1890,920,Fichte1_P2,P2,Abies alba,Abies alba,47.46912360416667,46.0389695,32.776809,64.137821,144,0,Valid
2025-09-12,1891,921,Fichte2_P2,P2,Abies alba,Abies alba,0.0781229375,0,0,1.913905,144,0,Valid
2025-09-12,1892,922,Fichte3_P2,P2,Abies alba,Abies alba,55.88167584722222,58.3152025,27.301736,78.054466,144,0,Valid
2025-09-12,1893,923,Buche1_P2,P2,Fagus sylvatica,Fagus sylvatica,20.103048395833333,21.4198265,13.09681,24.517327,144,0,Valid
2025-09-12,1894,924,Buche2_P2,P2,Fagus sylvatica,Fagus sylvatica,52.63537047222222,52.7714685,37.963936,64.346846,144,0,Valid
2025-09-12,1895,925,Buche3_P2,P2,Fagus sylvatica,Fagus sylvatica,25.03401813888889,25.148254,18.489072,32.062193,144,0,Valid
2025-09-12,1896,926,Buche1_P3,P3,Fagus sylvatica,Fagus sylvatica,38.73489320833333,40.094207499999996,23.070279,51.548656,144,0,Valid
2025-09-12,1897,927,Buche2_P3,P3,Fagus sylvatica,Fagus sylvatica,8.426208756944444,6.4518975,2.872273,20.843468,144,0,Valid
2025-09-12,1898,928,Buche3_P3,P3,Fagus sylvatica,Fagus sylvatica,21.71702,19.2397335,9.373325,42.033215,144,0,Valid
2025-09-12,1899,929,Fichte1_P3,P3,Fagus sylvatica,Abies alba,5.229948833333333,0,0,26.429252,144,0,Valid
2025-09-12,1900,930,Fichte2_P3,P3,Fagus sylvatica,Abies alba,27.09136217361111,33.1192655,7.205634,41.922118,144,0,Valid
2025-09-12,1901,931,Fichte3_P3,P3,Fagus sylvatica,Abies alba,87.64419425,90.62310500000001,63.391314,105.543036,144,0,Valid
2025-09-13,1878,908,Buche1_P1,P1,Fagus sylvatica,Fagus sylvatica,8.239801645833333,5.031140000000001,1.562983,19.031604,144,0,Valid
2025-09-13,1879,909,Buche2_P1,P1,Fagus sylvatica,Fagus sylvatica,161.30502802777778,162.19843150000003,149.796794,170.034677,144,0,Valid
2025-09-13,1880,910,Buche3_P1,P1,Fagus sylvatica,Fagus sylvatica,150.79385938888888,147.84245249999998,144.088721,161.919203,144,0,Valid
2025-09-13,1881,911,Fichte1_P1,P1,Abies alba,Abies alba,44.9230681875,36.9893305,7.314885,92.703002,144,0,Valid
2025-09-13,1882,912,Fichte2_P1,P1,Abies alba,Abies alba,86.49603797222223,78.31877399999999,67.64821,115.919344,144,0,Valid
2025-09-13,1883,913,Fichte3_P1,P1,Abies alba,Abies alba,22.22643392361111,18.1104195,1.591508,53.193539,144,0,Valid
2025-09-13,1884,914,Fichte1_G1,G1,Abies alba,Abies alba,34.63774263194445,28.093880499999997,0,77.947419,144,0,Valid
2025-09-13,1885,915,Fichte2_G1,G1,Abies alba,Abies alba,141.66738110416668,132.117455,98.835065,197.734578,144,0,Valid
2025-09-13,1886,916,Fichte3_G1,G1,Abies alba,Abies alba,30.254736909722222,26.5394485,17.987103,45.423121,144,0,Valid
2025-09-13,1887,917,Buche1_G1,G1,Fagus sylvatica,Fagus sylvatica,30.083468694444445,28.294179,21.709941,39.686779,144,0,Valid
2025-09-13,1888,918,Buche2_G1,G1,Fagus sylvatica,Fagus sylvatica,11.268843826388888,9.910083,3.951053,20.904493,144,0,Valid
2025-09-13,1889,919,Buche3_G1,G1,Fagus sylvatica,Fagus sylvatica,4.874032708333333,4.178651,0.296323,10.258664,144,0,Valid
2025-09-13,1890,920,Fichte1_P2,P2,Abies alba,Abies alba,44.800144402777775,40.6267275,34.788977,61.191899,144,0,Valid
2025-09-13,1891,921,Fichte2_P2,P2,Abies alba,Abies alba,3.8422916666666667e-4,0,0,0.013102,144,0,Valid
2025-09-13,1892,922,Fichte3_P2,P2,Abies alba,Abies alba,50.00498193055556,47.998297,35.430187,70.509859,144,0,Valid
2025-09-13,1893,923,Buche1_P2,P2,Fagus sylvatica,Fagus sylvatica,20.024039895833333,20.525219999999997,12.976341,23.999565,144,0,Valid
2025-09-13,1894,924,Buche2_P2,P2,Fagus sylvatica,Fagus sylvatica,51.667432131944445,48.721895,43.53888,64.393865,144,0,Valid
2025-09-13,1895,925,Buche3_P2,P2,Fagus sylvatica,Fagus sylvatica,23.487437333333332,21.197986999999998,19.141537,31.775353,144,0,Valid
2025-09-13,1896,926,Buche1_P3,P3,Fagus sylvatica,Fagus sylvatica,41.09547265277778,38.4739485,35.804709,50.498839,144,0,Valid
2025-09-13,1897,927,Buche2_P3,P3,Fagus sylvatica,Fagus sylvatica,8.047581534722223,4.8213545,3.44977,17.748831,144,0,Valid
2025-09-13,1898,928,Buche3_P3,P3,Fagus sylvatica,Fagus sylvatica,20.792596118055556,15.935977999999999,12.100478,35.545589,144,0,Valid
2025-09-13,1899,929,Fichte1_P3,P3,Fagus sylvatica,Abies alba,3.404567111111111,0,0,15.584537,144,0,Valid
2025-09-13,1900,930,Fichte2_P3,P3,Fagus sylvatica,Abies alba,18.596746701388888,18.1132055,9.026698,30.860055,144,0,Valid
2025-09-13,1901,931,Fichte3_P3,P3,Fagus sylvatica,Abies alba,90.14665090277778,88.3770965,76.860749,101.12734,144,0,Valid
2025-09-14,1878,908,Buche1_P1,P1,Fagus sylvatica,Fagus sylvatica,9.462815902777777,10.4104245,0.641177,23.386166,144,0,Valid
2025-09-14,1879,909,Buche2_P1,P1,Fagus sylvatica,Fagus sylvatica,150.62628113194444,147.88374299999998,144.765259,163.950354,144,0,Valid
2025-09-14,1880,910,Buche3_P1,P1,Fagus sylvatica,Fagus sylvatica,145.55507486805556,143.36319300000002,137.763584,155.191619,144,0,Valid
2025-09-14,1881,911,Fichte1_P1,P1,Abies alba,Abies alba,52.14336222916667,24.052854,0,131.751448,144,0,Valid
2025-09-14,1882,912,Fichte2_P1,P1,Abies alba,Abies alba,77.68603432638889,71.670401,48.297427,109.740379,144,0,Valid
2025-09-14,1883,913,Fichte3_P1,P1,Abies alba,Abies alba,26.316882652777778,8.744079,0,71.763832,144,0,Valid
2025-09-14,1884,914,Fichte1_G1,G1,Abies alba,Abies alba,41.72789446527778,27.780969499999998,1.166025,93.112851,144,0,Valid
2025-09-14,1885,915,Fichte2_G1,G1,Abies alba,Abies alba,113.84396840972222,106.48863700000001,38.129899,195.579231,144,0,Valid
2025-09-14,1886,916,Fichte3_G1,G1,Abies alba,Abies alba,17.020494729166668,17.77678,1.70774,31.216216,144,0,Valid
2025-09-14,1887,917,Buche1_G1,G1,Fagus sylvatica,Fagus sylvatica,21.764614756944443,21.4621505,12.415507,31.29464,144,0,Valid
2025-09-14,1888,918,Buche2_G1,G1,Fagus sylvatica,Fagus sylvatica,5.0136278125,3.6870975,0.121736,12.404871,144,0,Valid
2025-09-14,1889,919,Buche3_G1,G1,Fagus sylvatica,Fagus sylvatica,2.510064736111111,0.21548899999999999,0,8.793651,144,0,Valid
2025-09-14,1890,920,Fichte1_P2,P2,Abies alba,Abies alba,18.330315312499998,21.045629499999997,0,34.49762,144,0,Valid
2025-09-14,1891,921,Fichte2_P2,P2,Abies alba,Abies alba,0.019185305555555556,0,0,0.262697,144,0,Valid
2025-09-14,1892,922,Fichte3_P2,P2,Abies alba,Abies alba,26.674875611111112,28.5667415,0,58.626167,144,0,Valid
2025-09-14,1893,923,Buche1_P2,P2,Fagus sylvatica,Fagus sylvatica,16.015862833333333,16.292233500000002,9.780766,22.21756,144,0,Valid
2025-09-14,1894,924,Buche2_P2,P2,Fagus sylvatica,Fagus sylvatica,29.811777868055554,30.8143525,14.42481,43.286529,144,0,Valid
2025-09-14,1895,925,Buche3_P2,P2,Fagus sylvatica,Fagus sylvatica,20.406125208333332,18.5011035,13.527711,29.035065,144,0,Valid
2025-09-14,1896,926,Buche1_P3,P3,Fagus sylvatica,Fagus sylvatica,19.380223680555556,19.2405265,7.295927,35.699682,144,0,Valid
2025-09-14,1897,927,Buche2_P3,P3,Fagus sylvatica,Fagus sylvatica,8.5953751875,7.792033,2.118747,21.102689,144,0,Valid
2025-09-14,1898,928,Buche3_P3,P3,Fagus sylvatica,Fagus sylvatica,19.732900444444443,20.2844515,4.893549,44.563441,144,0,Valid
2025-09-14,1899,929,Fichte1_P3,P3,Fagus sylvatica,Abies alba,7.632263708333333,0,0,34.081474,144,0,Valid
2025-09-14,1900,930,Fichte2_P3,P3,Fagus sylvatica,Abies alba,9.657802222222223,3.840071,0,26.238388,144,0,Valid
2025-09-14,1901,931,Fichte3_P3,P3,Fagus sylvatica,Abies alba,32.431250694444444,26.800595,11.923497,75.87326,144,0,Valid
2025-09-15,1878,908,Buche1_P1,P1,Fagus sylvatica,Fagus sylvatica,17.15791875,11.6945005,3.498343,41.167529,144,0,Valid
2025-09-15,1879,909,Buche2_P1,P1,Fagus sylvatica,Fagus sylvatica,171.20240094444443,166.345171,163.692596,186.590685,144,0,Valid
2025-09-15,1880,910,Buche3_P1,P1,Fagus sylvatica,Fagus sylvatica,150.64431174999999,147.50104299999998,138.454357,173.617878,144,0,Valid
2025-09-15,1881,911,Fichte1_P1,P1,Abies alba,Abies alba,110.63673849999999,88.633387,27.562558,212.897127,144,0,Valid
2025-09-15,1882,912,Fichte2_P1,P1,Abies alba,Abies alba,108.17821523611111,90.4421915,62.063313,178.74738,144,0,Valid
2025-09-15,1883,913,Fichte3_P1,P1,Abies alba,Abies alba,59.36164893055555,46.149925499999995,12.463992,126.603248,144,0,Valid
2025-09-15,1884,914,Fichte1_G1,G1,Abies alba,Abies alba,77.89486465972222,67.644874,15.440243,162.905266,144,0,Valid
2025-09-15,1885,915,Fichte2_G1,G1,Abies alba,Abies alba,184.5783928125,171.44232549999998,102.53082,299.594098,144,0,Valid
2025-09-15,1886,916,Fichte3_G1,G1,Abies alba,Abies alba,27.532304069444443,22.9705715,5.295118,55.34472,144,0,Valid
2025-09-15,1887,917,Buche1_G1,G1,Fagus sylvatica,Fagus sylvatica,33.92708375694444,33.942066499999996,17.66181,62.007311,144,0,Valid
2025-09-15,1888,918,Buche2_G1,G1,Fagus sylvatica,Fagus sylvatica,14.5929650625,14.218278,1.165843,37.915659,144,0,Valid
2025-09-15,1889,919,Buche3_G1,G1,Fagus sylvatica,Fagus sylvatica,10.79943701388889,9.805538,0,29.49718,144,0,Valid
2025-09-15,1890,920,Fichte1_P2,P2,Abies alba,Abies alba,38.951299479166664,33.513273999999996,8.438661,86.211593,144,0,Valid
2025-09-15,1891,921,Fichte2_P2,P2,Abies alba,Abies alba,0.23953800694444444,0,0,2.039593,144,0,Valid
2025-09-15,1892,922,Fichte3_P2,P2,Abies alba,Abies alba,54.49721395833333,42.351193,17.095787,116.134428,144,0,Valid
2025-09-15,1893,923,Buche1_P2,P2,Fagus sylvatica,Fagus sylvatica,21.519605965277776,18.9001165,10.454368,39.712357,144,0,Valid
2025-09-15,1894,924,Buche2_P2,P2,Fagus sylvatica,Fagus sylvatica,54.62213403472222,52.612894999999995,32.257079,92.553451,144,0,Valid
2025-09-15,1895,925,Buche3_P2,P2,Fagus sylvatica,Fagus sylvatica,29.92359157638889,27.685197,17.318588,53.395286,144,0,Valid
2025-09-15,1896,926,Buche1_P3,P3,Fagus sylvatica,Fagus sylvatica,35.077823055555555,35.695352,14.312175,63.07241,144,0,Valid
2025-09-15,1897,927,Buche2_P3,P3,Fagus sylvatica,Fagus sylvatica,12.7838913125,11.277334,2.989036,28.775779,144,0,Valid
2025-09-15,1898,928,Buche3_P3,P3,Fagus sylvatica,Fagus sylvatica,32.57023377083333,24.076192,12.496494,67.942572,144,0,Valid
2025-09-15,1899,929,Fichte1_P3,P3,Fagus sylvatica,Abies alba,9.801406715277778,0,0,37.089175,144,0,Valid
2025-09-15,1900,930,Fichte2_P3,P3,Fagus sylvatica,Abies alba,26.3048606875,15.483238,0,64.254055,144,0,Valid
2025-09-15,1901,931,Fichte3_P3,P3,Fagus sylvatica,Abies alba,61.562553305555554,43.667355,20.815653,121.01388,144,0,Valid
2025-09-16,1878,908,Buche1_P1,P1,Fagus sylvatica,Fagus sylvatica,15.4828793125,12.8013365,9.162839,26.601092,144,0,Valid
2025-09-16,1879,909,Buche2_P1,P1,Fagus sylvatica,Fagus sylvatica,185.4061783402778,187.2989245,171.917318,193.468401,144,0,Valid
2025-09-16,1880,910,Buche3_P1,P1,Fagus sylvatica,Fagus sylvatica,161.76773788194444,160.5055345,147.396335,175.290971,144,0,Valid
2025-09-16,1881,911,Fichte1_P1,P1,Abies alba,Abies alba,121.07253134027778,108.874777,69.353255,195.844554,144,0,Valid
2025-09-16,1882,912,Fichte2_P1,P1,Abies alba,Abies alba,126.25716296527777,123.7551085,104.141188,159.75014,144,0,Valid
2025-09-16,1883,913,Fichte3_P1,P1,Abies alba,Abies alba,69.44842592361111,62.285980499999994,39.36082,110.442101,144,0,Valid
2025-09-16,1884,914,Fichte1_G1,G1,Abies alba,Abies alba,46.89575598611111,46.799915999999996,16.442186,78.039904,144,0,Valid
2025-09-16,1885,915,Fichte2_G1,G1,Abies alba,Abies alba,216.40357104166668,212.2253965,170.586631,288.403337,144,0,Valid
2025-09-16,1886,916,Fichte3_G1,G1,Abies alba,Abies alba,44.19402463888889,43.4671965,29.841031,61.181011,144,0,Valid
2025-09-16,1887,917,Buche1_G1,G1,Fagus sylvatica,Fagus sylvatica,49.90422381944445,51.9609475,33.370368,66.035901,144,0,Valid
2025-09-16,1888,918,Buche2_G1,G1,Fagus sylvatica,Fagus sylvatica,28.890618305555556,30.7872995,16.23677,38.007186,144,0,Valid
2025-09-16,1889,919,Buche3_G1,G1,Fagus sylvatica,Fagus sylvatica,23.841755506944445,24.585573500000002,15.598313,33.811217,144,0,Valid
2025-09-16,1890,920,Fichte1_P2,P2,Abies alba,Abies alba,68.85779745138889,69.35247799999999,45.424555,95.353125,144,0,Valid
2025-09-16,1891,921,Fichte2_P2,P2,Abies alba,Abies alba,0.0613493125,0,0,1.482866,144,0,Valid
2025-09-16,1892,922,Fichte3_P2,P2,Abies alba,Abies alba,83.67585450694445,85.7005705,53.840825,114.011002,144,0,Valid
2025-09-16,1893,923,Buche1_P2,P2,Fagus sylvatica,Fagus sylvatica,33.50618417361111,30.059767,24.259434,43.487156,144,0,Valid
2025-09-16,1894,924,Buche2_P2,P2,Fagus sylvatica,Fagus sylvatica,70.28435797222222,71.1794155,51.27192,89.588298,144,0,Valid
2025-09-16,1895,925,Buche3_P2,P2,Fagus sylvatica,Fagus sylvatica,33.68143370833333,32.627827499999995,25.277642,47.508975,144,0,Valid
2025-09-16,1896,926,Buche1_P3,P3,Fagus sylvatica,Fagus sylvatica,49.48483974305555,48.5398965,39.310328,60.974416,144,0,Valid
2025-09-16,1897,927,Buche2_P3,P3,Fagus sylvatica,Fagus sylvatica,15.885711833333334,14.678585,11.331515,23.509709,144,0,Valid
2025-09-16,1898,928,Buche3_P3,P3,Fagus sylvatica,Fagus sylvatica,33.677211666666665,30.364615,21.910354,50.954217,144,0,Valid
2025-09-16,1899,929,Fichte1_P3,P3,Fagus sylvatica,Abies alba,4.091527645833334,0,0,19.821136,144,0,Valid
2025-09-16,1900,930,Fichte2_P3,P3,Fagus sylvatica,Abies alba,47.10203817361111,38.733122,28.016435,69.734084,144,0,Valid
2025-09-16,1901,931,Fichte3_P3,P3,Fagus sylvatica,Abies alba,120.34274515972223,115.736943,94.677275,147.493956,144,0,Valid
2025-09-17,1878,908,Buche1_P1,P1,Fagus sylvatica,Fagus sylvatica,15.586558680555555,12.191613499999999,7.333193,30.881319,144,0,Valid
2025-09-17,1879,909,Buche2_P1,P1,Fagus sylvatica,Fagus sylvatica,187.0861390486111,186.668232,180.215965,195.355944,144,0,Valid
2025-09-17,1880,910,Buche3_P1,P1,Fagus sylvatica,Fagus sylvatica,161.30068629166666,157.29231950000002,152.82695,175.75046,144,0,Valid
2025-09-17,1881,911,Fichte1_P1,P1,Abies alba,Abies alba,115.47058579166666,106.254914,55.731248,192.599462,144,0,Valid
2025-09-17,1882,912,Fichte2_P1,P1,Abies alba,Abies alba,136.093409625,128.9566335,106.702361,183.206609,144,0,Valid
2025-09-17,1883,913,Fichte3_P1,P1,Abies alba,Abies alba,76.58006359722222,73.856964,36.170792,122.964191,144,0,Valid
2025-09-17,1884,914,Fichte1_G1,G1,Abies alba,Abies alba,51.41571164583333,36.0968235,7.234321,114.503577,144,0,Valid
2025-09-17,1885,915,Fichte2_G1,G1,Abies alba,Abies alba,232.75018647916667,221.8525305,167.730412,318.529332,144,0,Valid
2025-09-17,1886,916,Fichte3_G1,G1,Abies alba,Abies alba,57.58717304166667,58.115525500000004,41.196066,71.635859,144,0,Valid
2025-09-17,1887,917,Buche1_G1,G1,Fagus sylvatica,Fagus sylvatica,50.67720074305556,49.062846,39.320585,66.930551,144,0,Valid
2025-09-17,1888,918,Buche2_G1,G1,Fagus sylvatica,Fagus sylvatica,32.20911459027778,30.516371,24.840152,41.870462,144,0,Valid
2025-09-17,1889,919,Buche3_G1,G1,Fagus sylvatica,Fagus sylvatica,25.342943270833334,23.3240025,17.599393,35.159161,144,0,Valid
2025-09-17,1890,920,Fichte1_P2,P2,Abies alba,Abies alba,78.31324324305555,78.69157,55.167358,99.992229,144,0,Valid
2025-09-17,1891,921,Fichte2_P2,P2,Abies alba,Abies alba,0.2537882013888889,0,0,4.630877,144,0,Valid
2025-09-17,1892,922,Fichte3_P2,P2,Abies alba,Abies alba,87.38630500694444,84.5953205,60.273749,121.400177,144,0,Valid
2025-09-17,1893,923,Buche1_P2,P2,Fagus sylvatica,Fagus sylvatica,35.75973676388889,35.14107,25.799592,46.202506,144,0,Valid
2025-09-17,1894,924,Buche2_P2,P2,Fagus sylvatica,Fagus sylvatica,71.94148279166667,69.08664,54.586333,94.777457,144,0,Valid
2025-09-17,1895,925,Buche3_P2,P2,Fagus sylvatica,Fagus sylvatica,35.05471983333333,31.27389,24.920835,51.209081,144,0,Valid
2025-09-17,1896,926,Buche1_P3,P3,Fagus sylvatica,Fagus sylvatica,50.96545832638889,49.453929,41.049911,65.612832,144,0,Valid
2025-09-17,1897,927,Buche2_P3,P3,Fagus sylvatica,Fagus sylvatica,18.531368604166666,15.8978455,12.664271,28.127466,144,0,Valid
2025-09-17,1898,928,Buche3_P3,P3,Fagus sylvatica,Fagus sylvatica,34.80821376388889,29.477809,21.396877,57.821818,144,0,Valid
2025-09-17,1899,929,Fichte1_P3,P3,Fagus sylvatica,Abies alba,8.019694777777778,0,0,27.603626,144,0,Valid
2025-09-17,1900,930,Fichte2_P3,P3,Fagus sylvatica,Abies alba,58.33256536111111,60.1651175,38.322664,74.232951,144,0,Valid
2025-09-17,1901,931,Fichte3_P3,P3,Fagus sylvatica,Abies alba,134.0536598263889,130.8438505,113.405652,159.430363,144,0,Valid
2025-09-18,1878,908,Buche1_P1,P1,Fagus sylvatica,Fagus sylvatica,14.737632611111112,10.2839265,6.116724,29.985751,144,0,Valid
2025-09-18,1879,909,Buche2_P1,P1,Fagus sylvatica,Fagus sylvatica,185.84809901388888,183.8775685,180.73985,192.928272,144,0,Valid
2025-09-18,1880,910,Buche3_P1,P1,Fagus sylvatica,Fagus sylvatica,159.6072384861111,155.826117,151.103215,172.178963,144,0,Valid
2025-09-18,1881,911,Fichte1_P1,P1,Abies alba,Abies alba,88.44667652083334,81.9917635,30.649659,148.31382,144,0,Valid
2025-09-18,1882,912,Fichte2_P1,P1,Abies alba,Abies alba,129.78567620833334,124.7049255,100.344159,172.418208,144,0,Valid
2025-09-18,1883,913,Fichte3_P1,P1,Abies alba,Abies alba,71.44029609027778,73.096292,31.095539,113.360959,144,0,Valid
2025-09-18,1884,914,Fichte1_G1,G1,Abies alba,Abies alba,69.38694166666667,51.5396265,6.044371,160.320403,144,0,Valid
2025-09-18,1885,915,Fichte2_G1,G1,Abies alba,Abies alba,229.47562986111112,218.098444,163.038048,323.228964,144,0,Valid
2025-09-18,1886,916,Fichte3_G1,G1,Abies alba,Abies alba,56.3043533125,55.040046000000004,39.179349,70.734481,144,0,Valid
2025-09-18,1887,917,Buche1_G1,G1,Fagus sylvatica,Fagus sylvatica,45.77033378472222,42.0839325,37.16396,60.288713,144,0,Valid
2025-09-18,1888,918,Buche2_G1,G1,Fagus sylvatica,Fagus sylvatica,30.65927876388889,28.1975745,24.542979,42.115466,144,0,Valid
2025-09-18,1889,919,Buche3_G1,G1,Fagus sylvatica,Fagus sylvatica,23.272644895833334,21.279640999999998,15.811774,33.748114,144,0,Valid
2025-09-18,1890,920,Fichte1_P2,P2,Abies alba,Abies alba,74.45722835416667,71.98328000000001,54.021708,96.697364,144,0,Valid
2025-09-18,1891,921,Fichte2_P2,P2,Abies alba,Abies alba,0.18101934027777777,0,0,3.789282,144,0,Valid
2025-09-18,1892,922,Fichte3_P2,P2,Abies alba,Abies alba,76.88641181944445,73.2450365,48.463483,110.203021,144,0,Valid
2025-09-18,1893,923,Buche1_P2,P2,Fagus sylvatica,Fagus sylvatica,34.07503049305556,32.6152355,25.052856,45.25756,144,0,Valid
2025-09-18,1894,924,Buche2_P2,P2,Fagus sylvatica,Fagus sylvatica,68.06655065972222,64.25506150000001,53.568788,92.093525,144,0,Valid
2025-09-18,1895,925,Buche3_P2,P2,Fagus sylvatica,Fagus sylvatica,33.08110673611111,29.130422000000003,24.001087,50.630312000000004,144,0,Valid
2025-09-18,1896,926,Buche1_P3,P3,Fagus sylvatica,Fagus sylvatica,53.1726975,50.306627,43.257177,71.161221,144,0,Valid
2025-09-18,1897,927,Buche2_P3,P3,Fagus sylvatica,Fagus sylvatica,19.323454263888888,15.7626675,12.800429,29.834779,144,0,Valid
2025-09-18,1898,928,Buche3_P3,P3,Fagus sylvatica,Fagus sylvatica,36.16189402083333,28.833781000000002,21.819703,65.298191,144,0,Valid
2025-09-18,1899,929,Fichte1_P3,P3,Fagus sylvatica,Abies alba,6.545422597222222,0,0,24.93076,144,0,Valid
2025-09-18,1900,930,Fichte2_P3,P3,Fagus sylvatica,Abies alba,54.472258375,56.489092,34.742636,69.085728,144,0,Valid
2025-09-18,1901,931,Fichte3_P3,P3,Fagus sylvatica,Abies alba,133.48874018749999,131.2993525,116.449597,157.011654,144,0,Valid
2025-09-19,1878,908,Buche1_P1,P1,Fagus sylvatica,Fagus sylvatica,14.136141340277778,9.391607,4.736617,31.308409,144,0,Valid
2025-09-19,1879,909,Buche2_P1,P1,Fagus sylvatica,Fagus sylvatica,187.26728820138888,186.3941945,181.242142,193.410047,144,0,Valid
2025-09-19,1880,910,Buche3_P1,P1,Fagus sylvatica,Fagus sylvatica,159.85669045138889,155.764991,152.099602,172.27519,144,0,Valid
2025-09-19,1881,911,Fichte1_P1,P1,Abies alba,Abies alba,67.8887676875,65.2357935,8.376249,136.422147,144,0,Valid
2025-09-19,1882,912,Fichte2_P1,P1,Abies alba,Abies alba,122.95973472222222,116.768736,94.551668,163.398751,144,0,Valid
2025-09-19,1883,913,Fichte3_P1,P1,Abies alba,Abies alba,64.61101551388889,62.8612285,27.806776,107.301,144,0,Valid
2025-09-19,1884,914,Fichte1_G1,G1,Abies alba,Abies alba,67.28001585416666,55.863595000000004,5.432462,150.029843,144,0,Valid
2025-09-19,1885,915,Fichte2_G1,G1,Abies alba,Abies alba,229.328461,215.858058,170.792941,318.533567,144,0,Valid
2025-09-19,1886,916,Fichte3_G1,G1,Abies alba,Abies alba,50.171102805555556,48.5780235,33.699031,65.893109,144,0,Valid
2025-09-19,1887,917,Buche1_G1,G1,Fagus sylvatica,Fagus sylvatica,41.96910304861111,39.052491,33.732051,55.905617,144,0,Valid
2025-09-19,1888,918,Buche2_G1,G1,Fagus sylvatica,Fagus sylvatica,29.05453195833333,27.176044,23.446571,39.538308,144,0,Valid
2025-09-19,1889,919,Buche3_G1,G1,Fagus sylvatica,Fagus sylvatica,21.17767492361111,19.1221815,14.989599,29.958376,144,0,Valid
2025-09-19,1890,920,Fichte1_P2,P2,Abies alba,Abies alba,68.03129484027778,63.951744500000004,52.710834,89.46762,144,0,Valid
2025-09-19,1891,921,Fichte2_P2,P2,Abies alba,Abies alba,0.029765215277777778,0,0,0.773839,144,0,Valid
2025-09-19,1892,922,Fichte3_P2,P2,Abies alba,Abies alba,67.88555086805556,64.7884085,45.519203,97.374861,144,0,Valid
2025-09-19,1893,923,Buche1_P2,P2,Fagus sylvatica,Fagus sylvatica,32.21130009027778,30.473172499999997,24.155076,42.63523,144,0,Valid
2025-09-19,1894,924,Buche2_P2,P2,Fagus sylvatica,Fagus sylvatica,64.35283274305556,59.442351,53.477888,85.421008,144,0,Valid
2025-09-19,1895,925,Buche3_P2,P2,Fagus sylvatica,Fagus sylvatica,31.283598347222224,27.368776,23.847302,45.444207,144,0,Valid
2025-09-19,1896,926,Buche1_P3,P3,Fagus sylvatica,Fagus sylvatica,53.86997097222222,50.9265745,46.336021,67.071084,144,0,Valid
2025-09-19,1897,927,Buche2_P3,P3,Fagus sylvatica,Fagus sylvatica,18.91326775,15.268231,12.489708,29.863716,144,0,Valid
2025-09-19,1898,928,Buche3_P3,P3,Fagus sylvatica,Fagus sylvatica,35.69318589583333,26.667485999999997,21.815668,63.554578,144,0,Valid
2025-09-19,1899,929,Fichte1_P3,P3,Fagus sylvatica,Abies alba,4.853640590277778,0,0,19.64284,144,0,Valid
2025-09-19,1900,930,Fichte2_P3,P3,Fagus sylvatica,Abies alba,42.73307299305556,42.795102,26.942592,55.091398,144,0,Valid
2025-09-19,1901,931,Fichte3_P3,P3,Fagus sylvatica,Abies alba,126.52853486805556,123.2955645,114.455466,145.448082,144,0,Valid
2025-09-20,1878,908,Buche1_P1,P1,Fagus sylvatica,Fagus sylvatica,16.49414763888889,12.470122,4.444053,42.352298,144,0,Valid
2025-09-20,1879,909,Buche2_P1,P1,Fagus sylvatica,Fagus sylvatica,187.72678563888888,184.2586025,180.476465,199.323215,144,0,Valid
2025-09-20,1880,910,Buche3_P1,P1,Fagus sylvatica,Fagus sylvatica,162.53833888194444,155.251916,153.069099,181.904799,144,0,Valid
2025-09-20,1881,911,Fichte1_P1,P1,Abies alba,Abies alba,68.10666984722222,53.6565285,0,161.953974,144,0,Valid
2025-09-20,1882,912,Fichte2_P1,P1,Abies alba,Abies alba,125.98334429861112,112.47354849999999,87.592493,192.938042,144,0,Valid
2025-09-20,1883,913,Fichte3_P1,P1,Abies alba,Abies alba,68.99557230555556,53.916022,24.128479,134.313751,144,0,Valid
2025-09-20,1884,914,Fichte1_G1,G1,Abies alba,Abies alba,76.180884375,58.6367555,8.253927,181.13389,144,0,Valid
2025-09-20,1885,915,Fichte2_G1,G1,Abies alba,Abies alba,244.07161911111112,226.29290550000002,169.722561,345.846364,144,0,Valid
2025-09-20,1886,916,Fichte3_G1,G1,Abies alba,Abies alba,44.114982902777776,42.9834195,25.045215,63.758699,144,0,Valid
2025-09-20,1887,917,Buche1_G1,G1,Fagus sylvatica,Fagus sylvatica,42.567240965277776,39.831615,33.093913,63.542362,144,0,Valid
2025-09-20,1888,918,Buche2_G1,G1,Fagus sylvatica,Fagus sylvatica,29.77149446527778,27.468524000000002,21.925758,45.588753,144,0,Valid
2025-09-20,1889,919,Buche3_G1,G1,Fagus sylvatica,Fagus sylvatica,20.71121965972222,18.9894245,11.826304,35.691789,144,0,Valid
2025-09-20,1890,920,Fichte1_P2,P2,Abies alba,Abies alba,66.62070575694445,63.120155499999996,46.425484,95.18538,144,0,Valid
2025-09-20,1891,921,Fichte2_P2,P2,Abies alba,Abies alba,0.24242552083333332,0,0,4.325106,144,0,Valid
2025-09-20,1892,922,Fichte3_P2,P2,Abies alba,Abies alba,68.43381329166667,64.0715605,42.143778,107.107941,144,0,Valid
2025-09-20,1893,923,Buche1_P2,P2,Fagus sylvatica,Fagus sylvatica,32.65502246527778,28.0053565,22.934572,46.870023,144,0,Valid
2025-09-20,1894,924,Buche2_P2,P2,Fagus sylvatica,Fagus sylvatica,65.9098296875,64.17303849999999,50.955691,92.515645,144,0,Valid
2025-09-20,1895,925,Buche3_P2,P2,Fagus sylvatica,Fagus sylvatica,33.11331147916667,30.6762125,23.013551,52.266013,144,0,Valid
2025-09-20,1896,926,Buche1_P3,P3,Fagus sylvatica,Fagus sylvatica,56.100392756944444,51.3829355,46.663131,74.494213,144,0,Valid
2025-09-20,1897,927,Buche2_P3,P3,Fagus sylvatica,Fagus sylvatica,19.985030263888888,17.0858145,13.057117,32.576489,144,0,Valid
2025-09-20,1898,928,Buche3_P3,P3,Fagus sylvatica,Fagus sylvatica,41.146658736111114,36.718326000000005,22.493477,77.73369,144,0,Valid
2025-09-20,1899,929,Fichte1_P3,P3,Fagus sylvatica,Abies alba,5.105050729166667,0,0,19.733054,144,0,Valid
2025-09-20,1900,930,Fichte2_P3,P3,Fagus sylvatica,Abies alba,36.992916854166666,31.804974,18.185539,62.123274,144,0,Valid
2025-09-20,1901,931,Fichte3_P3,P3,Fagus sylvatica,Abies alba,127.03271925694445,117.491719,109.094001,158.797644,144,0,Valid
2025-09-21,1878,908,Buche1_P1,P1,Fagus sylvatica,Fagus sylvatica,11.27287270138889,9.407637000000001,6.917896,21.53018,144,0,Valid
2025-09-21,1879,909,Buche2_P1,P1,Fagus sylvatica,Fagus sylvatica,182.76485715277778,186.3518355,168.569057,188.261424,144,0,Valid
2025-09-21,1880,910,Buche3_P1,P1,Fagus sylvatica,Fagus sylvatica,158.21936113194445,157.755046,148.181872,167.912144,144,0,Valid
2025-09-21,1881,911,Fichte1_P1,P1,Abies alba,Abies alba,33.59293585416667,31.866253999999998,0,76.358484,144,0,Valid
2025-09-21,1882,912,Fichte2_P1,P1,Abies alba,Abies alba,105.21500318055556,106.37982,74.713147,126.2407,144,0,Valid
2025-09-21,1883,913,Fichte3_P1,P1,Abies alba,Abies alba,50.383769972222225,48.73722,18.598023,81.448929,144,0,Valid
2025-09-21,1884,914,Fichte1_G1,G1,Abies alba,Abies alba,39.01758352777778,37.281307999999996,7.749011,75.896368,144,0,Valid
2025-09-21,1885,915,Fichte2_G1,G1,Abies alba,Abies alba,198.05441765972222,206.80697750000002,94.865238,260.549185,144,0,Valid
2025-09-21,1886,916,Fichte3_G1,G1,Abies alba,Abies alba,35.2744348125,35.643745,12.936885,47.783758,144,0,Valid
2025-09-21,1887,917,Buche1_G1,G1,Fagus sylvatica,Fagus sylvatica,34.2800708125,35.2632325,15.937809,46.09399,144,0,Valid
2025-09-21,1888,918,Buche2_G1,G1,Fagus sylvatica,Fagus sylvatica,23.213600944444444,25.651069,8.93434,31.971563,144,0,Valid
2025-09-21,1889,919,Buche3_G1,G1,Fagus sylvatica,Fagus sylvatica,14.088888868055555,14.5774525,0.234502,21.773326,144,0,Valid
2025-09-21,1890,920,Fichte1_P2,P2,Abies alba,Abies alba,52.10652215277778,54.9318435,9.704485,77.504095,144,0,Valid
2025-09-21,1891,921,Fichte2_P2,P2,Abies alba,Abies alba,0.005904791666666667,0,0,0.105586,144,0,Valid
2025-09-21,1892,922,Fichte3_P2,P2,Abies alba,Abies alba,56.19744034027778,55.547176,27.398605,82.289986,144,0,Valid
2025-09-21,1893,923,Buche1_P2,P2,Fagus sylvatica,Fagus sylvatica,28.777211340277777,28.758194500000002,19.563932,35.845333,144,0,Valid
2025-09-21,1894,924,Buche2_P2,P2,Fagus sylvatica,Fagus sylvatica,53.30723638888889,55.4507775,22.844838,70.207077,144,0,Valid
2025-09-21,1895,925,Buche3_P2,P2,Fagus sylvatica,Fagus sylvatica,27.216590659722222,26.0004,18.946343,35.424869,144,0,Valid
2025-09-21,1896,926,Buche1_P3,P3,Fagus sylvatica,Fagus sylvatica,48.362548652777775,51.3906955,22.414958,60.582511,144,0,Valid
2025-09-21,1897,927,Buche2_P3,P3,Fagus sylvatica,Fagus sylvatica,15.53656363888889,15.0282575,7.575553,27.160351,144,0,Valid
2025-09-21,1898,928,Buche3_P3,P3,Fagus sylvatica,Fagus sylvatica,29.428842368055555,28.306912,10.694706,51.091195,144,0,Valid
2025-09-21,1899,929,Fichte1_P3,P3,Fagus sylvatica,Abies alba,1.2273600625,0,0,8.985886,144,0,Valid
2025-09-21,1900,930,Fichte2_P3,P3,Fagus sylvatica,Abies alba,24.74280459722222,25.8952485,2.874772,42.408906,144,0,Valid
2025-09-21,1901,931,Fichte3_P3,P3,Fagus sylvatica,Abies alba,110.6881371875,117.1058815,45.406497,134.237551,144,0,Valid
2025-09-22,1878,908,Buche1_P1,P1,Fagus sylvatica,Fagus sylvatica,5.676199847222223,3.946136,2.080437,16.27173,144,0,Valid
2025-09-22,1879,909,Buche2_P1,P1,Fagus sylvatica,Fagus sylvatica,166.20544928472222,165.9111395,164.369758,168.920432,144,0,Valid
2025-09-22,1880,910,Buche3_P1,P1,Fagus sylvatica,Fagus sylvatica,147.68520172222222,147.761125,145.583206,150.529715,144,0,Valid
2025-09-22,1881,911,Fichte1_P1,P1,Abies alba,Abies alba,18.690744451388888,2.606584,0,59.675926,144,0,Valid
2025-09-22,1882,912,Fichte2_P1,P1,Abies alba,Abies alba,52.158762430555555,50.6667785,36.851016,74.276113,144,0,Valid
2025-09-22,1883,913,Fichte3_P1,P1,Abies alba,Abies alba,9.0428500625,8.675725,0,22.101729,144,0,Valid
2025-09-22,1884,914,Fichte1_G1,G1,Abies alba,Abies alba,5.119222583333333,1.8341675,0,13.272918,144,0,Valid
2025-09-22,1885,915,Fichte2_G1,G1,Abies alba,Abies alba,58.569947416666665,58.891718,37.384201,93.992968,144,0,Valid
2025-09-22,1886,916,Fichte3_G1,G1,Abies alba,Abies alba,1.9146581805555556,0.0634005,0,12.500777,144,0,Valid
2025-09-22,1887,917,Buche1_G1,G1,Fagus sylvatica,Fagus sylvatica,12.783056833333333,12.223185,10.444338,16.899218,144,0,Valid
2025-09-22,1888,918,Buche2_G1,G1,Fagus sylvatica,Fagus sylvatica,6.165261458333333,6.3614915,3.50626,9.247855,144,0,Valid
2025-09-22,1889,919,Buche3_G1,G1,Fagus sylvatica,Fagus sylvatica,0.43363073611111114,0,0,2.774608,144,0,Valid
2025-09-22,1890,920,Fichte1_P2,P2,Abies alba,Abies alba,2.2610798888888888,0.25488,0,9.436783,144,0,Valid
2025-09-22,1891,921,Fichte2_P2,P2,Abies alba,Abies alba,3.069513888888889e-4,0,0,0.022224,144,0,Valid
2025-09-22,1892,922,Fichte3_P2,P2,Abies alba,Abies alba,10.298108604166666,8.6675505,0,27.045716,144,0,Valid
2025-09-22,1893,923,Buche1_P2,P2,Fagus sylvatica,Fagus sylvatica,13.480909604166667,12.137578999999999,8.790015,19.481219,144,0,Valid
2025-09-22,1894,924,Buche2_P2,P2,Fagus sylvatica,Fagus sylvatica,14.689195111111111,14.2912075,7.390148,22.631091,144,0,Valid
2025-09-22,1895,925,Buche3_P2,P2,Fagus sylvatica,Fagus sylvatica,14.185940291666666,12.8949885,12.124478,18.900611,144,0,Valid
2025-09-22,1896,926,Buche1_P3,P3,Fagus sylvatica,Fagus sylvatica,15.9952230625,15.3742485,13.631428,22.17021,144,0,Valid
2025-09-22,1897,927,Buche2_P3,P3,Fagus sylvatica,Fagus sylvatica,4.159056722222222,4.070425,0.875009,7.46165,144,0,Valid
2025-09-22,1898,928,Buche3_P3,P3,Fagus sylvatica,Fagus sylvatica,7.653694548611111,6.422969,3.65879,16.306447,144,0,Valid
2025-09-22,1899,929,Fichte1_P3,P3,Fagus sylvatica,Abies alba,0.002798875,0,0,0.04253,144,0,Valid
2025-09-22,1900,930,Fichte2_P3,P3,Fagus sylvatica,Abies alba,0.06619963888888888,0,0,2.358655,144,0,Valid
2025-09-22,1901,931,Fichte3_P3,P3,Fagus sylvatica,Abies alba,18.323182229166665,13.875263499999999,2.167226,44.474286,144,0,Valid
2025-09-23,1878,908,Buche1_P1,P1,Fagus sylvatica,Fagus sylvatica,3.403314715277778,1.4745469999999998,0.025295,12.723996,144,0,Valid
2025-09-23,1879,909,Buche2_P1,P1,Fagus sylvatica,Fagus sylvatica,164.48381290277777,164.1794615,163.666482,167.672795,144,0,Valid
2025-09-23,1880,910,Buche3_P1,P1,Fagus sylvatica,Fagus sylvatica,147.03365565972223,146.087443,145.036033,151.724667,144,0,Valid
2025-09-23,1881,911,Fichte1_P1,P1,Abies alba,Abies alba,16.35036121527778,11.9631285,0,45.484382,144,0,Valid
2025-09-23,1882,912,Fichte2_P1,P1,Abies alba,Abies alba,30.61373942361111,30.761483,21.506927,36.866416,144,0,Valid
2025-09-23,1883,913,Fichte3_P1,P1,Abies alba,Abies alba,6.883654388888889,4.321193,0,18.816185,144,0,Valid
2025-09-23,1884,914,Fichte1_G1,G1,Abies alba,Abies alba,5.613183486111111,4.732129499999999,0,12.551906,144,0,Valid
2025-09-23,1885,915,Fichte2_G1,G1,Abies alba,Abies alba,26.8766709375,26.691617,13.76785,38.211394,144,0,Valid
2025-09-23,1886,916,Fichte3_G1,G1,Abies alba,Abies alba,3.9834736041666665,0.11218249999999999,0,13.048131,144,0,Valid
2025-09-23,1887,917,Buche1_G1,G1,Fagus sylvatica,Fagus sylvatica,16.541074902777776,13.725824,10.746596,31.591433,144,0,Valid
2025-09-23,1888,918,Buche2_G1,G1,Fagus sylvatica,Fagus sylvatica,2.9364173333333334,2.4750105,1.433884,6.817274,144,0,Valid
2025-09-23,1889,919,Buche3_G1,G1,Fagus sylvatica,Fagus sylvatica,1.0368497847222222,0.047773499999999997,0,4.221375,144,0,Valid
2025-09-23,1890,920,Fichte1_P2,P2,Abies alba,Abies alba,6.242159215277778,4.028987,0,16.867646,144,0,Valid
2025-09-23,1891,921,Fichte2_P2,P2,Abies alba,Abies alba,0.001722763888888889,0,0,0.078174,144,0,Valid
2025-09-23,1892,922,Fichte3_P2,P2,Abies alba,Abies alba,10.42854811111111,3.3622864999999997,0,28.536332,144,0,Valid
2025-09-23,1893,923,Buche1_P2,P2,Fagus sylvatica,Fagus sylvatica,7.4473268125,7.6422645,5.85013,8.777527,144,0,Valid
2025-09-23,1894,924,Buche2_P2,P2,Fagus sylvatica,Fagus sylvatica,7.006319034722222,5.704177,3.399953,16.878054,144,0,Valid
2025-09-23,1895,925,Buche3_P2,P2,Fagus sylvatica,Fagus sylvatica,9.273165604166667,8.494391,7.532387,12.080812,144,0,Valid
2025-09-23,1896,926,Buche1_P3,P3,Fagus sylvatica,Fagus sylvatica,12.20887475,11.860269500000001,11.230535,13.619599,144,0,Valid
2025-09-23,1897,927,Buche2_P3,P3,Fagus sylvatica,Fagus sylvatica,1.7206695625,0.577398,0,5.77064,144,0,Valid
2025-09-23,1898,928,Buche3_P3,P3,Fagus sylvatica,Fagus sylvatica,5.598473444444444,3.3075265,2.187502,18.962041,144,0,Valid
2025-09-23,1899,929,Fichte1_P3,P3,Fagus sylvatica,Abies alba,0.03273355555555556,0,0,0.323776,144,0,Valid
2025-09-23,1900,930,Fichte2_P3,P3,Fagus sylvatica,Abies alba,0.07752521527777778,0,0,0.624913,144,0,Valid
2025-09-23,1901,931,Fichte3_P3,P3,Fagus sylvatica,Abies alba,0.5925772569444444,0,0,2.949365,144,0,Valid
2025-09-24,1878,908,Buche1_P1,P1,Fagus sylvatica,Fagus sylvatica,3.9053785277777777,1.1593925,0,14.974956,144,0,Valid
2025-09-24,1879,909,Buche2_P1,P1,Fagus sylvatica,Fagus sylvatica,162.9269199861111,163.0927395,161.585279,163.770567,144,0,Valid
2025-09-24,1880,910,Buche3_P1,P1,Fagus sylvatica,Fagus sylvatica,147.58886156944445,146.91616249999998,143.287718,152.605169,144,0,Valid
2025-09-24,1881,911,Fichte1_P1,P1,Abies alba,Abies alba,23.618073131944445,0.468132,0,71.514335,144,0,Valid
2025-09-24,1882,912,Fichte2_P1,P1,Abies alba,Abies alba,20.072044458333334,16.450618499999997,9.43486,35.648993,144,0,Valid
2025-09-24,1883,913,Fichte3_P1,P1,Abies alba,Abies alba,9.413354409722222,0.2505795,0,29.484304,144,0,Valid
2025-09-24,1884,914,Fichte1_G1,G1,Abies alba,Abies alba,9.675356125,2.2172454999999998,0,28.459078,144,0,Valid
2025-09-24,1885,915,Fichte2_G1,G1,Abies alba,Abies alba,31.520149763888888,17.0979375,6.663497,76.605747,144,0,Valid
2025-09-24,1886,916,Fichte3_G1,G1,Abies alba,Abies alba,5.137770236111111,0.9748764999999999,0,16.97656,144,0,Valid
2025-09-24,1887,917,Buche1_G1,G1,Fagus sylvatica,Fagus sylvatica,13.359512298611111,11.256559,9.584191,20.564167,144,0,Valid
2025-09-24,1888,918,Buche2_G1,G1,Fagus sylvatica,Fagus sylvatica,2.0963090277777776,1.215892,0.002648,7.677567,144,0,Valid
2025-09-24,1889,919,Buche3_G1,G1,Fagus sylvatica,Fagus sylvatica,1.8098450416666667,0.0618825,0,6.093275,144,0,Valid
2025-09-24,1890,920,Fichte1_P2,P2,Abies alba,Abies alba,13.291642208333334,9.010486,7.313046,25.459908,144,0,Valid
2025-09-24,1891,921,Fichte2_P2,P2,Abies alba,Abies alba,0.02833197222222222,0,0,0.340734,144,0,Valid
2025-09-24,1892,922,Fichte3_P2,P2,Abies alba,Abies alba,15.945309847222223,13.9560985,7.071008,28.956371,144,0,Valid
2025-09-24,1893,923,Buche1_P2,P2,Fagus sylvatica,Fagus sylvatica,5.583739048611111,5.510680499999999,2.641868,8.707233,144,0,Valid
2025-09-24,1894,924,Buche2_P2,P2,Fagus sylvatica,Fagus sylvatica,5.7570308402777775,3.3173915000000003,1.967892,17.470204,144,0,Valid
2025-09-24,1895,925,Buche3_P2,P2,Fagus sylvatica,Fagus sylvatica,6.459492618055555,6.340429,5.671251,7.528264,144,0,Valid
2025-09-24,1896,926,Buche1_P3,P3,Fagus sylvatica,Fagus sylvatica,12.16483748611111,10.9888935,9.659558,16.64718,144,0,Valid
2025-09-24,1897,927,Buche2_P3,P3,Fagus sylvatica,Fagus sylvatica,2.4229149930555556,0.5115295,0,11.812521,144,0,Valid
2025-09-24,1898,928,Buche3_P3,P3,Fagus sylvatica,Fagus sylvatica,5.191897576388889,2.518985,1.102113,19.265881,144,0,Valid
2025-09-24,1899,929,Fichte1_P3,P3,Fagus sylvatica,Abies alba,0.03571423611111111,0,0,0.283567,144,0,Valid
2025-09-24,1900,930,Fichte2_P3,P3,Fagus sylvatica,Abies alba,0.18669020833333333,0,0,1.3899030000000001,144,0,Valid
2025-09-24,1901,931,Fichte3_P3,P3,Fagus sylvatica,Abies alba,6.088850701388889,0.1364985,0,18.474348,144,0,Valid
2025-09-25,1878,908,Buche1_P1,P1,Fagus sylvatica,Fagus sylvatica,6.859090395833333,6.4262005,0,18.534229,144,0,Valid
2025-09-25,1879,909,Buche2_P1,P1,Fagus sylvatica,Fagus sylvatica,167.56867160416667,162.430026,161.191394,178.802457,144,0,Valid
2025-09-25,1880,910,Buche3_P1,P1,Fagus sylvatica,Fagus sylvatica,150.61401577083333,148.470705,144.319079,156.580269,144,0,Valid
2025-09-25,1881,911,Fichte1_P1,P1,Abies alba,Abies alba,70.45441059722222,46.178785000000005,15.51375,138.669072,144,0,Valid
2025-09-25,1882,912,Fichte2_P1,P1,Abies alba,Abies alba,41.881903125,26.5464045,16.835637,73.276664,144,0,Valid
2025-09-25,1883,913,Fichte3_P1,P1,Abies alba,Abies alba,33.59096709722222,21.296018,7.853344,66.624502,144,0,Valid
2025-09-25,1884,914,Fichte1_G1,G1,Abies alba,Abies alba,32.52888816666667,19.039337,6.559264,66.632046,144,0,Valid
2025-09-25,1885,915,Fichte2_G1,G1,Abies alba,Abies alba,96.50745585416666,59.856884,35.22144,185.811215,144,0,Valid
2025-09-25,1886,916,Fichte3_G1,G1,Abies alba,Abies alba,14.496197756944444,8.4486295,3.747767,26.601161,144,0,Valid
2025-09-25,1887,917,Buche1_G1,G1,Fagus sylvatica,Fagus sylvatica,22.533933993055555,22.064933500000002,13.823042,36.726894,144,0,Valid
2025-09-25,1888,918,Buche2_G1,G1,Fagus sylvatica,Fagus sylvatica,4.686120597222223,4.1145125,0,12.47051,144,0,Valid
2025-09-25,1889,919,Buche3_G1,G1,Fagus sylvatica,Fagus sylvatica,3.940268375,3.4536255000000002,0,9.693762,144,0,Valid
2025-09-25,1890,920,Fichte1_P2,P2,Abies alba,Abies alba,26.734220458333333,21.5436515,11.250378,47.710538,144,0,Valid
2025-09-25,1891,921,Fichte2_P2,P2,Abies alba,Abies alba,0.05380615972222222,0,0,0.391783,144,0,Valid
2025-09-25,1892,922,Fichte3_P2,P2,Abies alba,Abies alba,32.918578430555556,18.943567,14.592132,61.600825,144,0,Valid
2025-09-25,1893,923,Buche1_P2,P2,Fagus sylvatica,Fagus sylvatica,6.9207714375,6.275675,2.008681,11.001341,144,0,Valid
2025-09-25,1894,924,Buche2_P2,P2,Fagus sylvatica,Fagus sylvatica,17.331440215277777,15.083627,2.536833,38.037718,144,0,Valid
2025-09-25,1895,925,Buche3_P2,P2,Fagus sylvatica,Fagus sylvatica,5.808827736111111,5.5098955,4.069223,8.218964,144,0,Valid
2025-09-25,1896,926,Buche1_P3,P3,Fagus sylvatica,Fagus sylvatica,25.507732305555557,22.2021685,13.825993,40.256854,144,0,Valid
2025-09-25,1897,927,Buche2_P3,P3,Fagus sylvatica,Fagus sylvatica,4.190525625,3.003703,0,15.838563,144,0,Valid
2025-09-25,1898,928,Buche3_P3,P3,Fagus sylvatica,Fagus sylvatica,10.998605277777777,11.8458545,1.337441,28.734736,144,0,Valid
2025-09-25,1899,929,Fichte1_P3,P3,Fagus sylvatica,Abies alba,3.7888840069444445,0,0,12.421457,144,0,Valid
2025-09-25,1900,930,Fichte2_P3,P3,Fagus sylvatica,Abies alba,9.3699553125,0.8613715,0,24.064914,144,0,Valid
2025-09-25,1901,931,Fichte3_P3,P3,Fagus sylvatica,Abies alba,25.2964998125,20.0347905,9.841905,44.564315,144,0,Valid
2025-09-26,1878,908,Buche1_P1,P1,Fagus sylvatica,Fagus sylvatica,6.288158527777778,4.973153999999999,3.107319,15.789293,144,0,Valid
2025-09-26,1879,909,Buche2_P1,P1,Fagus sylvatica,Fagus sylvatica,172.98222883333332,175.5680295,162.957369,179.894821,144,0,Valid
2025-09-26,1880,910,Buche3_P1,P1,Fagus sylvatica,Fagus sylvatica,148.75783665972222,148.3901815,146.527304,152.127354,144,0,Valid
2025-09-26,1881,911,Fichte1_P1,P1,Abies alba,Abies alba,73.786768375,70.8357965,39.068852,112.407846,144,0,Valid
2025-09-26,1882,912,Fichte2_P1,P1,Abies alba,Abies alba,51.921824048611114,51.981961,37.731619,64.53609,144,0,Valid
2025-09-26,1883,913,Fichte3_P1,P1,Abies alba,Abies alba,32.74866189583334,31.9818495,15.742383,52.145143,144,0,Valid
2025-09-26,1884,914,Fichte1_G1,G1,Abies alba,Abies alba,24.244051756944444,21.0658515,6.134078,54.398583,144,0,Valid
2025-09-26,1885,915,Fichte2_G1,G1,Abies alba,Abies alba,107.37309447916667,104.5927615,77.542425,143.153153,144,0,Valid
2025-09-26,1886,916,Fichte3_G1,G1,Abies alba,Abies alba,16.21441975,16.587398,9.706001,21.837173,144,0,Valid
2025-09-26,1887,917,Buche1_G1,G1,Fagus sylvatica,Fagus sylvatica,20.598062131944445,20.636729000000003,14.107384,26.839245,144,0,Valid
2025-09-26,1888,918,Buche2_G1,G1,Fagus sylvatica,Fagus sylvatica,5.103807638888889,4.887262,3.005266,8.373659,144,0,Valid
2025-09-26,1889,919,Buche3_G1,G1,Fagus sylvatica,Fagus sylvatica,1.3381687847222223,1.0711715000000002,0.010092,4.27748,144,0,Valid
2025-09-26,1890,920,Fichte1_P2,P2,Abies alba,Abies alba,31.02682467361111,31.2058915,21.581696,38.449059,144,0,Valid
2025-09-26,1891,921,Fichte2_P2,P2,Abies alba,Abies alba,0.0040561458333333335,0,0,0.092977,144,0,Valid
2025-09-26,1892,922,Fichte3_P2,P2,Abies alba,Abies alba,28.962718819444444,27.886307,20.215409,42.061283,144,0,Valid
2025-09-26,1893,923,Buche1_P2,P2,Fagus sylvatica,Fagus sylvatica,5.110391930555555,5.7810405,1.684666,8.104888,144,0,Valid
2025-09-26,1894,924,Buche2_P2,P2,Fagus sylvatica,Fagus sylvatica,31.742167840277776,32.209539500000005,21.409093,38.414299,144,0,Valid
2025-09-26,1895,925,Buche3_P2,P2,Fagus sylvatica,Fagus sylvatica,9.913631270833333,9.761464,8.21672,11.209167,144,0,Valid
2025-09-26,1896,926,Buche1_P3,P3,Fagus sylvatica,Fagus sylvatica,31.58956157638889,31.3489625,27.403278,37.765663,144,0,Valid
2025-09-26,1897,927,Buche2_P3,P3,Fagus sylvatica,Fagus sylvatica,3.5560821666666667,2.8106935,1.650804,8.748535,144,0,Valid
2025-09-26,1898,928,Buche3_P3,P3,Fagus sylvatica,Fagus sylvatica,7.922272756944444,5.9620935,2.927292,20.294881,144,0,Valid
2025-09-26,1899,929,Fichte1_P3,P3,Fagus sylvatica,Abies alba,0.021587,0,0,0.233524,144,0,Valid
2025-09-26,1900,930,Fichte2_P3,P3,Fagus sylvatica,Abies alba,14.569638666666666,11.530045999999999,9.492125,24.001564,144,0,Valid
2025-09-26,1901,931,Fichte3_P3,P3,Fagus sylvatica,Abies alba,44.89918624305555,44.419211000000004,42.204057,48.977126,144,0,Valid
2025-09-27,1878,908,Buche1_P1,P1,Fagus sylvatica,Fagus sylvatica,7.684857388888889,3.2873905,0.922757,22.204847,144,0,Valid
2025-09-27,1879,909,Buche2_P1,P1,Fagus sylvatica,Fagus sylvatica,163.11402242361112,163.1720395,161.634702,164.912339,144,0,Valid
2025-09-27,1880,910,Buche3_P1,P1,Fagus sylvatica,Fagus sylvatica,149.6642134097222,146.4762645,143.126817,158.156541,144,0,Valid
2025-09-27,1881,911,Fichte1_P1,P1,Abies alba,Abies alba,46.682286006944445,30.258934500000002,0,108.587453,144,0,Valid
2025-09-27,1882,912,Fichte2_P1,P1,Abies alba,Abies alba,41.19956732638889,34.224655,20.585464,66.969777,144,0,Valid
2025-09-27,1883,913,Fichte3_P1,P1,Abies alba,Abies alba,18.17841478472222,10.7617585,0,44.109111,144,0,Valid
2025-09-27,1884,914,Fichte1_G1,G1,Abies alba,Abies alba,19.35068653472222,3.9100705,0,57.908948,144,0,Valid
2025-09-27,1885,915,Fichte2_G1,G1,Abies alba,Abies alba,90.47872925,72.848836,29.262446,164.889397,144,0,Valid
2025-09-27,1886,916,Fichte3_G1,G1,Abies alba,Abies alba,10.101953916666666,8.6360315,0,22.44153,144,0,Valid
2025-09-27,1887,917,Buche1_G1,G1,Fagus sylvatica,Fagus sylvatica,17.451016236111112,13.750396,9.311185,27.454535,144,0,Valid
2025-09-27,1888,918,Buche2_G1,G1,Fagus sylvatica,Fagus sylvatica,3.4412153333333335,1.8733935000000002,0,11.744332,144,0,Valid
2025-09-27,1889,919,Buche3_G1,G1,Fagus sylvatica,Fagus sylvatica,3.2029386875,0.2187485,0,9.114317,144,0,Valid
2025-09-27,1890,920,Fichte1_P2,P2,Abies alba,Abies alba,26.776906756944445,20.4987695,13.429979,44.810167,144,0,Valid
2025-09-27,1891,921,Fichte2_P2,P2,Abies alba,Abies alba,0.8551331458333333,0,0,5.714105,144,0,Valid
2025-09-27,1892,922,Fichte3_P2,P2,Abies alba,Abies alba,22.951257506944444,17.64668,1.281118,49.186856,144,0,Valid
2025-09-27,1893,923,Buche1_P2,P2,Fagus sylvatica,Fagus sylvatica,6.954869618055556,5.690252,1.230313,11.318743,144,0,Valid
2025-09-27,1894,924,Buche2_P2,P2,Fagus sylvatica,Fagus sylvatica,24.60750322222222,20.1571895,9.749455,39.089186,144,0,Valid
2025-09-27,1895,925,Buche3_P2,P2,Fagus sylvatica,Fagus sylvatica,13.476608458333333,10.6166765,6.850633,20.940088,144,0,Valid
2025-09-27,1896,926,Buche1_P3,P3,Fagus sylvatica,Fagus sylvatica,31.877321902777776,26.934542999999998,23.137839,43.767944,144,0,Valid
2025-09-27,1897,927,Buche2_P3,P3,Fagus sylvatica,Fagus sylvatica,5.489551916666667,3.111986,0.171318,18.448929,144,0,Valid
2025-09-27,1898,928,Buche3_P3,P3,Fagus sylvatica,Fagus sylvatica,11.253369361111112,7.8745815,1.206433,30.350832,144,0,Valid
2025-09-27,1899,929,Fichte1_P3,P3,Fagus sylvatica,Abies alba,7.1896345833333335,0,0,20.508719,144,0,Valid
2025-09-27,1900,930,Fichte2_P3,P3,Fagus sylvatica,Abies alba,13.435155222222223,8.313612,0.906679,29.607367,144,0,Valid
2025-09-27,1901,931,Fichte3_P3,P3,Fagus sylvatica,Abies alba,51.8734693125,41.5417475,35.513013,74.497884,144,0,Valid
2025-09-28,1878,908,Buche1_P1,P1,Fagus sylvatica,Fagus sylvatica,9.602349180555555,6.4936505,1.558252,22.977593,144,0,Valid
2025-09-28,1879,909,Buche2_P1,P1,Fagus sylvatica,Fagus sylvatica,169.12426277777777,163.2051615,160.51504,182.151658,144,0,Valid
2025-09-28,1880,910,Buche3_P1,P1,Fagus sylvatica,Fagus sylvatica,152.32309315277777,151.668927,144.243822,159.069273,144,0,Valid
2025-09-28,1881,911,Fichte1_P1,P1,Abies alba,Abies alba,85.83376895138889,71.062325,35.85084,154.327678,144,0,Valid
2025-09-28,1882,912,Fichte2_P1,P1,Abies alba,Abies alba,68.8802039236111,52.5855955,46.070171,110.842025,144,0,Valid
2025-09-28,1883,913,Fichte3_P1,P1,Abies alba,Abies alba,38.2855995625,31.395715000000003,15.817071,68.422444,144,0,Valid
2025-09-28,1884,914,Fichte1_G1,G1,Abies alba,Abies alba,44.08147360416667,33.8964815,11.076217,89.323172,144,0,Valid
2025-09-28,1885,915,Fichte2_G1,G1,Abies alba,Abies alba,141.7983722013889,124.8112065,94.426742,213.02013,144,0,Valid
2025-09-28,1886,916,Fichte3_G1,G1,Abies alba,Abies alba,19.844721486111112,14.100838,10.058579,33.505082,144,0,Valid
2025-09-28,1887,917,Buche1_G1,G1,Fagus sylvatica,Fagus sylvatica,28.26565423611111,27.253582,21.573279,36.831253,144,0,Valid
2025-09-28,1888,918,Buche2_G1,G1,Fagus sylvatica,Fagus sylvatica,7.000508722222222,3.3419915,0,16.120876,144,0,Valid
2025-09-28,1889,919,Buche3_G1,G1,Fagus sylvatica,Fagus sylvatica,3.3565468504672897,1.149307,0,9.78946,107,0,Valid
2025-09-28,1890,920,Fichte1_P2,P2,Abies alba,Abies alba,41.72942468055555,36.4067845,31.103288,60.662704,144,0,Valid
2025-09-28,1891,921,Fichte2_P2,P2,Abies alba,Abies alba,0.7890301111111111,0.054682,0,4.974398,144,0,Valid
2025-09-28,1892,922,Fichte3_P2,P2,Abies alba,Abies alba,40.28677590277778,36.392981,24.97308,60.582511,144,0,Valid
2025-09-28,1893,923,Buche1_P2,P2,Fagus sylvatica,Fagus sylvatica,8.141838541666667,8.785452,0.726315,11.476809,144,0,Valid
2025-09-28,1894,924,Buche2_P2,P2,Fagus sylvatica,Fagus sylvatica,42.819862444444446,39.264207999999996,36.438929,54.826907,144,0,Valid
2025-09-28,1895,925,Buche3_P2,P2,Fagus sylvatica,Fagus sylvatica,21.7336958125,21.077178,15.94071,26.573689,144,0,Valid
2025-09-28,1896,926,Buche1_P3,P3,Fagus sylvatica,Fagus sylvatica,39.45430666666667,37.523881,31.917658,49.315129,144,0,Valid
2025-09-28,1897,927,Buche2_P3,P3,Fagus sylvatica,Fagus sylvatica,6.984842618055556,3.9931445,2.092433,17.777065,144,0,Valid
2025-09-28,1898,928,Buche3_P3,P3,Fagus sylvatica,Fagus sylvatica,14.497376493055556,9.835609999999999,5.910402,32.671118,144,0,Valid
2025-09-28,1899,929,Fichte1_P3,P3,Fagus sylvatica,Abies alba,10.037738138888889,6.91486,0,25.033832,144,0,Valid
2025-09-28,1900,930,Fichte2_P3,P3,Fagus sylvatica,Abies alba,30.532051694444444,28.1941355,15.899172,42.015988,144,0,Valid
2025-09-28,1901,931,Fichte3_P3,P3,Fagus sylvatica,Abies alba,79.061962625,74.329577,69.112966,96.004682,144,0,Valid
2025-09-29,1878,908,Buche1_P1,P1,Fagus sylvatica,Fagus sylvatica,11.78111238888889,9.4487125,3.637722,25.146297,144,0,Valid
2025-09-29,1879,909,Buche2_P1,P1,Fagus sylvatica,Fagus sylvatica,181.85726908333334,180.15277,174.714063,190.966392,144,0,Valid
2025-09-29,1880,910,Buche3_P1,P1,Fagus sylvatica,Fagus sylvatica,155.06677414583334,151.614473,145.936872,168.141416,144,0,Valid
2025-09-29,1881,911,Fichte1_P1,P1,Abies alba,Abies alba,107.41961427083334,95.2959755,52.603397,186.553043,144,0,Valid
2025-09-29,1882,912,Fichte2_P1,P1,Abies alba,Abies alba,84.45858928472222,72.3705275,58.240734,132.064858,144,0,Valid
2025-09-29,1883,913,Fichte3_P1,P1,Abies alba,Abies alba,52.12792393055555,42.381339499999996,23.263737,100.422504,144,0,Valid
2025-09-29,1884,914,Fichte1_G1,G1,Abies alba,Abies alba,54.53695597222222,45.054663000000005,22.969941,104.182616,144,0,Valid
2025-09-29,1885,915,Fichte2_G1,G1,Abies alba,Abies alba,156.12374626388888,139.0458925,93.838139,245.687603,144,0,Valid
2025-09-29,1886,916,Fichte3_G1,G1,Abies alba,Abies alba,22.455451583333332,20.8506595,11.117534,34.761394,144,0,Valid
2025-09-29,1887,917,Buche1_G1,G1,Fagus sylvatica,Fagus sylvatica,27.569559784722223,28.501959499999998,16.346522,44.199828,144,0,Valid
2025-09-29,1888,918,Buche2_G1,G1,Fagus sylvatica,Fagus sylvatica,13.368167444444444,12.397196000000001,4.704859,27.357067,144,0,Valid
2025-09-29,1889,919,Buche3_G1,G1,Fagus sylvatica,Fagus sylvatica,5.14559624,5.3273095,4.01899,5.534954,50,0,Valid
2025-09-29,1890,920,Fichte1_P2,P2,Abies alba,Abies alba,43.79818495833333,39.1596095,24.995959,67.411313,144,0,Valid
2025-09-29,1891,921,Fichte2_P2,P2,Abies alba,Abies alba,0.7998885902777778,0,0,4.917302,144,0,Valid
2025-09-29,1892,922,Fichte3_P2,P2,Abies alba,Abies alba,39.64290460416667,30.89778,17.416118,73.356768,144,0,Valid
2025-09-29,1893,923,Buche1_P2,P2,Fagus sylvatica,Fagus sylvatica,9.245147243055555,8.525608,1.335918,15.751855,144,0,Valid
2025-09-29,1894,924,Buche2_P2,P2,Fagus sylvatica,Fagus sylvatica,44.788700506944444,44.9343225,30.53565,64.788385,144,0,Valid
2025-09-29,1895,925,Buche3_P2,P2,Fagus sylvatica,Fagus sylvatica,21.2781121875,18.086485,13.180031,34.649472,144,0,Valid
2025-09-29,1896,926,Buche1_P3,P3,Fagus sylvatica,Fagus sylvatica,40.782887243055555,37.5378885,31.411895,54.632961,144,0,Valid
2025-09-29,1897,927,Buche2_P3,P3,Fagus sylvatica,Fagus sylvatica,8.646554847222221,6.888158000000001,2.649868,21.072558,144,0,Valid
2025-09-29,1898,928,Buche3_P3,P3,Fagus sylvatica,Fagus sylvatica,17.612541479166666,14.0206725,5.256803,39.208309,144,0,Valid
2025-09-29,1899,929,Fichte1_P3,P3,Fagus sylvatica,Abies alba,10.120776166666667,5.8452945,0,29.500943,144,0,Valid
2025-09-29,1900,930,Fichte2_P3,P3,Fagus sylvatica,Abies alba,32.49677852083333,29.6324565,15.738877,49.814645,144,0,Valid
2025-09-29,1901,931,Fichte3_P3,P3,Fagus sylvatica,Abies alba,87.95884933333333,79.353636,66.54885,118.022672,144,0,Valid
2025-09-30,1878,908,Buche1_P1,P1,Fagus sylvatica,Fagus sylvatica,12.22678523611111,10.334028499999999,3.526322,25.463962,144,0,Valid
2025-09-30,1879,909,Buche2_P1,P1,Fagus sylvatica,Fagus sylvatica,184.8883965486111,181.81723499999998,179.049029,194.888483,144,0,Valid
2025-09-30,1880,910,Buche3_P1,P1,Fagus sylvatica,Fagus sylvatica,158.62019664583335,155.70752549999997,148.875251,170.300885,144,0,Valid
2025-09-30,1881,911,Fichte1_P1,P1,Abies alba,Abies alba,109.7207875138889,101.77371600000001,53.977715,174.217021,144,0,Valid
2025-09-30,1882,912,Fichte2_P1,P1,Abies alba,Abies alba,95.07157101388889,82.216396,68.580282,131.15255,144,0,Valid
2025-09-30,1883,913,Fichte3_P1,P1,Abies alba,Abies alba,57.80032100694444,50.562849,32.092223,89.222943,144,0,Valid
2025-09-30,1884,914,Fichte1_G1,G1,Abies alba,Abies alba,53.20934125,41.6648065,13.645092,99.522215,144,0,Valid
2025-09-30,1885,915,Fichte2_G1,G1,Abies alba,Abies alba,175.87047756944443,162.92425500000002,123.125512,239.149634,144,0,Valid
2025-09-30,1886,916,Fichte3_G1,G1,Abies alba,Abies alba,27.742622159722224,22.695704499999998,18.247778,39.370179,144,0,Valid
2025-09-30,1887,917,Buche1_G1,G1,Fagus sylvatica,Fagus sylvatica,34.495965194444445,32.0626775,26.77526,45.178941,144,0,Valid
2025-09-30,1888,918,Buche2_G1,G1,Fagus sylvatica,Fagus sylvatica,18.145121361111112,14.4976965,10.317697,28.264435,144,0,Valid
2025-09-30,1889,919,Buche3_G1,G1,Fagus sylvatica,Fagus sylvatica,26.734597072463767,24.8901025,18.934855,33.395666,138,0,Valid
2025-09-30,1890,920,Fichte1_P2,P2,Abies alba,Abies alba,53.595737541666665,47.6856435,38.319864,71.568731,144,0,Valid
2025-09-30,1891,921,Fichte2_P2,P2,Abies alba,Abies alba,0.6805469027777777,0.0017925,0,3.730768,144,0,Valid
2025-09-30,1892,922,Fichte3_P2,P2,Abies alba,Abies alba,50.11407224305555,46.3726685,28.961905,71.720703,144,0,Valid
2025-09-30,1893,923,Buche1_P2,P2,Fagus sylvatica,Fagus sylvatica,12.580462375,12.906797,1.909805,17.990439,144,0,Valid
2025-09-30,1894,924,Buche2_P2,P2,Fagus sylvatica,Fagus sylvatica,51.86006375694444,48.470113999999995,41.647092,64.546178,144,0,Valid
2025-09-30,1895,925,Buche3_P2,P2,Fagus sylvatica,Fagus sylvatica,25.043615666666668,22.0402685,18.276943,33.454385,144,0,Valid
2025-09-30,1896,926,Buche1_P3,P3,Fagus sylvatica,Fagus sylvatica,44.091556187500004,41.289077500000005,37.493172,54.3057,144,0,Valid
2025-09-30,1897,927,Buche2_P3,P3,Fagus sylvatica,Fagus sylvatica,10.3150206875,8.5273635,4.260996,20.558284,144,0,Valid
2025-09-30,1898,928,Buche3_P3,P3,Fagus sylvatica,Fagus sylvatica,19.233000069444444,17.011257999999998,9.25295,38.456068,144,0,Valid
2025-09-30,1899,929,Fichte1_P3,P3,Fagus sylvatica,Abies alba,8.485021430555555,4.916084,0,22.990071,144,0,Valid
2025-09-30,1900,930,Fichte2_P3,P3,Fagus sylvatica,Abies alba,41.91284820833334,40.821146,28.087989,51.845274,144,0,Valid
2025-09-30,1901,931,Fichte3_P3,P3,Fagus sylvatica,Abies alba,107.45474022916666,99.5713165,90.823405,128.958657,144,0,Valid
2025-10-01,1878,908,Buche1_P1,P1,Fagus sylvatica,Fagus sylvatica,15.247095513888889,13.362985,6.427466,26.43865,144,0,Valid
2025-10-01,1879,909,Buche2_P1,P1,Fagus sylvatica,Fagus sylvatica,189.82532504166667,189.28682350000003,182.50991,201.706861,144,0,Valid
2025-10-01,1880,910,Buche3_P1,P1,Fagus sylvatica,Fagus sylvatica,162.08897740972222,158.287388,152.906774,175.357022,144,0,Valid
2025-10-01,1881,911,Fichte1_P1,P1,Abies alba,Abies alba,133.87907238194444,121.3241015,82.721453,200.762609,144,0,Valid
2025-10-01,1882,912,Fichte2_P1,P1,Abies alba,Abies alba,108.59607825694444,104.082987,81.762936,143.295506,144,0,Valid
2025-10-01,1883,913,Fichte3_P1,P1,Abies alba,Abies alba,72.6155583125,65.526931,43.216442,111.149554,144,0,Valid
2025-10-01,1884,914,Fichte1_G1,G1,Abies alba,Abies alba,61.28611065972222,62.0127075,30.310641,99.619089,144,0,Valid
2025-10-01,1885,915,Fichte2_G1,G1,Abies alba,Abies alba,198.64695435416667,185.94280350000002,146.420667,264.27326,144,0,Valid
2025-10-01,1886,916,Fichte3_G1,G1,Abies alba,Abies alba,33.71980756944444,29.9397235,24.232451,46.66279,144,0,Valid
2025-10-01,1887,917,Buche1_G1,G1,Fagus sylvatica,Fagus sylvatica,41.79189047222222,40.286953499999996,28.06905,58.925597,144,0,Valid
2025-10-01,1888,918,Buche2_G1,G1,Fagus sylvatica,Fagus sylvatica,24.8596621875,24.599083,15.497061,37.242239,144,0,Valid
2025-10-01,1889,919,Buche3_G1,G1,Fagus sylvatica,Fagus sylvatica,31.274652229166666,28.889556499999998,22.913514,42.181742,144,0,Valid
2025-10-01,1890,920,Fichte1_P2,P2,Abies alba,Abies alba,65.89175559722223,58.8585795,44.068625,96.866538,144,0,Valid
2025-10-01,1891,921,Fichte2_P2,P2,Abies alba,Abies alba,1.6193355694444445,0.0038275,0,8.826534,144,0,Valid
2025-10-01,1892,922,Fichte3_P2,P2,Abies alba,Abies alba,65.7091889375,50.6027895,41.331407,101.440015,144,0,Valid
2025-10-01,1893,923,Buche1_P2,P2,Fagus sylvatica,Fagus sylvatica,24.30155113888889,20.0335615,16.021299,35.567281,144,0,Valid
2025-10-01,1894,924,Buche2_P2,P2,Fagus sylvatica,Fagus sylvatica,58.94805188888889,58.058315,43.972378,78.085459,144,0,Valid
2025-10-01,1895,925,Buche3_P2,P2,Fagus sylvatica,Fagus sylvatica,28.482744604166665,25.0847145,19.886923,40.465155,144,0,Valid
2025-10-01,1896,926,Buche1_P3,P3,Fagus sylvatica,Fagus sylvatica,47.615416930555554,46.244008,39.460063,59.40486,144,0,Valid
2025-10-01,1897,927,Buche2_P3,P3,Fagus sylvatica,Fagus sylvatica,14.242298819444445,17.028742,7.54363,22.808847,144,0,Valid
2025-10-01,1898,928,Buche3_P3,P3,Fagus sylvatica,Fagus sylvatica,23.96457763888889,21.5629165,11.820229,41.866035,144,0,Valid
2025-10-01,1899,929,Fichte1_P3,P3,Fagus sylvatica,Abies alba,10.8725506875,6.3785194999999995,0,27.94253,144,0,Valid
2025-10-01,1900,930,Fichte2_P3,P3,Fagus sylvatica,Abies alba,52.642178298611114,46.7235935,37.102947,71.641624,144,0,Valid
2025-10-01,1901,931,Fichte3_P3,P3,Fagus sylvatica,Abies alba,125.42288725694445,114.65446800000001,102.497028,156.187853,144,0,Valid
2025-10-02,1878,908,Buche1_P1,P1,Fagus sylvatica,Fagus sylvatica,15.822658194444445,13.285774499999999,9.743957,25.578984,144,0,Valid
2025-10-02,1879,909,Buche2_P1,P1,Fagus sylvatica,Fagus sylvatica,192.16364094444444,189.73126150000002,187.095271,201.598669,144,0,Valid
2025-10-02,1880,910,Buche3_P1,P1,Fagus sylvatica,Fagus sylvatica,164.81156959722222,161.641594,156.860099,175.810374,144,0,Valid
2025-10-02,1881,911,Fichte1_P1,P1,Abies alba,Abies alba,139.54745061111112,136.8331185,100.7241,192.261798,144,0,Valid
2025-10-02,1882,912,Fichte2_P1,P1,Abies alba,Abies alba,113.50023683333333,111.55316450000001,92.75473,140.292836,144,0,Valid
2025-10-02,1883,913,Fichte3_P1,P1,Abies alba,Abies alba,80.59526680555555,77.57365300000001,55.736641,110.72294,144,0,Valid
2025-10-02,1884,914,Fichte1_G1,G1,Abies alba,Abies alba,52.53941834027778,49.7901905,26.502256,91.408075,144,0,Valid
2025-10-02,1885,915,Fichte2_G1,G1,Abies alba,Abies alba,209.50627940972223,203.38024000000001,171.060673,259.183881,144,0,Valid
2025-10-02,1886,916,Fichte3_G1,G1,Abies alba,Abies alba,41.67626953472222,37.5847335,31.950793,53.894675,144,0,Valid
2025-10-02,1887,917,Buche1_G1,G1,Fagus sylvatica,Fagus sylvatica,48.21764857638889,45.0827695,40.198715,58.794422,144,0,Valid
2025-10-02,1888,918,Buche2_G1,G1,Fagus sylvatica,Fagus sylvatica,31.4751873125,29.5815035,25.199879,39.455139,144,0,Valid
2025-10-02,1889,919,Buche3_G1,G1,Fagus sylvatica,Fagus sylvatica,34.88905088194444,33.976273,29.918253,40.745762,144,0,Valid
2025-10-02,1890,920,Fichte1_P2,P2,Abies alba,Abies alba,82.27506113888889,79.14630199999999,67.144103,103.140147,144,0,Valid
2025-10-02,1891,921,Fichte2_P2,P2,Abies alba,Abies alba,4.278198923611111,4.167494,0,9.899247,144,0,Valid
2025-10-02,1892,922,Fichte3_P2,P2,Abies alba,Abies alba,84.422603,82.141443,69.888039,103.707652,144,0,Valid
2025-10-02,1893,923,Buche1_P2,P2,Fagus sylvatica,Fagus sylvatica,33.2466134375,33.5582795,25.215744,40.219431,144,0,Valid
2025-10-02,1894,924,Buche2_P2,P2,Fagus sylvatica,Fagus sylvatica,62.22549395138889,60.1996365,53.259803,75.218592,144,0,Valid
2025-10-02,1895,925,Buche3_P2,P2,Fagus sylvatica,Fagus sylvatica,30.065158041666667,28.0171065,24.774102,37.893278,144,0,Valid
2025-10-02,1896,926,Buche1_P3,P3,Fagus sylvatica,Fagus sylvatica,50.30009002083333,48.8012035,44.624488,58.747656,144,0,Valid
2025-10-02,1897,927,Buche2_P3,P3,Fagus sylvatica,Fagus sylvatica,20.193179833333332,19.145892,15.520984,25.456388,144,0,Valid
2025-10-02,1898,928,Buche3_P3,P3,Fagus sylvatica,Fagus sylvatica,24.86673091666667,21.060233500000002,16.444345,40.378535,144,0,Valid
2025-10-02,1899,929,Fichte1_P3,P3,Fagus sylvatica,Abies alba,12.134422118055555,10.479989499999999,2.299652,25.331683,144,0,Valid
2025-10-02,1900,930,Fichte2_P3,P3,Fagus sylvatica,Abies alba,67.9647844513889,67.4194655,57.384438,81.028849,144,0,Valid
2025-10-02,1901,931,Fichte3_P3,P3,Fagus sylvatica,Abies alba,150.61001903472223,143.8756735,139.168217,170.737096,144,0,Valid
2025-10-03,1878,908,Buche1_P1,P1,Fagus sylvatica,Fagus sylvatica,14.206316430555555,13.104562999999999,8.292256,20.488449,144,0,Valid
2025-10-03,1879,909,Buche2_P1,P1,Fagus sylvatica,Fagus sylvatica,188.75769702083332,188.45783749999998,186.435015,191.37837,144,0,Valid
2025-10-03,1880,910,Buche3_P1,P1,Fagus sylvatica,Fagus sylvatica,161.61091266666668,162.60647899999998,154.915659,167.359214,144,0,Valid
2025-10-03,1881,911,Fichte1_P1,P1,Abies alba,Abies alba,107.81082938888889,107.95636350000001,82.567994,135.54976,144,0,Valid
2025-10-03,1882,912,Fichte2_P1,P1,Abies alba,Abies alba,101.64139518055555,102.469094,91.8537,113.412025,144,0,Valid
2025-10-03,1883,913,Fichte3_P1,P1,Abies alba,Abies alba,70.49921231944444,70.4224145,54.484478,90.403483,144,0,Valid
2025-10-03,1884,914,Fichte1_G1,G1,Abies alba,Abies alba,42.812739625,38.875243999999995,19.896529,67.621088,144,0,Valid
2025-10-03,1885,915,Fichte2_G1,G1,Abies alba,Abies alba,177.5645835138889,179.770468,154.428451,202.890471,144,0,Valid
2025-10-03,1886,916,Fichte3_G1,G1,Abies alba,Abies alba,39.862070458333335,39.612795000000006,32.65868,46.118706,144,0,Valid
2025-10-03,1887,917,Buche1_G1,G1,Fagus sylvatica,Fagus sylvatica,38.10942590277778,35.891600499999996,27.862206,45.235013,144,0,Valid
2025-10-03,1888,918,Buche2_G1,G1,Fagus sylvatica,Fagus sylvatica,26.775064819444445,26.2649715,20.617631,31.655463,144,0,Valid
2025-10-03,1889,919,Buche3_G1,G1,Fagus sylvatica,Fagus sylvatica,31.528133107843136,34.165001000000004,24.121994,36.790752,102,0,Valid
2025-10-03,1890,920,Fichte1_P2,P2,Abies alba,Abies alba,72.3198592013889,75.8838995,55.462981,80.168136,144,0,Valid
2025-10-03,1891,921,Fichte2_P2,P2,Abies alba,Abies alba,1.8296648472222223,0.0940465,0,8.801021,144,0,Valid
2025-10-03,1892,922,Fichte3_P2,P2,Abies alba,Abies alba,65.1561733125,64.068412,42.686279,81.268693,144,0,Valid
2025-10-03,1893,923,Buche1_P2,P2,Fagus sylvatica,Fagus sylvatica,27.49556461111111,26.1341465,21.717309,35.260499,144,0,Valid
2025-10-03,1894,924,Buche2_P2,P2,Fagus sylvatica,Fagus sylvatica,50.435612784722224,51.215042999999994,39.764556,57.027188,144,0,Valid
2025-10-03,1895,925,Buche3_P2,P2,Fagus sylvatica,Fagus sylvatica,23.112509444444445,22.595317,19.196351,26.81837,144,0,Valid
2025-10-03,1896,926,Buche1_P3,P3,Fagus sylvatica,Fagus sylvatica,44.990485569444445,46.008034499999994,39.726321,48.263967,144,0,Valid
2025-10-03,1897,927,Buche2_P3,P3,Fagus sylvatica,Fagus sylvatica,17.85539877777778,18.4963095,11.880409,22.05824,144,0,Valid
2025-10-03,1898,928,Buche3_P3,P3,Fagus sylvatica,Fagus sylvatica,20.124039055555556,19.884044000000003,13.028316,29.911532,144,0,Valid
2025-10-03,1899,929,Fichte1_P3,P3,Fagus sylvatica,Abies alba,4.7957244375,5.365688499999999,0,9.842757,144,0,Valid
2025-10-03,1900,930,Fichte2_P3,P3,Fagus sylvatica,Abies alba,62.6644978125,58.331113,55.26479,74.803573,144,0,Valid
2025-10-03,1901,931,Fichte3_P3,P3,Fagus sylvatica,Abies alba,143.36280005555557,140.3310645,128.740947,154.524213,144,0,Valid
2025-10-04,1878,908,Buche1_P1,P1,Fagus sylvatica,Fagus sylvatica,14.042036631944445,9.632520499999998,7.388571,33.272423,144,0,Valid
2025-10-04,1879,909,Buche2_P1,P1,Fagus sylvatica,Fagus sylvatica,182.9622641875,184.56070599999998,169.779058,199.472864,144,0,Valid
2025-10-04,1880,910,Buche3_P1,P1,Fagus sylvatica,Fagus sylvatica,155.59416208333334,153.856085,149.974209,170.586341,144,0,Valid
2025-10-04,1881,911,Fichte1_P1,P1,Abies alba,Abies alba,103.66349025,90.5248585,65.997726,185.99204,144,0,Valid
2025-10-04,1882,912,Fichte2_P1,P1,Abies alba,Abies alba,96.43210400694444,86.410372,70.720462,141.688456,144,0,Valid
2025-10-04,1883,913,Fichte3_P1,P1,Abies alba,Abies alba,71.28169690972223,62.0075515,48.92043,119.819035,144,0,Valid
2025-10-04,1884,914,Fichte1_G1,G1,Abies alba,Abies alba,63.63546352083333,48.394363999999996,33.061328,142.356168,144,0,Valid
2025-10-04,1885,915,Fichte2_G1,G1,Abies alba,Abies alba,159.04833674305556,143.42292500000002,115.269154,246.960685,144,0,Valid
2025-10-04,1886,916,Fichte3_G1,G1,Abies alba,Abies alba,30.057680479166667,27.662956,18.390495,49.422305,144,0,Valid
2025-10-04,1887,917,Buche1_G1,G1,Fagus sylvatica,Fagus sylvatica,25.53528914583333,23.6565165,14.516551,43.610707,144,0,Valid
2025-10-04,1888,918,Buche2_G1,G1,Fagus sylvatica,Fagus sylvatica,19.046942770833333,18.144747000000002,10.297599,32.23458,144,0,Valid
2025-10-04,1889,919,Buche3_G1,G1,Fagus sylvatica,Fagus sylvatica,25.376823076388888,23.227618,20.414163,40.158269,144,0,Valid
2025-10-04,1890,920,Fichte1_P2,P2,Abies alba,Abies alba,54.38584263194444,51.2151165,41.25465,80.860664,144,0,Valid
2025-10-04,1891,921,Fichte2_P2,P2,Abies alba,Abies alba,2.1004864930555556,0,0,11.907524,144,0,Valid
2025-10-04,1892,922,Fichte3_P2,P2,Abies alba,Abies alba,44.18332733333333,43.3838265,28.101617,78.934042,144,0,Valid
2025-10-04,1893,923,Buche1_P2,P2,Fagus sylvatica,Fagus sylvatica,21.048086666666666,20.22829,17.064314,27.062606,144,0,Valid
2025-10-04,1894,924,Buche2_P2,P2,Fagus sylvatica,Fagus sylvatica,38.18768586111111,36.8790955,17.366659,62.892651,144,0,Valid
2025-10-04,1895,925,Buche3_P2,P2,Fagus sylvatica,Fagus sylvatica,20.664224847222222,18.6384435,16.990211,33.693915,144,0,Valid
2025-10-04,1896,926,Buche1_P3,P3,Fagus sylvatica,Fagus sylvatica,39.51671095138889,38.179943,21.072793,53.77147,144,0,Valid
2025-10-04,1897,927,Buche2_P3,P3,Fagus sylvatica,Fagus sylvatica,13.651644694444444,11.5252055,8.267836,26.201697,144,0,Valid
2025-10-04,1898,928,Buche3_P3,P3,Fagus sylvatica,Fagus sylvatica,19.86132065972222,13.328016,11.347729,48.666564,144,0,Valid
2025-10-04,1899,929,Fichte1_P3,P3,Fagus sylvatica,Abies alba,9.745079875,0.461004,0,40.803657,144,0,Valid
2025-10-04,1900,930,Fichte2_P3,P3,Fagus sylvatica,Abies alba,50.249829166666665,49.684141,39.14189,65.346606,144,0,Valid
2025-10-04,1901,931,Fichte3_P3,P3,Fagus sylvatica,Abies alba,124.62814352083333,123.00878549999999,94.113065,147.018835,144,0,Valid
2025-10-05,1878,908,Buche1_P1,P1,Fagus sylvatica,Fagus sylvatica,9.251571222222223,7.6778245,4.018493,18.69057,144,0,Valid
2025-10-05,1879,909,Buche2_P1,P1,Fagus sylvatica,Fagus sylvatica,167.63085421527776,167.6864845,166.116423,169.595655,144,0,Valid
2025-10-05,1880,910,Buche3_P1,P1,Fagus sylvatica,Fagus sylvatica,152.19703941666666,151.3724135,148.178234,158.174961,144,0,Valid
2025-10-05,1881,911,Fichte1_P1,P1,Abies alba,Abies alba,57.267238104166665,58.994188,22.638191,94.804497,144,0,Valid
2025-10-05,1882,912,Fichte2_P1,P1,Abies alba,Abies alba,61.225161263888886,60.155221999999995,47.416001,70.692488,144,0,Valid
2025-10-05,1883,913,Fichte3_P1,P1,Abies alba,Abies alba,41.008940430555555,41.270719,26.5551,57.220092,144,0,Valid
2025-10-05,1884,914,Fichte1_G1,G1,Abies alba,Abies alba,26.097083993055556,26.0266285,11.318011,37.523471,144,0,Valid
2025-10-05,1885,915,Fichte2_G1,G1,Abies alba,Abies alba,106.10939104861112,105.878907,81.613729,139.908652,144,0,Valid
2025-10-05,1886,916,Fichte3_G1,G1,Abies alba,Abies alba,14.802593583333334,15.447837,7.973703,21.929786,144,0,Valid
2025-10-05,1887,917,Buche1_G1,G1,Fagus sylvatica,Fagus sylvatica,13.504736888888889,13.1108765,11.049533,17.408012,144,0,Valid
2025-10-05,1888,918,Buche2_G1,G1,Fagus sylvatica,Fagus sylvatica,9.095802138888889,9.2811685,4.345453,12.248529,144,0,Valid
2025-10-05,1889,919,Buche3_G1,G1,Fagus sylvatica,Fagus sylvatica,16.178599784722223,18.2409115,7.887264,21.847393,144,0,Valid
2025-10-05,1890,920,Fichte1_P2,P2,Abies alba,Abies alba,36.86640784027778,37.765358,27.085731,44.611482,144,0,Valid
2025-10-05,1891,921,Fichte2_P2,P2,Abies alba,Abies alba,1.1262159861111112,0,0,4.567562,144,0,Valid
2025-10-05,1892,922,Fichte3_P2,P2,Abies alba,Abies alba,41.17219741666667,41.5352035,28.649231,59.632543,144,0,Valid
2025-10-05,1893,923,Buche1_P2,P2,Fagus sylvatica,Fagus sylvatica,19.013562597222222,19.438388,14.202552,23.699937,144,0,Valid
2025-10-05,1894,924,Buche2_P2,P2,Fagus sylvatica,Fagus sylvatica,21.824458,22.734364,12.402334,32.539342,144,0,Valid
2025-10-05,1895,925,Buche3_P2,P2,Fagus sylvatica,Fagus sylvatica,20.370523840277777,17.892619,15.937741,27.039626,144,0,Valid
2025-10-05,1896,926,Buche1_P3,P3,Fagus sylvatica,Fagus sylvatica,24.124696611111112,20.253963499999998,13.469497,34.936345,144,0,Valid
2025-10-05,1897,927,Buche2_P3,P3,Fagus sylvatica,Fagus sylvatica,8.787621902777778,8.029708,5.211444,16.15393,144,0,Valid
2025-10-05,1898,928,Buche3_P3,P3,Fagus sylvatica,Fagus sylvatica,11.995702444444444,10.9258035,6.140176,25.504415,144,0,Valid
2025-10-05,1899,929,Fichte1_P3,P3,Fagus sylvatica,Abies alba,5.5542766736111115,0.4703075,0,16.130906,144,0,Valid
2025-10-05,1900,930,Fichte2_P3,P3,Fagus sylvatica,Abies alba,28.76952792361111,28.6093225,20.147976,39.276889,144,0,Valid
2025-10-05,1901,931,Fichte3_P3,P3,Fagus sylvatica,Abies alba,67.01110047916667,67.6152455,57.569357,92.133299,144,0,Valid
2025-10-06,1878,908,Buche1_P1,P1,Fagus sylvatica,Fagus sylvatica,9.439411347222222,5.408142,1.271864,21.271273,144,0,Valid
2025-10-06,1879,909,Buche2_P1,P1,Fagus sylvatica,Fagus sylvatica,166.96675739583333,167.2130805,165.711726,167.981897,144,0,Valid
2025-10-06,1880,910,Buche3_P1,P1,Fagus sylvatica,Fagus sylvatica,153.3546247361111,153.299037,145.761492,159.178185,144,0,Valid
2025-10-06,1881,911,Fichte1_P1,P1,Abies alba,Abies alba,64.55984494444445,53.2533885,16.36604,120.806348,144,0,Valid
2025-10-06,1882,912,Fichte2_P1,P1,Abies alba,Abies alba,66.61516539583333,58.9033575,48.305977,89.680145,144,0,Valid
2025-10-06,1883,913,Fichte3_P1,P1,Abies alba,Abies alba,42.29305911111111,34.7009425,18.445699,72.910157,144,0,Valid
2025-10-06,1884,914,Fichte1_G1,G1,Abies alba,Abies alba,40.57720075,27.664047,12.784961,80.63997,144,0,Valid
2025-10-06,1885,915,Fichte2_G1,G1,Abies alba,Abies alba,127.933700625,106.96651349999999,82.670278,199.949322,144,0,Valid
2025-10-06,1886,916,Fichte3_G1,G1,Abies alba,Abies alba,17.711430027777777,14.029196,9.728049,28.745308,144,0,Valid
2025-10-06,1887,917,Buche1_G1,G1,Fagus sylvatica,Fagus sylvatica,19.147426701388888,15.0323965,13.16331,28.88444,144,0,Valid
2025-10-06,1888,918,Buche2_G1,G1,Fagus sylvatica,Fagus sylvatica,6.929579736111111,5.917184,1.236779,13.51946,144,0,Valid
2025-10-06,1889,919,Buche3_G1,G1,Fagus sylvatica,Fagus sylvatica,7.673787625,7.497337,3.908763,10.504223,144,0,Valid
2025-10-06,1890,920,Fichte1_P2,P2,Abies alba,Abies alba,42.93647961805556,35.5673845,30.452559,64.228913,144,0,Valid
2025-10-06,1891,921,Fichte2_P2,P2,Abies alba,Abies alba,0.7782570347222222,0.182552,0,3.994608,144,0,Valid
2025-10-06,1892,922,Fichte3_P2,P2,Abies alba,Abies alba,42.431219104166665,38.727093499999995,24.298889,69.69397,144,0,Valid
2025-10-06,1893,923,Buche1_P2,P2,Fagus sylvatica,Fagus sylvatica,18.402289840277778,17.859994999999998,11.121801,23.797821,144,0,Valid
2025-10-06,1894,924,Buche2_P2,P2,Fagus sylvatica,Fagus sylvatica,37.660473993055554,33.262747000000005,29.647656,50.371193,144,0,Valid
2025-10-06,1895,925,Buche3_P2,P2,Fagus sylvatica,Fagus sylvatica,21.175830166666668,20.169804,14.936046,27.417746,144,0,Valid
2025-10-06,1896,926,Buche1_P3,P3,Fagus sylvatica,Fagus sylvatica,37.57923765277778,35.0850295,29.478518,46.64686,144,0,Valid
2025-10-06,1897,927,Buche2_P3,P3,Fagus sylvatica,Fagus sylvatica,8.068686395833334,5.6306015,2.787871,18.450335,144,0,Valid
2025-10-06,1898,928,Buche3_P3,P3,Fagus sylvatica,Fagus sylvatica,14.3179583125,11.712484,4.884225,32.786317,144,0,Valid
2025-10-06,1899,929,Fichte1_P3,P3,Fagus sylvatica,Abies alba,14.1946588125,5.8195809999999994,0,39.817862,144,0,Valid
2025-10-06,1900,930,Fichte2_P3,P3,Fagus sylvatica,Abies alba,36.437912743055556,33.752107499999994,21.374173,49.337507,144,0,Valid
2025-10-06,1901,931,Fichte3_P3,P3,Fagus sylvatica,Abies alba,79.2278739861111,70.0565765,67.221212,100.577326,144,0,Valid
2025-10-07,1878,908,Buche1_P1,P1,Fagus sylvatica,Fagus sylvatica,12.743293201388889,10.089564,3.973192,26.277353,144,0,Valid
2025-10-07,1879,909,Buche2_P1,P1,Fagus sylvatica,Fagus sylvatica,172.95691318055555,166.29366299999998,164.456829,187.714367,144,0,Valid
2025-10-07,1880,910,Buche3_P1,P1,Fagus sylvatica,Fagus sylvatica,153.0391275902778,152.920546,146.908464,159.675137,144,0,Valid
2025-10-07,1881,911,Fichte1_P1,P1,Abies alba,Abies alba,105.62856318055556,88.3831895,53.429175,183.638747,144,0,Valid
2025-10-07,1882,912,Fichte2_P1,P1,Abies alba,Abies alba,86.90431585416667,73.86513550000001,61.699046,130.212684,144,0,Valid
2025-10-07,1883,913,Fichte3_P1,P1,Abies alba,Abies alba,68.28068347222222,53.0040175,37.488297,114.546081,144,0,Valid
2025-10-07,1884,914,Fichte1_G1,G1,Abies alba,Abies alba,76.167747375,60.1825865,31.384504,150.064503,144,0,Valid
2025-10-07,1885,915,Fichte2_G1,G1,Abies alba,Abies alba,176.5680326736111,164.8855955,113.225833,259.316688,144,0,Valid
2025-10-07,1886,916,Fichte3_G1,G1,Abies alba,Abies alba,23.292535416666666,21.8996005,12.409441,35.445072,144,0,Valid
2025-10-07,1887,917,Buche1_G1,G1,Fagus sylvatica,Fagus sylvatica,26.051308694444444,28.0517805,14.365983,42.899718,144,0,Valid
2025-10-07,1888,918,Buche2_G1,G1,Fagus sylvatica,Fagus sylvatica,11.989766916666667,11.368645,3.087827,23.879456,144,0,Valid
2025-10-07,1889,919,Buche3_G1,G1,Fagus sylvatica,Fagus sylvatica,12.439405138888889,7.344701499999999,3.176876,24.079897,144,0,Valid
2025-10-07,1890,920,Fichte1_P2,P2,Abies alba,Abies alba,52.597104548611114,51.726141,34.755817,76.791626,144,0,Valid
2025-10-07,1891,921,Fichte2_P2,P2,Abies alba,Abies alba,1.1343924166666666,0.08776,0,8.118484,144,0,Valid
2025-10-07,1892,922,Fichte3_P2,P2,Abies alba,Abies alba,50.690251270833336,46.8414755,29.595117,80.796996,144,0,Valid
2025-10-07,1893,923,Buche1_P2,P2,Fagus sylvatica,Fagus sylvatica,20.857374694444445,19.1003395,13.544472,28.416608,144,0,Valid
2025-10-07,1894,924,Buche2_P2,P2,Fagus sylvatica,Fagus sylvatica,45.73312695833334,48.7932085,31.094121,64.378763,144,0,Valid
2025-10-07,1895,925,Buche3_P2,P2,Fagus sylvatica,Fagus sylvatica,24.74782703472222,23.204949,16.743905,34.848369,144,0,Valid
2025-10-07,1896,926,Buche1_P3,P3,Fagus sylvatica,Fagus sylvatica,41.333225256944445,40.9178875,32.170622,52.690985,144,0,Valid
2025-10-07,1897,927,Buche2_P3,P3,Fagus sylvatica,Fagus sylvatica,10.000149298611111,8.080467,3.624312,20.842246,144,0,Valid
2025-10-07,1898,928,Buche3_P3,P3,Fagus sylvatica,Fagus sylvatica,21.827283416666667,20.2016235,8.255923,42.256154,144,0,Valid
2025-10-07,1899,929,Fichte1_P3,P3,Fagus sylvatica,Abies alba,20.59314559027778,15.783114999999999,5.156895,40.834076,144,0,Valid
2025-10-07,1900,930,Fichte2_P3,P3,Fagus sylvatica,Abies alba,45.6163929375,42.2052185,31.420936,61.136759,144,0,Valid
2025-10-07,1901,931,Fichte3_P3,P3,Fagus sylvatica,Abies alba,106.0138475625,101.0863005,80.162146,138.47,144,0,Valid
2025-10-08,1878,908,Buche1_P1,P1,Fagus sylvatica,Fagus sylvatica,9.88205392361111,7.5068565,3.708686,18.769458,144,0,Valid
2025-10-08,1879,909,Buche2_P1,P1,Fagus sylvatica,Fagus sylvatica,181.520682625,180.78328649999997,179.702186,185.287036,144,0,Valid
2025-10-08,1880,910,Buche3_P1,P1,Fagus sylvatica,Fagus sylvatica,152.1782856388889,152.75871949999998,146.222707,156.018055,144,0,Valid
2025-10-08,1881,911,Fichte1_P1,P1,Abies alba,Abies alba,76.75980816666667,76.11691,55.053355,110.841947,144,0,Valid
2025-10-08,1882,912,Fichte2_P1,P1,Abies alba,Abies alba,72.41278654861111,71.0766965,68.186752,88.129874,144,0,Valid
2025-10-08,1883,913,Fichte3_P1,P1,Abies alba,Abies alba,56.54320475694445,56.2730495,43.985577,75.15403,144,0,Valid
2025-10-08,1884,914,Fichte1_G1,G1,Abies alba,Abies alba,40.97292222916666,37.684236999999996,26.730194,83.438468,144,0,Valid
2025-10-08,1885,915,Fichte2_G1,G1,Abies alba,Abies alba,151.4428411736111,150.7646295,132.486155,185.887346,144,0,Valid
2025-10-08,1886,916,Fichte3_G1,G1,Abies alba,Abies alba,21.759344020833332,21.657362,18.557502,24.577079,144,0,Valid
2025-10-08,1887,917,Buche1_G1,G1,Fagus sylvatica,Fagus sylvatica,26.374999048611112,27.495414500000003,19.644622,31.062094,144,0,Valid
2025-10-08,1888,918,Buche2_G1,G1,Fagus sylvatica,Fagus sylvatica,16.61682215277778,16.180894,12.085603,21.612075,144,0,Valid
2025-10-08,1889,919,Buche3_G1,G1,Fagus sylvatica,Fagus sylvatica,20.73013871527778,20.023397,15.043631,24.506691,144,0,Valid
2025-10-08,1890,920,Fichte1_P2,P2,Abies alba,Abies alba,50.048695951388886,52.292604,41.978349,56.681952,144,0,Valid
2025-10-08,1891,921,Fichte2_P2,P2,Abies alba,Abies alba,3.4556240277777777,0.45635950000000003,0,9.818814,144,0,Valid
2025-10-08,1892,922,Fichte3_P2,P2,Abies alba,Abies alba,45.365958409722225,41.8375255,37.505155,54.872605,144,0,Valid
2025-10-08,1893,923,Buche1_P2,P2,Fagus sylvatica,Fagus sylvatica,20.28430278472222,19.0597875,15.24854,25.435519,144,0,Valid
2025-10-08,1894,924,Buche2_P2,P2,Fagus sylvatica,Fagus sylvatica,41.886365652777776,42.7710115,33.429852,48.75704,144,0,Valid
2025-10-08,1895,925,Buche3_P2,P2,Fagus sylvatica,Fagus sylvatica,19.47549959722222,18.614791500000003,16.985206,23.101981,144,0,Valid
2025-10-08,1896,926,Buche1_P3,P3,Fagus sylvatica,Fagus sylvatica,38.225719097222225,38.009451999999996,34.662744000000004,41.285465,144,0,Valid
2025-10-08,1897,927,Buche2_P3,P3,Fagus sylvatica,Fagus sylvatica,8.800895979166667,7.878412,5.10916,15.634386,144,0,Valid
2025-10-08,1898,928,Buche3_P3,P3,Fagus sylvatica,Fagus sylvatica,14.908548576388888,14.102516999999999,9.546399,26.119939,144,0,Valid
2025-10-08,1899,929,Fichte1_P3,P3,Fagus sylvatica,Abies alba,6.247680548611111,4.533588,1.522103,15.258316,144,0,Valid
2025-10-08,1900,930,Fichte2_P3,P3,Fagus sylvatica,Abies alba,44.260464375,41.135807,38.547018,52.707892,144,0,Valid
2025-10-08,1901,931,Fichte3_P3,P3,Fagus sylvatica,Abies alba,115.50196116666666,113.0516935,103.204989,126.11649,144,0,Valid
2025-10-09,1878,908,Buche1_P1,P1,Fagus sylvatica,Fagus sylvatica,11.057906819444444,10.231957,2.393396,23.759327,144,0,Valid
2025-10-09,1879,909,Buche2_P1,P1,Fagus sylvatica,Fagus sylvatica,183.0389125902778,179.58749899999998,174.124137,193.123486,144,0,Valid
2025-10-09,1880,910,Buche3_P1,P1,Fagus sylvatica,Fagus sylvatica,156.52710027777778,154.986586,148.014863,165.252515,144,0,Valid
2025-10-09,1881,911,Fichte1_P1,P1,Abies alba,Abies alba,63.292961104166665,54.1435795,15.403117,113.551847,144,0,Valid
2025-10-09,1882,912,Fichte2_P1,P1,Abies alba,Abies alba,73.94530078472222,66.79399799999999,56.691361,93.530047,144,0,Valid
2025-10-09,1883,913,Fichte3_P1,P1,Abies alba,Abies alba,58.007463819444446,49.188303,32.919932,89.635373,144,0,Valid
2025-10-09,1884,914,Fichte1_G1,G1,Abies alba,Abies alba,41.824525361111114,28.4521735,13.199464,79.76533,144,0,Valid
2025-10-09,1885,915,Fichte2_G1,G1,Abies alba,Abies alba,142.51827997222222,129.097514,92.941514,200.771912,144,0,Valid
2025-10-09,1886,916,Fichte3_G1,G1,Abies alba,Abies alba,20.31365461111111,18.1066005,11.925809,27.4859,144,0,Valid
2025-10-09,1887,917,Buche1_G1,G1,Fagus sylvatica,Fagus sylvatica,25.0831491875,19.6922295,16.140252,36.117922,144,0,Valid
2025-10-09,1888,918,Buche2_G1,G1,Fagus sylvatica,Fagus sylvatica,17.360164243055557,13.790652000000001,9.651954,25.645264,144,0,Valid
2025-10-09,1889,919,Buche3_G1,G1,Fagus sylvatica,Fagus sylvatica,19.246984652777776,15.0179905,11.818654,27.340587,144,0,Valid
2025-10-09,1890,920,Fichte1_P2,P2,Abies alba,Abies alba,46.35500401388889,41.4178205,33.41196,64.086735,144,0,Valid
2025-10-09,1891,921,Fichte2_P2,P2,Abies alba,Abies alba,0.21063894444444445,0,0,1.088353,144,0,Valid
2025-10-09,1892,922,Fichte3_P2,P2,Abies alba,Abies alba,38.93275472222222,37.2785615,20.784529,57.958372,144,0,Valid
2025-10-09,1893,923,Buche1_P2,P2,Fagus sylvatica,Fagus sylvatica,17.906570326388888,17.445382000000002,9.374958,23.034104,144,0,Valid
2025-10-09,1894,924,Buche2_P2,P2,Fagus sylvatica,Fagus sylvatica,39.18155690277778,33.5489575,28.646489,51.8304,144,0,Valid
2025-10-09,1895,925,Buche3_P2,P2,Fagus sylvatica,Fagus sylvatica,19.805853805555557,16.943629,12.508855,25.818479,144,0,Valid
2025-10-09,1896,926,Buche1_P3,P3,Fagus sylvatica,Fagus sylvatica,36.45554345833333,34.405153,29.844411,42.832217,144,0,Valid
2025-10-09,1897,927,Buche2_P3,P3,Fagus sylvatica,Fagus sylvatica,8.483688166666667,7.249141,3.577463,20.515324,144,0,Valid
2025-10-09,1898,928,Buche3_P3,P3,Fagus sylvatica,Fagus sylvatica,15.665841208333333,9.560049,5.710207,32.451908,144,0,Valid
2025-10-09,1899,929,Fichte1_P3,P3,Fagus sylvatica,Abies alba,7.858561777777778,0.8766965,0,20.407751,144,0,Valid
2025-10-09,1900,930,Fichte2_P3,P3,Fagus sylvatica,Abies alba,35.155135298611114,37.2527475,21.773008,41.271448,144,0,Valid
2025-10-09,1901,931,Fichte3_P3,P3,Fagus sylvatica,Abies alba,100.85556432638889,100.705408,83.455403,117.048084,144,0,Valid
2025-10-10,1878,908,Buche1_P1,P1,Fagus sylvatica,Fagus sylvatica,16.817208465277776,15.6319105,9.845252,26.501949,144,0,Valid
2025-10-10,1879,909,Buche2_P1,P1,Fagus sylvatica,Fagus sylvatica,196.41053331944445,196.1844575,186.407656,207.854814,144,0,Valid
2025-10-10,1880,910,Buche3_P1,P1,Fagus sylvatica,Fagus sylvatica,162.07760729166665,160.19741199999999,156.583046,169.124106,144,0,Valid
2025-10-10,1881,911,Fichte1_P1,P1,Abies alba,Abies alba,120.2701331875,102.394634,86.938303,181.154315,144,0,Valid
2025-10-10,1882,912,Fichte2_P1,P1,Abies alba,Abies alba,100.99069590277777,93.0719315,82.581131,132.910776,144,0,Valid
2025-10-10,1883,913,Fichte3_P1,P1,Abies alba,Abies alba,95.77977374305556,86.086195,69.587126,129.919573,144,0,Valid
2025-10-10,1884,914,Fichte1_G1,G1,Abies alba,Abies alba,68.69894309722223,63.511545,45.198873,107.441015,144,0,Valid
2025-10-10,1885,915,Fichte2_G1,G1,Abies alba,Abies alba,201.8209005138889,186.099853,166.957849,257.935193,144,0,Valid
2025-10-10,1886,916,Fichte3_G1,G1,Abies alba,Abies alba,29.237267208333332,25.666661,22.990443,38.995414,144,0,Valid
2025-10-10,1887,917,Buche1_G1,G1,Fagus sylvatica,Fagus sylvatica,36.97435445833333,35.68991,27.155725,48.5161,144,0,Valid
2025-10-10,1888,918,Buche2_G1,G1,Fagus sylvatica,Fagus sylvatica,25.97469932638889,25.2769125,18.667286,33.713811,144,0,Valid
2025-10-10,1889,919,Buche3_G1,G1,Fagus sylvatica,Fagus sylvatica,24.94086498969072,23.382117,18.923089,38.058304,97,0,Valid
2025-10-10,1890,920,Fichte1_P2,P2,Abies alba,Abies alba,62.5658824375,61.783823,44.233677,88.369213,144,0,Valid
2025-10-10,1891,921,Fichte2_P2,P2,Abies alba,Abies alba,4.5981256805555555,5.354806,1.04639,10.616501,144,0,Valid
2025-10-10,1892,922,Fichte3_P2,P2,Abies alba,Abies alba,60.753756465277775,56.605374,44.082197,90.708822,144,0,Valid
2025-10-10,1893,923,Buche1_P2,P2,Fagus sylvatica,Fagus sylvatica,24.805841805555556,23.641113,19.864073,30.277796,144,0,Valid
2025-10-10,1894,924,Buche2_P2,P2,Fagus sylvatica,Fagus sylvatica,51.109670305555554,49.7637745,39.890577,65.286153,144,0,Valid
2025-10-10,1895,925,Buche3_P2,P2,Fagus sylvatica,Fagus sylvatica,26.747166895833335,24.5896135,22.229874,35.450665,144,0,Valid
2025-10-10,1896,926,Buche1_P3,P3,Fagus sylvatica,Fagus sylvatica,44.258748006944444,43.31393,38.482486,52.777274,144,0,Valid
2025-10-10,1897,927,Buche2_P3,P3,Fagus sylvatica,Fagus sylvatica,12.951488423611112,12.579499,7.470099,21.74187,144,0,Valid
2025-10-10,1898,928,Buche3_P3,P3,Fagus sylvatica,Fagus sylvatica,24.220271673611112,20.7424105,15.126743,40.499198,144,0,Valid
2025-10-10,1899,929,Fichte1_P3,P3,Fagus sylvatica,Abies alba,18.72629446527778,12.584686999999999,9.510595,36.656982,144,0,Valid
2025-10-10,1900,930,Fichte2_P3,P3,Fagus sylvatica,Abies alba,48.8854309375,42.020480500000005,40.928403,63.559809,144,0,Valid
2025-10-10,1901,931,Fichte3_P3,P3,Fagus sylvatica,Abies alba,123.04727791666667,118.33378400000001,104.494394,149.916441,144,0,Valid
2025-10-11,1878,908,Buche1_P1,P1,Fagus sylvatica,Fagus sylvatica,14.487635138888889,11.9651975,8.584403,23.646192,144,0,Valid
2025-10-11,1879,909,Buche2_P1,P1,Fagus sylvatica,Fagus sylvatica,197.67628260416666,195.49127700000003,191.598763,206.547867,144,0,Valid
2025-10-11,1880,910,Buche3_P1,P1,Fagus sylvatica,Fagus sylvatica,159.00954155555556,156.5023245,153.43276,166.696579,144,0,Valid
2025-10-11,1881,911,Fichte1_P1,P1,Abies alba,Abies alba,94.7842449861111,93.957275,73.818368,123.394305,144,0,Valid
2025-10-11,1882,912,Fichte2_P1,P1,Abies alba,Abies alba,95.6703072013889,93.2494015,88.075373,107.713982,144,0,Valid
2025-10-11,1883,913,Fichte3_P1,P1,Abies alba,Abies alba,94.62850547222223,95.7763865,77.343916,115.291168,144,0,Valid
2025-10-11,1884,914,Fichte1_G1,G1,Abies alba,Abies alba,52.784456222222225,50.800478,38.108403,71.771019,144,0,Valid
2025-10-11,1885,915,Fichte2_G1,G1,Abies alba,Abies alba,187.68628233333334,186.3660665,166.706368,217.122984,144,0,Valid
2025-10-11,1886,916,Fichte3_G1,G1,Abies alba,Abies alba,30.697272784722223,29.420337,26.973797,37.01058,144,0,Valid
2025-10-11,1887,917,Buche1_G1,G1,Fagus sylvatica,Fagus sylvatica,36.72835103472222,35.913557499999996,31.69063,45.651861,144,0,Valid
2025-10-11,1888,918,Buche2_G1,G1,Fagus sylvatica,Fagus sylvatica,25.363506645833333,23.5267495,20.852761,31.211603,144,0,Valid
2025-10-11,1889,919,Buche3_G1,G1,Fagus sylvatica,Fagus sylvatica,25.26820383168317,24.158619,22.943573,32.892222,101,0,Valid
2025-10-11,1890,920,Fichte1_P2,P2,Abies alba,Abies alba,68.12947933333334,67.897119,57.14383,83.635382,144,0,Valid
2025-10-11,1891,921,Fichte2_P2,P2,Abies alba,Abies alba,12.471342416666667,13.202158,7.940349,17.992381,144,0,Valid
2025-10-11,1892,922,Fichte3_P2,P2,Abies alba,Abies alba,63.22803588888889,60.711316499999995,51.546809,79.984367,144,0,Valid
2025-10-11,1893,923,Buche1_P2,P2,Fagus sylvatica,Fagus sylvatica,24.880109013888887,24.685246,19.403282,30.73454,144,0,Valid
2025-10-11,1894,924,Buche2_P2,P2,Fagus sylvatica,Fagus sylvatica,49.49176688888889,47.6415845,42.494678,60.648118,144,0,Valid
2025-10-11,1895,925,Buche3_P2,P2,Fagus sylvatica,Fagus sylvatica,24.062703506944445,22.4739475,20.023894,31.223943,144,0,Valid
2025-10-11,1896,926,Buche1_P3,P3,Fagus sylvatica,Fagus sylvatica,44.702087,42.5633625,39.996251,50.615095,144,0,Valid
2025-10-11,1897,927,Buche2_P3,P3,Fagus sylvatica,Fagus sylvatica,13.032598118055555,12.1751555,10.08129,17.194606,144,0,Valid
2025-10-11,1898,928,Buche3_P3,P3,Fagus sylvatica,Fagus sylvatica,20.84477534722222,17.210172,15.213587,32.349288,144,0,Valid
2025-10-11,1899,929,Fichte1_P3,P3,Fagus sylvatica,Abies alba,15.028676847222222,13.6508725,9.873492,23.191826,144,0,Valid
2025-10-11,1900,930,Fichte2_P3,P3,Fagus sylvatica,Abies alba,52.487934375,52.1173,46.535721,59.519331,144,0,Valid
2025-10-11,1901,931,Fichte3_P3,P3,Fagus sylvatica,Abies alba,133.31803990277777,133.99994700000002,125.60347,139.624711,144,0,Valid
2025-10-12,1878,908,Buche1_P1,P1,Fagus sylvatica,Fagus sylvatica,12.404698479166667,10.758292,5.854493,20.663074,144,0,Valid
2025-10-12,1879,909,Buche2_P1,P1,Fagus sylvatica,Fagus sylvatica,196.51336350694444,196.903436,191.513446,202.601612,144,0,Valid
2025-10-12,1880,910,Buche3_P1,P1,Fagus sylvatica,Fagus sylvatica,159.80469615277778,159.43964549999998,151.998758,167.189924,144,0,Valid
2025-10-12,1881,911,Fichte1_P1,P1,Abies alba,Abies alba,75.00840499305555,74.4208795,43.617838,112.72246,144,0,Valid
2025-10-12,1882,912,Fichte2_P1,P1,Abies alba,Abies alba,89.36013765972223,87.486842,81.458283,100.316169,144,0,Valid
2025-10-12,1883,913,Fichte3_P1,P1,Abies alba,Abies alba,92.22310325694444,93.17019450000001,68.328905,114.716724,144,0,Valid
2025-10-12,1884,914,Fichte1_G1,G1,Abies alba,Abies alba,41.22073120833333,35.278913,27.160088,67.131693,144,0,Valid
2025-10-12,1885,915,Fichte2_G1,G1,Abies alba,Abies alba,171.02794014583333,173.0397195,142.078402,204.578019,144,0,Valid
2025-10-12,1886,916,Fichte3_G1,G1,Abies alba,Abies alba,30.200644666666665,29.710874,25.727488,35.571291,144,0,Valid
2025-10-12,1887,917,Buche1_G1,G1,Fagus sylvatica,Fagus sylvatica,34.33138650694445,35.3583875,26.868717,41.3784,144,0,Valid
2025-10-12,1888,918,Buche2_G1,G1,Fagus sylvatica,Fagus sylvatica,25.562074881944444,27.753383499999998,17.398915,30.807988,144,0,Valid
2025-10-12,1889,919,Buche3_G1,G1,Fagus sylvatica,Fagus sylvatica,24.870135819444446,25.120686,19.133156,29.452384,144,0,Valid
2025-10-12,1890,920,Fichte1_P2,P2,Abies alba,Abies alba,67.05650463194445,68.272257,53.905926,79.837195,144,0,Valid
2025-10-12,1891,921,Fichte2_P2,P2,Abies alba,Abies alba,8.573177458333333,9.984714,0.937182,17.894115,144,0,Valid
2025-10-12,1892,922,Fichte3_P2,P2,Abies alba,Abies alba,58.648853,61.154447000000005,43.47763,72.959519,144,0,Valid
2025-10-12,1893,923,Buche1_P2,P2,Fagus sylvatica,Fagus sylvatica,23.282826347222223,22.5301585,17.326229,29.504876,144,0,Valid
2025-10-12,1894,924,Buche2_P2,P2,Fagus sylvatica,Fagus sylvatica,45.22159234027778,45.055553,37.091361,54.868454,144,0,Valid
2025-10-12,1895,925,Buche3_P2,P2,Fagus sylvatica,Fagus sylvatica,21.585272395833332,21.452038,16.996888,26.976742,144,0,Valid
2025-10-12,1896,926,Buche1_P3,P3,Fagus sylvatica,Fagus sylvatica,45.1210358125,46.055119500000004,39.356355,49.660181,144,0,Valid
2025-10-12,1897,927,Buche2_P3,P3,Fagus sylvatica,Fagus sylvatica,12.038781631944444,12.786038,6.894904,16.98459,144,0,Valid
2025-10-12,1898,928,Buche3_P3,P3,Fagus sylvatica,Fagus sylvatica,18.435848770833335,16.184247499999998,10.518439,29.647124,144,0,Valid
2025-10-12,1899,929,Fichte1_P3,P3,Fagus sylvatica,Abies alba,11.043416430555556,11.153507000000001,4.797067,18.894035,144,0,Valid
2025-10-12,1900,930,Fichte2_P3,P3,Fagus sylvatica,Abies alba,50.38991615972222,48.3746245,43.715226,59.048819,144,0,Valid
2025-10-12,1901,931,Fichte3_P3,P3,Fagus sylvatica,Abies alba,131.49879656944444,133.656679,121.590035,137.158157,144,0,Valid
2025-10-13,1878,908,Buche1_P1,P1,Fagus sylvatica,Fagus sylvatica,13.743438347222222,13.555423,7.244613,23.34735,144,0,Valid
2025-10-13,1879,909,Buche2_P1,P1,Fagus sylvatica,Fagus sylvatica,200.38631109722223,198.6515235,191.738126,208.871782,144,0,Valid
2025-10-13,1880,910,Buche3_P1,P1,Fagus sylvatica,Fagus sylvatica,161.79969645833333,161.28692999999998,154.763143,168.913242,144,0,Valid
2025-10-13,1881,911,Fichte1_P1,P1,Abies alba,Abies alba,88.89008642361111,71.464208,48.990922,144.38342,144,0,Valid
2025-10-13,1882,912,Fichte2_P1,P1,Abies alba,Abies alba,98.94743432638889,86.55102049999999,83.715075,121.822191,144,0,Valid
2025-10-13,1883,913,Fichte3_P1,P1,Abies alba,Abies alba,105.2306012013889,98.97420199999999,80.599977,134.243137,144,0,Valid
2025-10-13,1884,914,Fichte1_G1,G1,Abies alba,Abies alba,55.291577993055554,38.552357,33.77797,89.122834,144,0,Valid
2025-10-13,1885,915,Fichte2_G1,G1,Abies alba,Abies alba,184.48656572916667,169.70738749999998,148.429388,232.733543,144,0,Valid
2025-10-13,1886,916,Fichte3_G1,G1,Abies alba,Abies alba,31.020000041666666,28.1674205,24.92992,38.273956,144,0,Valid
2025-10-13,1887,917,Buche1_G1,G1,Fagus sylvatica,Fagus sylvatica,35.7864360625,35.3794075,26.523042,47.179813,144,0,Valid
2025-10-13,1888,918,Buche2_G1,G1,Fagus sylvatica,Fagus sylvatica,27.49949423611111,27.582889,18.913639,35.230707,144,0,Valid
2025-10-13,1889,919,Buche3_G1,G1,Fagus sylvatica,Fagus sylvatica,26.9405940625,26.137480500000002,19.996083,35.097504,144,0,Valid
2025-10-13,1890,920,Fichte1_P2,P2,Abies alba,Abies alba,71.24824271527778,67.667383,56.046647,93.082514,144,0,Valid
2025-10-13,1891,921,Fichte2_P2,P2,Abies alba,Abies alba,4.221218319444445,2.0831755,0,16.256797,144,0,Valid
2025-10-13,1892,922,Fichte3_P2,P2,Abies alba,Abies alba,61.586528875,56.6380215,44.956912,87.245512,144,0,Valid
2025-10-13,1893,923,Buche1_P2,P2,Fagus sylvatica,Fagus sylvatica,23.719110222222223,23.2546515,17.048228,30.625982,144,0,Valid
2025-10-13,1894,924,Buche2_P2,P2,Fagus sylvatica,Fagus sylvatica,46.77875588194444,44.3392485,36.830818,60.915162,144,0,Valid
2025-10-13,1895,925,Buche3_P2,P2,Fagus sylvatica,Fagus sylvatica,24.27580417361111,22.9804495,17.546509,31.914527,144,0,Valid
2025-10-13,1896,926,Buche1_P3,P3,Fagus sylvatica,Fagus sylvatica,46.798196805555555,47.048674000000005,39.426331,52.705135,144,0,Valid
2025-10-13,1897,927,Buche2_P3,P3,Fagus sylvatica,Fagus sylvatica,12.909567166666667,12.889202000000001,7.181282,19.335419,144,0,Valid
2025-10-13,1898,928,Buche3_P3,P3,Fagus sylvatica,Fagus sylvatica,20.335160354166668,18.8412915,11.747702,33.155231,144,0,Valid
2025-10-13,1899,929,Fichte1_P3,P3,Fagus sylvatica,Abies alba,12.980927840277777,8.5583345,5.289558,24.470004,144,0,Valid
2025-10-13,1900,930,Fichte2_P3,P3,Fagus sylvatica,Abies alba,51.095038520833334,52.8577285,41.365871,58.018008,144,0,Valid
2025-10-13,1901,931,Fichte3_P3,P3,Fagus sylvatica,Abies alba,133.63311422222222,133.34281049999998,122.581023,146.142525,144,0,Valid
2025-10-14,1878,908,Buche1_P1,P1,Fagus sylvatica,Fagus sylvatica,15.696352423611112,12.850343500000001,11.140116,23.595206,144,0,Valid
2025-10-14,1879,909,Buche2_P1,P1,Fagus sylvatica,Fagus sylvatica,202.5563563888889,202.0590095,195.758186,209.889895,144,0,Valid
2025-10-14,1880,910,Buche3_P1,P1,Fagus sylvatica,Fagus sylvatica,161.21945722916666,161.1282655,154.433458,167.54719,144,0,Valid
2025-10-14,1881,911,Fichte1_P1,P1,Abies alba,Abies alba,108.26707277083334,107.88186350000001,86.904108,135.944815,144,0,Valid
2025-10-14,1882,912,Fichte2_P1,P1,Abies alba,Abies alba,110.03500538194444,109.47449449999999,100.861734,120.834721,144,0,Valid
2025-10-14,1883,913,Fichte3_P1,P1,Abies alba,Abies alba,122.62914139583333,120.8868025,111.208405,138.402806,144,0,Valid
2025-10-14,1884,914,Fichte1_G1,G1,Abies alba,Abies alba,75.2585472013889,74.6889775,60.82483,89.358097,144,0,Valid
2025-10-14,1885,915,Fichte2_G1,G1,Abies alba,Abies alba,205.83175082638888,203.1296115,185.787663,232.820519,144,0,Valid
2025-10-14,1886,916,Fichte3_G1,G1,Abies alba,Abies alba,35.865086958333336,35.8003075,32.223427,40.329531,144,0,Valid
2025-10-14,1887,917,Buche1_G1,G1,Fagus sylvatica,Fagus sylvatica,37.693202479166665,35.712253000000004,32.019023,47.653358,144,0,Valid
2025-10-14,1888,918,Buche2_G1,G1,Fagus sylvatica,Fagus sylvatica,28.79870857638889,28.435957000000002,23.152527,35.267118,144,0,Valid
2025-10-14,1889,919,Buche3_G1,G1,Fagus sylvatica,Fagus sylvatica,28.1382731875,27.260528,23.777439,34.614497,144,0,Valid
2025-10-14,1890,920,Fichte1_P2,P2,Abies alba,Abies alba,77.53491207638889,76.6414245,65.158982,96.955358,144,0,Valid
2025-10-14,1891,921,Fichte2_P2,P2,Abies alba,Abies alba,5.272961791666667,3.705909,2.216722,16.27665,144,0,Valid
2025-10-14,1892,922,Fichte3_P2,P2,Abies alba,Abies alba,66.11990592361111,63.791361,52.945774,84.941657,144,0,Valid
2025-10-14,1893,923,Buche1_P2,P2,Fagus sylvatica,Fagus sylvatica,26.699465819444445,27.124674,19.625949,32.342106,144,0,Valid
2025-10-14,1894,924,Buche2_P2,P2,Fagus sylvatica,Fagus sylvatica,49.183686819444446,47.248338000000004,41.592397,60.537639,144,0,Valid
2025-10-14,1895,925,Buche3_P2,P2,Fagus sylvatica,Fagus sylvatica,24.485783784722223,23.9380735,19.896737,31.562417,144,0,Valid
2025-10-14,1896,926,Buche1_P3,P3,Fagus sylvatica,Fagus sylvatica,48.24151076388889,48.5869385,42.164062,53.770114,144,0,Valid
2025-10-14,1897,927,Buche2_P3,P3,Fagus sylvatica,Fagus sylvatica,15.649813576388889,15.5324005,12.681988,18.363016,144,0,Valid
2025-10-14,1898,928,Buche3_P3,P3,Fagus sylvatica,Fagus sylvatica,21.845057486111113,18.0366445,15.515352,32.439193,144,0,Valid
2025-10-14,1899,929,Fichte1_P3,P3,Fagus sylvatica,Abies alba,14.581651791666667,12.612436500000001,9.627285,23.330893,144,0,Valid
2025-10-14,1900,930,Fichte2_P3,P3,Fagus sylvatica,Abies alba,53.88949807638889,54.9090815,47.164748,60.011189,144,0,Valid
2025-10-14,1901,931,Fichte3_P3,P3,Fagus sylvatica,Abies alba,138.73281665972223,137.12327,131.791664,148.547617,144,0,Valid
2025-10-15,1878,908,Buche1_P1,P1,Fagus sylvatica,Fagus sylvatica,13.867674368055555,11.5401485,6.885379,22.207765,144,0,Valid
2025-10-15,1879,909,Buche2_P1,P1,Fagus sylvatica,Fagus sylvatica,200.6293731736111,198.5986245,193.630856,208.264962,144,0,Valid
2025-10-15,1880,910,Buche3_P1,P1,Fagus sylvatica,Fagus sylvatica,162.3054314652778,164.839607,153.007069,166.348836,144,0,Valid
2025-10-15,1881,911,Fichte1_P1,P1,Abies alba,Abies alba,77.941510374999993,73.012075,38.285245,127.214355,144,0,Valid
2025-10-15,1882,912,Fichte2_P1,P1,Abies alba,Abies alba,98.58597525694445,94.6535725,83.238914,119.735856,144,0,Valid
2025-10-15,1883,913,Fichte3_P1,P1,Abies alba,Abies alba,113.291553375,111.3313865,90.629889,137.720765,144,0,Valid
2025-10-15,1884,914,Fichte1_G1,G1,Abies alba,Abies alba,55.291505666666666,50.2833565,29.162576,87.299205,144,0,Valid
2025-10-15,1885,915,Fichte2_G1,G1,Abies alba,Abies alba,192.14189427777777,187.96329350000002,157.911568,231.553199,144,0,Valid
2025-10-15,1886,916,Fichte3_G1,G1,Abies alba,Abies alba,35.9999875625,34.1531335,26.421422,47.241349,144,0,Valid
2025-10-15,1887,917,Buche1_G1,G1,Fagus sylvatica,Fagus sylvatica,37.79662702777778,36.578145500000005,31.332187,46.162372,144,0,Valid
2025-10-15,1888,918,Buche2_G1,G1,Fagus sylvatica,Fagus sylvatica,29.85412971527778,30.2604225,20.667906,37.238868,144,0,Valid
2025-10-15,1889,919,Buche3_G1,G1,Fagus sylvatica,Fagus sylvatica,28.741044243055555,28.903893,22.130902,34.410676,144,0,Valid
2025-10-15,1890,920,Fichte1_P2,P2,Abies alba,Abies alba,81.93819694444444,76.671969,65.490995,103.528492,144,0,Valid
2025-10-15,1891,921,Fichte2_P2,P2,Abies alba,Abies alba,9.653710340277778,10.893192500000001,0.066391,17.99219,144,0,Valid
2025-10-15,1892,922,Fichte3_P2,P2,Abies alba,Abies alba,69.09076416666666,66.345416,49.012198,92.385896,144,0,Valid
2025-10-15,1893,923,Buche1_P2,P2,Fagus sylvatica,Fagus sylvatica,28.167075604166666,28.868324,18.198806,34.017241,144,0,Valid
2025-10-15,1894,924,Buche2_P2,P2,Fagus sylvatica,Fagus sylvatica,48.96557359027778,46.757178999999994,39.463774,60.66313,144,0,Valid
2025-10-15,1895,925,Buche3_P2,P2,Fagus sylvatica,Fagus sylvatica,23.628468645833333,21.942562,17.030509,32.103737,144,0,Valid
2025-10-15,1896,926,Buche1_P3,P3,Fagus sylvatica,Fagus sylvatica,50.23773093055556,51.157022,42.356868,55.308512,144,0,Valid
2025-10-15,1897,927,Buche2_P3,P3,Fagus sylvatica,Fagus sylvatica,16.052603770833333,16.944108999999997,7.163089,21.907583,144,0,Valid
2025-10-15,1898,928,Buche3_P3,P3,Fagus sylvatica,Fagus sylvatica,20.627450493055555,17.1773215,12.04682,34.529807,144,0,Valid
2025-10-15,1899,929,Fichte1_P3,P3,Fagus sylvatica,Abies alba,14.651068416666666,11.0654705,4.544401,32.089071,144,0,Valid
2025-10-15,1900,930,Fichte2_P3,P3,Fagus sylvatica,Abies alba,58.22919585416667,59.175063,46.740742,67.911341,144,0,Valid
2025-10-15,1901,931,Fichte3_P3,P3,Fagus sylvatica,Abies alba,143.8776552986111,139.99037399999997,133.098248,161.919602,144,0,Valid
2025-10-16,1878,908,Buche1_P1,P1,Fagus sylvatica,Fagus sylvatica,14.827504243055555,11.812035,9.283156,23.560843,144,0,Valid
2025-10-16,1879,909,Buche2_P1,P1,Fagus sylvatica,Fagus sylvatica,201.0935389236111,200.861106,193.627963,209.27491,144,0,Valid
2025-10-16,1880,910,Buche3_P1,P1,Fagus sylvatica,Fagus sylvatica,159.03719609027777,157.9119335,152.835167,165.876272,144,0,Valid
2025-10-16,1881,911,Fichte1_P1,P1,Abies alba,Abies alba,90.2293251875,86.56544600000001,56.333117,140.027219,144,0,Valid
2025-10-16,1882,912,Fichte2_P1,P1,Abies alba,Abies alba,103.27000385416666,102.9155705,89.445542,122.015974,144,0,Valid
2025-10-16,1883,913,Fichte3_P1,P1,Abies alba,Abies alba,121.11813900694445,116.705405,103.375016,148.211389,144,0,Valid
2025-10-16,1884,914,Fichte1_G1,G1,Abies alba,Abies alba,73.3039297013889,69.65310149999999,54.543173,99.269896,144,0,Valid
2025-10-16,1885,915,Fichte2_G1,G1,Abies alba,Abies alba,197.92625707638888,196.061488,167.21049,236.057794,144,0,Valid
2025-10-16,1886,916,Fichte3_G1,G1,Abies alba,Abies alba,34.69957124305556,34.479997,28.500043,41.975678,144,0,Valid
2025-10-16,1887,917,Buche1_G1,G1,Fagus sylvatica,Fagus sylvatica,35.41411955555556,33.4080975,28.050101,45.182157,144,0,Valid
2025-10-16,1888,918,Buche2_G1,G1,Fagus sylvatica,Fagus sylvatica,27.628977368055555,28.048189999999998,21.205074,35.060379,144,0,Valid
2025-10-16,1889,919,Buche3_G1,G1,Fagus sylvatica,Fagus sylvatica,26.4829548125,24.9168725,20.816749,34.041021,144,0,Valid
2025-10-16,1890,920,Fichte1_P2,P2,Abies alba,Abies alba,80.38030440972223,78.1364675,65.233476,100.992342,144,0,Valid
2025-10-16,1891,921,Fichte2_P2,P2,Abies alba,Abies alba,5.881006833333333,6.5321985,0,12.218823,144,0,Valid
2025-10-16,1892,922,Fichte3_P2,P2,Abies alba,Abies alba,63.995825805555555,62.569013999999996,49.040035,85.486156,144,0,Valid
2025-10-16,1893,923,Buche1_P2,P2,Fagus sylvatica,Fagus sylvatica,25.500153791666666,24.470802499999998,19.22034,32.253312,144,0,Valid
2025-10-16,1894,924,Buche2_P2,P2,Fagus sylvatica,Fagus sylvatica,47.08288065972222,47.2597825,39.027748,57.688708,144,0,Valid
2025-10-16,1895,925,Buche3_P2,P2,Fagus sylvatica,Fagus sylvatica,22.726699416666666,20.612800999999997,18.039134,30.086306,144,0,Valid
2025-10-16,1896,926,Buche1_P3,P3,Fagus sylvatica,Fagus sylvatica,48.03061594444444,46.8458475,42.380381,54.698854,144,0,Valid
2025-10-16,1897,927,Buche2_P3,P3,Fagus sylvatica,Fagus sylvatica,14.392481819444445,14.1259545,9.367054,19.464289,144,0,Valid
2025-10-16,1898,928,Buche3_P3,P3,Fagus sylvatica,Fagus sylvatica,21.953453166666666,18.779505,14.079692,34.146996,144,0,Valid
2025-10-16,1899,929,Fichte1_P3,P3,Fagus sylvatica,Abies alba,13.901468604166666,12.371843,5.948322,26.488187,144,0,Valid
2025-10-16,1900,930,Fichte2_P3,P3,Fagus sylvatica,Abies alba,55.16698332638889,54.1786725,48.221848,63.818131,144,0,Valid
2025-10-16,1901,931,Fichte3_P3,P3,Fagus sylvatica,Abies alba,143.90955402777777,141.3127005,135.597068,159.770918,144,0,Valid
2025-10-17,1878,908,Buche1_P1,P1,Fagus sylvatica,Fagus sylvatica,14.122439805555555,12.3528625,9.409629,23.343816,144,0,Valid
2025-10-17,1879,909,Buche2_P1,P1,Fagus sylvatica,Fagus sylvatica,200.95037354166666,199.539468,194.860484,208.623559,144,0,Valid
2025-10-17,1880,910,Buche3_P1,P1,Fagus sylvatica,Fagus sylvatica,160.57124716666667,161.1224985,156.483402,165.829531,144,0,Valid
2025-10-17,1881,911,Fichte1_P1,P1,Abies alba,Abies alba,83.14621213888888,80.96536499999999,58.441812,119.844699,144,0,Valid
2025-10-17,1882,912,Fichte2_P1,P1,Abies alba,Abies alba,100.73485319444444,96.65024700000001,92.470849,114.751571,144,0,Valid
2025-10-17,1883,913,Fichte3_P1,P1,Abies alba,Abies alba,121.27739666666666,118.20037199999999,108.947559,141.245159,144,0,Valid
2025-10-17,1884,914,Fichte1_G1,G1,Abies alba,Abies alba,73.9787631388889,71.39534900000001,60.307645,92.397108,144,0,Valid
2025-10-17,1885,915,Fichte2_G1,G1,Abies alba,Abies alba,200.84692735416667,198.31421799999998,183.07553,227.625737,144,0,Valid
2025-10-17,1886,916,Fichte3_G1,G1,Abies alba,Abies alba,34.04016158333334,32.8824455,29.813282,40.368015,144,0,Valid
2025-10-17,1887,917,Buche1_G1,G1,Fagus sylvatica,Fagus sylvatica,35.74257664583333,33.6700665,31.517058,43.893352,144,0,Valid
2025-10-17,1888,918,Buche2_G1,G1,Fagus sylvatica,Fagus sylvatica,28.048635819444446,28.035504,23.432897,33.756545,144,0,Valid
2025-10-17,1889,919,Buche3_G1,G1,Fagus sylvatica,Fagus sylvatica,27.14472204861111,25.4108445,22.603496,32.985807,144,0,Valid
2025-10-17,1890,920,Fichte1_P2,P2,Abies alba,Abies alba,83.0210238125,78.6783835,70.687309,100.116288,144,0,Valid
2025-10-17,1891,921,Fichte2_P2,P2,Abies alba,Abies alba,8.35758545138889,10.047102500000001,0,14.87357,144,0,Valid
2025-10-17,1892,922,Fichte3_P2,P2,Abies alba,Abies alba,65.27696479166667,62.6098375,54.553778,81.832305,144,0,Valid
2025-10-17,1893,923,Buche1_P2,P2,Fagus sylvatica,Fagus sylvatica,26.22853954861111,27.063496999999998,20.634306,32.051521,144,0,Valid
2025-10-17,1894,924,Buche2_P2,P2,Fagus sylvatica,Fagus sylvatica,47.785963493055554,46.032488,42.289365,55.989406,144,0,Valid
2025-10-17,1895,925,Buche3_P2,P2,Fagus sylvatica,Fagus sylvatica,22.231173590277777,22.2032405,18.85459,26.834578,144,0,Valid
2025-10-17,1896,926,Buche1_P3,P3,Fagus sylvatica,Fagus sylvatica,48.50813726388889,48.8270455,43.862453,53.370654,144,0,Valid
2025-10-17,1897,927,Buche2_P3,P3,Fagus sylvatica,Fagus sylvatica,14.039005354166667,14.727454,10.217291,17.8254,144,0,Valid
2025-10-17,1898,928,Buche3_P3,P3,Fagus sylvatica,Fagus sylvatica,21.031412409722222,17.8986965,14.612891,32.620253,144,0,Valid
2025-10-17,1899,929,Fichte1_P3,P3,Fagus sylvatica,Abies alba,12.001932895833333,10.7225745,5.839177,22.758707,144,0,Valid
2025-10-17,1900,930,Fichte2_P3,P3,Fagus sylvatica,Abies alba,54.56520203472222,54.1534245,48.367167,62.073255,144,0,Valid
2025-10-17,1901,931,Fichte3_P3,P3,Fagus sylvatica,Abies alba,144.02072246527777,142.4082175,136.888757,154.81931,144,0,Valid
2025-10-18,1878,908,Buche1_P1,P1,Fagus sylvatica,Fagus sylvatica,14.022602854166667,12.338621,6.583859,22.587337,144,0,Valid
2025-10-18,1879,909,Buche2_P1,P1,Fagus sylvatica,Fagus sylvatica,202.46664858333332,202.562013,194.06775,209.366006,144,0,Valid
2025-10-18,1880,910,Buche3_P1,P1,Fagus sylvatica,Fagus sylvatica,162.39184329166667,163.80738300000002,153.042222,166.374164,144,0,Valid
2025-10-18,1881,911,Fichte1_P1,P1,Abies alba,Abies alba,78.25965325,73.9602975,38.525451,126.432795,144,0,Valid
2025-10-18,1882,912,Fichte2_P1,P1,Abies alba,Abies alba,102.49119727083334,99.163083,85.585269,125.017182,144,0,Valid
2025-10-18,1883,913,Fichte3_P1,P1,Abies alba,Abies alba,123.6703686875,119.4464025,103.752904,151.203855,144,0,Valid
2025-10-18,1884,914,Fichte1_G1,G1,Abies alba,Abies alba,75.70101339583333,71.557608,51.32092,103.961807,144,0,Valid
2025-10-18,1885,915,Fichte2_G1,G1,Abies alba,Abies alba,201.29316693055554,197.404404,166.554624,239.759097,144,0,Valid
2025-10-18,1886,916,Fichte3_G1,G1,Abies alba,Abies alba,36.457042270833334,34.4652935,26.555376,47.551561,144,0,Valid
2025-10-18,1887,917,Buche1_G1,G1,Fagus sylvatica,Fagus sylvatica,36.82793822916667,36.3257215,29.937184,45.966507,144,0,Valid
2025-10-18,1888,918,Buche2_G1,G1,Fagus sylvatica,Fagus sylvatica,29.580998527777776,29.682456000000002,20.056421,36.236812,144,0,Valid
2025-10-18,1889,919,Buche3_G1,G1,Fagus sylvatica,Fagus sylvatica,29.803589396226414,29.585777,26.1574,33.245184,106,0,Valid
2025-10-18,1890,920,Fichte1_P2,P2,Abies alba,Abies alba,88.13679648611111,83.7368465,70.601578,107.193596,144,0,Valid
2025-10-18,1891,921,Fichte2_P2,P2,Abies alba,Abies alba,9.470342826388888,12.7607325,0,17.219042,144,0,Valid
2025-10-18,1892,922,Fichte3_P2,P2,Abies alba,Abies alba,70.20931284027778,66.6833025,50.606984,92.820852,144,0,Valid
2025-10-18,1893,923,Buche1_P2,P2,Fagus sylvatica,Fagus sylvatica,28.356357701388887,29.7045025,18.450983,33.619301,144,0,Valid
2025-10-18,1894,924,Buche2_P2,P2,Fagus sylvatica,Fagus sylvatica,49.86891133333334,49.6864555,40.357631,59.231769,144,0,Valid
2025-10-18,1895,925,Buche3_P2,P2,Fagus sylvatica,Fagus sylvatica,23.746368159722223,23.7855925,16.679959,31.009258,144,0,Valid
2025-10-18,1896,926,Buche1_P3,P3,Fagus sylvatica,Fagus sylvatica,50.846900319444444,52.0187275,42.621026,54.685592,144,0,Valid
2025-10-18,1897,927,Buche2_P3,P3,Fagus sylvatica,Fagus sylvatica,15.31050792361111,15.4277305,7.402443,21.753529,144,0,Valid
2025-10-18,1898,928,Buche3_P3,P3,Fagus sylvatica,Fagus sylvatica,21.2361708125,18.2456715,12.755415,34.130327,144,0,Valid
2025-10-18,1899,929,Fichte1_P3,P3,Fagus sylvatica,Abies alba,14.780668180555555,11.1274025,3.851018,30.294332,144,0,Valid
2025-10-18,1900,930,Fichte2_P3,P3,Fagus sylvatica,Abies alba,58.86476015972222,59.322811,47.106028,67.113724,144,0,Valid
2025-10-18,1901,931,Fichte3_P3,P3,Fagus sylvatica,Abies alba,149.0663849375,146.3919455,136.864919,164.698948,144,0,Valid
2025-10-19,1878,908,Buche1_P1,P1,Fagus sylvatica,Fagus sylvatica,12.850037652777777,11.766074,5.660427,22.213882,144,0,Valid
2025-10-19,1879,909,Buche2_P1,P1,Fagus sylvatica,Fagus sylvatica,198.14303436805557,198.629062,192.958265,203.217786,144,0,Valid
2025-10-19,1880,910,Buche3_P1,P1,Fagus sylvatica,Fagus sylvatica,159.32126052777778,155.9466525,151.594439,166.366434,144,0,Valid
2025-10-19,1881,911,Fichte1_P1,P1,Abies alba,Abies alba,64.00777670833334,62.696335,31.403394,100.157041,144,0,Valid
2025-10-19,1882,912,Fichte2_P1,P1,Abies alba,Abies alba,99.83266956944445,98.964054,84.760051,117.484536,144,0,Valid
2025-10-19,1883,913,Fichte3_P1,P1,Abies alba,Abies alba,118.00663642361111,117.07953,103.243704,135.198706,144,0,Valid
2025-10-19,1884,914,Fichte1_G1,G1,Abies alba,Abies alba,82.34876250694444,76.36725849999999,55.132876,112.033738,144,0,Valid
2025-10-19,1885,915,Fichte2_G1,G1,Abies alba,Abies alba,193.79220527083334,193.706664,163.922505,222.545399,144,0,Valid
2025-10-19,1886,916,Fichte3_G1,G1,Abies alba,Abies alba,34.244294465277775,33.518164,26.421241,46.339317,144,0,Valid
2025-10-19,1887,917,Buche1_G1,G1,Fagus sylvatica,Fagus sylvatica,32.394965819444444,34.25293,25.283356,36.760819,144,0,Valid
2025-10-19,1888,918,Buche2_G1,G1,Fagus sylvatica,Fagus sylvatica,26.99269027777778,28.921412,18.181631,31.323717,144,0,Valid
2025-10-19,1889,919,Buche3_G1,G1,Fagus sylvatica,Fagus sylvatica,25.582969368055554,25.570922,18.875845,29.594706,144,0,Valid
2025-10-19,1890,920,Fichte1_P2,P2,Abies alba,Abies alba,83.58893438194444,84.169589,70.453701,100.989585,144,0,Valid
2025-10-19,1891,921,Fichte2_P2,P2,Abies alba,Abies alba,8.949536930555556,7.822319500000001,0,17.561821,144,0,Valid
2025-10-19,1892,922,Fichte3_P2,P2,Abies alba,Abies alba,61.65440932638889,63.982355,47.227033,76.814885,144,0,Valid
2025-10-19,1893,923,Buche1_P2,P2,Fagus sylvatica,Fagus sylvatica,26.303956520833335,27.566133,18.209849,30.345332,144,0,Valid
2025-10-19,1894,924,Buche2_P2,P2,Fagus sylvatica,Fagus sylvatica,44.7773604375,46.832755000000006,37.256621,51.145019,144,0,Valid
2025-10-19,1895,925,Buche3_P2,P2,Fagus sylvatica,Fagus sylvatica,20.880193743055557,21.10333,15.997101,23.59095,144,0,Valid
2025-10-19,1896,926,Buche1_P3,P3,Fagus sylvatica,Fagus sylvatica,48.38738841666667,48.565441,41.979235,52.945914,144,0,Valid
2025-10-19,1897,927,Buche2_P3,P3,Fagus sylvatica,Fagus sylvatica,13.827066319444445,15.115702500000001,6.61497,20.613863,144,0,Valid
2025-10-19,1898,928,Buche3_P3,P3,Fagus sylvatica,Fagus sylvatica,19.0983001875,17.1918055,12.071721,32.147803,144,0,Valid
2025-10-19,1899,929,Fichte1_P3,P3,Fagus sylvatica,Abies alba,12.058876326388889,10.7841695,3.696043,24.813147,144,0,Valid
2025-10-19,1900,930,Fichte2_P3,P3,Fagus sylvatica,Abies alba,55.996068451388886,56.9223025,44.964025,63.534528,144,0,Valid
2025-10-19,1901,931,Fichte3_P3,P3,Fagus sylvatica,Abies alba,145.74683048611112,146.78123499999998,137.855852,155.34823600000001,144,0,Valid
2025-10-20,1878,908,Buche1_P1,P1,Fagus sylvatica,Fagus sylvatica,7.144793506944445,7.4476945,3.838541,10.192946,144,0,Valid
2025-10-20,1879,909,Buche2_P1,P1,Fagus sylvatica,Fagus sylvatica,185.36845422916667,183.055957,180.204611,192.960608,144,0,Valid
2025-10-20,1880,910,Buche3_P1,P1,Fagus sylvatica,Fagus sylvatica,149.37456805555556,147.675443,144.889584,155.184853,144,0,Valid
2025-10-20,1881,911,Fichte1_P1,P1,Abies alba,Abies alba,19.445101666666666,13.9912575,0,56.778753,144,0,Valid
2025-10-20,1882,912,Fichte2_P1,P1,Abies alba,Abies alba,77.18964181944445,73.995665,64.5805,96.382082,144,0,Valid
2025-10-20,1883,913,Fichte3_P1,P1,Abies alba,Abies alba,90.03053871527777,84.4688685,71.451898,113.830209,144,0,Valid
2025-10-20,1884,914,Fichte1_G1,G1,Abies alba,Abies alba,77.63103147916667,74.9478635,67.088214,96.239143,144,0,Valid
2025-10-20,1885,915,Fichte2_G1,G1,Abies alba,Abies alba,140.98871179166667,136.444236,106.022896,184.956618,144,0,Valid
2025-10-20,1886,916,Fichte3_G1,G1,Abies alba,Abies alba,18.458842506944443,18.6049185,9.336474,27.412328,144,0,Valid
2025-10-20,1887,917,Buche1_G1,G1,Fagus sylvatica,Fagus sylvatica,18.750295798611113,18.2876385,12.882493,25.152271,144,0,Valid
2025-10-20,1888,918,Buche2_G1,G1,Fagus sylvatica,Fagus sylvatica,14.557447458333334,12.893939499999998,8.216393,23.92958,144,0,Valid
2025-10-20,1889,919,Buche3_G1,G1,Fagus sylvatica,Fagus sylvatica,14.266370298611111,13.350353,7.927753,22.028989,144,0,Valid
2025-10-20,1890,920,Fichte1_P2,P2,Abies alba,Abies alba,57.8371423125,55.994103499999994,44.659357,72.278576,144,0,Valid
2025-10-20,1891,921,Fichte2_P2,P2,Abies alba,Abies alba,3.0850097222222224,0.8236304999999999,0,8.801143,144,0,Valid
2025-10-20,1892,922,Fichte3_P2,P2,Abies alba,Abies alba,34.40977038888889,33.181622000000004,22.68374,49.876303,144,0,Valid
2025-10-20,1893,923,Buche1_P2,P2,Fagus sylvatica,Fagus sylvatica,17.82846046527778,17.511194500000002,12.536076,24.296791,144,0,Valid
2025-10-20,1894,924,Buche2_P2,P2,Fagus sylvatica,Fagus sylvatica,30.274390180555557,30.409145,20.888239,37.152852,144,0,Valid
2025-10-20,1895,925,Buche3_P2,P2,Fagus sylvatica,Fagus sylvatica,15.590650006944445,14.8301365,12.484942,19.290469,144,0,Valid
2025-10-20,1896,926,Buche1_P3,P3,Fagus sylvatica,Fagus sylvatica,39.163923006944444,39.407782499999996,31.941528,43.840089999999996,144,0,Valid
2025-10-20,1897,927,Buche2_P3,P3,Fagus sylvatica,Fagus sylvatica,6.908326791666667,6.8644315,3.363294,10.158735,144,0,Valid
2025-10-20,1898,928,Buche3_P3,P3,Fagus sylvatica,Fagus sylvatica,12.894458111111112,13.3148785,4.987587,22.290738,144,0,Valid
2025-10-20,1899,929,Fichte1_P3,P3,Fagus sylvatica,Abies alba,1.6511988333333334,0.694234,0,6.052529,144,0,Valid
2025-10-20,1900,930,Fichte2_P3,P3,Fagus sylvatica,Abies alba,38.803853395833336,37.313568000000004,29.013305,54.142088,144,0,Valid
2025-10-20,1901,931,Fichte3_P3,P3,Fagus sylvatica,Abies alba,126.79427934027778,125.61219,113.53788,137.955384,144,0,Valid
2025-10-21,1878,908,Buche1_P1,P1,Fagus sylvatica,Fagus sylvatica,5.330010652777778,3.400792,0,18.293321,144,0,Valid
2025-10-21,1879,909,Buche2_P1,P1,Fagus sylvatica,Fagus sylvatica,178.85777027083333,178.7416885,176.935817,181.411525,144,0,Valid
2025-10-21,1880,910,Buche3_P1,P1,Fagus sylvatica,Fagus sylvatica,145.2573583125,145.7909105,141.981856,147.069632,144,0,Valid
2025-10-21,1881,911,Fichte1_P1,P1,Abies alba,Abies alba,36.0954828125,0.0634235,0,102.712119,144,0,Valid
2025-10-21,1882,912,Fichte2_P1,P1,Abies alba,Abies alba,68.53512499305556,61.894091,44.388516,103.114176,144,0,Valid
2025-10-21,1883,913,Fichte3_P1,P1,Abies alba,Abies alba,76.10216791666667,67.4127095,49.813838,113.15384,144,0,Valid
2025-10-21,1884,914,Fichte1_G1,G1,Abies alba,Abies alba,76.54522830555555,61.695997500000004,42.570669,116.133209,144,0,Valid
2025-10-21,1885,915,Fichte2_G1,G1,Abies alba,Abies alba,117.16643352777778,102.285281,78.971736,179.068044,144,0,Valid
2025-10-21,1886,916,Fichte3_G1,G1,Abies alba,Abies alba,9.379229604166667,7.601235,0,25.152268,144,0,Valid
2025-10-21,1887,917,Buche1_G1,G1,Fagus sylvatica,Fagus sylvatica,11.355744736111111,10.871258999999998,7.537774,19.656226,144,0,Valid
2025-10-21,1888,918,Buche2_G1,G1,Fagus sylvatica,Fagus sylvatica,6.513886118055556,5.937559,3.07263,14.489322,144,0,Valid
2025-10-21,1889,919,Buche3_G1,G1,Fagus sylvatica,Fagus sylvatica,8.181389020833333,6.501416,2.462599,19.153054,144,0,Valid
2025-10-21,1890,920,Fichte1_P2,P2,Abies alba,Abies alba,47.78851979861111,43.3519115,35.440142,74.821483,144,0,Valid
2025-10-21,1891,921,Fichte2_P2,P2,Abies alba,Abies alba,0.8240838888888888,0,0,3.264218,144,0,Valid
2025-10-21,1892,922,Fichte3_P2,P2,Abies alba,Abies alba,27.082135993055555,22.0614425,11.231591,53.476543,144,0,Valid
2025-10-21,1893,923,Buche1_P2,P2,Fagus sylvatica,Fagus sylvatica,13.923037138888889,13.8913595,7.924466,19.126039,144,0,Valid
2025-10-21,1894,924,Buche2_P2,P2,Fagus sylvatica,Fagus sylvatica,20.6411888125,18.956870000000002,15.16833,34.286669,144,0,Valid
2025-10-21,1895,925,Buche3_P2,P2,Fagus sylvatica,Fagus sylvatica,15.549334243055556,12.435183,10.110946,22.23272,144,0,Valid
2025-10-21,1896,926,Buche1_P3,P3,Fagus sylvatica,Fagus sylvatica,30.798477659722224,30.3891335,24.442642,39.413915,144,0,Valid
2025-10-21,1897,927,Buche2_P3,P3,Fagus sylvatica,Fagus sylvatica,3.443095298611111,2.1978065,0,13.522068,144,0,Valid
2025-10-21,1898,928,Buche3_P3,P3,Fagus sylvatica,Fagus sylvatica,9.286058645833334,7.95337,2.369237,24.859448,144,0,Valid
2025-10-21,1899,929,Fichte1_P3,P3,Fagus sylvatica,Abies alba,10.39292588888889,0.0037884999999999998,0,32.880637,144,0,Valid
2025-10-21,1900,930,Fichte2_P3,P3,Fagus sylvatica,Abies alba,26.419796256944444,26.1077055,12.768767,37.287693,144,0,Valid
2025-10-21,1901,931,Fichte3_P3,P3,Fagus sylvatica,Abies alba,112.09712872222222,111.60674750000001,93.001407,135.905733,144,0,Valid
2025-10-22,1878,908,Buche1_P1,P1,Fagus sylvatica,Fagus sylvatica,5.443336895833333,2.7989534999999997,0,17.353452,144,0,Valid
2025-10-22,1879,909,Buche2_P1,P1,Fagus sylvatica,Fagus sylvatica,175.12082883333332,174.99464799999998,173.411236,177.001844,144,0,Valid
2025-10-22,1880,910,Buche3_P1,P1,Fagus sylvatica,Fagus sylvatica,142.76221679166667,142.386397,140.278478,145.796527,144,0,Valid
2025-10-22,1881,911,Fichte1_P1,P1,Abies alba,Abies alba,60.834146902777775,50.603359499999996,23.163035,124.838485,144,0,Valid
2025-10-22,1882,912,Fichte2_P1,P1,Abies alba,Abies alba,68.60304063888888,65.5399655,49.092806,93.830122,144,0,Valid
2025-10-22,1883,913,Fichte3_P1,P1,Abies alba,Abies alba,84.06714136805556,78.81782899999999,57.882035,119.849411,144,0,Valid
2025-10-22,1884,914,Fichte1_G1,G1,Abies alba,Abies alba,118.92633849305555,107.233918,90.006888,159.761389,144,0,Valid
2025-10-22,1885,915,Fichte2_G1,G1,Abies alba,Abies alba,126.51626225,121.6447545,95.144591,175.35,144,0,Valid
2025-10-22,1886,916,Fichte3_G1,G1,Abies alba,Abies alba,7.101980722222222,5.547226500000001,0,20.168387,144,0,Valid
2025-10-22,1887,917,Buche1_G1,G1,Fagus sylvatica,Fagus sylvatica,8.874483270833334,7.053803,5.340828,16.464857,144,0,Valid
2025-10-22,1888,918,Buche2_G1,G1,Fagus sylvatica,Fagus sylvatica,3.0574212361111113,2.6760824999999997,0,9.780957,144,0,Valid
2025-10-22,1889,919,Buche3_G1,G1,Fagus sylvatica,Fagus sylvatica,7.600250069444445,4.5803395,1.353068,17.800067,144,0,Valid
2025-10-22,1890,920,Fichte1_P2,P2,Abies alba,Abies alba,46.740696694444445,43.919132000000005,35.954166,68.185815,144,0,Valid
2025-10-22,1891,921,Fichte2_P2,P2,Abies alba,Abies alba,1.1570215069444445,0.9112855,0,3.10172,144,0,Valid
2025-10-22,1892,922,Fichte3_P2,P2,Abies alba,Abies alba,28.021629520833333,25.349964,14.82531,49.94768,144,0,Valid
2025-10-22,1893,923,Buche1_P2,P2,Fagus sylvatica,Fagus sylvatica,10.824122444444445,10.882455,4.053979,16.194289,144,0,Valid
2025-10-22,1894,924,Buche2_P2,P2,Fagus sylvatica,Fagus sylvatica,20.347606965277777,17.5509365,13.919434,30.949056,144,0,Valid
2025-10-22,1895,925,Buche3_P2,P2,Fagus sylvatica,Fagus sylvatica,15.437316944444445,16.990702,10.073945,20.024721,144,0,Valid
2025-10-22,1896,926,Buche1_P3,P3,Fagus sylvatica,Fagus sylvatica,29.838506159722222,28.282446999999998,22.476851,36.742587,144,0,Valid
2025-10-22,1897,927,Buche2_P3,P3,Fagus sylvatica,Fagus sylvatica,4.319461173611111,3.8946705,0,12.220465,144,0,Valid
2025-10-22,1898,928,Buche3_P3,P3,Fagus sylvatica,Fagus sylvatica,12.057887458333333,9.6075965,4.052578,25.672144,144,0,Valid
2025-10-22,1899,929,Fichte1_P3,P3,Fagus sylvatica,Abies alba,16.72574370138889,14.524550999999999,9.109475,27.524553,144,0,Valid
2025-10-22,1900,930,Fichte2_P3,P3,Fagus sylvatica,Abies alba,22.604308680555555,25.27976,11.469711,32.501335,144,0,Valid
2025-10-22,1901,931,Fichte3_P3,P3,Fagus sylvatica,Abies alba,106.24623816666667,106.623048,90.170563,125.218866,144,0,Valid
2025-10-23,1878,908,Buche1_P1,P1,Fagus sylvatica,Fagus sylvatica,3.1111816458333332,2.5776130000000004,0,10.445655,144,0,Valid
2025-10-23,1879,909,Buche2_P1,P1,Fagus sylvatica,Fagus sylvatica,170.76328192361112,170.66272049999998,166.630015,176.379942,144,0,Valid
2025-10-23,1880,910,Buche3_P1,P1,Fagus sylvatica,Fagus sylvatica,143.5673424652778,143.2957735,139.940568,147.354787,144,0,Valid
2025-10-23,1881,911,Fichte1_P1,P1,Abies alba,Abies alba,32.33052692361111,33.735462,5.61292,73.696906,144,0,Valid
2025-10-23,1882,912,Fichte2_P1,P1,Abies alba,Abies alba,48.09245819444445,48.4468945,25.891995,74.758972,144,0,Valid
2025-10-23,1883,913,Fichte3_P1,P1,Abies alba,Abies alba,70.02773001388888,68.63376099999999,55.134257,95.11686,144,0,Valid
2025-10-23,1884,914,Fichte1_G1,G1,Abies alba,Abies alba,103.4667025,96.82879650000001,86.085849,145.102298,144,0,Valid
2025-10-23,1885,915,Fichte2_G1,G1,Abies alba,Abies alba,96.49208195833333,93.0189625,75.831193,135.504246,144,0,Valid
2025-10-23,1886,916,Fichte3_G1,G1,Abies alba,Abies alba,4.927989111111111,3.2593835,0,19.498873,144,0,Valid
2025-10-23,1887,917,Buche1_G1,G1,Fagus sylvatica,Fagus sylvatica,4.975088131944444,4.9076645,2.605152,10.381081,144,0,Valid
2025-10-23,1888,918,Buche2_G1,G1,Fagus sylvatica,Fagus sylvatica,2.7149217083333332,3.2599385,0,9.107145,144,0,Valid
2025-10-23,1889,919,Buche3_G1,G1,Fagus sylvatica,Fagus sylvatica,2.543553680412371,2.178108,0,7.246856,97,0,Valid
2025-10-23,1890,920,Fichte1_P2,P2,Abies alba,Abies alba,34.60957336805556,33.753673000000006,26.305409,44.044636,144,0,Valid
2025-10-23,1891,921,Fichte2_P2,P2,Abies alba,Abies alba,0.8105357708333334,0.653833,0,2.427384,144,0,Valid
2025-10-23,1892,922,Fichte3_P2,P2,Abies alba,Abies alba,26.863975159722223,23.701289000000003,15.267111,41.372017,144,0,Valid
2025-10-23,1893,923,Buche1_P2,P2,Fagus sylvatica,Fagus sylvatica,8.341098659722222,8.323162499999999,4.523433,13.085737,144,0,Valid
2025-10-23,1894,924,Buche2_P2,P2,Fagus sylvatica,Fagus sylvatica,10.947285770833334,11.415336499999999,2.940852,20.175837,144,0,Valid
2025-10-23,1895,925,Buche3_P2,P2,Fagus sylvatica,Fagus sylvatica,9.396606993055556,8.085714,4.30008,17.27726,144,0,Valid
2025-10-23,1896,926,Buche1_P3,P3,Fagus sylvatica,Fagus sylvatica,17.624240680555555,16.728392499999998,9.912005,26.723363,144,0,Valid
2025-10-23,1897,927,Buche2_P3,P3,Fagus sylvatica,Fagus sylvatica,3.5229464444444445,3.7816134999999997,0,9.968911,144,0,Valid
2025-10-23,1898,928,Buche3_P3,P3,Fagus sylvatica,Fagus sylvatica,8.271746597222222,7.363749,2.512297,21.895511,144,0,Valid
2025-10-23,1899,929,Fichte1_P3,P3,Fagus sylvatica,Abies alba,9.729504833333333,11.1543585,1.951968,17.978192,144,0,Valid
2025-10-23,1900,930,Fichte2_P3,P3,Fagus sylvatica,Abies alba,19.468100395833332,22.164735999999998,7.96402,26.55197,144,0,Valid
2025-10-23,1901,931,Fichte3_P3,P3,Fagus sylvatica,Abies alba,79.41512424305556,78.71975499999999,65.596756,102.424712,144,0,Valid
2025-10-24,1878,908,Buche1_P1,P1,Fagus sylvatica,Fagus sylvatica,6.442403125,5.42065,1.689003,12.743359,144,0,Valid
2025-10-24,1879,909,Buche2_P1,P1,Fagus sylvatica,Fagus sylvatica,171.22604596527776,166.608472,165.5604,182.786597,144,0,Valid
2025-10-24,1880,910,Buche3_P1,P1,Fagus sylvatica,Fagus sylvatica,146.60916965277778,147.4351515,138.645114,148.891399,144,0,Valid
2025-10-24,1881,911,Fichte1_P1,P1,Abies alba,Abies alba,88.30325070833334,81.724644,27.150366000000002,164.755056,144,0,Valid
2025-10-24,1882,912,Fichte2_P1,P1,Abies alba,Abies alba,61.94846027777778,55.3531715,27.396782,103.551921,144,0,Valid
2025-10-24,1883,913,Fichte3_P1,P1,Abies alba,Abies alba,93.61025535416667,91.993471,63.454364,133.983673,144,0,Valid
2025-10-24,1884,914,Fichte1_G1,G1,Abies alba,Abies alba,116.01911564583334,98.586788,84.305952,163.466074,144,0,Valid
2025-10-24,1885,915,Fichte2_G1,G1,Abies alba,Abies alba,129.0382665,107.9813075,77.599127,211.720984,144,0,Valid
2025-10-24,1886,916,Fichte3_G1,G1,Abies alba,Abies alba,22.84058636111111,25.214342000000002,5.330563,38.350509,144,0,Valid
2025-10-24,1887,917,Buche1_G1,G1,Fagus sylvatica,Fagus sylvatica,10.821279368055556,8.872616,2.689397,28.147388,144,0,Valid
2025-10-24,1888,918,Buche2_G1,G1,Fagus sylvatica,Fagus sylvatica,7.436874243055556,6.4155964999999995,0,12.374316,144,0,Valid
2025-10-24,1889,919,Buche3_G1,G1,Fagus sylvatica,Fagus sylvatica,2.8379698680555556,2.2487455,0,6.369436,144,0,Valid
2025-10-24,1890,920,Fichte1_P2,P2,Abies alba,Abies alba,66.1747410625,64.9401545,32.106564,106.665076,144,0,Valid
2025-10-24,1891,921,Fichte2_P2,P2,Abies alba,Abies alba,5.567964638888889,4.4051045,0,12.084027,144,0,Valid
2025-10-24,1892,922,Fichte3_P2,P2,Abies alba,Abies alba,72.26470398611112,70.882194,34.55791,122.672931,144,0,Valid
2025-10-24,1893,923,Buche1_P2,P2,Fagus sylvatica,Fagus sylvatica,6.789063840277778,6.2009575,2.626247,11.420091,144,0,Valid
2025-10-24,1894,924,Buche2_P2,P2,Fagus sylvatica,Fagus sylvatica,10.599170277777779,8.253449,1.968546,22.206677,144,0,Valid
2025-10-24,1895,925,Buche3_P2,P2,Fagus sylvatica,Fagus sylvatica,5.441873951388889,4.3360585,2.491885,8.59425,144,0,Valid
2025-10-24,1896,926,Buche1_P3,P3,Fagus sylvatica,Fagus sylvatica,35.883717520833336,37.58219,18.16058,50.877209,144,0,Valid
2025-10-24,1897,927,Buche2_P3,P3,Fagus sylvatica,Fagus sylvatica,5.664295125,5.171075,3.091277,10.060536,144,0,Valid
2025-10-24,1898,928,Buche3_P3,P3,Fagus sylvatica,Fagus sylvatica,14.727685819444444,13.534212499999999,8.068912,27.753576,144,0,Valid
2025-10-24,1899,929,Fichte1_P3,P3,Fagus sylvatica,Abies alba,22.63098225,19.326282,2.199355,53.469192,144,0,Valid
2025-10-24,1900,930,Fichte2_P3,P3,Fagus sylvatica,Abies alba,48.181860263888886,46.683510999999996,25.167068,77.168107,144,0,Valid
2025-10-24,1901,931,Fichte3_P3,P3,Fagus sylvatica,Abies alba,108.7588220625,105.6195755,65.520028,158.956746,144,0,Valid
2025-10-25,1878,908,Buche1_P1,P1,Fagus sylvatica,Fagus sylvatica,0.9989514236111111,0.9480895,0,3.102456,144,0,Valid
2025-10-25,1879,909,Buche2_P1,P1,Fagus sylvatica,Fagus sylvatica,167.056408375,167.0103675,165.478789,170.156914,144,0,Valid
2025-10-25,1880,910,Buche3_P1,P1,Fagus sylvatica,Fagus sylvatica,143.70659440972221,143.4863745,138.948303,147.035121,144,0,Valid
2025-10-25,1881,911,Fichte1_P1,P1,Abies alba,Abies alba,46.814131520833335,40.3505015,4.537894,104.144914,144,0,Valid
2025-10-25,1882,912,Fichte2_P1,P1,Abies alba,Abies alba,61.86983154166666,61.1919715,46.155612,82.973469,144,0,Valid
2025-10-25,1883,913,Fichte3_P1,P1,Abies alba,Abies alba,68.98752775694444,64.0378575,47.811996,102.237848,144,0,Valid
2025-10-25,1884,914,Fichte1_G1,G1,Abies alba,Abies alba,111.605135,111.6235955,84.884464,142.079946,144,0,Valid
2025-10-25,1885,915,Fichte2_G1,G1,Abies alba,Abies alba,108.59982659027777,108.164147,68.031759,158.11082,144,0,Valid
2025-10-25,1886,916,Fichte3_G1,G1,Abies alba,Abies alba,18.515385604166667,20.6932235,4.996836,27.935969,144,0,Valid
2025-10-25,1887,917,Buche1_G1,G1,Fagus sylvatica,Fagus sylvatica,7.404474180555556,8.0684815,1.800197,14.697448,144,0,Valid
2025-10-25,1888,918,Buche2_G1,G1,Fagus sylvatica,Fagus sylvatica,2.3723236874999998,1.680941,0,8.573564,144,0,Valid
2025-10-25,1889,919,Buche3_G1,G1,Fagus sylvatica,Fagus sylvatica,0.11488338194444445,0.014602500000000001,0,1.200501,144,0,Valid
2025-10-25,1890,920,Fichte1_P2,P2,Abies alba,Abies alba,54.404453368055556,56.515361999999996,29.320348,75.378754,144,0,Valid
2025-10-25,1891,921,Fichte2_P2,P2,Abies alba,Abies alba,7.912808208333334,9.486751,1.828292,11.800523,144,0,Valid
2025-10-25,1892,922,Fichte3_P2,P2,Abies alba,Abies alba,37.04731938194445,36.2519215,15.004561,68.591051,144,0,Valid
2025-10-25,1893,923,Buche1_P2,P2,Fagus sylvatica,Fagus sylvatica,3.2976182916666668,3.336448,0.512492,7.366623,144,0,Valid
2025-10-25,1894,924,Buche2_P2,P2,Fagus sylvatica,Fagus sylvatica,10.577131208333332,14.041396500000001,0.397792,18.066024,144,0,Valid
2025-10-25,1895,925,Buche3_P2,P2,Fagus sylvatica,Fagus sylvatica,3.440392361111111,2.338648,1.000588,7.340924,144,0,Valid
2025-10-25,1896,926,Buche1_P3,P3,Fagus sylvatica,Fagus sylvatica,27.422388243055554,29.6205895,11.628208,38.383366,144,0,Valid
2025-10-25,1897,927,Buche2_P3,P3,Fagus sylvatica,Fagus sylvatica,1.98199975,1.639451,0,5.163842,144,0,Valid
2025-10-25,1898,928,Buche3_P3,P3,Fagus sylvatica,Fagus sylvatica,4.766910326388889,4.9032515,0,14.182942,144,0,Valid
2025-10-25,1899,929,Fichte1_P3,P3,Fagus sylvatica,Abies alba,10.82481363888889,12.4502345,0.467539,22.084554,144,0,Valid
2025-10-25,1900,930,Fichte2_P3,P3,Fagus sylvatica,Abies alba,36.962743527777775,38.2558765,20.312973,57.2892,144,0,Valid
2025-10-25,1901,931,Fichte3_P3,P3,Fagus sylvatica,Abies alba,118.74895979166666,123.24501699999999,74.863151,136.545258,144,0,Valid
2025-10-26,1878,908,Buche1_P1,P1,Fagus sylvatica,Fagus sylvatica,4.047492946666667,4.3068795,0,9.98593,150,0,Valid
2025-10-26,1879,909,Buche2_P1,P1,Fagus sylvatica,Fagus sylvatica,165.60514317333335,165.17404249999998,163.973036,167.450965,150,0,Valid
2025-10-26,1880,910,Buche3_P1,P1,Fagus sylvatica,Fagus sylvatica,144.89095425333332,145.11566,141.17568,146.376576,150,0,Valid
2025-10-26,1881,911,Fichte1_P1,P1,Abies alba,Abies alba,39.52005014666667,4.3895955,0,96.508391,150,0,Valid
2025-10-26,1882,912,Fichte2_P1,P1,Abies alba,Abies alba,46.856248226666665,42.024277999999995,24.572856,68.203456,150,0,Valid
2025-10-26,1883,913,Fichte3_P1,P1,Abies alba,Abies alba,59.077407926666666,46.379968,39.079582,87.265012,150,0,Valid
2025-10-26,1884,914,Fichte1_G1,G1,Abies alba,Abies alba,93.67548194666666,84.845539,71.434463,122.451787,150,0,Valid
2025-10-26,1885,915,Fichte2_G1,G1,Abies alba,Abies alba,79.58292594666666,66.985096,52.423516,116.54198,150,0,Valid
2025-10-26,1886,916,Fichte3_G1,G1,Abies alba,Abies alba,11.717009526666667,4.351891,0,30.48079,150,0,Valid
2025-10-26,1887,917,Buche1_G1,G1,Fagus sylvatica,Fagus sylvatica,3.0379432866666667,1.8011854999999999,0.949872,8.99147,150,0,Valid
2025-10-26,1888,918,Buche2_G1,G1,Fagus sylvatica,Fagus sylvatica,4.38220072,2.705379,0,8.799926,150,0,Valid
2025-10-26,1889,919,Buche3_G1,G1,Fagus sylvatica,Fagus sylvatica,2.9650497533333335,2.317599,0,6.966537,150,0,Valid
2025-10-26,1890,920,Fichte1_P2,P2,Abies alba,Abies alba,28.5918021,26.942797499999998,17.212606,45.0904,150,0,Valid
2025-10-26,1891,921,Fichte2_P2,P2,Abies alba,Abies alba,0.26868192,0.042914,0,1.504903,150,0,Valid
2025-10-26,1892,922,Fichte3_P2,P2,Abies alba,Abies alba,20.94623646,13.828453,7.843515,44.705299,150,0,Valid
2025-10-26,1893,923,Buche1_P2,P2,Fagus sylvatica,Fagus sylvatica,4.80750728,4.483042,0.158387,8.415873,150,0,Valid
2025-10-26,1894,924,Buche2_P2,P2,Fagus sylvatica,Fagus sylvatica,2.3361791333333333,1.4632285,0,7.177026,150,0,Valid
2025-10-26,1895,925,Buche3_P2,P2,Fagus sylvatica,Fagus sylvatica,2.297151066666667,1.589034,0,4.822666,150,0,Valid
2025-10-26,1896,926,Buche1_P3,P3,Fagus sylvatica,Fagus sylvatica,10.058135966666667,10.206196,7.01867,11.585821,150,0,Valid
2025-10-26,1897,927,Buche2_P3,P3,Fagus sylvatica,Fagus sylvatica,5.63360078,6.233657,0,10.056796,150,0,Valid
2025-10-26,1898,928,Buche3_P3,P3,Fagus sylvatica,Fagus sylvatica,5.95097076,5.8476315,0,15.851977,150,0,Valid
2025-10-26,1899,929,Fichte1_P3,P3,Fagus sylvatica,Abies alba,8.001744186666667,0.33085699999999996,0,21.097061,150,0,Valid
2025-10-26,1900,930,Fichte2_P3,P3,Fagus sylvatica,Abies alba,16.7974068,17.042184499999998,6.684884,25.228592,150,0,Valid
2025-10-26,1901,931,Fichte3_P3,P3,Fagus sylvatica,Abies alba,67.91189676,66.696293,58.941152,79.896769,150,0,Valid
2025-10-27,1878,908,Buche1_P1,P1,Fagus sylvatica,Fagus sylvatica,2.5100925555555555,2.6721215000000003,0.875848,3.95993,144,0,Valid
2025-10-27,1879,909,Buche2_P1,P1,Fagus sylvatica,Fagus sylvatica,166.29157584722222,165.6003455,164.474177,173.173172,144,0,Valid
2025-10-27,1880,910,Buche3_P1,P1,Fagus sylvatica,Fagus sylvatica,144.20663975,143.9023775,140.836519,146.319824,144,0,Valid
2025-10-27,1881,911,Fichte1_P1,P1,Abies alba,Abies alba,101.4703517986111,101.58309249999999,63.260571,131.286111,144,0,Valid
2025-10-27,1882,912,Fichte2_P1,P1,Abies alba,Abies alba,60.829289555555555,59.077105,52.298516,68.563308,144,0,Valid
2025-10-27,1883,913,Fichte3_P1,P1,Abies alba,Abies alba,76.1281045625,72.699491,55.389015,99.799326,144,0,Valid
2025-10-27,1884,914,Fichte1_G1,G1,Abies alba,Abies alba,114.28161507638889,113.1568655,99.383373,128.095654,144,0,Valid
2025-10-27,1885,915,Fichte2_G1,G1,Abies alba,Abies alba,86.57873047916667,82.7991015,68.858614,108.812544,144,0,Valid
2025-10-27,1886,916,Fichte3_G1,G1,Abies alba,Abies alba,16.296009118055554,15.807203000000001,3.255926,29.340719,144,0,Valid
2025-10-27,1887,917,Buche1_G1,G1,Fagus sylvatica,Fagus sylvatica,2.1234431944444445,2.0678520000000002,0.466851,4.671392,144,0,Valid
2025-10-27,1888,918,Buche2_G1,G1,Fagus sylvatica,Fagus sylvatica,4.990803152777778,5.047305,0,7.793311,144,0,Valid
2025-10-27,1889,919,Buche3_G1,G1,Fagus sylvatica,Fagus sylvatica,1.008404223300971,0.643419,0,2.888129,103,0,Valid
2025-10-27,1890,920,Fichte1_P2,P2,Abies alba,Abies alba,26.08369272222222,27.177113499999997,14.968241,34.285728,144,0,Valid
2025-10-27,1891,921,Fichte2_P2,P2,Abies alba,Abies alba,0.13799054861111112,0.07166,0,0.754782,144,0,Valid
2025-10-27,1892,922,Fichte3_P2,P2,Abies alba,Abies alba,26.928989986111112,26.056886499999997,9.763354,45.844912,144,0,Valid
2025-10-27,1893,923,Buche1_P2,P2,Fagus sylvatica,Fagus sylvatica,2.1119589930555556,2.2022405000000003,0,5.852665,144,0,Valid
2025-10-27,1894,924,Buche2_P2,P2,Fagus sylvatica,Fagus sylvatica,0.9087383333333333,1.0377165,0,1.882071,144,0,Valid
2025-10-27,1895,925,Buche3_P2,P2,Fagus sylvatica,Fagus sylvatica,1.4225724375,1.1863495,0,4.23724,144,0,Valid
2025-10-27,1896,926,Buche1_P3,P3,Fagus sylvatica,Fagus sylvatica,9.874432326388888,9.569615500000001,7.416018,15.088389,144,0,Valid
2025-10-27,1897,927,Buche2_P3,P3,Fagus sylvatica,Fagus sylvatica,5.090649715277777,4.967767,0.920722,12.102543,144,0,Valid
2025-10-27,1898,928,Buche3_P3,P3,Fagus sylvatica,Fagus sylvatica,6.710484201388889,6.105024,0,23.266468,144,0,Valid
2025-10-27,1899,929,Fichte1_P3,P3,Fagus sylvatica,Abies alba,6.583483041666667,5.119839000000001,0,14.070079,144,0,Valid
2025-10-27,1900,930,Fichte2_P3,P3,Fagus sylvatica,Abies alba,22.90398595138889,24.985457,11.341245,35.097585,144,0,Valid
2025-10-27,1901,931,Fichte3_P3,P3,Fagus sylvatica,Abies alba,63.86200452083333,65.13802899999999,52.428945,69.149586,144,0,Valid
2025-10-28,1878,908,Buche1_P1,P1,Fagus sylvatica,Fagus sylvatica,4.320060763888889,2.8262015,0,13.317867,144,0,Valid
2025-10-28,1879,909,Buche2_P1,P1,Fagus sylvatica,Fagus sylvatica,164.7621093611111,164.2002435,161.917572,168.222941,144,0,Valid
2025-10-28,1880,910,Buche3_P1,P1,Fagus sylvatica,Fagus sylvatica,142.0484059236111,143.90229399999998,132.494068,149.631839,144,0,Valid
2025-10-28,1881,911,Fichte1_P1,P1,Abies alba,Abies alba,91.23249406944444,63.799098,32.278584,168.528826,144,0,Valid
2025-10-28,1882,912,Fichte2_P1,P1,Abies alba,Abies alba,69.68044896527778,52.079826,33.176939,105.116558,144,0,Valid
2025-10-28,1883,913,Fichte3_P1,P1,Abies alba,Abies alba,72.75348908333333,55.060847499999994,41.941951,114.858618,144,0,Valid
2025-10-28,1884,914,Fichte1_G1,G1,Abies alba,Abies alba,122.15292583333333,98.249112,76.732031,184.859274,144,0,Valid
2025-10-28,1885,915,Fichte2_G1,G1,Abies alba,Abies alba,97.29840045138889,97.4196225,48.72494,159.454159,144,0,Valid
2025-10-28,1886,916,Fichte3_G1,G1,Abies alba,Abies alba,15.54357770138889,14.765225999999998,0,41.871708,144,0,Valid
2025-10-28,1887,917,Buche1_G1,G1,Fagus sylvatica,Fagus sylvatica,2.912817979166667,1.7941875,0,10.042776,144,0,Valid
2025-10-28,1888,918,Buche2_G1,G1,Fagus sylvatica,Fagus sylvatica,6.2107730694444445,5.72675,0,10.241077,144,0,Valid
2025-10-28,1889,919,Buche3_G1,G1,Fagus sylvatica,Fagus sylvatica,3.7261821791044776,2.394208,0,11.133337,134,0,Valid
2025-10-28,1890,920,Fichte1_P2,P2,Abies alba,Abies alba,22.863771222222223,18.5616085,8.5436,42.683473,144,0,Valid
2025-10-28,1891,921,Fichte2_P2,P2,Abies alba,Abies alba,1.3405695902777777,0.0023965,0,6.089893,144,0,Valid
2025-10-28,1892,922,Fichte3_P2,P2,Abies alba,Abies alba,21.164501694444443,22.898572,0,53.702745,144,0,Valid
2025-10-28,1893,923,Buche1_P2,P2,Fagus sylvatica,Fagus sylvatica,4.788649965277778,4.2599865,0,9.087961,144,0,Valid
2025-10-28,1894,924,Buche2_P2,P2,Fagus sylvatica,Fagus sylvatica,2.689095236111111,0.690603,0,8.930852,144,0,Valid
2025-10-28,1895,925,Buche3_P2,P2,Fagus sylvatica,Fagus sylvatica,4.454473340277778,1.6424215,0,12.42188,144,0,Valid
2025-10-28,1896,926,Buche1_P3,P3,Fagus sylvatica,Fagus sylvatica,9.52813017361111,8.340927,2.686623,15.584592,144,0,Valid
2025-10-28,1897,927,Buche2_P3,P3,Fagus sylvatica,Fagus sylvatica,4.065202201388889,3.919676,0,11.750269,144,0,Valid
2025-10-28,1898,928,Buche3_P3,P3,Fagus sylvatica,Fagus sylvatica,9.001116798611111,8.6096275,0,29.009074,144,0,Valid
2025-10-28,1899,929,Fichte1_P3,P3,Fagus sylvatica,Abies alba,10.059762416666667,0.3696235,0,26.65344,144,0,Valid
2025-10-28,1900,930,Fichte2_P3,P3,Fagus sylvatica,Abies alba,13.726798229166667,11.1190085,0,26.251957,144,0,Valid
2025-10-28,1901,931,Fichte3_P3,P3,Fagus sylvatica,Abies alba,60.6192744375,58.639227500000004,47.62373,79.789833,144,0,Valid
2025-10-29,1878,908,Buche1_P1,P1,Fagus sylvatica,Fagus sylvatica,5.029296736111111,3.02662,0,10.746571,144,0,Valid
2025-10-29,1879,909,Buche2_P1,P1,Fagus sylvatica,Fagus sylvatica,170.54092069444445,167.5244315,165.461632,180.381547,144,0,Valid
2025-10-29,1880,910,Buche3_P1,P1,Fagus sylvatica,Fagus sylvatica,144.76608026388888,144.00511749999998,133.704228,152.316837,144,0,Valid
2025-10-29,1881,911,Fichte1_P1,P1,Abies alba,Abies alba,110.88666341666666,109.5375905,70.463689,152.454568,144,0,Valid
2025-10-29,1882,912,Fichte2_P1,P1,Abies alba,Abies alba,80.04424510416666,78.659382,62.791648,93.341822,144,0,Valid
2025-10-29,1883,913,Fichte3_P1,P1,Abies alba,Abies alba,82.08672890972223,79.7727445,58.100255,107.422799,144,0,Valid
2025-10-29,1884,914,Fichte1_G1,G1,Abies alba,Abies alba,132.0960595,126.707081,95.00529,167.55398,144,0,Valid
2025-10-29,1885,915,Fichte2_G1,G1,Abies alba,Abies alba,100.60224066666666,97.0651335,66.754675,140.222197,144,0,Valid
2025-10-29,1886,916,Fichte3_G1,G1,Abies alba,Abies alba,20.65483076388889,17.292430000000003,6.767916,35.430811,144,0,Valid
2025-10-29,1887,917,Buche1_G1,G1,Fagus sylvatica,Fagus sylvatica,3.826725833333333,1.754046,0,9.157399,144,0,Valid
2025-10-29,1888,918,Buche2_G1,G1,Fagus sylvatica,Fagus sylvatica,7.260642444444445,8.735111,0.165192,10.863126,144,0,Valid
2025-10-29,1889,919,Buche3_G1,G1,Fagus sylvatica,Fagus sylvatica,3.2937009791666667,1.89779,0,7.16149,144,0,Valid
2025-10-29,1890,920,Fichte1_P2,P2,Abies alba,Abies alba,22.180046083333334,19.9784605,10.793226,34.944239,144,0,Valid
2025-10-29,1891,921,Fichte2_P2,P2,Abies alba,Abies alba,0.6740310902777777,0.039530499999999996,0,4.190725,144,0,Valid
2025-10-29,1892,922,Fichte3_P2,P2,Abies alba,Abies alba,28.618226069444443,23.823509,16.637172,48.363335,144,0,Valid
2025-10-29,1893,923,Buche1_P2,P2,Fagus sylvatica,Fagus sylvatica,5.715648152777778,5.972151,0,10.967755,144,0,Valid
2025-10-29,1894,924,Buche2_P2,P2,Fagus sylvatica,Fagus sylvatica,2.125513777777778,2.710853,0,4.29653,144,0,Valid
2025-10-29,1895,925,Buche3_P2,P2,Fagus sylvatica,Fagus sylvatica,5.496535902777778,3.4597665,0,11.894756,144,0,Valid
2025-10-29,1896,926,Buche1_P3,P3,Fagus sylvatica,Fagus sylvatica,14.533716958333333,16.102210499999998,2.703783,19.275764,144,0,Valid
2025-10-29,1897,927,Buche2_P3,P3,Fagus sylvatica,Fagus sylvatica,6.0365903125000004,3.8499559999999997,0.459376,12.199688,144,0,Valid
2025-10-29,1898,928,Buche3_P3,P3,Fagus sylvatica,Fagus sylvatica,12.204976270833333,8.0154765,5.346579,25.977398,144,0,Valid
2025-10-29,1899,929,Fichte1_P3,P3,Fagus sylvatica,Abies alba,8.027955770833334,9.117432,1.480437,12.753187,144,0,Valid
2025-10-29,1900,930,Fichte2_P3,P3,Fagus sylvatica,Abies alba,14.599169006944445,15.4452785,4.177062,20.722545,144,0,Valid
2025-10-29,1901,931,Fichte3_P3,P3,Fagus sylvatica,Abies alba,57.347760819444446,56.278407,47.431314,67.113092,144,0,Valid
2025-10-30,1878,908,Buche1_P1,P1,Fagus sylvatica,Fagus sylvatica,8.143845756944444,8.8575285,4.777514,10.121155,144,0,Valid
2025-10-30,1879,909,Buche2_P1,P1,Fagus sylvatica,Fagus sylvatica,164.0554903888889,163.73077,163.03053,165.684348,144,0,Valid
2025-10-30,1880,910,Buche3_P1,P1,Fagus sylvatica,Fagus sylvatica,139.93603520833332,139.7628455,135.904497,143.594907,144,0,Valid
2025-10-30,1881,911,Fichte1_P1,P1,Abies alba,Abies alba,86.70627593055555,87.89883800000001,54.287121,112.313339,144,0,Valid
2025-10-30,1882,912,Fichte2_P1,P1,Abies alba,Abies alba,73.78899600694444,72.5856065,66.375393,92.064459,144,0,Valid
2025-10-30,1883,913,Fichte3_P1,P1,Abies alba,Abies alba,67.22620206944444,66.94190499999999,49.99007,83.992719,144,0,Valid
2025-10-30,1884,914,Fichte1_G1,G1,Abies alba,Abies alba,122.03698520833333,125.47595,106.438629,143.28789,144,0,Valid
2025-10-30,1885,915,Fichte2_G1,G1,Abies alba,Abies alba,86.0208368611111,84.9295265,61.46191,109.642217,144,0,Valid
2025-10-30,1886,916,Fichte3_G1,G1,Abies alba,Abies alba,9.892645180555556,9.686660499999999,3.358809,17.695512,144,0,Valid
2025-10-30,1887,917,Buche1_G1,G1,Fagus sylvatica,Fagus sylvatica,3.1046090625,3.309936,1.603722,4.441399,144,0,Valid
2025-10-30,1888,918,Buche2_G1,G1,Fagus sylvatica,Fagus sylvatica,2.791391027777778,2.342586,1.20383,6.213878,144,0,Valid
2025-10-30,1889,919,Buche3_G1,G1,Fagus sylvatica,Fagus sylvatica,6.675874862068966,6.8293695,5.686686,7.124951,58,0,Valid
2025-10-30,1890,920,Fichte1_P2,P2,Abies alba,Abies alba,11.257872423611111,10.2041345,5.170289,19.471358,144,0,Valid
2025-10-30,1891,921,Fichte2_P2,P2,Abies alba,Abies alba,0.5036236944444444,0.462192,0,1.151435,144,0,Valid
2025-10-30,1892,922,Fichte3_P2,P2,Abies alba,Abies alba,10.085344319444445,8.6724235,0,25.156273,144,0,Valid
2025-10-30,1893,923,Buche1_P2,P2,Fagus sylvatica,Fagus sylvatica,2.648093895833333,2.216069,0,5.976943,144,0,Valid
2025-10-30,1894,924,Buche2_P2,P2,Fagus sylvatica,Fagus sylvatica,1.3991392777777778,1.2158435,0.903705,2.579421,144,0,Valid
2025-10-30,1895,925,Buche3_P2,P2,Fagus sylvatica,Fagus sylvatica,1.4867880416666666,0.8389285,0,3.376166,144,0,Valid
2025-10-30,1896,926,Buche1_P3,P3,Fagus sylvatica,Fagus sylvatica,9.694795444444445,6.67052,5.742834,18.598885,144,0,Valid
2025-10-30,1897,927,Buche2_P3,P3,Fagus sylvatica,Fagus sylvatica,5.805152715277778,5.8498850000000004,4.243338,7.556956,144,0,Valid
2025-10-30,1898,928,Buche3_P3,P3,Fagus sylvatica,Fagus sylvatica,5.9245165208333335,4.5380935000000004,2.810949,10.841788,144,0,Valid
2025-10-30,1899,929,Fichte1_P3,P3,Fagus sylvatica,Abies alba,0.9096782361111111,0.5394865,0,6.232336,144,0,Valid
2025-10-30,1900,930,Fichte2_P3,P3,Fagus sylvatica,Abies alba,2.6088976944444444,0.971544,0,12.523731,144,0,Valid
2025-10-30,1901,931,Fichte3_P3,P3,Fagus sylvatica,Abies alba,44.9446976875,45.404455999999996,37.244992,53.059577,144,0,Valid
2025-10-31,1878,908,Buche1_P1,P1,Fagus sylvatica,Fagus sylvatica,6.371400645833333,6.6167275,3.256451,8.726826,144,0,Valid
2025-10-31,1879,909,Buche2_P1,P1,Fagus sylvatica,Fagus sylvatica,163.7644740625,162.6491655,160.152438,167.916698,144,0,Valid
2025-10-31,1880,910,Buche3_P1,P1,Fagus sylvatica,Fagus sylvatica,138.4520104375,139.73832249999998,132.821629,142.290647,144,0,Valid
2025-10-31,1881,911,Fichte1_P1,P1,Abies alba,Abies alba,134.86006235416667,132.582046,94.9332,192.334128,144,0,Valid
2025-10-31,1882,912,Fichte2_P1,P1,Abies alba,Abies alba,88.22847984722222,88.44587050000001,72.423671,106.200858,144,0,Valid
2025-10-31,1883,913,Fichte3_P1,P1,Abies alba,Abies alba,88.71775211805556,87.4577735,65.832467,119.782413,144,0,Valid
2025-10-31,1884,914,Fichte1_G1,G1,Abies alba,Abies alba,142.24445484027777,133.2743955,117.404225,179.857695,144,0,Valid
2025-10-31,1885,915,Fichte2_G1,G1,Abies alba,Abies alba,115.7153530625,106.47372100000001,85.456324,165.575216,144,0,Valid
2025-10-31,1886,916,Fichte3_G1,G1,Abies alba,Abies alba,14.053734409722223,9.774840999999999,4.67643,29.413915,144,0,Valid
2025-10-31,1887,917,Buche1_G1,G1,Fagus sylvatica,Fagus sylvatica,4.477071243055556,3.454407,1.824522,8.942249,144,0,Valid
2025-10-31,1888,918,Buche2_G1,G1,Fagus sylvatica,Fagus sylvatica,2.7659608819444443,2.27919,0.936301,4.783963,144,0,Valid
2025-10-31,1889,919,Buche3_G1,G1,Fagus sylvatica,Fagus sylvatica,5.607222423611111,5.4349735,1.094606,9.4834,144,0,Valid
2025-10-31,1890,920,Fichte1_P2,P2,Abies alba,Abies alba,13.448459368055556,10.8700395,5.304794,27.927282,144,0,Valid
2025-10-31,1891,921,Fichte2_P2,P2,Abies alba,Abies alba,1.8739192013888888,1.1673909999999998,0,6.079618,144,0,Valid
2025-10-31,1892,922,Fichte3_P2,P2,Abies alba,Abies alba,22.91136604861111,26.5084315,3.849695,50.552552,144,0,Valid
2025-10-31,1893,923,Buche1_P2,P2,Fagus sylvatica,Fagus sylvatica,3.4823358680555554,3.2387715000000004,0,7.35897,144,0,Valid
2025-10-31,1894,924,Buche2_P2,P2,Fagus sylvatica,Fagus sylvatica,1.2567956319444444,1.104197,0.835531,1.898388,144,0,Valid
2025-10-31,1895,925,Buche3_P2,P2,Fagus sylvatica,Fagus sylvatica,2.1567014930555555,1.2763705,0,7.148393,144,0,Valid
2025-10-31,1896,926,Buche1_P3,P3,Fagus sylvatica,Fagus sylvatica,6.466267069444444,6.2752425,4.533294,8.661481,144,0,Valid
2025-10-31,1897,927,Buche2_P3,P3,Fagus sylvatica,Fagus sylvatica,7.3849836388888885,6.164643,2.69304,13.743,144,0,Valid
2025-10-31,1898,928,Buche3_P3,P3,Fagus sylvatica,Fagus sylvatica,11.532378152777778,7.131441000000001,3.856568,25.511289,144,0,Valid
2025-10-31,1899,929,Fichte1_P3,P3,Fagus sylvatica,Abies alba,4.283414506944444,3.6784355,0.465379,8.854489,144,0,Valid
2025-10-31,1900,930,Fichte2_P3,P3,Fagus sylvatica,Abies alba,10.739418326388888,6.123962499999999,0,24.20102,144,0,Valid
2025-10-31,1901,931,Fichte3_P3,P3,Fagus sylvatica,Abies alba,53.59207397916666,53.653738,42.529308,71.184161,144,0,Valid
2026-04-01,1878,908,Buche1_P1,P1,Fagus sylvatica,Fagus sylvatica,30.843006513888888,33.521794,21.178206,35.635957,144,0,Valid
2026-04-01,1879,909,Buche2_P1,P1,Fagus sylvatica,Fagus sylvatica,55.08172585416666,56.6925465,43.688477,64.781916,144,0,Valid
2026-04-01,1880,910,Buche3_P1,P1,Fagus sylvatica,Fagus sylvatica,33.1673958125,33.596391,21.389836,42.230902,144,0,Valid
2026-04-01,1881,911,Fichte1_P1,P1,Abies alba,Abies alba,64.74411956944445,60.997979,23.030241,110.251635,144,0,Valid
2026-04-01,1882,912,Fichte2_P1,P1,Abies alba,Abies alba,28.178082840277778,27.7665975,17.054628,38.70009,144,0,Valid
2026-04-01,1883,913,Fichte3_P1,P1,Abies alba,Abies alba,41.42076741666666,35.4160065,16.748093,73.726528,144,0,Valid
2026-04-01,1884,914,Fichte1_G1,G1,Abies alba,Abies alba,178.8556141875,176.866004,144.553822,215.991012,144,0,Valid
2026-04-01,1885,915,Fichte2_G1,G1,Abies alba,Abies alba,190.57574476388888,180.23137450000002,140.403392,242.451453,144,0,Valid
2026-04-01,1886,916,Fichte3_G1,G1,Abies alba,Abies alba,61.177260493055556,60.5114325,48.644429,71.0118,144,0,Valid
2026-04-01,1887,917,Buche1_G1,G1,Fagus sylvatica,Fagus sylvatica,64.56189720138889,60.3339325,45.082867,79.636382,144,0,Valid
2026-04-01,1888,918,Buche2_G1,G1,Fagus sylvatica,Fagus sylvatica,51.544600895833334,52.4203505,39.039902,59.796655,144,0,Valid
2026-04-01,1889,919,Buche3_G1,G1,Fagus sylvatica,Fagus sylvatica,60.21737041666667,55.939358,47.865392,73.437836,144,0,Valid
2026-04-01,1890,920,Fichte1_P2,P2,Abies alba,Abies alba,129.3338777986111,127.5590695,104.503154,149.315569,144,0,Valid
2026-04-01,1891,921,Fichte2_P2,P2,Abies alba,Abies alba,7.602403659722222,9.264427999999999,0,14.47823,144,0,Valid
2026-04-01,1892,922,Fichte3_P2,P2,Abies alba,Abies alba,69.38069747916667,62.14756800000001,36.29208,103.672924,144,0,Valid
2026-04-01,1893,923,Buche1_P2,P2,Fagus sylvatica,Fagus sylvatica,57.8133073125,58.729468999999995,41.798949,66.995942,144,0,Valid
2026-04-01,1894,924,Buche2_P2,P2,Fagus sylvatica,Fagus sylvatica,97.42072240972222,93.8379245,79.896944,113.792784,144,0,Valid
2026-04-01,1895,925,Buche3_P2,P2,Fagus sylvatica,Fagus sylvatica,57.014673423611114,55.1586995,46.075403,68.231162,144,0,Valid
2026-04-01,1896,926,Buche1_P3,P3,Fagus sylvatica,Fagus sylvatica,63.69585336111111,57.8307025,50.879921,78.28212,144,0,Valid
2026-04-01,1897,927,Buche2_P3,P3,Fagus sylvatica,Fagus sylvatica,34.66963564583333,37.2900805,23.977952,40.332767,144,0,Valid
2026-04-01,1898,928,Buche3_P3,P3,Fagus sylvatica,Fagus sylvatica,45.670773993055555,43.288139,33.303588,56.815511,144,0,Valid
2026-04-01,1899,929,Fichte1_P3,P3,Fagus sylvatica,Abies alba,15.843583923611112,14.8548785,2.808828,27.407638,144,0,Valid
2026-04-01,1900,930,Fichte2_P3,P3,Fagus sylvatica,Abies alba,94.39822077777778,92.187386,75.969226,111.006545,144,0,Valid
2026-04-01,1901,931,Fichte3_P3,P3,Fagus sylvatica,Abies alba,165.43936365277779,159.34458899999998,144.489218,188.224347,144,0,Valid
2026-04-02,1878,908,Buche1_P1,P1,Fagus sylvatica,Fagus sylvatica,32.46393324305556,34.3341185,24.125386,37.601451,144,0,Valid
2026-04-02,1879,909,Buche2_P1,P1,Fagus sylvatica,Fagus sylvatica,62.33952329861111,61.9787925,52.090482,70.139917,144,0,Valid
2026-04-02,1880,910,Buche3_P1,P1,Fagus sylvatica,Fagus sylvatica,33.724366152777776,33.6155855,24.040248,41.923019,144,0,Valid
2026-04-02,1881,911,Fichte1_P1,P1,Abies alba,Abies alba,88.90811768055556,78.832052,49.983601,139.920321,144,0,Valid
2026-04-02,1882,912,Fichte2_P1,P1,Abies alba,Abies alba,37.954112458333334,38.4234465,25.251084,51.362377,144,0,Valid
2026-04-02,1883,913,Fichte3_P1,P1,Abies alba,Abies alba,61.52523460416667,57.01875,31.807304,96.599112,144,0,Valid
2026-04-02,1884,914,Fichte1_G1,G1,Abies alba,Abies alba,196.53951761805556,191.306014,153.316967,246.154789,144,0,Valid
2026-04-02,1885,915,Fichte2_G1,G1,Abies alba,Abies alba,215.6332598402778,207.610536,164.626272,267.911901,144,0,Valid
2026-04-02,1886,916,Fichte3_G1,G1,Abies alba,Abies alba,67.31760726388889,66.13489799999999,55.411828,77.780123,144,0,Valid
2026-04-02,1887,917,Buche1_G1,G1,Fagus sylvatica,Fagus sylvatica,71.8025175625,71.134003,54.700837,84.265306,144,0,Valid
2026-04-02,1888,918,Buche2_G1,G1,Fagus sylvatica,Fagus sylvatica,56.05455484722222,56.8532105,42.665022,62.910548,144,0,Valid
2026-04-02,1889,919,Buche3_G1,G1,Fagus sylvatica,Fagus sylvatica,68.94073678640777,69.800755,56.053591,76.995376,103,0,Valid
2026-04-02,1890,920,Fichte1_P2,P2,Abies alba,Abies alba,137.6661027152778,136.0262325,120.041368,155.310247,144,0,Valid
2026-04-02,1891,921,Fichte2_P2,P2,Abies alba,Abies alba,8.9087663125,12.688089999999999,0,17.118895,144,0,Valid
2026-04-02,1892,922,Fichte3_P2,P2,Abies alba,Abies alba,81.73550516666667,77.2292735,53.084815,116.223795,144,0,Valid
2026-04-02,1893,923,Buche1_P2,P2,Fagus sylvatica,Fagus sylvatica,60.7552961875,62.6877975,43.425365,71.209679,144,0,Valid
2026-04-02,1894,924,Buche2_P2,P2,Fagus sylvatica,Fagus sylvatica,104.83913788888889,102.4276705,87.338229,121.253497,144,0,Valid
2026-04-02,1895,925,Buche3_P2,P2,Fagus sylvatica,Fagus sylvatica,60.636501125,61.1581195,48.273328,71.446162,144,0,Valid
2026-04-02,1896,926,Buche1_P3,P3,Fagus sylvatica,Fagus sylvatica,72.63943302083334,74.337945,56.473579,84.781665,144,0,Valid
2026-04-02,1897,927,Buche2_P3,P3,Fagus sylvatica,Fagus sylvatica,37.893527409722225,40.073951,27.319344,43.317889,144,0,Valid
2026-04-02,1898,928,Buche3_P3,P3,Fagus sylvatica,Fagus sylvatica,49.78187763194445,48.708426,38.898744,59.5669,144,0,Valid
2026-04-02,1899,929,Fichte1_P3,P3,Fagus sylvatica,Abies alba,19.517233555555556,20.372854500000003,5.686441,30.79528,144,0,Valid
2026-04-02,1900,930,Fichte2_P3,P3,Fagus sylvatica,Abies alba,103.69957290972222,102.55581749999999,86.994345,120.485228,144,0,Valid
2026-04-02,1901,931,Fichte3_P3,P3,Fagus sylvatica,Abies alba,177.2020719027778,178.14911899999998,154.896982,195.09811,144,0,Valid
2026-04-03,1878,908,Buche1_P1,P1,Fagus sylvatica,Fagus sylvatica,34.202793076388886,37.3975435,23.195377,38.068055,144,0,Valid
2026-04-03,1879,909,Buche2_P1,P1,Fagus sylvatica,Fagus sylvatica,67.29041735416666,66.0617555,54.558834,75.433669,144,0,Valid
2026-04-03,1880,910,Buche3_P1,P1,Fagus sylvatica,Fagus sylvatica,35.29215280555555,36.547443,19.295515,42.480817,144,0,Valid
2026-04-03,1881,911,Fichte1_P1,P1,Abies alba,Abies alba,99.76143990972223,92.2921045,46.64288,166.248329,144,0,Valid
2026-04-03,1882,912,Fichte2_P1,P1,Abies alba,Abies alba,42.153144770833336,37.374302,14.265052,71.557745,144,0,Valid
2026-04-03,1883,913,Fichte3_P1,P1,Abies alba,Abies alba,73.43875572916667,71.772232,34.003353,111.159598,144,0,Valid
2026-04-03,1884,914,Fichte1_G1,G1,Abies alba,Abies alba,212.04932257638887,196.8487465,146.508988,296.12019,144,0,Valid
2026-04-03,1885,915,Fichte2_G1,G1,Abies alba,Abies alba,231.54117580555555,222.5453945,159.828782,303.59601,144,0,Valid
2026-04-03,1886,916,Fichte3_G1,G1,Abies alba,Abies alba,68.87041519444445,67.202462,53.782987,80.949427,144,0,Valid
2026-04-03,1887,917,Buche1_G1,G1,Fagus sylvatica,Fagus sylvatica,79.04245950694444,76.74767299999999,56.985268,94.538557,144,0,Valid
2026-04-03,1888,918,Buche2_G1,G1,Fagus sylvatica,Fagus sylvatica,58.73809478472222,60.874642,42.133162,64.47542,144,0,Valid
2026-04-03,1889,919,Buche3_G1,G1,Fagus sylvatica,Fagus sylvatica,69.30004042361111,67.51172700000001,54.00206,81.64334,144,0,Valid
2026-04-03,1890,920,Fichte1_P2,P2,Abies alba,Abies alba,141.5636423125,137.1156565,118.468084,167.130522,144,0,Valid
2026-04-03,1891,921,Fichte2_P2,P2,Abies alba,Abies alba,10.952866256944445,13.1222645,0,22.288406,144,0,Valid
2026-04-03,1892,922,Fichte3_P2,P2,Abies alba,Abies alba,90.78539754166667,82.797479,49.426978,136.111971,144,0,Valid
2026-04-03,1893,923,Buche1_P2,P2,Fagus sylvatica,Fagus sylvatica,63.05172495833333,66.1877315,41.914805,73.353127,144,0,Valid
2026-04-03,1894,924,Buche2_P2,P2,Fagus sylvatica,Fagus sylvatica,113.38094161111111,109.546569,88.708749,132.11877,144,0,Valid
2026-04-03,1895,925,Buche3_P2,P2,Fagus sylvatica,Fagus sylvatica,65.42904052777777,63.354959,48.464281,79.547231,144,0,Valid
2026-04-03,1896,926,Buche1_P3,P3,Fagus sylvatica,Fagus sylvatica,77.95515693055556,76.6146945,61.268705,90.85412,144,0,Valid
2026-04-03,1897,927,Buche2_P3,P3,Fagus sylvatica,Fagus sylvatica,39.72725369444444,43.1446195,28.116323,44.496302,144,0,Valid
2026-04-03,1898,928,Buche3_P3,P3,Fagus sylvatica,Fagus sylvatica,52.669634305555554,51.3596765,40.700076,65.360099,144,0,Valid
2026-04-03,1899,929,Fichte1_P3,P3,Fagus sylvatica,Abies alba,17.5934580625,18.403152,1.964613,32.224729,144,0,Valid
2026-04-03,1900,930,Fichte2_P3,P3,Fagus sylvatica,Abies alba,111.00487554166666,105.80697,88.466109,136.811723,144,0,Valid
2026-04-03,1901,931,Fichte3_P3,P3,Fagus sylvatica,Abies alba,186.01362131944444,187.39011799999997,157.851906,214.073271,144,0,Valid
2026-04-04,1878,908,Buche1_P1,P1,Fagus sylvatica,Fagus sylvatica,34.70783354861111,36.829036,25.876056,39.247016,144,0,Valid
2026-04-04,1879,909,Buche2_P1,P1,Fagus sylvatica,Fagus sylvatica,72.83936063194444,72.96896699999999,61.855601,79.069162,144,0,Valid
2026-04-04,1880,910,Buche3_P1,P1,Fagus sylvatica,Fagus sylvatica,33.46148063888889,35.204924500000004,16.273706,42.720405,144,0,Valid
2026-04-04,1881,911,Fichte1_P1,P1,Abies alba,Abies alba,125.3000584236111,120.35054650000001,65.717246,200.549895,144,0,Valid
2026-04-04,1882,912,Fichte2_P1,P1,Abies alba,Abies alba,56.81787930555556,52.977161499999994,34.555858,90.143849,144,0,Valid
2026-04-04,1883,913,Fichte3_P1,P1,Abies alba,Abies alba,91.06600947222222,89.781642,53.824375,128.568791,144,0,Valid
2026-04-04,1884,914,Fichte1_G1,G1,Abies alba,Abies alba,234.55070877083332,218.62765000000002,183.059581,311.559254,144,0,Valid
2026-04-04,1885,915,Fichte2_G1,G1,Abies alba,Abies alba,254.20954265972222,246.7959515,192.0666,319.273882,144,0,Valid
2026-04-04,1886,916,Fichte3_G1,G1,Abies alba,Abies alba,70.3399315625,70.2036485,62.159318,78.125021,144,0,Valid
2026-04-04,1887,917,Buche1_G1,G1,Fagus sylvatica,Fagus sylvatica,83.65915845833334,82.1218875,68.734994,96.486832,144,0,Valid
2026-04-04,1888,918,Buche2_G1,G1,Fagus sylvatica,Fagus sylvatica,60.826930590277776,62.5335065,51.563795,66.364904,144,0,Valid
2026-04-04,1889,919,Buche3_G1,G1,Fagus sylvatica,Fagus sylvatica,71.97366459027778,71.4607235,60.88465,80.226955,144,0,Valid
2026-04-04,1890,920,Fichte1_P2,P2,Abies alba,Abies alba,144.22478005555556,142.5712225,129.067916,163.178737,144,0,Valid
2026-04-04,1891,921,Fichte2_P2,P2,Abies alba,Abies alba,10.629443965277778,11.4453055,0,21.047897,144,0,Valid
2026-04-04,1892,922,Fichte3_P2,P2,Abies alba,Abies alba,91.75296843055555,88.4797205,62.935441,126.837115,144,0,Valid
2026-04-04,1893,923,Buche1_P2,P2,Fagus sylvatica,Fagus sylvatica,64.82107139583333,64.5474505,48.664897,76.309606,144,0,Valid
2026-04-04,1894,924,Buche2_P2,P2,Fagus sylvatica,Fagus sylvatica,123.08968838888889,123.536684,104.611937,135.391618,144,0,Valid
2026-04-04,1895,925,Buche3_P2,P2,Fagus sylvatica,Fagus sylvatica,68.29052909027777,66.87706850000001,53.715855,84.672307,144,0,Valid
2026-04-04,1896,926,Buche1_P3,P3,Fagus sylvatica,Fagus sylvatica,80.54136502777777,79.0895535,69.176913,90.416159,144,0,Valid
2026-04-04,1897,927,Buche2_P3,P3,Fagus sylvatica,Fagus sylvatica,41.402519840277776,43.203608,30.731931,46.585749,144,0,Valid
2026-04-04,1898,928,Buche3_P3,P3,Fagus sylvatica,Fagus sylvatica,54.641641847222225,52.761797,45.292551,68.097592,144,0,Valid
2026-04-04,1899,929,Fichte1_P3,P3,Fagus sylvatica,Abies alba,14.524801270833333,15.0497425,4.435004,26.688683,144,0,Valid
2026-04-04,1900,930,Fichte2_P3,P3,Fagus sylvatica,Abies alba,112.15726014583333,109.489679,97.557103,130.191412,144,0,Valid
2026-04-04,1901,931,Fichte3_P3,P3,Fagus sylvatica,Abies alba,186.93551153472222,184.66264999999999,165.972998,206.798875,144,0,Valid
2026-04-05,1878,908,Buche1_P1,P1,Fagus sylvatica,Fagus sylvatica,36.56266015277778,38.978842,23.582703,40.798324,144,0,Valid
2026-04-05,1879,909,Buche2_P1,P1,Fagus sylvatica,Fagus sylvatica,75.4386801875,74.661688,62.785196,87.447555,144,0,Valid
2026-04-05,1880,910,Buche3_P1,P1,Fagus sylvatica,Fagus sylvatica,35.174459194444445,34.3629695,18.679734,46.622617,144,0,Valid
2026-04-05,1881,911,Fichte1_P1,P1,Abies alba,Abies alba,123.9846393888889,111.27672100000001,42.232447,231.247201,144,0,Valid
2026-04-05,1882,912,Fichte2_P1,P1,Abies alba,Abies alba,53.11036602083333,39.529788499999995,3.662255,123.080447,144,0,Valid
2026-04-05,1883,913,Fichte3_P1,P1,Abies alba,Abies alba,90.42246288194444,84.5081165,31.891776,153.452332,144,0,Valid
2026-04-05,1884,914,Fichte1_G1,G1,Abies alba,Abies alba,243.6911298125,218.74145700000003,140.525699,399.862047,144,0,Valid
2026-04-05,1885,915,Fichte2_G1,G1,Abies alba,Abies alba,253.64762738194443,255.19023249999998,160.433436,365.209127,144,0,Valid
2026-04-05,1886,916,Fichte3_G1,G1,Abies alba,Abies alba,55.77976717361111,55.909600499999996,41.062458,66.297763,144,0,Valid
2026-04-05,1887,917,Buche1_G1,G1,Fagus sylvatica,Fagus sylvatica,86.93387892361112,82.77379350000001,64.960593,103.655178,144,0,Valid
2026-04-05,1888,918,Buche2_G1,G1,Fagus sylvatica,Fagus sylvatica,60.67117699305555,62.5548665,45.911687,66.352337,144,0,Valid
2026-04-05,1889,919,Buche3_G1,G1,Fagus sylvatica,Fagus sylvatica,72.71206150694445,70.449042,55.764249,85.847003,144,0,Valid
2026-04-05,1890,920,Fichte1_P2,P2,Abies alba,Abies alba,138.45646834027778,137.10781450000002,111.680131,167.325155,144,0,Valid
2026-04-05,1891,921,Fichte2_P2,P2,Abies alba,Abies alba,7.897993416666667,2.5700135,0,25.096192,144,0,Valid
2026-04-05,1892,922,Fichte3_P2,P2,Abies alba,Abies alba,75.2816305486111,70.795905,29.12188,125.932739,144,0,Valid
2026-04-05,1893,923,Buche1_P2,P2,Fagus sylvatica,Fagus sylvatica,66.28561406944445,69.4200375,42.30324,78.42059,144,0,Valid
2026-04-05,1894,924,Buche2_P2,P2,Fagus sylvatica,Fagus sylvatica,129.0990431875,126.9273115,106.126294,147.821284,144,0,Valid
2026-04-05,1895,925,Buche3_P2,P2,Fagus sylvatica,Fagus sylvatica,71.6812774513889,69.54576850000001,51.183134,91.717,144,0,Valid
2026-04-05,1896,926,Buche1_P3,P3,Fagus sylvatica,Fagus sylvatica,83.07538345138889,78.409393,67.293578,97.11093,144,0,Valid
2026-04-05,1897,927,Buche2_P3,P3,Fagus sylvatica,Fagus sylvatica,42.97478420833333,46.5077035,30.156423,47.654547,144,0,Valid
2026-04-05,1898,928,Buche3_P3,P3,Fagus sylvatica,Fagus sylvatica,58.03653608333333,55.3839765,45.090932,81.547845,144,0,Valid
2026-04-05,1899,929,Fichte1_P3,P3,Fagus sylvatica,Abies alba,11.710625597222222,9.8348115,0,30.54109,144,0,Valid
2026-04-05,1900,930,Fichte2_P3,P3,Fagus sylvatica,Abies alba,107.86959939583333,103.9898905,86.446168,136.151992,144,0,Valid
2026-04-05,1901,931,Fichte3_P3,P3,Fagus sylvatica,Abies alba,185.59912918055556,184.9897465,153.987636,223.40979,144,0,Valid
2026-04-06,1878,908,Buche1_P1,P1,Fagus sylvatica,Fagus sylvatica,36.233118958333336,37.9802205,27.331873,40.998682,144,0,Valid
2026-04-06,1879,909,Buche2_P1,P1,Fagus sylvatica,Fagus sylvatica,80.99626759027778,80.22195149999999,70.971914,90.883379,144,0,Valid
2026-04-06,1880,910,Buche3_P1,P1,Fagus sylvatica,Fagus sylvatica,35.32477785416667,33.741975999999994,24.535983,44.094332,144,0,Valid
2026-04-06,1881,911,Fichte1_P1,P1,Abies alba,Abies alba,127.71405975694445,118.816023,50.627501,224.046443,144,0,Valid
2026-04-06,1882,912,Fichte2_P1,P1,Abies alba,Abies alba,39.79184772222222,33.268321,3.816568,87.73639,144,0,Valid
2026-04-06,1883,913,Fichte3_P1,P1,Abies alba,Abies alba,92.49682159722222,93.1113655,41.256925,144.174316,144,0,Valid
2026-04-06,1884,914,Fichte1_G1,G1,Abies alba,Abies alba,222.7266086736111,208.8888455,148.753391,315.168591,144,0,Valid
2026-04-06,1885,915,Fichte2_G1,G1,Abies alba,Abies alba,260.6534100625,252.805343,179.070801,349.438782,144,0,Valid
2026-04-06,1886,916,Fichte3_G1,G1,Abies alba,Abies alba,36.90703679166667,36.3459535,27.122344,48.716461,144,0,Valid
2026-04-06,1887,917,Buche1_G1,G1,Fagus sylvatica,Fagus sylvatica,91.36911020833334,90.777857,73.00619,105.634783,144,0,Valid
2026-04-06,1888,918,Buche2_G1,G1,Fagus sylvatica,Fagus sylvatica,59.6530773125,61.806331,49.208398,64.340217,144,0,Valid
2026-04-06,1889,919,Buche3_G1,G1,Fagus sylvatica,Fagus sylvatica,75.60564198611111,75.582332,63.75628,83.980821,144,0,Valid
2026-04-06,1890,920,Fichte1_P2,P2,Abies alba,Abies alba,134.45428318055556,133.334226,113.415713,154.58353,144,0,Valid
2026-04-06,1891,921,Fichte2_P2,P2,Abies alba,Abies alba,3.406768826388889,2.020557,0,13.670017,144,0,Valid
2026-04-06,1892,922,Fichte3_P2,P2,Abies alba,Abies alba,58.164542194444444,56.564444,21.743427,96.591956,144,0,Valid
2026-04-06,1893,923,Buche1_P2,P2,Fagus sylvatica,Fagus sylvatica,69.43527233333333,71.61200149999999,49.718287,78.7729,144,0,Valid
2026-04-06,1894,924,Buche2_P2,P2,Fagus sylvatica,Fagus sylvatica,136.91962460416667,136.130723,124.270078,151.116145,144,0,Valid
2026-04-06,1895,925,Buche3_P2,P2,Fagus sylvatica,Fagus sylvatica,72.64413097222223,70.582505,58.26095,88.111342,144,0,Valid
2026-04-06,1896,926,Buche1_P3,P3,Fagus sylvatica,Fagus sylvatica,86.20772691666667,84.9437865,75.341373,96.693793,144,0,Valid
2026-04-06,1897,927,Buche2_P3,P3,Fagus sylvatica,Fagus sylvatica,44.11529936111111,47.047289500000005,33.999669,48.806869,144,0,Valid
2026-04-06,1898,928,Buche3_P3,P3,Fagus sylvatica,Fagus sylvatica,57.90752240277778,55.1102595,49.906066,71.47849,144,0,Valid
2026-04-06,1899,929,Fichte1_P3,P3,Fagus sylvatica,Abies alba,8.341299694444444,5.7568335,0,24.194447,144,0,Valid
2026-04-06,1900,930,Fichte2_P3,P3,Fagus sylvatica,Abies alba,104.13625448611111,102.802843,86.635506,122.139953,144,0,Valid
2026-04-06,1901,931,Fichte3_P3,P3,Fagus sylvatica,Abies alba,184.2819458263889,181.232958,158.484093,212.352568,144,0,Valid
2026-04-07,1878,908,Buche1_P1,P1,Fagus sylvatica,Fagus sylvatica,36.3005525,39.1044665,24.024896,40.530274,144,0,Valid
2026-04-07,1879,909,Buche2_P1,P1,Fagus sylvatica,Fagus sylvatica,83.96379231944445,81.47020900000001,71.761906,96.460655,144,0,Valid
2026-04-07,1880,910,Buche3_P1,P1,Fagus sylvatica,Fagus sylvatica,34.97123892361111,33.764761500000006,19.407477,45.44017,144,0,Valid
2026-04-07,1881,911,Fichte1_P1,P1,Abies alba,Abies alba,121.70117129166667,110.60284150000001,32.579378,236.345706,144,0,Valid
2026-04-07,1882,912,Fichte2_P1,P1,Abies alba,Abies alba,40.325538548611114,23.95509,0,105.891052,144,0,Valid
2026-04-07,1883,913,Fichte3_P1,P1,Abies alba,Abies alba,82.652292625,80.99702500000001,26.519745,146.859844,144,0,Valid
2026-04-07,1884,914,Fichte1_G1,G1,Abies alba,Abies alba,216.5478248611111,197.096381,131.3133,342.08416,144,0,Valid
2026-04-07,1885,915,Fichte2_G1,G1,Abies alba,Abies alba,252.4994675138889,253.0115905,158.979335,352.932025,144,0,Valid
2026-04-07,1886,916,Fichte3_G1,G1,Abies alba,Abies alba,11.727866840277779,11.050269,0,26.737985,144,0,Valid
2026-04-07,1887,917,Buche1_G1,G1,Fagus sylvatica,Fagus sylvatica,93.23123696527777,90.107748,71.139439,112.334597,144,0,Valid
2026-04-07,1888,918,Buche2_G1,G1,Fagus sylvatica,Fagus sylvatica,54.79278501388889,58.26534,39.308023,62.315126,144,0,Valid
2026-04-07,1889,919,Buche3_G1,G1,Fagus sylvatica,Fagus sylvatica,75.32265830555555,74.41827599999999,60.873615,86.187153,144,0,Valid
2026-04-07,1890,920,Fichte1_P2,P2,Abies alba,Abies alba,116.16396594444444,115.1972475,88.734657,144.601116,144,0,Valid
2026-04-07,1891,921,Fichte2_P2,P2,Abies alba,Abies alba,2.2626374375,0,0,14.773516,144,0,Valid
2026-04-07,1892,922,Fichte3_P2,P2,Abies alba,Abies alba,38.18452941666666,28.29162,0,94.151458,144,0,Valid
2026-04-07,1893,923,Buche1_P2,P2,Fagus sylvatica,Fagus sylvatica,69.50156535416667,72.878592,48.675723,79.784856,144,0,Valid
2026-04-07,1894,924,Buche2_P2,P2,Fagus sylvatica,Fagus sylvatica,140.2552375138889,136.5321605,123.076068,161.429671,144,0,Valid
2026-04-07,1895,925,Buche3_P2,P2,Fagus sylvatica,Fagus sylvatica,70.77843547916666,68.730309,52.535007,91.069073,144,0,Valid
2026-04-07,1896,926,Buche1_P3,P3,Fagus sylvatica,Fagus sylvatica,87.19153697916667,84.7332775,73.310386,101.320172,144,0,Valid
2026-04-07,1897,927,Buche2_P3,P3,Fagus sylvatica,Fagus sylvatica,43.93848511805555,47.59562,31.507986,48.803744,144,0,Valid
2026-04-07,1898,928,Buche3_P3,P3,Fagus sylvatica,Fagus sylvatica,59.148173625,55.6937985,49.366093,78.498762,144,0,Valid
2026-04-07,1899,929,Fichte1_P3,P3,Fagus sylvatica,Abies alba,10.132831,5.6320084999999995,0,30.415674,144,0,Valid
2026-04-07,1900,930,Fichte2_P3,P3,Fagus sylvatica,Abies alba,97.77346771527777,96.1602145,73.772511,121.615995,144,0,Valid
2026-04-07,1901,931,Fichte3_P3,P3,Fagus sylvatica,Abies alba,175.71073536111112,170.9465975,145.691392,210.730547,144,0,Valid
2026-04-08,1878,908,Buche1_P1,P1,Fagus sylvatica,Fagus sylvatica,34.58861909027778,37.4938025,24.2706,39.853279,144,0,Valid
2026-04-08,1879,909,Buche2_P1,P1,Fagus sylvatica,Fagus sylvatica,88.09722854166667,85.46371450000001,75.285651,100.238599,144,0,Valid
2026-04-08,1880,910,Buche3_P1,P1,Fagus sylvatica,Fagus sylvatica,33.88605333333334,32.507226,19.681151,43.687037,144,0,Valid
2026-04-08,1881,911,Fichte1_P1,P1,Abies alba,Abies alba,116.54523470138889,109.900861,39.150716,216.424595,144,0,Valid
2026-04-08,1882,912,Fichte2_P1,P1,Abies alba,Abies alba,35.642994270833334,28.585788,0,90.221893,144,0,Valid
2026-04-08,1883,913,Fichte3_P1,P1,Abies alba,Abies alba,71.94450561111111,69.3907155,25.016589,125.654436,144,0,Valid
2026-04-08,1884,914,Fichte1_G1,G1,Abies alba,Abies alba,203.86310688194445,194.5530215,131.497388,301.967524,144,0,Valid
2026-04-08,1885,915,Fichte2_G1,G1,Abies alba,Abies alba,249.14911413194446,243.7659965,170.124898,334.514313,144,0,Valid
2026-04-08,1886,916,Fichte3_G1,G1,Abies alba,Abies alba,2.5497927361111112,0,0,10.525632,144,0,Valid
2026-04-08,1887,917,Buche1_G1,G1,Fagus sylvatica,Fagus sylvatica,95.12088852083333,95.58330699999999,75.625283,110.691554,144,0,Valid
2026-04-08,1888,918,Buche2_G1,G1,Fagus sylvatica,Fagus sylvatica,49.40322204861111,51.369386,32.807553,58.262163,144,0,Valid
2026-04-08,1889,919,Buche3_G1,G1,Fagus sylvatica,Fagus sylvatica,75.79308504166667,76.55762,63.228554,84.780244,144,0,Valid
2026-04-08,1890,920,Fichte1_P2,P2,Abies alba,Abies alba,96.53480071527778,93.406004,81.122034,119.790732,144,0,Valid
2026-04-08,1891,921,Fichte2_P2,P2,Abies alba,Abies alba,1.6094030208333334,0,0,12.856143,144,0,Valid
2026-04-08,1892,922,Fichte3_P2,P2,Abies alba,Abies alba,27.505911979166665,18.558994,0,74.219039,144,0,Valid
2026-04-08,1893,923,Buche1_P2,P2,Fagus sylvatica,Fagus sylvatica,70.64243257638888,74.18638250000001,51.76691,79.857238,144,0,Valid
2026-04-08,1894,924,Buche2_P2,P2,Fagus sylvatica,Fagus sylvatica,141.89757936805555,139.977687,127.439174,159.600599,144,0,Valid
2026-04-08,1895,925,Buche3_P2,P2,Fagus sylvatica,Fagus sylvatica,68.05355109722223,66.496745,52.321988,84.710056,144,0,Valid
2026-04-08,1896,926,Buche1_P3,P3,Fagus sylvatica,Fagus sylvatica,88.13936791666667,88.25169700000001,76.876629,100.54112,144,0,Valid
2026-04-08,1897,927,Buche2_P3,P3,Fagus sylvatica,Fagus sylvatica,43.15463713888889,46.747262500000005,30.217919,48.902418,144,0,Valid
2026-04-08,1898,928,Buche3_P3,P3,Fagus sylvatica,Fagus sylvatica,59.2534701875,57.8123325,49.043886,73.378565,144,0,Valid
2026-04-08,1899,929,Fichte1_P3,P3,Fagus sylvatica,Abies alba,4.2570836736111115,0.260202,0,15.722578,144,0,Valid
2026-04-08,1900,930,Fichte2_P3,P3,Fagus sylvatica,Abies alba,90.36384797222222,90.1415705,70.740174,105.773031,144,0,Valid
2026-04-08,1901,931,Fichte3_P3,P3,Fagus sylvatica,Abies alba,164.79391760416667,162.4024425,143.437104,188.517918,144,0,Valid
2026-04-09,1878,908,Buche1_P1,P1,Fagus sylvatica,Fagus sylvatica,29.69139175,31.444771,19.014818000000002,37.340565,144,0,Valid
2026-04-09,1879,909,Buche2_P1,P1,Fagus sylvatica,Fagus sylvatica,90.70450606944445,88.77244400000001,77.12558,102.919397,144,0,Valid
2026-04-09,1880,910,Buche3_P1,P1,Fagus sylvatica,Fagus sylvatica,31.68016828472222,30.74868,15.608517,43.241507,144,0,Valid
2026-04-09,1881,911,Fichte1_P1,P1,Abies alba,Abies alba,103.3978290625,94.0028595,16.954904,210.733627,144,0,Valid
2026-04-09,1882,912,Fichte2_P1,P1,Abies alba,Abies alba,36.584638229166664,20.4464435,0,97.535938,144,0,Valid
2026-04-09,1883,913,Fichte3_P1,P1,Abies alba,Abies alba,55.605670375,52.7223495,7.043725,114.753325,144,0,Valid
2026-04-09,1884,914,Fichte1_G1,G1,Abies alba,Abies alba,201.6536132847222,188.000997,122.076129,314.482339,144,0,Valid
2026-04-09,1885,915,Fichte2_G1,G1,Abies alba,Abies alba,235.05517861805555,227.767709,151.697892,320.658662,144,0,Valid
2026-04-09,1886,916,Fichte3_G1,G1,Abies alba,Abies alba,4.0507785555555555,0,0,14.12952,144,0,Valid
2026-04-09,1887,917,Buche1_G1,G1,Fagus sylvatica,Fagus sylvatica,93.5524665763889,93.3255015,73.324821,109.23631,144,0,Valid
2026-04-09,1888,918,Buche2_G1,G1,Fagus sylvatica,Fagus sylvatica,40.865414208333334,42.6034395,24.851669,51.036478,144,0,Valid
2026-04-09,1889,919,Buche3_G1,G1,Fagus sylvatica,Fagus sylvatica,75.03492645833333,74.8927765,60.847473,84.975667,144,0,Valid
2026-04-09,1890,920,Fichte1_P2,P2,Abies alba,Abies alba,72.83407996527778,72.163687,54.427204,94.039182,144,0,Valid
2026-04-09,1891,921,Fichte2_P2,P2,Abies alba,Abies alba,1.231751986111111,0,0,14.495753,144,0,Valid
2026-04-09,1892,922,Fichte3_P2,P2,Abies alba,Abies alba,28.684952881944444,17.7641415,0,82.349656,144,0,Valid
2026-04-09,1893,923,Buche1_P2,P2,Fagus sylvatica,Fagus sylvatica,69.65245052777777,72.296855,48.173388,80.159629,144,0,Valid
2026-04-09,1894,924,Buche2_P2,P2,Fagus sylvatica,Fagus sylvatica,140.2066653472222,138.593071,124.776592,157.607697,144,0,Valid
2026-04-09,1895,925,Buche3_P2,P2,Fagus sylvatica,Fagus sylvatica,63.428518965277775,62.30524,48.060457,82.405956,144,0,Valid
2026-04-09,1896,926,Buche1_P3,P3,Fagus sylvatica,Fagus sylvatica,88.70889541666666,88.334131,74.709669,102.365844,144,0,Valid
2026-04-09,1897,927,Buche2_P3,P3,Fagus sylvatica,Fagus sylvatica,41.58661263888889,44.3625355,28.43018,47.700271,144,0,Valid
2026-04-09,1898,928,Buche3_P3,P3,Fagus sylvatica,Fagus sylvatica,60.05182543055555,58.2119625,49.124925,75.764044,144,0,Valid
2026-04-09,1899,929,Fichte1_P3,P3,Fagus sylvatica,Abies alba,4.488165847222223,0,0,21.22343,144,0,Valid
2026-04-09,1900,930,Fichte2_P3,P3,Fagus sylvatica,Abies alba,76.71085530555555,77.5166585,54.135674,96.310003,144,0,Valid
2026-04-09,1901,931,Fichte3_P3,P3,Fagus sylvatica,Abies alba,147.95949935416667,146.31392749999998,120.694264,177.427748,144,0,Valid
2026-04-10,1878,908,Buche1_P1,P1,Fagus sylvatica,Fagus sylvatica,19.760170972222223,18.193235,9.913728,31.121882,144,0,Valid
2026-04-10,1879,909,Buche2_P1,P1,Fagus sylvatica,Fagus sylvatica,84.2218158125,85.92165800000001,66.559387,92.468611,144,0,Valid
2026-04-10,1880,910,Buche3_P1,P1,Fagus sylvatica,Fagus sylvatica,21.87730070138889,24.115672,4.833047,30.673072,144,0,Valid
2026-04-10,1881,911,Fichte1_P1,P1,Abies alba,Abies alba,50.57181263194445,48.872735,11.194563,95.303755,144,0,Valid
2026-04-10,1882,912,Fichte2_P1,P1,Abies alba,Abies alba,5.927951118055556,2.3892610000000003,0,28.793443,144,0,Valid
2026-04-10,1883,913,Fichte3_P1,P1,Abies alba,Abies alba,15.1753456875,14.4611935,0,49.969398,144,0,Valid
2026-04-10,1884,914,Fichte1_G1,G1,Abies alba,Abies alba,163.4245596111111,157.979075,122.29602,208.687131,144,0,Valid
2026-04-10,1885,915,Fichte2_G1,G1,Abies alba,Abies alba,181.13965490972222,178.541482,141.464505,222.501836,144,0,Valid
2026-04-10,1886,916,Fichte3_G1,G1,Abies alba,Abies alba,0.08779548611111111,0,0,2.577282,144,0,Valid
2026-04-10,1887,917,Buche1_G1,G1,Fagus sylvatica,Fagus sylvatica,78.9464334375,77.482416,65.431653,97.686654,144,0,Valid
2026-04-10,1888,918,Buche2_G1,G1,Fagus sylvatica,Fagus sylvatica,27.0224404375,23.5207355,17.28252,43.833349,144,0,Valid
2026-04-10,1889,919,Buche3_G1,G1,Fagus sylvatica,Fagus sylvatica,66.58028209027778,66.6968655,58.905953,77.59926,144,0,Valid
2026-04-10,1890,920,Fichte1_P2,P2,Abies alba,Abies alba,27.99923359027778,29.281319,0,61.302172,144,0,Valid
2026-04-10,1891,921,Fichte2_P2,P2,Abies alba,Abies alba,0.09332534027777778,0,0,2.174401,144,0,Valid
2026-04-10,1892,922,Fichte3_P2,P2,Abies alba,Abies alba,6.888211743055556,0.8246555,0,26.062638,144,0,Valid
2026-04-10,1893,923,Buche1_P2,P2,Fagus sylvatica,Fagus sylvatica,64.91951534722222,65.3466335,52.438837,79.123064,144,0,Valid
2026-04-10,1894,924,Buche2_P2,P2,Fagus sylvatica,Fagus sylvatica,126.62989508333334,127.30946399999999,111.203805,140.896719,144,0,Valid
2026-04-10,1895,925,Buche3_P2,P2,Fagus sylvatica,Fagus sylvatica,48.916978048611114,48.299694,40.36684,60.052326,144,0,Valid
2026-04-10,1896,926,Buche1_P3,P3,Fagus sylvatica,Fagus sylvatica,81.3338109375,80.9222305,70.922674,90.707318,144,0,Valid
2026-04-10,1897,927,Buche2_P3,P3,Fagus sylvatica,Fagus sylvatica,37.066467743055554,37.691621999999995,27.001192,46.914268,144,0,Valid
2026-04-10,1898,928,Buche3_P3,P3,Fagus sylvatica,Fagus sylvatica,54.1747479375,54.306054,45.562956,59.873276,144,0,Valid
2026-04-10,1899,929,Fichte1_P3,P3,Fagus sylvatica,Abies alba,0.6034987222222222,0,0,5.885768,144,0,Valid
2026-04-10,1900,930,Fichte2_P3,P3,Fagus sylvatica,Abies alba,47.37510959027778,47.208709,25.099159,70.987466,144,0,Valid
2026-04-10,1901,931,Fichte3_P3,P3,Fagus sylvatica,Abies alba,108.4835830763889,110.6920725,77.965234,134.445069,144,0,Valid
2026-04-11,1878,908,Buche1_P1,P1,Fagus sylvatica,Fagus sylvatica,7.189304618055555,8.3733605,0,14.560974,144,0,Valid
2026-04-11,1879,909,Buche2_P1,P1,Fagus sylvatica,Fagus sylvatica,86.03553784722222,85.785635,73.992478,97.883622,144,0,Valid
2026-04-11,1880,910,Buche3_P1,P1,Fagus sylvatica,Fagus sylvatica,22.832966645833334,20.999522499999998,8.877358,35.100082,144,0,Valid
2026-04-11,1881,911,Fichte1_P1,P1,Abies alba,Abies alba,57.45340677777778,53.4481245,0,153.423961,144,0,Valid
2026-04-11,1882,912,Fichte2_P1,P1,Abies alba,Abies alba,29.953575680555556,14.803405,0,86.793714,144,0,Valid
2026-04-11,1883,913,Fichte3_P1,P1,Abies alba,Abies alba,24.857936166666665,16.7654825,0,71.589641,144,0,Valid
2026-04-11,1884,914,Fichte1_G1,G1,Abies alba,Abies alba,169.35263789583334,157.6289795,103.654591,256.239673,144,0,Valid
2026-04-11,1885,915,Fichte2_G1,G1,Abies alba,Abies alba,167.9172277638889,157.017932,90.422401,269.523553,144,0,Valid
2026-04-11,1886,916,Fichte3_G1,G1,Abies alba,Abies alba,4.333366479166666,0,0,19.271517,144,0,Valid
2026-04-11,1887,917,Buche1_G1,G1,Fagus sylvatica,Fagus sylvatica,67.73822306944444,66.9123395,48.922871,79.603747,144,0,Valid
2026-04-11,1888,918,Buche2_G1,G1,Fagus sylvatica,Fagus sylvatica,16.658150958333334,18.013738,4.182963,21.493051,144,0,Valid
2026-04-11,1889,919,Buche3_G1,G1,Fagus sylvatica,Fagus sylvatica,61.10165404166667,59.503745,49.144181,71.79127,144,0,Valid
2026-04-11,1890,920,Fichte1_P2,P2,Abies alba,Abies alba,14.531039430555555,10.957479,0,44.391633,144,0,Valid
2026-04-11,1891,921,Fichte2_P2,P2,Abies alba,Abies alba,0.44395915277777775,0,0,5.376314,144,0,Valid
2026-04-11,1892,922,Fichte3_P2,P2,Abies alba,Abies alba,26.806480444444443,13.9964865,0,83.329647,144,0,Valid
2026-04-11,1893,923,Buche1_P2,P2,Fagus sylvatica,Fagus sylvatica,57.810197708333334,59.907711500000005,38.015886,65.215592,144,0,Valid
2026-04-11,1894,924,Buche2_P2,P2,Fagus sylvatica,Fagus sylvatica,113.7181304375,111.9951905,96.80384,129.517003,144,0,Valid
2026-04-11,1895,925,Buche3_P2,P2,Fagus sylvatica,Fagus sylvatica,42.270571868055555,39.897328,28.120874,57.630823,144,0,Valid
2026-04-11,1896,926,Buche1_P3,P3,Fagus sylvatica,Fagus sylvatica,78.64108684722223,77.230271,63.31713,90.525318,144,0,Valid
2026-04-11,1897,927,Buche2_P3,P3,Fagus sylvatica,Fagus sylvatica,32.29138172222222,34.813421500000004,21.564928,38.229173,144,0,Valid
2026-04-11,1898,928,Buche3_P3,P3,Fagus sylvatica,Fagus sylvatica,51.64107879861111,50.367363999999995,41.19763,63.846937,144,0,Valid
2026-04-11,1899,929,Fichte1_P3,P3,Fagus sylvatica,Abies alba,5.273464354166666,0,0,20.42349,144,0,Valid
2026-04-11,1900,930,Fichte2_P3,P3,Fagus sylvatica,Abies alba,20.890986777777776,18.913234,0,41.96759,144,0,Valid
2026-04-11,1901,931,Fichte3_P3,P3,Fagus sylvatica,Abies alba,74.12333046527777,67.9303295,49.986198,107.429757,144,0,Valid
2026-04-12,1878,908,Buche1_P1,P1,Fagus sylvatica,Fagus sylvatica,0.13513445138888888,0,0,1.817811,144,0,Valid
2026-04-12,1879,909,Buche2_P1,P1,Fagus sylvatica,Fagus sylvatica,66.13822253472222,63.780642,58.334367,86.422744,144,0,Valid
2026-04-12,1880,910,Buche3_P1,P1,Fagus sylvatica,Fagus sylvatica,6.699214055555555,4.449120000000001,1.751618,17.021427,144,0,Valid
2026-04-12,1881,911,Fichte1_P1,P1,Abies alba,Abies alba,14.919222951388889,14.917939,0,50.53529,144,0,Valid
2026-04-12,1882,912,Fichte2_P1,P1,Abies alba,Abies alba,0.41127359722222223,0,0,9.788189,144,0,Valid
2026-04-12,1883,913,Fichte3_P1,P1,Abies alba,Abies alba,1.7729995,0.009792499999999999,0,17.157327,144,0,Valid
2026-04-12,1884,914,Fichte1_G1,G1,Abies alba,Abies alba,104.32201488888889,95.62095400000001,85.418902,155.885869,144,0,Valid
2026-04-12,1885,915,Fichte2_G1,G1,Abies alba,Abies alba,48.687482402777775,33.555942,11.698592,141.872502,144,0,Valid
2026-04-12,1886,916,Fichte3_G1,G1,Abies alba,Abies alba,0.012997291666666667,0,0,0.355076,144,0,Valid
2026-04-12,1887,917,Buche1_G1,G1,Fagus sylvatica,Fagus sylvatica,40.240635041666664,36.001735499999995,33.189242,64.723763,144,0,Valid
2026-04-12,1888,918,Buche2_G1,G1,Fagus sylvatica,Fagus sylvatica,2.3443169722222224,0.079014,0,14.057529,144,0,Valid
2026-04-12,1889,919,Buche3_G1,G1,Fagus sylvatica,Fagus sylvatica,44.16938126388889,40.4028455,39.3231,59.087225,144,0,Valid
2026-04-12,1890,920,Fichte1_P2,P2,Abies alba,Abies alba,2.0209350972222224,0,0,10.663586,144,0,Valid
2026-04-12,1891,921,Fichte2_P2,P2,Abies alba,Abies alba,0,0,0,0,144,0,Valid
2026-04-12,1892,922,Fichte3_P2,P2,Abies alba,Abies alba,1.2021647152777777,0,0,8.03495,144,0,Valid
2026-04-12,1893,923,Buche1_P2,P2,Fagus sylvatica,Fagus sylvatica,50.030172972222225,48.476282999999995,46.118762,61.564081,144,0,Valid
2026-04-12,1894,924,Buche2_P2,P2,Fagus sylvatica,Fagus sylvatica,82.5470969375,76.0567005,72.748582,108.436089,144,0,Valid
2026-04-12,1895,925,Buche3_P2,P2,Fagus sylvatica,Fagus sylvatica,19.235479194444444,15.7880565,13.691213,36.561543,144,0,Valid
2026-04-12,1896,926,Buche1_P3,P3,Fagus sylvatica,Fagus sylvatica,61.36201731944445,57.2077965,55.006427,77.110394,144,0,Valid
2026-04-12,1897,927,Buche2_P3,P3,Fagus sylvatica,Fagus sylvatica,20.75219059722222,17.636538,15.451848,32.726324,144,0,Valid
2026-04-12,1898,928,Buche3_P3,P3,Fagus sylvatica,Fagus sylvatica,37.255716625,34.270084499999996,30.206534,49.089814,144,0,Valid
2026-04-12,1899,929,Fichte1_P3,P3,Fagus sylvatica,Abies alba,1.2364583333333335e-4,0,0,0.017805,144,0,Valid
2026-04-12,1900,930,Fichte2_P3,P3,Fagus sylvatica,Abies alba,0.35178695833333334,0,0,7.919799,144,0,Valid
2026-04-12,1901,931,Fichte3_P3,P3,Fagus sylvatica,Abies alba,11.440948784722222,0.037245,0,51.236997,144,0,Valid
2026-04-13,1878,908,Buche1_P1,P1,Fagus sylvatica,Fagus sylvatica,0.5531508819444445,0,0,2.905017,144,0,Valid
2026-04-13,1879,909,Buche2_P1,P1,Fagus sylvatica,Fagus sylvatica,68.75039019444445,70.2681665,57.413199,77.059301,144,0,Valid
2026-04-13,1880,910,Buche3_P1,P1,Fagus sylvatica,Fagus sylvatica,11.875399256944444,13.3948185,3.141975,19.209664,144,0,Valid
2026-04-13,1881,911,Fichte1_P1,P1,Abies alba,Abies alba,6.971929986111111,3.3597535,0,28.356541,144,0,Valid
2026-04-13,1882,912,Fichte2_P1,P1,Abies alba,Abies alba,0.07164505555555556,0,0,0.668945,144,0,Valid
2026-04-13,1883,913,Fichte3_P1,P1,Abies alba,Abies alba,2.581673951388889,0,0,13.780134,144,0,Valid
2026-04-13,1884,914,Fichte1_G1,G1,Abies alba,Abies alba,89.50880350694445,83.79929899999999,78.99019,111.020078,144,0,Valid
2026-04-13,1885,915,Fichte2_G1,G1,Abies alba,Abies alba,12.23460973611111,5.40125,0,46.52569,144,0,Valid
2026-04-13,1886,916,Fichte3_G1,G1,Abies alba,Abies alba,0.025202236111111113,0,0,0.37129,144,0,Valid
2026-04-13,1887,917,Buche1_G1,G1,Fagus sylvatica,Fagus sylvatica,26.997704708333334,26.278703999999998,20.252966,34.246258,144,0,Valid
2026-04-13,1888,918,Buche2_G1,G1,Fagus sylvatica,Fagus sylvatica,0.13324221527777777,0,0,1.044862,144,0,Valid
2026-04-13,1889,919,Buche3_G1,G1,Fagus sylvatica,Fagus sylvatica,37.308424145833335,37.476845,34.34427,39.303314,144,0,Valid
2026-04-13,1890,920,Fichte1_P2,P2,Abies alba,Abies alba,2.2994126944444444,0,0,12.457834,144,0,Valid
2026-04-13,1891,921,Fichte2_P2,P2,Abies alba,Abies alba,1.4431944444444445e-4,0,0,0.011516,144,0,Valid
2026-04-13,1892,922,Fichte3_P2,P2,Abies alba,Abies alba,2.0174088125,0,0,10.962359,144,0,Valid
2026-04-13,1893,923,Buche1_P2,P2,Fagus sylvatica,Fagus sylvatica,42.2167315,42.942423500000004,37.094968,47.229603,144,0,Valid
2026-04-13,1894,924,Buche2_P2,P2,Fagus sylvatica,Fagus sylvatica,65.54987321527777,65.1251545,59.054626,72.624205,144,0,Valid
2026-04-13,1895,925,Buche3_P2,P2,Fagus sylvatica,Fagus sylvatica,10.352438222222222,10.160118,7.3493,13.678903,144,0,Valid
2026-04-13,1896,926,Buche1_P3,P3,Fagus sylvatica,Fagus sylvatica,53.48427136805555,53.29966,50.152275,57.634148,144,0,Valid
2026-04-13,1897,927,Buche2_P3,P3,Fagus sylvatica,Fagus sylvatica,12.657895986111111,12.6865515,10.039072,15.526292,144,0,Valid
2026-04-13,1898,928,Buche3_P3,P3,Fagus sylvatica,Fagus sylvatica,26.4692591875,26.4109375,22.776145,30.595498,144,0,Valid
2026-04-13,1899,929,Fichte1_P3,P3,Fagus sylvatica,Abies alba,0.05443639583333333,0,0,0.688566,144,0,Valid
2026-04-13,1900,930,Fichte2_P3,P3,Fagus sylvatica,Abies alba,1.4741118888888889,0,0,7.492666,144,0,Valid
2026-04-13,1901,931,Fichte3_P3,P3,Fagus sylvatica,Abies alba,0.9769831319444444,0,0,6.207573,144,0,Valid
2026-04-14,1878,908,Buche1_P1,P1,Fagus sylvatica,Fagus sylvatica,2.8189799236111113,0.7176425,0,8.321421,144,0,Valid
2026-04-14,1879,909,Buche2_P1,P1,Fagus sylvatica,Fagus sylvatica,62.5845356875,57.072700499999996,51.159152,75.205764,144,0,Valid
2026-04-14,1880,910,Buche3_P1,P1,Fagus sylvatica,Fagus sylvatica,9.05448082638889,3.096907,0,21.949876,144,0,Valid
2026-04-14,1881,911,Fichte1_P1,P1,Abies alba,Abies alba,35.17272760416667,32.27193,0,82.122503,144,0,Valid
2026-04-14,1882,912,Fichte2_P1,P1,Abies alba,Abies alba,11.81258554861111,6.196247,0,27.676978,144,0,Valid
2026-04-14,1883,913,Fichte3_P1,P1,Abies alba,Abies alba,14.726414333333333,8.823730999999999,0,38.007354,144,0,Valid
2026-04-14,1884,914,Fichte1_G1,G1,Abies alba,Abies alba,98.30468911111112,90.5906965,66.647773,133.933896,144,0,Valid
2026-04-14,1885,915,Fichte2_G1,G1,Abies alba,Abies alba,44.68667492361111,48.6741765,0,104.433607,144,0,Valid
2026-04-14,1886,916,Fichte3_G1,G1,Abies alba,Abies alba,3.9666544305555558,0,0,11.970681,144,0,Valid
2026-04-14,1887,917,Buche1_G1,G1,Fagus sylvatica,Fagus sylvatica,21.1350485625,20.089825,10.626427,30.455158,144,0,Valid
2026-04-14,1888,918,Buche2_G1,G1,Fagus sylvatica,Fagus sylvatica,2.376393673611111,0.5599395,0,6.848039,144,0,Valid
2026-04-14,1889,919,Buche3_G1,G1,Fagus sylvatica,Fagus sylvatica,35.47691297916667,34.120736,28.667797,41.715631,144,0,Valid
2026-04-14,1890,920,Fichte1_P2,P2,Abies alba,Abies alba,13.515416291666666,11.6354385,0,35.888749,144,0,Valid
2026-04-14,1891,921,Fichte2_P2,P2,Abies alba,Abies alba,0.008413444444444444,0,0,0.155163,144,0,Valid
2026-04-14,1892,922,Fichte3_P2,P2,Abies alba,Abies alba,16.767026069444444,15.8727865,0,44.003232,144,0,Valid
2026-04-14,1893,923,Buche1_P2,P2,Fagus sylvatica,Fagus sylvatica,38.084114534722225,38.465942999999996,28.686796,43.277494,144,0,Valid
2026-04-14,1894,924,Buche2_P2,P2,Fagus sylvatica,Fagus sylvatica,59.53247979166667,58.7221305,49.831158,69.829519,144,0,Valid
2026-04-14,1895,925,Buche3_P2,P2,Fagus sylvatica,Fagus sylvatica,7.863341145833333,6.876663,1.773213,14.067351,144,0,Valid
2026-04-14,1896,926,Buche1_P3,P3,Fagus sylvatica,Fagus sylvatica,54.998768222222225,52.241246000000004,47.493178,62.78609,144,0,Valid
2026-04-14,1897,927,Buche2_P3,P3,Fagus sylvatica,Fagus sylvatica,8.852121270833333,8.571418,4.461397,13.177342,144,0,Valid
2026-04-14,1898,928,Buche3_P3,P3,Fagus sylvatica,Fagus sylvatica,27.831708777777777,24.344817,17.551152,38.575595,144,0,Valid
2026-04-14,1899,929,Fichte1_P3,P3,Fagus sylvatica,Abies alba,5.575446180555556,0,0,17.19839,144,0,Valid
2026-04-14,1900,930,Fichte2_P3,P3,Fagus sylvatica,Abies alba,14.397226895833333,15.0926465,0,32.867866,144,0,Valid
2026-04-14,1901,931,Fichte3_P3,P3,Fagus sylvatica,Abies alba,8.974796166666666,9.33022,0,22.384531,144,0,Valid
2026-04-15,1878,908,Buche1_P1,P1,Fagus sylvatica,Fagus sylvatica,0.9572370416666667,0.588473,0,4.478326,144,0,Valid
2026-04-15,1879,909,Buche2_P1,P1,Fagus sylvatica,Fagus sylvatica,78.14364980555555,77.95736500000001,71.501985,85.028263,144,0,Valid
2026-04-15,1880,910,Buche3_P1,P1,Fagus sylvatica,Fagus sylvatica,18.24058411111111,17.2762055,10.245237,28.135975,144,0,Valid
2026-04-15,1881,911,Fichte1_P1,P1,Abies alba,Abies alba,72.9242161875,62.102907,39.516441,123.682353,144,0,Valid
2026-04-15,1882,912,Fichte2_P1,P1,Abies alba,Abies alba,11.237749826388889,9.9872315,0,25.374036,144,0,Valid
2026-04-15,1883,913,Fichte3_P1,P1,Abies alba,Abies alba,26.651738118055555,22.772433499999998,9.164016,56.93406,144,0,Valid
2026-04-15,1884,914,Fichte1_G1,G1,Abies alba,Abies alba,131.22385141666666,124.614127,102.949274,177.45562,144,0,Valid
2026-04-15,1885,915,Fichte2_G1,G1,Abies alba,Abies alba,81.90932120833334,75.940452,35.518711,140.593687,144,0,Valid
2026-04-15,1886,916,Fichte3_G1,G1,Abies alba,Abies alba,0.2468181736111111,0,0,2.334116,144,0,Valid
2026-04-15,1887,917,Buche1_G1,G1,Fagus sylvatica,Fagus sylvatica,22.160261680555557,21.666286,12.056512,33.2303,144,0,Valid
2026-04-15,1888,918,Buche2_G1,G1,Fagus sylvatica,Fagus sylvatica,3.3720053333333335,3.2383075,0,7.787138,144,0,Valid
2026-04-15,1889,919,Buche3_G1,G1,Fagus sylvatica,Fagus sylvatica,38.2844698125,37.061727,31.237586,48.106064,144,0,Valid
2026-04-15,1890,920,Fichte1_P2,P2,Abies alba,Abies alba,10.878083222222223,6.599863,0,31.79914,144,0,Valid
2026-04-15,1891,921,Fichte2_P2,P2,Abies alba,Abies alba,0.0019714652777777777,0,0,0.098735,144,0,Valid
2026-04-15,1892,922,Fichte3_P2,P2,Abies alba,Abies alba,13.787731743055556,9.5439705,0,40.18643,144,0,Valid
2026-04-15,1893,923,Buche1_P2,P2,Fagus sylvatica,Fagus sylvatica,36.78373261111111,38.4320005,28.285726,45.584518,144,0,Valid
2026-04-15,1894,924,Buche2_P2,P2,Fagus sylvatica,Fagus sylvatica,57.914559465277776,56.5767615,49.325023,68.66768,144,0,Valid
2026-04-15,1895,925,Buche3_P2,P2,Fagus sylvatica,Fagus sylvatica,6.244070118055555,4.683203499999999,0.435516,14.420234,144,0,Valid
2026-04-15,1896,926,Buche1_P3,P3,Fagus sylvatica,Fagus sylvatica,59.484117708333336,58.709571,51.464635,70.112226,144,0,Valid
2026-04-15,1897,927,Buche2_P3,P3,Fagus sylvatica,Fagus sylvatica,9.603938131944444,10.17954,6.03089,12.905607,144,0,Valid
2026-04-15,1898,928,Buche3_P3,P3,Fagus sylvatica,Fagus sylvatica,30.903613375,28.8691925,20.307897,43.394992,144,0,Valid
2026-04-15,1899,929,Fichte1_P3,P3,Fagus sylvatica,Abies alba,0.7933274375,0,0,5.992989,144,0,Valid
2026-04-15,1900,930,Fichte2_P3,P3,Fagus sylvatica,Abies alba,16.910484673611112,16.011963,3.129931,31.930726,144,0,Valid
2026-04-15,1901,931,Fichte3_P3,P3,Fagus sylvatica,Abies alba,6.918701555555556,5.3140175,0,19.777103,144,0,Valid
2026-04-16,1878,908,Buche1_P1,P1,Fagus sylvatica,Fagus sylvatica,4.747363451388889,2.1734685000000002,0,14.564712,144,0,Valid
2026-04-16,1879,909,Buche2_P1,P1,Fagus sylvatica,Fagus sylvatica,84.03320734027778,83.79952,70.079819,97.388338,144,0,Valid
2026-04-16,1880,910,Buche3_P1,P1,Fagus sylvatica,Fagus sylvatica,20.736918125,17.681420000000003,4.976219,40.824923,144,0,Valid
2026-04-16,1881,911,Fichte1_P1,P1,Abies alba,Abies alba,78.39810647222222,64.1134615,2.645363,168.61456,144,0,Valid
2026-04-16,1882,912,Fichte2_P1,P1,Abies alba,Abies alba,34.17406261111111,21.5948835,0,91.861485,144,0,Valid
2026-04-16,1883,913,Fichte3_P1,P1,Abies alba,Abies alba,34.439701659722225,21.5269565,0,85.739861,144,0,Valid
2026-04-16,1884,914,Fichte1_G1,G1,Abies alba,Abies alba,149.83563336111112,139.80613849999997,72.878239,245.369897,144,0,Valid
2026-04-16,1885,915,Fichte2_G1,G1,Abies alba,Abies alba,103.43841776388889,108.992496,10.459585,198.498476,144,0,Valid
2026-04-16,1886,916,Fichte3_G1,G1,Abies alba,Abies alba,6.911482256944445,0,0,21.820218,144,0,Valid
2026-04-16,1887,917,Buche1_G1,G1,Fagus sylvatica,Fagus sylvatica,28.858286833333334,25.960813,5.783381,48.161548,144,0,Valid
2026-04-16,1888,918,Buche2_G1,G1,Fagus sylvatica,Fagus sylvatica,7.147563020833333,6.022550000000001,0,15.933947,144,0,Valid
2026-04-16,1889,919,Buche3_G1,G1,Fagus sylvatica,Fagus sylvatica,42.856223854166664,38.5523455,24.399022,59.5297,144,0,Valid
2026-04-16,1890,920,Fichte1_P2,P2,Abies alba,Abies alba,20.17404126388889,14.984641,0,59.559951,144,0,Valid
2026-04-16,1891,921,Fichte2_P2,P2,Abies alba,Abies alba,0.7111859444444445,0,0,8.666523,144,0,Valid
2026-04-16,1892,922,Fichte3_P2,P2,Abies alba,Abies alba,40.01153302777778,40.5005375,0,100.917382,144,0,Valid
2026-04-16,1893,923,Buche1_P2,P2,Fagus sylvatica,Fagus sylvatica,37.651844590277776,38.098599500000006,19.650365,50.152357,144,0,Valid
2026-04-16,1894,924,Buche2_P2,P2,Fagus sylvatica,Fagus sylvatica,60.37180317361111,56.5973895,35.186374,84.739838,144,0,Valid
2026-04-16,1895,925,Buche3_P2,P2,Fagus sylvatica,Fagus sylvatica,11.703452951388888,11.1625665,0,33.457876,144,0,Valid
2026-04-16,1896,926,Buche1_P3,P3,Fagus sylvatica,Fagus sylvatica,66.479398,63.2810425,49.891573,83.629228,144,0,Valid
2026-04-16,1897,927,Buche2_P3,P3,Fagus sylvatica,Fagus sylvatica,9.1115466875,9.7628065,0,13.799535,144,0,Valid
2026-04-16,1898,928,Buche3_P3,P3,Fagus sylvatica,Fagus sylvatica,35.496277229166665,36.244033,14.918908,56.389345,144,0,Valid
2026-04-16,1899,929,Fichte1_P3,P3,Fagus sylvatica,Abies alba,10.009868791666667,3.6045464999999997,0,33.322481,144,0,Valid
2026-04-16,1900,930,Fichte2_P3,P3,Fagus sylvatica,Abies alba,25.599703104166668,23.7041905,0,59.589956,144,0,Valid
2026-04-16,1901,931,Fichte3_P3,P3,Fagus sylvatica,Abies alba,27.20948532638889,27.914733499999997,0,67.435498,144,0,Valid
2026-04-17,1878,908,Buche1_P1,P1,Fagus sylvatica,Fagus sylvatica,3.5678003888888887,0.534752,0,12.123464,144,0,Valid
2026-04-17,1879,909,Buche2_P1,P1,Fagus sylvatica,Fagus sylvatica,90.79476433333333,89.5697785,77.67819,102.511168,144,0,Valid
2026-04-17,1880,910,Buche3_P1,P1,Fagus sylvatica,Fagus sylvatica,22.509956312499998,19.5212655,5.605602,42.334471,144,0,Valid
2026-04-17,1881,911,Fichte1_P1,P1,Abies alba,Abies alba,68.08951084722223,64.627494,3.86532,141.784035,144,0,Valid
2026-04-17,1882,912,Fichte2_P1,P1,Abies alba,Abies alba,25.03224182638889,18.461928,0,64.968206,144,0,Valid
2026-04-17,1883,913,Fichte3_P1,P1,Abies alba,Abies alba,28.45153226388889,25.01348,0,70.626867,144,0,Valid
2026-04-17,1884,914,Fichte1_G1,G1,Abies alba,Abies alba,145.31384020833335,134.29607149999998,74.248212,228.102827,144,0,Valid
2026-04-17,1885,915,Fichte2_G1,G1,Abies alba,Abies alba,103.04118152083333,101.87588650000001,26.73054,177.163187,144,0,Valid
2026-04-17,1886,916,Fichte3_G1,G1,Abies alba,Abies alba,3.5957947638888887,0,0,11.027764,144,0,Valid
2026-04-17,1887,917,Buche1_G1,G1,Fagus sylvatica,Fagus sylvatica,28.0324041875,28.656544,8.744178,39.647346,144,0,Valid
2026-04-17,1888,918,Buche2_G1,G1,Fagus sylvatica,Fagus sylvatica,4.020676868055555,3.683278,0,9.395328,144,0,Valid
2026-04-17,1889,919,Buche3_G1,G1,Fagus sylvatica,Fagus sylvatica,40.92648471134021,39.327331,27.773604,53.961504,97,0,Valid
2026-04-17,1890,920,Fichte1_P2,P2,Abies alba,Abies alba,12.880399527777778,11.265068,0,32.347292,144,0,Valid
2026-04-17,1891,921,Fichte2_P2,P2,Abies alba,Abies alba,0.030062465277777776,0,0,1.392868,144,0,Valid
2026-04-17,1892,922,Fichte3_P2,P2,Abies alba,Abies alba,32.73918821527778,29.434997000000003,0,70.663371,144,0,Valid
2026-04-17,1893,923,Buche1_P2,P2,Fagus sylvatica,Fagus sylvatica,34.620139361111114,35.965541,21.241173,44.416647,144,0,Valid
2026-04-17,1894,924,Buche2_P2,P2,Fagus sylvatica,Fagus sylvatica,55.557327638888886,55.839056,37.550913,70.877456,144,0,Valid
2026-04-17,1895,925,Buche3_P2,P2,Fagus sylvatica,Fagus sylvatica,10.421548034722223,8.465727,0,24.283099,144,0,Valid
2026-04-17,1896,926,Buche1_P3,P3,Fagus sylvatica,Fagus sylvatica,71.53306147222223,70.931954,55.489749,85.90272,144,0,Valid
2026-04-17,1897,927,Buche2_P3,P3,Fagus sylvatica,Fagus sylvatica,6.380509486111111,7.3147459999999995,0,10.675081,144,0,Valid
2026-04-17,1898,928,Buche3_P3,P3,Fagus sylvatica,Fagus sylvatica,38.353812319444444,36.5831,21.580521,55.472077,144,0,Valid
2026-04-17,1899,929,Fichte1_P3,P3,Fagus sylvatica,Abies alba,4.005996159722222,0,0,16.073037,144,0,Valid
2026-04-17,1900,930,Fichte2_P3,P3,Fagus sylvatica,Abies alba,20.686832,19.231032499999998,0,43.368971,144,0,Valid
2026-04-17,1901,931,Fichte3_P3,P3,Fagus sylvatica,Abies alba,20.587370833333335,20.0756515,0,41.482552,144,0,Valid
2026-04-18,1878,908,Buche1_P1,P1,Fagus sylvatica,Fagus sylvatica,2.7146646875,0,0,12.520376,144,0,Valid
2026-04-18,1879,909,Buche2_P1,P1,Fagus sylvatica,Fagus sylvatica,94.72610319444445,94.044806,81.00319,107.314962,144,0,Valid
2026-04-18,1880,910,Buche3_P1,P1,Fagus sylvatica,Fagus sylvatica,23.243229069444446,17.335481,4.90797,47.120447,144,0,Valid
2026-04-18,1881,911,Fichte1_P1,P1,Abies alba,Abies alba,54.58478838888889,46.800531,0,141.592921,144,0,Valid
2026-04-18,1882,912,Fichte2_P1,P1,Abies alba,Abies alba,16.25007038888889,0,0,65.449573,144,0,Valid
2026-04-18,1883,913,Fichte3_P1,P1,Abies alba,Abies alba,26.879228465277777,13.821399,0,82.859914,144,0,Valid
2026-04-18,1884,914,Fichte1_G1,G1,Abies alba,Abies alba,137.1852267361111,124.699604,62.578804,237.992318,144,0,Valid
2026-04-18,1885,915,Fichte2_G1,G1,Abies alba,Abies alba,92.00873613888889,87.33937800000001,7.863595,179.947654,144,0,Valid
2026-04-18,1886,916,Fichte3_G1,G1,Abies alba,Abies alba,5.070258027777777,0,0,18.585875,144,0,Valid
2026-04-18,1887,917,Buche1_G1,G1,Fagus sylvatica,Fagus sylvatica,16.546183583333335,15.938779,0,29.505395,144,0,Valid
2026-04-18,1888,918,Buche2_G1,G1,Fagus sylvatica,Fagus sylvatica,0.9581465486111111,0,0,4.736112,144,0,Valid
2026-04-18,1889,919,Buche3_G1,G1,Fagus sylvatica,Fagus sylvatica,35.62253595138889,34.32996,20.426643,51.881216,144,0,Valid
2026-04-18,1890,920,Fichte1_P2,P2,Abies alba,Abies alba,14.6564449375,7.2067175,0,47.926332,144,0,Valid
2026-04-18,1891,921,Fichte2_P2,P2,Abies alba,Abies alba,0.3143089027777778,0,0,5.333052,144,0,Valid
2026-04-18,1892,922,Fichte3_P2,P2,Abies alba,Abies alba,30.020558729166666,16.999406,0,86.723491,144,0,Valid
2026-04-18,1893,923,Buche1_P2,P2,Fagus sylvatica,Fagus sylvatica,25.701010916666668,26.781766,12.018808,35.350116,144,0,Valid
2026-04-18,1894,924,Buche2_P2,P2,Fagus sylvatica,Fagus sylvatica,37.61290332638889,36.8830125,17.167662,56.844825,144,0,Valid
2026-04-18,1895,925,Buche3_P2,P2,Fagus sylvatica,Fagus sylvatica,9.657924875,5.997180999999999,0,28.139621000000002,144,0,Valid
2026-04-18,1896,926,Buche1_P3,P3,Fagus sylvatica,Fagus sylvatica,72.8016158125,72.059989,55.193397,89.427705,144,0,Valid
2026-04-18,1897,927,Buche2_P3,P3,Fagus sylvatica,Fagus sylvatica,2.4278458055555556,0.36090849999999997,0,13.171341,144,0,Valid
2026-04-18,1898,928,Buche3_P3,P3,Fagus sylvatica,Fagus sylvatica,36.43465870138889,32.797854,18.978013,57.099424,144,0,Valid
2026-04-18,1899,929,Fichte1_P3,P3,Fagus sylvatica,Abies alba,2.9686909652777778,0,0,13.572141,144,0,Valid
2026-04-18,1900,930,Fichte2_P3,P3,Fagus sylvatica,Abies alba,15.119290180555556,10.66505,0,41.663293,144,0,Valid
2026-04-18,1901,931,Fichte3_P3,P3,Fagus sylvatica,Abies alba,18.663489979166666,9.062485500000001,0,58.396535,144,0,Valid
2026-04-19,1878,908,Buche1_P1,P1,Fagus sylvatica,Fagus sylvatica,0.9417800000000001,0,0,5.599581,144,0,Valid
2026-04-19,1879,909,Buche2_P1,P1,Fagus sylvatica,Fagus sylvatica,98.09599617361111,97.487766,84.600216,109.272383,144,0,Valid
2026-04-19,1880,910,Buche3_P1,P1,Fagus sylvatica,Fagus sylvatica,21.16115954861111,18.5938895,3.848528,42.071419,144,0,Valid
2026-04-19,1881,911,Fichte1_P1,P1,Abies alba,Abies alba,49.61108123611111,44.863808500000005,0,120.417246,144,0,Valid
2026-04-19,1882,912,Fichte2_P1,P1,Abies alba,Abies alba,21.381953888888887,11.437469,0,57.317507,144,0,Valid
2026-04-19,1883,913,Fichte3_P1,P1,Abies alba,Abies alba,24.422471416666667,19.3444315,0,62.805563,144,0,Valid
2026-04-19,1884,914,Fichte1_G1,G1,Abies alba,Abies alba,115.02412470138889,110.0490755,61.69993,175.654726,144,0,Valid
2026-04-19,1885,915,Fichte2_G1,G1,Abies alba,Abies alba,75.789765375,67.840915999999993,0,154.977763,144,0,Valid
2026-04-19,1886,916,Fichte3_G1,G1,Abies alba,Abies alba,0.47660054166666665,0,0,4.518658,144,0,Valid
2026-04-19,1887,917,Buche1_G1,G1,Fagus sylvatica,Fagus sylvatica,6.491757597222223,5.4012150000000005,0,15.333461,144,0,Valid
2026-04-19,1888,918,Buche2_G1,G1,Fagus sylvatica,Fagus sylvatica,0.17377976388888888,0,0,1.375135,144,0,Valid
2026-04-19,1889,919,Buche3_G1,G1,Fagus sylvatica,Fagus sylvatica,22.030010090277777,21.4643415,11.39152,32.689263,144,0,Valid
2026-04-19,1890,920,Fichte1_P2,P2,Abies alba,Abies alba,10.154500895833333,5.0278,0,31.245129,144,0,Valid
2026-04-19,1891,921,Fichte2_P2,P2,Abies alba,Abies alba,0.026418333333333335,0,0,0.729118,144,0,Valid
2026-04-19,1892,922,Fichte3_P2,P2,Abies alba,Abies alba,26.491140368055557,26.099590499999998,0,62.691486,144,0,Valid
2026-04-19,1893,923,Buche1_P2,P2,Fagus sylvatica,Fagus sylvatica,14.835496298611112,16.4283985,2.517747,21.878274,144,0,Valid
2026-04-19,1894,924,Buche2_P2,P2,Fagus sylvatica,Fagus sylvatica,9.9159676875,8.439394499999999,0,22.714646,144,0,Valid
2026-04-19,1895,925,Buche3_P2,P2,Fagus sylvatica,Fagus sylvatica,7.524662791666667,4.373391,0,20.459475,144,0,Valid
2026-04-19,1896,926,Buche1_P3,P3,Fagus sylvatica,Fagus sylvatica,69.62484429861111,69.7721985,54.318645,81.374442,144,0,Valid
2026-04-19,1897,927,Buche2_P3,P3,Fagus sylvatica,Fagus sylvatica,0.4322614375,0,0,4.364515,144,0,Valid
2026-04-19,1898,928,Buche3_P3,P3,Fagus sylvatica,Fagus sylvatica,27.01724325,25.832788,14.59762,39.656032,144,0,Valid
2026-04-19,1899,929,Fichte1_P3,P3,Fagus sylvatica,Abies alba,1.2062370833333333,0,0,7.31028,144,0,Valid
2026-04-19,1900,930,Fichte2_P3,P3,Fagus sylvatica,Abies alba,12.612834881944444,11.090634,0,32.872796,144,0,Valid
2026-04-19,1901,931,Fichte3_P3,P3,Fagus sylvatica,Abies alba,15.043660826388889,7.439515,0,41.998794,144,0,Valid
2026-04-20,1878,908,Buche1_P1,P1,Fagus sylvatica,Fagus sylvatica,0.7344111597222223,0,0,5.966529,144,0,Valid
2026-04-20,1879,909,Buche2_P1,P1,Fagus sylvatica,Fagus sylvatica,103.66565448611111,102.057394,93.808134,114.450268,144,0,Valid
2026-04-20,1880,910,Buche3_P1,P1,Fagus sylvatica,Fagus sylvatica,19.63322292361111,15.3610775,6.006074,36.218252,144,0,Valid
2026-04-20,1881,911,Fichte1_P1,P1,Abies alba,Abies alba,48.673919624999996,43.120235,0,106.709374,144,0,Valid
2026-04-20,1882,912,Fichte2_P1,P1,Abies alba,Abies alba,8.912914277777778,0.5920985,0,34.580704,144,0,Valid
2026-04-20,1883,913,Fichte3_P1,P1,Abies alba,Abies alba,20.018522527777776,11.349102,0,58.087625,144,0,Valid
2026-04-20,1884,914,Fichte1_G1,G1,Abies alba,Abies alba,92.7361389513889,84.09948299999999,48.130899,150.80927,144,0,Valid
2026-04-20,1885,915,Fichte2_G1,G1,Abies alba,Abies alba,71.2719432986111,63.8143235,2.622772,142.899693,144,0,Valid
2026-04-20,1886,916,Fichte3_G1,G1,Abies alba,Abies alba,1.0568147986111112,0,0,4.670634,144,0,Valid
2026-04-20,1887,917,Buche1_G1,G1,Fagus sylvatica,Fagus sylvatica,4.511327416666667,3.9743455,0,9.73458,144,0,Valid
2026-04-20,1888,918,Buche2_G1,G1,Fagus sylvatica,Fagus sylvatica,0.03767070138888889,0,0,0.666012,144,0,Valid
2026-04-20,1889,919,Buche3_G1,G1,Fagus sylvatica,Fagus sylvatica,15.829760555555556,14.822661499999999,8.900556,22.321062,144,0,Valid
2026-04-20,1890,920,Fichte1_P2,P2,Abies alba,Abies alba,8.839536,9.070578999999999,0,25.173325,144,0,Valid
2026-04-20,1891,921,Fichte2_P2,P2,Abies alba,Abies alba,0.04722584722222222,0,0,0.602438,144,0,Valid
2026-04-20,1892,922,Fichte3_P2,P2,Abies alba,Abies alba,27.6581849375,23.647588499999998,0,58.463337,144,0,Valid
2026-04-20,1893,923,Buche1_P2,P2,Fagus sylvatica,Fagus sylvatica,8.763684798611111,10.4049095,0,13.752684,144,0,Valid
2026-04-20,1894,924,Buche2_P2,P2,Fagus sylvatica,Fagus sylvatica,4.899910486111111,4.542877,0,10.6555,144,0,Valid
2026-04-20,1895,925,Buche3_P2,P2,Fagus sylvatica,Fagus sylvatica,6.302015840277778,3.5193820000000002,0,17.760702,144,0,Valid
2026-04-20,1896,926,Buche1_P3,P3,Fagus sylvatica,Fagus sylvatica,71.57590049305556,70.219122,59.357466,80.046649,144,0,Valid
2026-04-20,1897,927,Buche2_P3,P3,Fagus sylvatica,Fagus sylvatica,0.28899281944444444,0,0,1.707155,144,0,Valid
2026-04-20,1898,928,Buche3_P3,P3,Fagus sylvatica,Fagus sylvatica,22.532338756944444,19.529594,12.651976,34.481193,144,0,Valid
2026-04-20,1899,929,Fichte1_P3,P3,Fagus sylvatica,Abies alba,0.8339357777777777,0,0,5.242062,144,0,Valid
2026-04-20,1900,930,Fichte2_P3,P3,Fagus sylvatica,Abies alba,11.409920527777778,8.936223,0,28.008456,144,0,Valid
2026-04-20,1901,931,Fichte3_P3,P3,Fagus sylvatica,Abies alba,9.628349680555555,6.196928,0,25.851003,144,0,Valid
2026-04-21,1878,908,Buche1_P1,P1,Fagus sylvatica,Fagus sylvatica,0.5377152083333333,0,0,4.033465,144,0,Valid
2026-04-21,1879,909,Buche2_P1,P1,Fagus sylvatica,Fagus sylvatica,107.92614513194444,105.3079745,98.720217,117.152409,144,0,Valid
2026-04-21,1880,910,Buche3_P1,P1,Fagus sylvatica,Fagus sylvatica,15.174572604166666,11.237314999999999,5.49,28.877023,144,0,Valid
2026-04-21,1881,911,Fichte1_P1,P1,Abies alba,Abies alba,34.72580009722222,36.0467095,0,77.02259,144,0,Valid
2026-04-21,1882,912,Fichte2_P1,P1,Abies alba,Abies alba,10.146118951388889,1.309749,0,33.095575,144,0,Valid
2026-04-21,1883,913,Fichte3_P1,P1,Abies alba,Abies alba,13.456481111111112,3.7789975,0,40.707776,144,0,Valid
2026-04-21,1884,914,Fichte1_G1,G1,Abies alba,Abies alba,88.82991971527778,79.3935525,49.804029,141.678011,144,0,Valid
2026-04-21,1885,915,Fichte2_G1,G1,Abies alba,Abies alba,60.68256859722222,53.300326,8.061941,118.234872,144,0,Valid
2026-04-21,1886,916,Fichte3_G1,G1,Abies alba,Abies alba,0.10037665277777778,0,0,1.27557,144,0,Valid
2026-04-21,1887,917,Buche1_G1,G1,Fagus sylvatica,Fagus sylvatica,3.228485513888889,2.0496394999999996,0,9.246903,144,0,Valid
2026-04-21,1888,918,Buche2_G1,G1,Fagus sylvatica,Fagus sylvatica,0.12180536111111111,0,0,1.649069,144,0,Valid
2026-04-21,1889,919,Buche3_G1,G1,Fagus sylvatica,Fagus sylvatica,8.642162618055556,8.843886,2.447933,13.046725,144,0,Valid
2026-04-21,1890,920,Fichte1_P2,P2,Abies alba,Abies alba,7.091635201388889,2.442631,0,22.697828,144,0,Valid
2026-04-21,1891,921,Fichte2_P2,P2,Abies alba,Abies alba,0.003713673611111111,0,0,0.17466,144,0,Valid
2026-04-21,1892,922,Fichte3_P2,P2,Abies alba,Abies alba,13.65352938888889,8.178904,0,38.734119,144,0,Valid
2026-04-21,1893,923,Buche1_P2,P2,Fagus sylvatica,Fagus sylvatica,3.4147969298245613,3.5557784999999997,0,9.016229,114,0,Valid
2026-04-21,1894,924,Buche2_P2,P2,Fagus sylvatica,Fagus sylvatica,4.3288789097222224,1.4795885000000002,0,12.306636,144,0,Valid
2026-04-21,1895,925,Buche3_P2,P2,Fagus sylvatica,Fagus sylvatica,3.8025271458333334,0.09188299999999999,0,12.578762,144,0,Valid
2026-04-21,1896,926,Buche1_P3,P3,Fagus sylvatica,Fagus sylvatica,69.62208955555556,68.4489605,62.266555,77.98599,144,0,Valid
2026-04-21,1897,927,Buche2_P3,P3,Fagus sylvatica,Fagus sylvatica,0.6998961041666667,0,0,5.883372,144,0,Valid
2026-04-21,1898,928,Buche3_P3,P3,Fagus sylvatica,Fagus sylvatica,16.121784875,13.027685,9.10208,25.781445,144,0,Valid
2026-04-21,1899,929,Fichte1_P3,P3,Fagus sylvatica,Abies alba,0.4674686875,0,0,3.748356,144,0,Valid
2026-04-21,1900,930,Fichte2_P3,P3,Fagus sylvatica,Abies alba,5.667320041666667,2.6608739999999997,0,16.84776,144,0,Valid
2026-04-21,1901,931,Fichte3_P3,P3,Fagus sylvatica,Abies alba,4.960896868055555,0.1278605,0,15.864256,144,0,Valid
2026-04-22,1878,908,Buche1_P1,P1,Fagus sylvatica,Fagus sylvatica,0.5287326805555556,0,0,4.785834,144,0,Valid
2026-04-22,1879,909,Buche2_P1,P1,Fagus sylvatica,Fagus sylvatica,111.23463672916667,111.30294599999999,99.613031,119.649266,144,0,Valid
2026-04-22,1880,910,Buche3_P1,P1,Fagus sylvatica,Fagus sylvatica,11.2210189375,7.9074995,2.024103,26.214448,144,0,Valid
2026-04-22,1881,911,Fichte1_P1,P1,Abies alba,Abies alba,29.442632409722222,20.810154,0,83.197416,144,0,Valid
2026-04-22,1882,912,Fichte2_P1,P1,Abies alba,Abies alba,10.404833798611111,2.102863,0,34.347605,144,0,Valid
2026-04-22,1883,913,Fichte3_P1,P1,Abies alba,Abies alba,14.0292074375,8.11607,0,45.045229,144,0,Valid
2026-04-22,1884,914,Fichte1_G1,G1,Abies alba,Abies alba,86.07710525,74.1501725,44.06036,147.673077,144,0,Valid
2026-04-22,1885,915,Fichte2_G1,G1,Abies alba,Abies alba,47.89168851388889,41.252758,0,111.123182,144,0,Valid
2026-04-22,1886,916,Fichte3_G1,G1,Abies alba,Abies alba,0.10367019444444445,0,0,1.102665,144,0,Valid
2026-04-22,1887,917,Buche1_G1,G1,Fagus sylvatica,Fagus sylvatica,2.769082222222222,1.1404345,0,7.278592,144,0,Valid
2026-04-22,1888,918,Buche2_G1,G1,Fagus sylvatica,Fagus sylvatica,0.13149191666666665,0,0,1.422121,144,0,Valid
2026-04-22,1889,919,Buche3_G1,G1,Fagus sylvatica,Fagus sylvatica,4.7128515208333335,5.4672815,0,10.656065,144,0,Valid
2026-04-22,1890,920,Fichte1_P2,P2,Abies alba,Abies alba,5.362386909722222,2.9872104999999998,0,16.497149,144,0,Valid
2026-04-22,1891,921,Fichte2_P2,P2,Abies alba,Abies alba,9.910347222222221e-4,0,0,0.067788,144,0,Valid
2026-04-22,1892,922,Fichte3_P2,P2,Abies alba,Abies alba,16.84837459027778,17.149017,0,43.375388,144,0,Valid
2026-04-22,1894,924,Buche2_P2,P2,Fagus sylvatica,Fagus sylvatica,5.377832111111111,5.8390985,0,13.534735,144,0,Valid
2026-04-22,1895,925,Buche3_P2,P2,Fagus sylvatica,Fagus sylvatica,4.741515645833333,2.022067,0,13.971131,144,0,Valid
2026-04-22,1896,926,Buche1_P3,P3,Fagus sylvatica,Fagus sylvatica,65.11627659027778,64.416158,55.54615,75.007717,144,0,Valid
2026-04-22,1897,927,Buche2_P3,P3,Fagus sylvatica,Fagus sylvatica,0.6371073472222222,0,0,5.671107,144,0,Valid
2026-04-22,1898,928,Buche3_P3,P3,Fagus sylvatica,Fagus sylvatica,8.929108131944444,6.2428745,0,21.250788,144,0,Valid
2026-04-22,1899,929,Fichte1_P3,P3,Fagus sylvatica,Abies alba,0.5381295555555555,0,0,3.980689,144,0,Valid
2026-04-22,1900,930,Fichte2_P3,P3,Fagus sylvatica,Abies alba,7.933203763888889,5.3058795,0,20.559755,144,0,Valid
2026-04-22,1901,931,Fichte3_P3,P3,Fagus sylvatica,Abies alba,11.103345097222222,9.465356,0,30.293145,144,0,Valid
2026-04-23,1878,908,Buche1_P1,P1,Fagus sylvatica,Fagus sylvatica,2.3607073333333335,0,0,10.118174,144,0,Valid
2026-04-23,1879,909,Buche2_P1,P1,Fagus sylvatica,Fagus sylvatica,116.51636964583334,117.92947749999999,102.723616,124.721592,144,0,Valid
2026-04-23,1880,910,Buche3_P1,P1,Fagus sylvatica,Fagus sylvatica,13.101819055555556,8.798680000000001,0,32.953022,144,0,Valid
2026-04-23,1881,911,Fichte1_P1,P1,Abies alba,Abies alba,36.45999282638889,26.715777,0,100.059488,144,0,Valid
2026-04-23,1882,912,Fichte2_P1,P1,Abies alba,Abies alba,12.517957090277777,5.545676,0,42.429022,144,0,Valid
2026-04-23,1883,913,Fichte3_P1,P1,Abies alba,Abies alba,14.08621304861111,7.496252,0,43.763967,144,0,Valid
2026-04-23,1884,914,Fichte1_G1,G1,Abies alba,Abies alba,98.57085981944445,78.8216875,39.229544,192.154567,144,0,Valid
2026-04-23,1885,915,Fichte2_G1,G1,Abies alba,Abies alba,56.31305242361111,49.371247499999996,0,118.889711,144,0,Valid
2026-04-23,1886,916,Fichte3_G1,G1,Abies alba,Abies alba,0.2567161319444444,0,0,1.563861,144,0,Valid
2026-04-23,1887,917,Buche1_G1,G1,Fagus sylvatica,Fagus sylvatica,6.833536965277777,3.9714375000000004,0,13.812501,144,0,Valid
2026-04-23,1888,918,Buche2_G1,G1,Fagus sylvatica,Fagus sylvatica,0.058351375,0,0,0.473636,144,0,Valid
2026-04-23,1889,919,Buche3_G1,G1,Fagus sylvatica,Fagus sylvatica,8.25279401388889,8.312558,0,18.019077,144,0,Valid
2026-04-23,1890,920,Fichte1_P2,P2,Abies alba,Abies alba,8.447714180555556,7.3050654999999995,0,24.131022,144,0,Valid
2026-04-23,1891,921,Fichte2_P2,P2,Abies alba,Abies alba,0.004666875,0,0,0.127319,144,0,Valid
2026-04-23,1892,922,Fichte3_P2,P2,Abies alba,Abies alba,23.528738868055555,21.200060999999998,0,53.562691,144,0,Valid
2026-04-23,1894,924,Buche2_P2,P2,Fagus sylvatica,Fagus sylvatica,10.353989229166666,9.622029000000001,0,22.246989,144,0,Valid
2026-04-23,1895,925,Buche3_P2,P2,Fagus sylvatica,Fagus sylvatica,6.610459194444444,5.1463935,0,17.099213,144,0,Valid
2026-04-23,1896,926,Buche1_P3,P3,Fagus sylvatica,Fagus sylvatica,67.64013436111111,65.39793499999999,53.860938,80.910056,144,0,Valid
2026-04-23,1897,927,Buche2_P3,P3,Fagus sylvatica,Fagus sylvatica,0.5985705694444444,0.081044,0,2.906584,144,0,Valid
2026-04-23,1898,928,Buche3_P3,P3,Fagus sylvatica,Fagus sylvatica,10.6953153125,6.242688,0,26.526475,144,0,Valid
2026-04-23,1899,929,Fichte1_P3,P3,Fagus sylvatica,Abies alba,0.7095713541666666,0,0,4.846966,144,0,Valid
2026-04-23,1900,930,Fichte2_P3,P3,Fagus sylvatica,Abies alba,10.76578017361111,8.146375500000001,0,26.664114,144,0,Valid
2026-04-23,1901,931,Fichte3_P3,P3,Fagus sylvatica,Abies alba,13.768269625,10.609013000000001,0,38.154986,144,0,Valid
2026-04-24,1878,908,Buche1_P1,P1,Fagus sylvatica,Fagus sylvatica,2.2041144722222223,0,0,10.262789,144,0,Valid
2026-04-24,1879,909,Buche2_P1,P1,Fagus sylvatica,Fagus sylvatica,118.83411652777778,119.1719405,105.158692,127.389325,144,0,Valid
2026-04-24,1880,910,Buche3_P1,P1,Fagus sylvatica,Fagus sylvatica,13.836097888888888,9.118327,0,37.695939,144,0,Valid
2026-04-24,1881,911,Fichte1_P1,P1,Abies alba,Abies alba,34.53730658333333,29.809822,0,93.035814,144,0,Valid
2026-04-24,1882,912,Fichte2_P1,P1,Abies alba,Abies alba,12.66250707638889,3.0253645000000002,0,45.604595,144,0,Valid
2026-04-24,1883,913,Fichte3_P1,P1,Abies alba,Abies alba,16.66304295138889,3.8041755,0,54.642962,144,0,Valid
2026-04-24,1884,914,Fichte1_G1,G1,Abies alba,Abies alba,97.73272335416667,82.3762255,32.388996,194.93886,144,0,Valid
2026-04-24,1885,915,Fichte2_G1,G1,Abies alba,Abies alba,55.549659409722224,53.8303265,0,116.787465,144,0,Valid
2026-04-24,1886,916,Fichte3_G1,G1,Abies alba,Abies alba,0.5055387083333334,0,0,2.966722,144,0,Valid
2026-04-24,1887,917,Buche1_G1,G1,Fagus sylvatica,Fagus sylvatica,9.68283407638889,8.3677895,0,23.099633,144,0,Valid
2026-04-24,1888,918,Buche2_G1,G1,Fagus sylvatica,Fagus sylvatica,0.2250624375,0,0,1.642074,144,0,Valid
2026-04-24,1889,919,Buche3_G1,G1,Fagus sylvatica,Fagus sylvatica,4.92582532,0.3286785,0,19.943702,100,0,Valid
2026-04-24,1890,920,Fichte1_P2,P2,Abies alba,Abies alba,9.2283308125,4.337936,0,28.71963,144,0,Valid
2026-04-24,1891,921,Fichte2_P2,P2,Abies alba,Abies alba,0.03671921527777778,0,0,0.419553,144,0,Valid
2026-04-24,1892,922,Fichte3_P2,P2,Abies alba,Abies alba,24.840338791666667,23.697893999999998,0,57.996118,144,0,Valid
2026-04-24,1894,924,Buche2_P2,P2,Fagus sylvatica,Fagus sylvatica,10.936132826388889,10.316703,0,26.221504,144,0,Valid
2026-04-24,1895,925,Buche3_P2,P2,Fagus sylvatica,Fagus sylvatica,9.519217277777777,6.141283,0,24.447847,144,0,Valid
2026-04-24,1896,926,Buche1_P3,P3,Fagus sylvatica,Fagus sylvatica,64.10139175,63.044115,51.099189,77.359371,144,0,Valid
2026-04-24,1897,927,Buche2_P3,P3,Fagus sylvatica,Fagus sylvatica,1.3345523472222223,0,0,5.566571,144,0,Valid
2026-04-24,1898,928,Buche3_P3,P3,Fagus sylvatica,Fagus sylvatica,9.166026840277778,4.3690385,0,27.322989,144,0,Valid
2026-04-24,1899,929,Fichte1_P3,P3,Fagus sylvatica,Abies alba,0.21615377083333334,0,0,3.207979,144,0,Valid
2026-04-24,1900,930,Fichte2_P3,P3,Fagus sylvatica,Abies alba,9.305707569444444,7.992036,0,23.457788999999998,144,0,Valid
2026-04-24,1901,931,Fichte3_P3,P3,Fagus sylvatica,Abies alba,9.563246784722223,5.212661,0,27.578817,144,0,Valid
2026-04-25,1878,908,Buche1_P1,P1,Fagus sylvatica,Fagus sylvatica,2.8200316944444443,0,0,11.546028,144,0,Valid
2026-04-25,1879,909,Buche2_P1,P1,Fagus sylvatica,Fagus sylvatica,120.26820131944444,120.60582099999999,105.122864,129.429744,144,0,Valid
2026-04-25,1880,910,Buche3_P1,P1,Fagus sylvatica,Fagus sylvatica,14.860955888888888,9.881964499999999,0,42.942454,144,0,Valid
2026-04-25,1881,911,Fichte1_P1,P1,Abies alba,Abies alba,38.06259767361111,25.134282,0,109.104827,144,0,Valid
2026-04-25,1882,912,Fichte2_P1,P1,Abies alba,Abies alba,17.080929076388887,5.10247,0,55.34654,144,0,Valid
2026-04-25,1883,913,Fichte3_P1,P1,Abies alba,Abies alba,19.313028645833334,6.3365995,0,59.308109,144,0,Valid
2026-04-25,1884,914,Fichte1_G1,G1,Abies alba,Abies alba,98.3134112638889,79.43994599999999,25.269626,199.10803,144,0,Valid
2026-04-25,1885,915,Fichte2_G1,G1,Abies alba,Abies alba,58.4500945,59.731911,0,127.209103,144,0,Valid
2026-04-25,1886,916,Fichte3_G1,G1,Abies alba,Abies alba,0.563105,0,0,3.319687,144,0,Valid
2026-04-25,1887,917,Buche1_G1,G1,Fagus sylvatica,Fagus sylvatica,6.903732847222222,4.044682,0,20.473821,144,0,Valid
2026-04-25,1888,918,Buche2_G1,G1,Fagus sylvatica,Fagus sylvatica,0.26268922222222224,0,0,1.455285,144,0,Valid
2026-04-25,1889,919,Buche3_G1,G1,Fagus sylvatica,Fagus sylvatica,6.696758090277778,3.1810869999999998,0,18.119117,144,0,Valid
2026-04-25,1890,920,Fichte1_P2,P2,Abies alba,Abies alba,9.088599006944444,2.212914,0,32.856448,144,0,Valid
2026-04-25,1891,921,Fichte2_P2,P2,Abies alba,Abies alba,0.0076457013888888885,0,0,0.116946,144,0,Valid
2026-04-25,1892,922,Fichte3_P2,P2,Abies alba,Abies alba,26.34013913888889,19.590513,0,71.520015,144,0,Valid
2026-04-25,1894,924,Buche2_P2,P2,Fagus sylvatica,Fagus sylvatica,9.505519805555556,6.623618499999999,0,27.261566,144,0,Valid
2026-04-25,1895,925,Buche3_P2,P2,Fagus sylvatica,Fagus sylvatica,7.973830819444444,3.5486795,0,26.548459,144,0,Valid
2026-04-25,1896,926,Buche1_P3,P3,Fagus sylvatica,Fagus sylvatica,57.434207083333334,55.1153275,45.079326,72.905693,144,0,Valid
2026-04-25,1897,927,Buche2_P3,P3,Fagus sylvatica,Fagus sylvatica,1.7594439097222223,0,0,8.20355,144,0,Valid
2026-04-25,1898,928,Buche3_P3,P3,Fagus sylvatica,Fagus sylvatica,8.725944166666666,4.343266,0,28.014143,144,0,Valid
2026-04-25,1899,929,Fichte1_P3,P3,Fagus sylvatica,Abies alba,0.16883683333333332,0,0,2.194269,144,0,Valid
2026-04-25,1900,930,Fichte2_P3,P3,Fagus sylvatica,Abies alba,8.985126152777777,5.1180924999999995,0,26.269968,144,0,Valid
2026-04-25,1901,931,Fichte3_P3,P3,Fagus sylvatica,Abies alba,9.361488097222223,1.30518,0,30.78029,144,0,Valid
2026-04-26,1878,908,Buche1_P1,P1,Fagus sylvatica,Fagus sylvatica,1.8738016458333333,0,0,8.938435,144,0,Valid
2026-04-26,1879,909,Buche2_P1,P1,Fagus sylvatica,Fagus sylvatica,123.01009051388888,122.23203699999999,110.110486,132.570631,144,0,Valid
2026-04-26,1880,910,Buche3_P1,P1,Fagus sylvatica,Fagus sylvatica,12.212322951388888,8.2064925,0,32.838856,144,0,Valid
2026-04-26,1881,911,Fichte1_P1,P1,Abies alba,Abies alba,37.15731783333333,29.013585499999998,0,98.965183,144,0,Valid
2026-04-26,1882,912,Fichte2_P1,P1,Abies alba,Abies alba,19.17191188888889,10.4238885,0,59.874721,144,0,Valid
2026-04-26,1883,913,Fichte3_P1,P1,Abies alba,Abies alba,20.4568165625,12.897552999999998,0,58.877328,144,0,Valid
2026-04-26,1884,914,Fichte1_G1,G1,Abies alba,Abies alba,86.75624720833333,73.270304,17.146135,172.781808,144,0,Valid
2026-04-26,1885,915,Fichte2_G1,G1,Abies alba,Abies alba,65.62707997222222,67.725612,0,132.490779,144,0,Valid
2026-04-26,1886,916,Fichte3_G1,G1,Abies alba,Abies alba,0.4320353055555556,0,0,2.554782,144,0,Valid
2026-04-26,1887,917,Buche1_G1,G1,Fagus sylvatica,Fagus sylvatica,6.5219300208333335,4.651811,0,17.033051,144,0,Valid
2026-04-26,1888,918,Buche2_G1,G1,Fagus sylvatica,Fagus sylvatica,0.5056521388888889,0,0,3.748508,144,0,Valid
2026-04-26,1889,919,Buche3_G1,G1,Fagus sylvatica,Fagus sylvatica,7.144224368055555,6.2923375,0,16.174873,144,0,Valid
2026-04-26,1890,920,Fichte1_P2,P2,Abies alba,Abies alba,11.229253354166666,5.1219435,0,29.484654,144,0,Valid
2026-04-26,1891,921,Fichte2_P2,P2,Abies alba,Abies alba,0.0030948472222222224,0,0,0.134077,144,0,Valid
2026-04-26,1892,922,Fichte3_P2,P2,Abies alba,Abies alba,27.491243597222223,27.9065825,0,63.100358,144,0,Valid
2026-04-26,1894,924,Buche2_P2,P2,Fagus sylvatica,Fagus sylvatica,12.211022493055555,13.3465755,0,27.50121,144,0,Valid
2026-04-26,1895,925,Buche3_P2,P2,Fagus sylvatica,Fagus sylvatica,7.788584180555556,6.0487424999999995,0,20.695889,144,0,Valid
2026-04-26,1896,926,Buche1_P3,P3,Fagus sylvatica,Fagus sylvatica,51.802608381944445,50.697643,40.490113,62.606499,144,0,Valid
2026-04-26,1897,927,Buche2_P3,P3,Fagus sylvatica,Fagus sylvatica,1.4156710555555556,0,0,5.694175,144,0,Valid
2026-04-26,1898,928,Buche3_P3,P3,Fagus sylvatica,Fagus sylvatica,8.561301118055555,6.3206425,0,21.366382,144,0,Valid
2026-04-26,1899,929,Fichte1_P3,P3,Fagus sylvatica,Abies alba,0.34714486805555556,0,0,2.322945,144,0,Valid
2026-04-26,1900,930,Fichte2_P3,P3,Fagus sylvatica,Abies alba,11.912298506944444,10.528817,0,28.921993,144,0,Valid
2026-04-26,1901,931,Fichte3_P3,P3,Fagus sylvatica,Abies alba,15.285529520833334,9.1540555,0,39.786038,144,0,Valid
2026-04-27,1878,908,Buche1_P1,P1,Fagus sylvatica,Fagus sylvatica,2.3712567430555556,0,0,10.714982,144,0,Valid
2026-04-27,1879,909,Buche2_P1,P1,Fagus sylvatica,Fagus sylvatica,124.672529375,123.96005550000001,112.788201,133.556214,144,0,Valid
2026-04-27,1880,910,Buche3_P1,P1,Fagus sylvatica,Fagus sylvatica,11.192739180555556,6.216675,0,33.186609,144,0,Valid
2026-04-27,1881,911,Fichte1_P1,P1,Abies alba,Abies alba,35.511155243055555,22.103710999999997,0,99.758611,144,0,Valid
2026-04-27,1882,912,Fichte2_P1,P1,Abies alba,Abies alba,32.25009510416667,9.5043675,0,118.678894,144,0,Valid
2026-04-27,1883,913,Fichte3_P1,P1,Abies alba,Abies alba,15.120745666666666,3.7624234999999997,0,51.409396,144,0,Valid
2026-04-27,1884,914,Fichte1_G1,G1,Abies alba,Abies alba,75.76655552777778,63.299910999999994,9.036184,166.421304,144,0,Valid
2026-04-27,1885,915,Fichte2_G1,G1,Abies alba,Abies alba,57.79993202777778,54.63353,0,122.296578,144,0,Valid
2026-04-27,1886,916,Fichte3_G1,G1,Abies alba,Abies alba,0.12209818055555556,0,0,0.992639,144,0,Valid
2026-04-27,1887,917,Buche1_G1,G1,Fagus sylvatica,Fagus sylvatica,4.896550256944445,0.7863395,0,16.020024,144,0,Valid
2026-04-27,1888,918,Buche2_G1,G1,Fagus sylvatica,Fagus sylvatica,0.05056434722222222,0,0,0.60719,144,0,Valid
2026-04-27,1889,919,Buche3_G1,G1,Fagus sylvatica,Fagus sylvatica,4.547877458333334,0.8081400000000001,0,14.337778,144,0,Valid
2026-04-27,1890,920,Fichte1_P2,P2,Abies alba,Abies alba,6.981284590277777,0,0,25.24083,144,0,Valid
2026-04-27,1891,921,Fichte2_P2,P2,Abies alba,Abies alba,0.007303104166666666,0,0,0.128737,144,0,Valid
2026-04-27,1892,922,Fichte3_P2,P2,Abies alba,Abies alba,20.398894256944445,14.3742485,0,57.407203,144,0,Valid
2026-04-27,1894,924,Buche2_P2,P2,Fagus sylvatica,Fagus sylvatica,7.886372104166667,5.4447445000000005,0,23.292244,144,0,Valid
2026-04-27,1895,925,Buche3_P2,P2,Fagus sylvatica,Fagus sylvatica,6.612513694444445,1.398653,0,23.470062,144,0,Valid
2026-04-27,1896,926,Buche1_P3,P3,Fagus sylvatica,Fagus sylvatica,45.486324430555555,45.077916,33.837017,55.471036,144,0,Valid
2026-04-27,1897,927,Buche2_P3,P3,Fagus sylvatica,Fagus sylvatica,2.0299166319444444,0,0,8.128375,144,0,Valid
2026-04-27,1898,928,Buche3_P3,P3,Fagus sylvatica,Fagus sylvatica,8.075113673611112,2.66535,0,24.340122,144,0,Valid
2026-04-27,1899,929,Fichte1_P3,P3,Fagus sylvatica,Abies alba,0.21799422916666666,0,0,3.180868,144,0,Valid
2026-04-27,1900,930,Fichte2_P3,P3,Fagus sylvatica,Abies alba,7.362203298611111,2.270464,0,24.268073,144,0,Valid
2026-04-27,1901,931,Fichte3_P3,P3,Fagus sylvatica,Abies alba,7.072347472222222,1.3024589999999998,0,21.339081,144,0,Valid
2026-04-28,1878,908,Buche1_P1,P1,Fagus sylvatica,Fagus sylvatica,0.4477282430555556,0,0,4.058069,144,0,Valid
2026-04-28,1879,909,Buche2_P1,P1,Fagus sylvatica,Fagus sylvatica,121.80594113194445,122.643203,114.724431,126.942592,144,0,Valid
2026-04-28,1880,910,Buche3_P1,P1,Fagus sylvatica,Fagus sylvatica,5.503749069444444,1.64825,0,20.94397,144,0,Valid
2026-04-28,1881,911,Fichte1_P1,P1,Abies alba,Abies alba,17.63588927777778,3.8930904999999996,0,58.924323,144,0,Valid
2026-04-28,1882,912,Fichte2_P1,P1,Abies alba,Abies alba,11.608255854166666,8.1478215,0,46.622306,144,0,Valid
2026-04-28,1883,913,Fichte3_P1,P1,Abies alba,Abies alba,7.8751855,0,0,35.416156,144,0,Valid
2026-04-28,1884,914,Fichte1_G1,G1,Abies alba,Abies alba,42.97611700694444,42.245387,0,86.724714,144,0,Valid
2026-04-28,1885,915,Fichte2_G1,G1,Abies alba,Abies alba,31.493227881944446,27.0469355,0,84.646691,144,0,Valid
2026-04-28,1886,916,Fichte3_G1,G1,Abies alba,Abies alba,6.396388888888889e-4,0,0,0.047242,144,0,Valid
2026-04-28,1887,917,Buche1_G1,G1,Fagus sylvatica,Fagus sylvatica,0.3435080763888889,0,0,3.101936,144,0,Valid
2026-04-28,1888,918,Buche2_G1,G1,Fagus sylvatica,Fagus sylvatica,0.041092944444444446,0,0,0.652107,144,0,Valid
2026-04-28,1889,919,Buche3_G1,G1,Fagus sylvatica,Fagus sylvatica,2.2015316180555558,0,0,10.420335,144,0,Valid
2026-04-28,1890,920,Fichte1_P2,P2,Abies alba,Abies alba,1.9974961111111111,0,0,13.085077,144,0,Valid
2026-04-28,1891,921,Fichte2_P2,P2,Abies alba,Abies alba,4.2958333333333336e-4,0,0,0.026826,144,0,Valid
2026-04-28,1892,922,Fichte3_P2,P2,Abies alba,Abies alba,5.797185138888889,0,0,28.351992,144,0,Valid
2026-04-28,1894,924,Buche2_P2,P2,Fagus sylvatica,Fagus sylvatica,2.0734817291666667,0,0,10.82666,144,0,Valid
2026-04-28,1895,925,Buche3_P2,P2,Fagus sylvatica,Fagus sylvatica,2.533123888888889,0,0,11.851516,144,0,Valid
2026-04-28,1896,926,Buche1_P3,P3,Fagus sylvatica,Fagus sylvatica,28.481516145833332,29.356959500000002,11.824765,39.295354,144,0,Valid
2026-04-28,1897,927,Buche2_P3,P3,Fagus sylvatica,Fagus sylvatica,0.43789564583333335,0,0,2.93038,144,0,Valid
2026-04-28,1898,928,Buche3_P3,P3,Fagus sylvatica,Fagus sylvatica,3.9048770069444445,0,0,15.933474,144,0,Valid
2026-04-28,1899,929,Fichte1_P3,P3,Fagus sylvatica,Abies alba,0.1623589652777778,0,0,2.266282,144,0,Valid
2026-04-28,1900,930,Fichte2_P3,P3,Fagus sylvatica,Abies alba,1.9144039722222221,0,0,9.086526,144,0,Valid
2026-04-28,1901,931,Fichte3_P3,P3,Fagus sylvatica,Abies alba,2.4681131527777778,0,0,12.61122,144,0,Valid
2026-04-29,1878,908,Buche1_P1,P1,Fagus sylvatica,Fagus sylvatica,1.5536216458333334,0,0,9.255619,144,0,Valid
2026-04-29,1879,909,Buche2_P1,P1,Fagus sylvatica,Fagus sylvatica,117.62527869444445,117.4959325,107.188814,127.396119,144,0,Valid
2026-04-29,1880,910,Buche3_P1,P1,Fagus sylvatica,Fagus sylvatica,9.272901131944444,6.5841865,0,26.955269,144,0,Valid
2026-04-29,1881,911,Fichte1_P1,P1,Abies alba,Abies alba,33.008719604166664,18.4033225,0,95.791844,144,0,Valid
2026-04-29,1882,912,Fichte2_P1,P1,Abies alba,Abies alba,10.523616354166666,0.6021925,0,37.468809,144,0,Valid
2026-04-29,1883,913,Fichte3_P1,P1,Abies alba,Abies alba,20.392259368055555,11.7760055,0,62.338153,144,0,Valid
2026-04-29,1884,914,Fichte1_G1,G1,Abies alba,Abies alba,39.95982731944444,27.0494365,0,103.174208,144,0,Valid
2026-04-29,1885,915,Fichte2_G1,G1,Abies alba,Abies alba,55.66990364583334,43.9317315,0,132.719881,144,0,Valid
2026-04-29,1886,916,Fichte3_G1,G1,Abies alba,Abies alba,0.04121399305555556,0,0,0.885519,144,0,Valid
2026-04-29,1887,917,Buche1_G1,G1,Fagus sylvatica,Fagus sylvatica,6.527335319444444,7.2309874999999995,0,16.016841,144,0,Valid
2026-04-29,1888,918,Buche2_G1,G1,Fagus sylvatica,Fagus sylvatica,0.6818757222222223,0,0,3.351759,144,0,Valid
2026-04-29,1889,919,Buche3_G1,G1,Fagus sylvatica,Fagus sylvatica,5.918593131944444,6.865029,0,15.348153,144,0,Valid
2026-04-29,1890,920,Fichte1_P2,P2,Abies alba,Abies alba,8.694891027777778,5.9312535,0,26.679575,144,0,Valid
2026-04-29,1891,921,Fichte2_P2,P2,Abies alba,Abies alba,2.8244444444444443e-4,0,0,0.019014,144,0,Valid
2026-04-29,1892,922,Fichte3_P2,P2,Abies alba,Abies alba,25.673826756944443,17.1210235,0,60.713084,144,0,Valid
2026-04-29,1894,924,Buche2_P2,P2,Fagus sylvatica,Fagus sylvatica,11.582643354166667,11.136599499999999,0,27.497588,144,0,Valid
2026-04-29,1895,925,Buche3_P2,P2,Fagus sylvatica,Fagus sylvatica,6.468340597222222,5.7951084999999996,0,18.230534,144,0,Valid
2026-04-29,1896,926,Buche1_P3,P3,Fagus sylvatica,Fagus sylvatica,12.39936138888889,10.683500500000001,0,27.904146,144,0,Valid
2026-04-29,1897,927,Buche2_P3,P3,Fagus sylvatica,Fagus sylvatica,0.5401935972222223,0,0,3.249247,144,0,Valid
2026-04-29,1898,928,Buche3_P3,P3,Fagus sylvatica,Fagus sylvatica,7.0284628611111115,5.0652795,0,19.58621,144,0,Valid
2026-04-29,1899,929,Fichte1_P3,P3,Fagus sylvatica,Abies alba,2.326612513888889,0,0,12.14753,144,0,Valid
2026-04-29,1900,930,Fichte2_P3,P3,Fagus sylvatica,Abies alba,6.8660743958333335,1.907327,0,19.189745,144,0,Valid
2026-04-29,1901,931,Fichte3_P3,P3,Fagus sylvatica,Abies alba,10.833235361111111,8.8878405,0,28.227967,144,0,Valid
2026-04-30,1878,908,Buche1_P1,P1,Fagus sylvatica,Fagus sylvatica,0.8662514375,0,0,4.297541,144,0,Valid
2026-04-30,1879,909,Buche2_P1,P1,Fagus sylvatica,Fagus sylvatica,127.77142261805555,128.0403475,119.057315,134.528773,144,0,Valid
2026-04-30,1880,910,Buche3_P1,P1,Fagus sylvatica,Fagus sylvatica,5.4705528333333335,3.0289919999999997,0,17.915785,144,0,Valid
2026-04-30,1881,911,Fichte1_P1,P1,Abies alba,Abies alba,36.6014545625,29.372675,5.298757,86.141999,144,0,Valid
2026-04-30,1882,912,Fichte2_P1,P1,Abies alba,Abies alba,9.986966416666666,0.20106449999999998,0,36.43401,144,0,Valid
2026-04-30,1883,913,Fichte3_P1,P1,Abies alba,Abies alba,12.39441963888889,5.559599,0,41.676927,144,0,Valid
2026-04-30,1884,914,Fichte1_G1,G1,Abies alba,Abies alba,42.777873791666664,33.535109,0,104.59832,144,0,Valid
2026-04-30,1885,915,Fichte2_G1,G1,Abies alba,Abies alba,84.28545821527779,80.0552845,42.808828,131.243676,144,0,Valid
2026-04-30,1886,916,Fichte3_G1,G1,Abies alba,Abies alba,0,0,0,0,144,0,Valid
2026-04-30,1887,917,Buche1_G1,G1,Fagus sylvatica,Fagus sylvatica,4.818846270833333,4.0983255,0,11.337989,144,0,Valid
2026-04-30,1888,918,Buche2_G1,G1,Fagus sylvatica,Fagus sylvatica,0.027513666666666665,0,0,0.440826,144,0,Valid
2026-04-30,1889,919,Buche3_G1,G1,Fagus sylvatica,Fagus sylvatica,1.5443647430555556,0.873023,0,6.733264,144,0,Valid
2026-04-30,1890,920,Fichte1_P2,P2,Abies alba,Abies alba,2.1348055763888887,1.0302255,0,8.306939,144,0,Valid
2026-04-30,1891,921,Fichte2_P2,P2,Abies alba,Abies alba,9.645833333333333e-6,0,0,0.001389,144,0,Valid
2026-04-30,1892,922,Fichte3_P2,P2,Abies alba,Abies alba,48.147018152777775,46.6129035,36.570568,62.647727,144,0,Valid
2026-04-30,1894,924,Buche2_P2,P2,Fagus sylvatica,Fagus sylvatica,17.44771947916667,16.9283575,12.621907,23.685839,144,0,Valid
2026-04-30,1895,925,Buche3_P2,P2,Fagus sylvatica,Fagus sylvatica,3.3764657430555554,2.1867625,0,9.67349,144,0,Valid
2026-04-30,1896,926,Buche1_P3,P3,Fagus sylvatica,Fagus sylvatica,18.719808090277777,17.669777,13.734711,27.625055,144,0,Valid
2026-04-30,1897,927,Buche2_P3,P3,Fagus sylvatica,Fagus sylvatica,0.06612765277777778,0,0,0.546468,144,0,Valid
2026-04-30,1898,928,Buche3_P3,P3,Fagus sylvatica,Fagus sylvatica,4.496457548611111,3.2283345,0,12.873232,144,0,Valid
2026-04-30,1899,929,Fichte1_P3,P3,Fagus sylvatica,Abies alba,0.20408195138888888,0,0,3.495496,144,0,Valid
2026-04-30,1900,930,Fichte2_P3,P3,Fagus sylvatica,Abies alba,4.580087027777778,4.5635285,0,10.164309,144,0,Valid
2026-04-30,1901,931,Fichte3_P3,P3,Fagus sylvatica,Abies alba,7.635116756944445,7.274925,0,16.778184,144,0,Valid
2026-05-01,1878,908,Buche1_P1,P1,Fagus sylvatica,Fagus sylvatica,3.862403263888889,0,0,18.180837,144,0,Valid
2026-05-01,1879,909,Buche2_P1,P1,Fagus sylvatica,Fagus sylvatica,131.85758760416667,134.3381905,120.776973,137.389262,144,0,Valid
2026-05-01,1880,910,Buche3_P1,P1,Fagus sylvatica,Fagus sylvatica,8.758860375,2.6149035,0,30.679324,144,0,Valid
2026-05-01,1881,911,Fichte1_P1,P1,Abies alba,Abies alba,23.104982680555555,15.1717365,0,70.991799,144,0,Valid
2026-05-01,1882,912,Fichte2_P1,P1,Abies alba,Abies alba,5.908683368055556,0,0,23.901085,144,0,Valid
2026-05-01,1883,913,Fichte3_P1,P1,Abies alba,Abies alba,15.070426493055555,0,0,50.721356,144,0,Valid
2026-05-01,1884,914,Fichte1_G1,G1,Abies alba,Abies alba,59.163028645833336,36.250452499999994,0,164.266987,144,0,Valid
2026-05-01,1885,915,Fichte2_G1,G1,Abies alba,Abies alba,67.25444386111111,66.3072765,23.363204,114.82213,144,0,Valid
2026-05-01,1886,916,Fichte3_G1,G1,Abies alba,Abies alba,0.2576885902777778,0,0,3.475464,144,0,Valid
2026-05-01,1887,917,Buche1_G1,G1,Fagus sylvatica,Fagus sylvatica,0.6192132222222222,0,0,4.506664,144,0,Valid
2026-05-01,1888,918,Buche2_G1,G1,Fagus sylvatica,Fagus sylvatica,0.04997159722222222,0,0,0.60254,144,0,Valid
2026-05-01,1889,919,Buche3_G1,G1,Fagus sylvatica,Fagus sylvatica,1.5698186458333334,0,0,7.937034,144,0,Valid
2026-05-01,1890,920,Fichte1_P2,P2,Abies alba,Abies alba,0.16408133333333333,0,0,1.370407,144,0,Valid
2026-05-01,1891,921,Fichte2_P2,P2,Abies alba,Abies alba,0.0020119375,0,0,0.07455,144,0,Valid
2026-05-01,1892,922,Fichte3_P2,P2,Abies alba,Abies alba,20.119595611111112,17.974963000000002,0,43.054932,144,0,Valid
2026-05-01,1894,924,Buche2_P2,P2,Fagus sylvatica,Fagus sylvatica,4.8551287499999995,3.9373475,0,12.551185,144,0,Valid
2026-05-01,1895,925,Buche3_P2,P2,Fagus sylvatica,Fagus sylvatica,3.489040215277778,0.0577075,0,12.612835,144,0,Valid
2026-05-01,1896,926,Buche1_P3,P3,Fagus sylvatica,Fagus sylvatica,12.6861755,12.509591,0.865351,23.13837,144,0,Valid
2026-05-01,1897,927,Buche2_P3,P3,Fagus sylvatica,Fagus sylvatica,1.7935386458333333,0,0,6.764936,144,0,Valid
2026-05-01,1898,928,Buche3_P3,P3,Fagus sylvatica,Fagus sylvatica,7.261932479166667,0.032945,0,25.204084,144,0,Valid
2026-05-01,1899,929,Fichte1_P3,P3,Fagus sylvatica,Abies alba,0.1767542013888889,0,0,2.247139,144,0,Valid
2026-05-01,1900,930,Fichte2_P3,P3,Fagus sylvatica,Abies alba,2.1636068819444443,0,0,8.073988,144,0,Valid
2026-05-01,1901,931,Fichte3_P3,P3,Fagus sylvatica,Abies alba,1.5634822847222223,0,0,6.302732,144,0,Valid
2026-05-02,1878,908,Buche1_P1,P1,Fagus sylvatica,Fagus sylvatica,4.323445958333333,0,0,20.064982,144,0,Valid
2026-05-02,1879,909,Buche2_P1,P1,Fagus sylvatica,Fagus sylvatica,129.1965404236111,129.675526,118.074731,136.026945,144,0,Valid
2026-05-02,1880,910,Buche3_P1,P1,Fagus sylvatica,Fagus sylvatica,12.073042881944444,5.9611285,0,37.16289,144,0,Valid
2026-05-02,1881,911,Fichte1_P1,P1,Abies alba,Abies alba,24.364965291666667,13.1841875,0,78.740129,144,0,Valid
2026-05-02,1882,912,Fichte2_P1,P1,Abies alba,Abies alba,5.359421993055555,0,0,24.108241,144,0,Valid
2026-05-02,1883,913,Fichte3_P1,P1,Abies alba,Abies alba,18.657708645833335,2.1960075000000003,0,61.068736,144,0,Valid
2026-05-02,1884,914,Fichte1_G1,G1,Abies alba,Abies alba,59.41729071527778,47.4719745,0,143.376056,144,0,Valid
2026-05-02,1885,915,Fichte2_G1,G1,Abies alba,Abies alba,48.61950854166667,43.875268000000005,0,108.197099,144,0,Valid
2026-05-02,1886,916,Fichte3_G1,G1,Abies alba,Abies alba,0.004447319444444445,0,0,0.260007,144,0,Valid
2026-05-02,1887,917,Buche1_G1,G1,Fagus sylvatica,Fagus sylvatica,2.3050954166666666,0,0,9.763499,144,0,Valid
2026-05-02,1888,918,Buche2_G1,G1,Fagus sylvatica,Fagus sylvatica,0.17117775,0,0,1.106521,144,0,Valid
2026-05-02,1889,919,Buche3_G1,G1,Fagus sylvatica,Fagus sylvatica,3.763540152777778,0,0,11.831396,144,0,Valid
2026-05-02,1890,920,Fichte1_P2,P2,Abies alba,Abies alba,3.382413215277778,0,0,11.39344,144,0,Valid
2026-05-02,1891,921,Fichte2_P2,P2,Abies alba,Abies alba,0,0,0,0,144,0,Valid
2026-05-02,1892,922,Fichte3_P2,P2,Abies alba,Abies alba,12.243467201388889,2.3310579999999996,0,38.662361,144,0,Valid
2026-05-02,1894,924,Buche2_P2,P2,Fagus sylvatica,Fagus sylvatica,5.588184333333333,0.373764,0,21.313125,144,0,Valid
2026-05-02,1895,925,Buche3_P2,P2,Fagus sylvatica,Fagus sylvatica,6.777002868055556,0.8589420000000001,0,22.570082,144,0,Valid
2026-05-02,1896,926,Buche1_P3,P3,Fagus sylvatica,Fagus sylvatica,10.6459204375,4.357299,0,31.426798,144,0,Valid
2026-05-02,1897,927,Buche2_P3,P3,Fagus sylvatica,Fagus sylvatica,1.9266487708333333,0,0,8.304039,144,0,Valid
2026-05-02,1898,928,Buche3_P3,P3,Fagus sylvatica,Fagus sylvatica,7.0875431805555555,0.869801,0,24.746917,144,0,Valid
2026-05-02,1899,929,Fichte1_P3,P3,Fagus sylvatica,Abies alba,0.037680541666666664,0,0,0.944249,144,0,Valid
2026-05-02,1900,930,Fichte2_P3,P3,Fagus sylvatica,Abies alba,3.7173867916666667,0,0,13.381479,144,0,Valid
2026-05-02,1901,931,Fichte3_P3,P3,Fagus sylvatica,Abies alba,5.143982625,0,0,17.884521,144,0,Valid
2026-05-03,1878,908,Buche1_P1,P1,Fagus sylvatica,Fagus sylvatica,1.1640464513888888,0,0,8.801188,144,0,Valid
2026-05-03,1879,909,Buche2_P1,P1,Fagus sylvatica,Fagus sylvatica,126.80447929861111,127.180176,117.787153,133.607903,144,0,Valid
2026-05-03,1880,910,Buche3_P1,P1,Fagus sylvatica,Fagus sylvatica,7.947028416666667,3.3605460000000003,0,29.589191,144,0,Valid
2026-05-03,1881,911,Fichte1_P1,P1,Abies alba,Abies alba,21.297789243055554,10.051355000000001,0,72.026823,144,0,Valid
2026-05-03,1882,912,Fichte2_P1,P1,Abies alba,Abies alba,4.7933326944444445,0,0,23.414485,144,0,Valid
2026-05-03,1883,913,Fichte3_P1,P1,Abies alba,Abies alba,14.4392071875,0.5694940000000001,0,56.10053,144,0,Valid
2026-05-03,1884,914,Fichte1_G1,G1,Abies alba,Abies alba,36.38557376388889,28.861075,0,102.52743100000001,144,0,Valid
2026-05-03,1885,915,Fichte2_G1,G1,Abies alba,Abies alba,42.72968261111111,40.741223000000005,0,107.871827,144,0,Valid
2026-05-03,1886,916,Fichte3_G1,G1,Abies alba,Abies alba,0.32341420833333334,0,0,3.102743,144,0,Valid
2026-05-03,1887,917,Buche1_G1,G1,Fagus sylvatica,Fagus sylvatica,2.713042736111111,0,0,14.32603,144,0,Valid
2026-05-03,1888,918,Buche2_G1,G1,Fagus sylvatica,Fagus sylvatica,0.5782250347222222,0,0,4.795498,144,0,Valid
2026-05-03,1889,919,Buche3_G1,G1,Fagus sylvatica,Fagus sylvatica,3.606882458333333,0,0,21.058641,144,0,Valid
2026-05-03,1890,920,Fichte1_P2,P2,Abies alba,Abies alba,4.722013972222222,0,0,27.368063,144,0,Valid
2026-05-03,1891,921,Fichte2_P2,P2,Abies alba,Abies alba,0.007787638888888888,0,0,0.200782,144,0,Valid
2026-05-03,1892,922,Fichte3_P2,P2,Abies alba,Abies alba,12.641945590277778,6.1811725,0,50.009337,144,0,Valid
2026-05-03,1894,924,Buche2_P2,P2,Fagus sylvatica,Fagus sylvatica,3.446699729166667,0.617617,0,16.976848,144,0,Valid
2026-05-03,1895,925,Buche3_P2,P2,Fagus sylvatica,Fagus sylvatica,4.319750298611111,0,0,21.168125,144,0,Valid
2026-05-03,1896,926,Buche1_P3,P3,Fagus sylvatica,Fagus sylvatica,5.843245666666666,2.9762855000000004,0,22.85056,144,0,Valid
2026-05-03,1897,927,Buche2_P3,P3,Fagus sylvatica,Fagus sylvatica,0.6900910208333333,0,0,5.479716,144,0,Valid
2026-05-03,1898,928,Buche3_P3,P3,Fagus sylvatica,Fagus sylvatica,4.7096460972222225,0.0870325,0,20.103043,144,0,Valid
2026-05-03,1899,929,Fichte1_P3,P3,Fagus sylvatica,Abies alba,1.0206047777777778,0,0,10.857816,144,0,Valid
2026-05-03,1900,930,Fichte2_P3,P3,Fagus sylvatica,Abies alba,6.185204354166666,0,0,21.487635,144,0,Valid
2026-05-03,1901,931,Fichte3_P3,P3,Fagus sylvatica,Abies alba,5.627415465277778,0,0,26.979272,144,0,Valid
2026-05-04,1878,908,Buche1_P1,P1,Fagus sylvatica,Fagus sylvatica,0.7890018402777778,0,0,9.204834,144,0,Valid
2026-05-04,1879,909,Buche2_P1,P1,Fagus sylvatica,Fagus sylvatica,116.79039690972222,121.62378,93.995593,131.854423,144,0,Valid
2026-05-04,1880,910,Buche3_P1,P1,Fagus sylvatica,Fagus sylvatica,5.018013048611111,0,0,27.552613,144,0,Valid
2026-05-04,1881,911,Fichte1_P1,P1,Abies alba,Abies alba,13.053721944444444,0,0,58.753262,144,0,Valid
2026-05-04,1882,912,Fichte2_P1,P1,Abies alba,Abies alba,2.1017214652777776,0,0,12.667964,144,0,Valid
2026-05-04,1883,913,Fichte3_P1,P1,Abies alba,Abies alba,5.302176625,0,0,29.836743,144,0,Valid
2026-05-04,1884,914,Fichte1_G1,G1,Abies alba,Abies alba,24.230437041666665,11.563308,0,85.516565,144,0,Valid
2026-05-04,1885,915,Fichte2_G1,G1,Abies alba,Abies alba,25.023485618055556,11.5669295,0,90.91308,144,0,Valid
2026-05-04,1886,916,Fichte3_G1,G1,Abies alba,Abies alba,0.018045118055555556,0,0,0.276566,144,0,Valid
2026-05-04,1887,917,Buche1_G1,G1,Fagus sylvatica,Fagus sylvatica,1.5566559861111111,0,0,11.047056,144,0,Valid
2026-05-04,1888,918,Buche2_G1,G1,Fagus sylvatica,Fagus sylvatica,0.5749458888888889,0,0,4.139852,144,0,Valid
2026-05-04,1889,919,Buche3_G1,G1,Fagus sylvatica,Fagus sylvatica,1.3214356111111112,0,0,7.477934,144,0,Valid
2026-05-04,1890,920,Fichte1_P2,P2,Abies alba,Abies alba,2.361391673611111,0,0,14.892003,144,0,Valid
2026-05-04,1891,921,Fichte2_P2,P2,Abies alba,Abies alba,3.2202083333333334e-4,0,0,0.024344,144,0,Valid
2026-05-04,1892,922,Fichte3_P2,P2,Abies alba,Abies alba,5.4299221527777775,0,0,26.911027,144,0,Valid
2026-05-04,1894,924,Buche2_P2,P2,Fagus sylvatica,Fagus sylvatica,3.164784958333333,0,0,16.523978,144,0,Valid
2026-05-04,1895,925,Buche3_P2,P2,Fagus sylvatica,Fagus sylvatica,3.0947493402777777,0,0,16.050051,144,0,Valid
2026-05-04,1896,926,Buche1_P3,P3,Fagus sylvatica,Fagus sylvatica,3.002652020833333,0,0,15.194267,144,0,Valid
2026-05-04,1897,927,Buche2_P3,P3,Fagus sylvatica,Fagus sylvatica,0.2936487986111111,0,0,1.965082,144,0,Valid
2026-05-04,1898,928,Buche3_P3,P3,Fagus sylvatica,Fagus sylvatica,3.904860777777778,0,0,20.168028,144,0,Valid
2026-05-04,1899,929,Fichte1_P3,P3,Fagus sylvatica,Abies alba,0.14650807638888888,0,0,3.091296,144,0,Valid
2026-05-04,1900,930,Fichte2_P3,P3,Fagus sylvatica,Abies alba,1.5456643333333333,0,0,11.191768,144,0,Valid
2026-05-04,1901,931,Fichte3_P3,P3,Fagus sylvatica,Abies alba,2.7807200972222224,0,0,16.708619,144,0,Valid
2026-05-05,1878,908,Buche1_P1,P1,Fagus sylvatica,Fagus sylvatica,0.32796546527777776,0,0,5.076316,144,0,Valid
2026-05-05,1879,909,Buche2_P1,P1,Fagus sylvatica,Fagus sylvatica,84.80232115277778,81.6680195,79.587995,93.729599,144,0,Valid
2026-05-05,1880,910,Buche3_P1,P1,Fagus sylvatica,Fagus sylvatica,1.3967685416666666,0,0,6.662927,144,0,Valid
2026-05-05,1881,911,Fichte1_P1,P1,Abies alba,Abies alba,3.624565347222222,0,0,14.595317,144,0,Valid
2026-05-05,1882,912,Fichte2_P1,P1,Abies alba,Abies alba,0.10601702777777777,0,0,1.44936,144,0,Valid
2026-05-05,1883,913,Fichte3_P1,P1,Abies alba,Abies alba,1.123930736111111,0,0,8.656225,144,0,Valid
2026-05-05,1884,914,Fichte1_G1,G1,Abies alba,Abies alba,9.18148767361111,0.5816375,0,25.584259,144,0,Valid
2026-05-05,1885,915,Fichte2_G1,G1,Abies alba,Abies alba,4.9300943819444445,0,0,19.685488,144,0,Valid
2026-05-05,1886,916,Fichte3_G1,G1,Abies alba,Abies alba,0.0018134791666666666,0,0,0.084965,144,0,Valid
2026-05-05,1887,917,Buche1_G1,G1,Fagus sylvatica,Fagus sylvatica,3.319513888888889e-4,0,0,0.040932,144,0,Valid
2026-05-05,1888,918,Buche2_G1,G1,Fagus sylvatica,Fagus sylvatica,0.0017694027777777777,0,0,0.085503,144,0,Valid
2026-05-05,1889,919,Buche3_G1,G1,Fagus sylvatica,Fagus sylvatica,0.0046838125,0,0,0.135258,144,0,Valid
2026-05-05,1890,920,Fichte1_P2,P2,Abies alba,Abies alba,0,0,0,0,87,0,Valid
2026-05-05,1891,921,Fichte2_P2,P2,Abies alba,Abies alba,0,0,0,0,144,0,Valid
2026-05-05,1892,922,Fichte3_P2,P2,Abies alba,Abies alba,0.14273954166666666,0,0,1.857684,144,0,Valid
2026-05-05,1894,924,Buche2_P2,P2,Fagus sylvatica,Fagus sylvatica,0.0381979375,0,0,0.9463,144,0,Valid
2026-05-05,1895,925,Buche3_P2,P2,Fagus sylvatica,Fagus sylvatica,0.014063097222222222,0,0,0.32073,144,0,Valid
2026-05-05,1896,926,Buche1_P3,P3,Fagus sylvatica,Fagus sylvatica,0.14421159027777777,0,0,1.470321,144,0,Valid
2026-05-05,1897,927,Buche2_P3,P3,Fagus sylvatica,Fagus sylvatica,0.03537461805555556,0,0,0.623641,144,0,Valid
2026-05-05,1898,928,Buche3_P3,P3,Fagus sylvatica,Fagus sylvatica,0.48376434027777776,0,0,6.503999,144,0,Valid
2026-05-05,1899,929,Fichte1_P3,P3,Fagus sylvatica,Abies alba,0.01363507638888889,0,0,0.350323,144,0,Valid
2026-05-05,1900,930,Fichte2_P3,P3,Fagus sylvatica,Abies alba,0.006699152777777778,0,0,0.157563,144,0,Valid
2026-05-05,1901,931,Fichte3_P3,P3,Fagus sylvatica,Abies alba,0.0014205486111111111,0,0,0.058813,144,0,Valid
2026-05-06,1878,908,Buche1_P1,P1,Fagus sylvatica,Fagus sylvatica,0.3702456875,0,0,4.575328,144,0,Valid
2026-05-06,1879,909,Buche2_P1,P1,Fagus sylvatica,Fagus sylvatica,76.22275433333333,75.8616475,72.468996,79.554519,144,0,Valid
2026-05-06,1880,910,Buche3_P1,P1,Fagus sylvatica,Fagus sylvatica,1.1725805625,0.078288,0,5.773801,144,0,Valid
2026-05-06,1881,911,Fichte1_P1,P1,Abies alba,Abies alba,1.999814375,0,0,12.032488,144,0,Valid
2026-05-06,1882,912,Fichte2_P1,P1,Abies alba,Abies alba,0.06594659027777777,0,0,0.788775,144,0,Valid
2026-05-06,1883,913,Fichte3_P1,P1,Abies alba,Abies alba,0.11768009027777777,0,0,1.526785,144,0,Valid
2026-05-06,1884,914,Fichte1_G1,G1,Abies alba,Abies alba,2.6550855625,0,0,13.525253,144,0,Valid
2026-05-06,1885,915,Fichte2_G1,G1,Abies alba,Abies alba,0.06108416666666667,0,0,1.168763,144,0,Valid
2026-05-06,1886,916,Fichte3_G1,G1,Abies alba,Abies alba,0.012222291666666666,0,0,0.221315,144,0,Valid
2026-05-06,1887,917,Buche1_G1,G1,Fagus sylvatica,Fagus sylvatica,0.0271865,0,0,0.668022,144,0,Valid
2026-05-06,1888,918,Buche2_G1,G1,Fagus sylvatica,Fagus sylvatica,0.002692076388888889,0,0,0.13183,144,0,Valid
2026-05-06,1889,919,Buche3_G1,G1,Fagus sylvatica,Fagus sylvatica,0,0,0,0,104,0,Valid
2026-05-06,1890,920,Fichte1_P2,P2,Abies alba,Abies alba,0.051958944444444446,0,0,0.805746,144,0,Valid
2026-05-06,1891,921,Fichte2_P2,P2,Abies alba,Abies alba,6.100138888888889e-4,0,0,0.033708,144,0,Valid
2026-05-06,1892,922,Fichte3_P2,P2,Abies alba,Abies alba,0.5556101388888889,0,0,4.6079,144,0,Valid
2026-05-06,1894,924,Buche2_P2,P2,Fagus sylvatica,Fagus sylvatica,0.05552658333333333,0,0,0.975424,144,0,Valid
2026-05-06,1895,925,Buche3_P2,P2,Fagus sylvatica,Fagus sylvatica,0.03607863888888889,0,0,0.488005,144,0,Valid
2026-05-06,1896,926,Buche1_P3,P3,Fagus sylvatica,Fagus sylvatica,0.28733419444444447,0,0,2.045895,144,0,Valid
2026-05-06,1897,927,Buche2_P3,P3,Fagus sylvatica,Fagus sylvatica,0.020430180555555556,0,0,0.379482,144,0,Valid
2026-05-06,1898,928,Buche3_P3,P3,Fagus sylvatica,Fagus sylvatica,1.1098847430555556,0,0,7.618088,144,0,Valid
2026-05-06,1899,929,Fichte1_P3,P3,Fagus sylvatica,Abies alba,0.027601208333333332,0,0,0.790701,144,0,Valid
2026-05-06,1900,930,Fichte2_P3,P3,Fagus sylvatica,Abies alba,0.042390326388888885,0,0,0.778375,144,0,Valid
2026-05-06,1901,931,Fichte3_P3,P3,Fagus sylvatica,Abies alba,1.259652777777778e-4,0,0,0.005927,144,0,Valid
2026-05-07,1878,908,Buche1_P1,P1,Fagus sylvatica,Fagus sylvatica,4.389272458333333,0,0,17.228803,144,0,Valid
2026-05-07,1879,909,Buche2_P1,P1,Fagus sylvatica,Fagus sylvatica,83.8485980625,73.672564,70.152645,103.50851,144,0,Valid
2026-05-07,1880,910,Buche3_P1,P1,Fagus sylvatica,Fagus sylvatica,15.150461652777778,16.695700000000002,0,41.672194,144,0,Valid
2026-05-07,1881,911,Fichte1_P1,P1,Abies alba,Abies alba,41.85547159722222,25.052878999999997,0,108.459347,144,0,Valid
2026-05-07,1882,912,Fichte2_P1,P1,Abies alba,Abies alba,21.65535854861111,11.3075115,0,58.253116,144,0,Valid
2026-05-07,1883,913,Fichte3_P1,P1,Abies alba,Abies alba,29.776762986111112,13.9785375,0,78.691903,144,0,Valid
2026-05-07,1884,914,Fichte1_G1,G1,Abies alba,Abies alba,49.17434488888889,34.0348525,0,127.374338,144,0,Valid
2026-05-07,1885,915,Fichte2_G1,G1,Abies alba,Abies alba,89.526849125,74.431881,0,212.456359,144,0,Valid
2026-05-07,1886,916,Fichte3_G1,G1,Abies alba,Abies alba,6.817680041666667,0,0,22.991934,144,0,Valid
2026-05-07,1887,917,Buche1_G1,G1,Fagus sylvatica,Fagus sylvatica,13.8421605,13.494035,0,35.157009,144,0,Valid
2026-05-07,1888,918,Buche2_G1,G1,Fagus sylvatica,Fagus sylvatica,4.086326159722222,1.342216,0,15.239588,144,0,Valid
2026-05-07,1889,919,Buche3_G1,G1,Fagus sylvatica,Fagus sylvatica,8.932315027777777,6.5770085,0,26.555572,144,0,Valid
2026-05-07,1890,920,Fichte1_P2,P2,Abies alba,Abies alba,11.239807265822785,0,0,45.637374,79,0,Valid
2026-05-07,1891,921,Fichte2_P2,P2,Abies alba,Abies alba,0.21527147916666667,0,0,2.054229,144,0,Valid
2026-05-07,1892,922,Fichte3_P2,P2,Abies alba,Abies alba,27.214023159722224,23.336546,0,73.854594,144,0,Valid
2026-05-07,1894,924,Buche2_P2,P2,Fagus sylvatica,Fagus sylvatica,13.969067486111111,14.167341,0,35.359182,144,0,Valid
2026-05-07,1895,925,Buche3_P2,P2,Fagus sylvatica,Fagus sylvatica,5.493614861111111,3.2404275,0,18.554063,144,0,Valid
2026-05-07,1896,926,Buche1_P3,P3,Fagus sylvatica,Fagus sylvatica,15.4664530625,14.9000985,0,38.992292,144,0,Valid
2026-05-07,1897,927,Buche2_P3,P3,Fagus sylvatica,Fagus sylvatica,2.7377879375,0,0,9.843797,144,0,Valid
2026-05-07,1898,928,Buche3_P3,P3,Fagus sylvatica,Fagus sylvatica,9.503498909722222,4.059666,0,30.891685,144,0,Valid
2026-05-07,1899,929,Fichte1_P3,P3,Fagus sylvatica,Abies alba,4.043274506944445,0,0,15.013013,144,0,Valid
2026-05-07,1900,930,Fichte2_P3,P3,Fagus sylvatica,Abies alba,12.360456361111112,3.9689664999999996,0,34.167531,144,0,Valid
2026-05-07,1901,931,Fichte3_P3,P3,Fagus sylvatica,Abies alba,15.967957597222222,13.7745715,0,41.598964,144,0,Valid
2026-05-08,1878,908,Buche1_P1,P1,Fagus sylvatica,Fagus sylvatica,4.295082784722222,0,0,19.353009,144,0,Valid
2026-05-08,1879,909,Buche2_P1,P1,Fagus sylvatica,Fagus sylvatica,97.58989369444444,92.171436,82.165398,117.655007,144,0,Valid
2026-05-08,1880,910,Buche3_P1,P1,Fagus sylvatica,Fagus sylvatica,20.872886555555556,14.597108500000001,0,51.941503,144,0,Valid
2026-05-08,1881,911,Fichte1_P1,P1,Abies alba,Abies alba,50.55700640972222,43.152881,9.752945,113.890509,144,0,Valid
2026-05-08,1882,912,Fichte2_P1,P1,Abies alba,Abies alba,17.968124097222223,16.045286,0,46.698463,144,0,Valid
2026-05-08,1883,913,Fichte3_P1,P1,Abies alba,Abies alba,28.46528098611111,22.0639805,0,76.242774,144,0,Valid
2026-05-08,1884,914,Fichte1_G1,G1,Abies alba,Abies alba,65.33633498611111,49.9244105,4.429564,163.229103,144,0,Valid
2026-05-08,1885,915,Fichte2_G1,G1,Abies alba,Abies alba,139.0548550347222,124.6487175,69.478849,237.437739,144,0,Valid
2026-05-08,1886,916,Fichte3_G1,G1,Abies alba,Abies alba,2.899350656862745,0,0,18.129493,102,0,Valid
2026-05-08,1887,917,Buche1_G1,G1,Fagus sylvatica,Fagus sylvatica,15.580351576388889,13.751719000000001,0,36.933308,144,0,Valid
2026-05-08,1888,918,Buche2_G1,G1,Fagus sylvatica,Fagus sylvatica,2.4411054305555555,0,0,11.814659,144,0,Valid
2026-05-08,1889,919,Buche3_G1,G1,Fagus sylvatica,Fagus sylvatica,8.218020083333334,0.3279785,0,28.56927,144,0,Valid
2026-05-08,1890,920,Fichte1_P2,P2,Abies alba,Abies alba,13.934753888888888,6.5916060000000005,0,46.629807,144,0,Valid
2026-05-08,1891,921,Fichte2_P2,P2,Abies alba,Abies alba,0.25414525,0,0,2.602155,144,0,Valid
2026-05-08,1892,922,Fichte3_P2,P2,Abies alba,Abies alba,34.122655236111115,30.248783500000002,3.495891,77.224761,144,0,Valid
2026-05-08,1894,924,Buche2_P2,P2,Fagus sylvatica,Fagus sylvatica,16.973307319444444,15.4075645,0,37.660623,144,0,Valid
2026-05-08,1895,925,Buche3_P2,P2,Fagus sylvatica,Fagus sylvatica,7.226896826388889,2.4812515,0,25.306086,144,0,Valid
2026-05-08,1896,926,Buche1_P3,P3,Fagus sylvatica,Fagus sylvatica,25.32579004861111,21.102077,8.325273,46.949164,144,0,Valid
2026-05-08,1897,927,Buche2_P3,P3,Fagus sylvatica,Fagus sylvatica,3.2973593194444444,0,0,11.233728,144,0,Valid
2026-05-08,1898,928,Buche3_P3,P3,Fagus sylvatica,Fagus sylvatica,9.706339395833334,1.8479735000000002,0,31.611836,144,0,Valid
2026-05-08,1899,929,Fichte1_P3,P3,Fagus sylvatica,Abies alba,1.0288450972222223,0,0,6.796498,144,0,Valid
2026-05-08,1900,930,Fichte2_P3,P3,Fagus sylvatica,Abies alba,12.947135506944445,11.757932,0,34.762622,144,0,Valid
2026-05-08,1901,931,Fichte3_P3,P3,Fagus sylvatica,Abies alba,17.44914423611111,11.874296,0,47.692284,144,0,Valid
2026-05-09,1878,908,Buche1_P1,P1,Fagus sylvatica,Fagus sylvatica,5.679448340277778,0,0,22.656438,144,0,Valid
2026-05-09,1879,909,Buche2_P1,P1,Fagus sylvatica,Fagus sylvatica,89.21093047222222,81.005012,72.398355,113.571119,144,0,Valid
2026-05-09,1880,910,Buche3_P1,P1,Fagus sylvatica,Fagus sylvatica,17.979896381944446,15.4678725,0,50.564354,144,0,Valid
2026-05-09,1881,911,Fichte1_P1,P1,Abies alba,Abies alba,34.62105297222222,18.1629475,0,97.439872,144,0,Valid
2026-05-09,1882,912,Fichte2_P1,P1,Abies alba,Abies alba,17.90960527083333,7.139085,0,48.646306,144,0,Valid
2026-05-09,1883,913,Fichte3_P1,P1,Abies alba,Abies alba,28.854205479166666,13.228265,0,82.072696,144,0,Valid
2026-05-09,1884,914,Fichte1_G1,G1,Abies alba,Abies alba,62.95914097222222,47.262551,0,160.749791,144,0,Valid
2026-05-09,1885,915,Fichte2_G1,G1,Abies alba,Abies alba,102.3535311875,88.375731,13.924347,200.022614,144,0,Valid
2026-05-09,1886,916,Fichte3_G1,G1,Abies alba,Abies alba,3.894972173611111,0,0,13.482622,144,0,Valid
2026-05-09,1887,917,Buche1_G1,G1,Fagus sylvatica,Fagus sylvatica,17.561709541666666,18.5599305,0,45.088951,144,0,Valid
2026-05-09,1888,918,Buche2_G1,G1,Fagus sylvatica,Fagus sylvatica,3.188178375,0,0,13.089514,144,0,Valid
2026-05-09,1889,919,Buche3_G1,G1,Fagus sylvatica,Fagus sylvatica,8.796082854166666,2.5284545,0,26.358422,144,0,Valid
2026-05-09,1890,920,Fichte1_P2,P2,Abies alba,Abies alba,16.013169395833334,10.2954345,0,44.794232,144,0,Valid
2026-05-09,1891,921,Fichte2_P2,P2,Abies alba,Abies alba,0.13896422916666668,0,0,1.832082,144,0,Valid
2026-05-09,1892,922,Fichte3_P2,P2,Abies alba,Abies alba,35.14710265972222,26.310885,0,87.640811,144,0,Valid
2026-05-09,1894,924,Buche2_P2,P2,Fagus sylvatica,Fagus sylvatica,15.948904465277778,12.9836265,0,44.114724,144,0,Valid
2026-05-09,1895,925,Buche3_P2,P2,Fagus sylvatica,Fagus sylvatica,10.045877784722222,7.0172620000000006,0,29.105953,144,0,Valid
2026-05-09,1896,926,Buche1_P3,P3,Fagus sylvatica,Fagus sylvatica,17.1678150625,13.8903785,0,41.706307,144,0,Valid
2026-05-09,1897,927,Buche2_P3,P3,Fagus sylvatica,Fagus sylvatica,3.187118784722222,0,0,11.844145,144,0,Valid
2026-05-09,1898,928,Buche3_P3,P3,Fagus sylvatica,Fagus sylvatica,17.760913145833335,13.227036,0,45.086885,144,0,Valid
2026-05-09,1899,929,Fichte1_P3,P3,Fagus sylvatica,Abies alba,1.3206191597222223,0,0,6.969504,144,0,Valid
2026-05-09,1900,930,Fichte2_P3,P3,Fagus sylvatica,Abies alba,13.83066317361111,7.2697354999999995,0,35.181648,144,0,Valid
2026-05-09,1901,931,Fichte3_P3,P3,Fagus sylvatica,Abies alba,21.054364819444444,14.2438355,0,59.774447,144,0,Valid
2026-05-10,1878,908,Buche1_P1,P1,Fagus sylvatica,Fagus sylvatica,0.13464410416666667,0,0,1.42799,144,0,Valid
2026-05-10,1879,909,Buche2_P1,P1,Fagus sylvatica,Fagus sylvatica,93.930901,98.03186,75.856525,110.823939,144,0,Valid
2026-05-10,1880,910,Buche3_P1,P1,Fagus sylvatica,Fagus sylvatica,6.370221784722222,4.817942,0,21.080243,144,0,Valid
2026-05-10,1881,911,Fichte1_P1,P1,Abies alba,Abies alba,13.447485708333334,7.8947395,0,43.725539,144,0,Valid
2026-05-10,1882,912,Fichte2_P1,P1,Abies alba,Abies alba,3.27562675,0,0,25.540893,144,0,Valid
2026-05-10,1883,913,Fichte3_P1,P1,Abies alba,Abies alba,9.578636069444444,2.9609105,0,33.702911,144,0,Valid
2026-05-10,1884,914,Fichte1_G1,G1,Abies alba,Abies alba,23.384867409722222,17.878817,0,65.982938,144,0,Valid
2026-05-10,1885,915,Fichte2_G1,G1,Abies alba,Abies alba,56.746580361111114,56.680935500000004,0,114.556889,144,0,Valid
2026-05-10,1886,916,Fichte3_G1,G1,Abies alba,Abies alba,0.016989194444444446,0,0,0.202268,144,0,Valid
2026-05-10,1887,917,Buche1_G1,G1,Fagus sylvatica,Fagus sylvatica,4.6341426666666665,0.625714,0,20.894802,144,0,Valid
2026-05-10,1888,918,Buche2_G1,G1,Fagus sylvatica,Fagus sylvatica,0.05158729166666667,0,0,0.749923,144,0,Valid
2026-05-10,1889,919,Buche3_G1,G1,Fagus sylvatica,Fagus sylvatica,0.26435058163265307,0,0,1.650176,98,0,Valid
2026-05-10,1890,920,Fichte1_P2,P2,Abies alba,Abies alba,1.572509048611111,0,0,10.075969,144,0,Valid
2026-05-10,1891,921,Fichte2_P2,P2,Abies alba,Abies alba,1.7915277777777778e-4,0,0,0.013259,144,0,Valid
2026-05-10,1892,922,Fichte3_P2,P2,Abies alba,Abies alba,15.532947229166666,11.1938435,0,51.991325,144,0,Valid
2026-05-10,1894,924,Buche2_P2,P2,Fagus sylvatica,Fagus sylvatica,4.093689743055555,0.0158205,0,15.036547,144,0,Valid
2026-05-10,1895,925,Buche3_P2,P2,Fagus sylvatica,Fagus sylvatica,1.0595214097222223,0,0,6.535486,144,0,Valid
2026-05-10,1896,926,Buche1_P3,P3,Fagus sylvatica,Fagus sylvatica,8.639981409722223,6.7931655,0,23.26709,144,0,Valid
2026-05-10,1897,927,Buche2_P3,P3,Fagus sylvatica,Fagus sylvatica,0.11641811111111111,0,0,1.193695,144,0,Valid
2026-05-10,1898,928,Buche3_P3,P3,Fagus sylvatica,Fagus sylvatica,4.170078354166667,0,0,21.153986,144,0,Valid
2026-05-10,1899,929,Fichte1_P3,P3,Fagus sylvatica,Abies alba,0.036128506944444444,0,0,0.799617,144,0,Valid
2026-05-10,1900,930,Fichte2_P3,P3,Fagus sylvatica,Abies alba,3.026435486111111,0,0,20.740149,144,0,Valid
2026-05-10,1901,931,Fichte3_P3,P3,Fagus sylvatica,Abies alba,1.9651438680555555,0,0,15.267542,144,0,Valid
2026-05-11,1878,908,Buche1_P1,P1,Fagus sylvatica,Fagus sylvatica,0.6000956111111111,0,0,7.775747,144,0,Valid
2026-05-11,1879,909,Buche2_P1,P1,Fagus sylvatica,Fagus sylvatica,72.02234765277778,71.225522,68.815857,75.829586,144,0,Valid
2026-05-11,1880,910,Buche3_P1,P1,Fagus sylvatica,Fagus sylvatica,0.9932352013888889,0.08689,0,6.79786,144,0,Valid
2026-05-11,1881,911,Fichte1_P1,P1,Abies alba,Abies alba,3.1697655902777777,0,0,21.543438,144,0,Valid
2026-05-11,1882,912,Fichte2_P1,P1,Abies alba,Abies alba,0.3881264513888889,0,0,5.59476,144,0,Valid
2026-05-11,1883,913,Fichte3_P1,P1,Abies alba,Abies alba,1.536841736111111,0,0,14.674421,144,0,Valid
2026-05-11,1884,914,Fichte1_G1,G1,Abies alba,Abies alba,3.591371777777778,0,0,22.519076,144,0,Valid
2026-05-11,1885,915,Fichte2_G1,G1,Abies alba,Abies alba,1.3276708611111112,0,0,13.714246,144,0,Valid
2026-05-11,1886,916,Fichte3_G1,G1,Abies alba,Abies alba,0.28353978472222224,0,0,4.003978,144,0,Valid
2026-05-11,1887,917,Buche1_G1,G1,Fagus sylvatica,Fagus sylvatica,0.39759137499999997,0,0,4.600021,144,0,Valid
2026-05-11,1888,918,Buche2_G1,G1,Fagus sylvatica,Fagus sylvatica,0.19453844444444443,0,0,3.751033,144,0,Valid
2026-05-11,1889,919,Buche3_G1,G1,Fagus sylvatica,Fagus sylvatica,0.052987188811188815,0,0,2.13139,143,0,Valid
2026-05-11,1890,920,Fichte1_P2,P2,Abies alba,Abies alba,0.6640870486111111,0,0,12.647866,144,0,Valid
2026-05-11,1891,921,Fichte2_P2,P2,Abies alba,Abies alba,0.004543777777777778,0,0,0.293233,144,0,Valid
2026-05-11,1892,922,Fichte3_P2,P2,Abies alba,Abies alba,1.9737253333333333,0,0,15.333715,144,0,Valid
2026-05-11,1894,924,Buche2_P2,P2,Fagus sylvatica,Fagus sylvatica,1.0798141944444444,0,0,9.793638,144,0,Valid
2026-05-11,1895,925,Buche3_P2,P2,Fagus sylvatica,Fagus sylvatica,0.2177583888888889,0,0,3.183463,144,0,Valid
2026-05-11,1896,926,Buche1_P3,P3,Fagus sylvatica,Fagus sylvatica,1.2297967013888889,0,0,7.485347,144,0,Valid
2026-05-11,1897,927,Buche2_P3,P3,Fagus sylvatica,Fagus sylvatica,0.48613179166666665,0,0,6.439524,144,0,Valid
2026-05-11,1898,928,Buche3_P3,P3,Fagus sylvatica,Fagus sylvatica,0.7807122708333333,0,0,9.234727,144,0,Valid
2026-05-11,1899,929,Fichte1_P3,P3,Fagus sylvatica,Abies alba,0.05000024305555555,0,0,1.416547,144,0,Valid
2026-05-11,1900,930,Fichte2_P3,P3,Fagus sylvatica,Abies alba,0.5960468680555555,0,0,6.621342,144,0,Valid
2026-05-11,1901,931,Fichte3_P3,P3,Fagus sylvatica,Abies alba,0.9845789791666667,0,0,12.660322,144,0,Valid
2026-05-12,1878,908,Buche1_P1,P1,Fagus sylvatica,Fagus sylvatica,3.1511925694444445,0,0,11.14837,144,0,Valid
2026-05-12,1879,909,Buche2_P1,P1,Fagus sylvatica,Fagus sylvatica,72.80297288194444,67.3709675,63.602229,88.948331,144,0,Valid
2026-05-12,1880,910,Buche3_P1,P1,Fagus sylvatica,Fagus sylvatica,5.5847100625,5.8762360000000005,0,15.409792,144,0,Valid
2026-05-12,1881,911,Fichte1_P1,P1,Abies alba,Abies alba,33.70821034722222,19.0769545,0,92.774346,144,0,Valid
2026-05-12,1882,912,Fichte2_P1,P1,Abies alba,Abies alba,13.5601213125,0.6781335,0,40.226511,144,0,Valid
2026-05-12,1883,913,Fichte3_P1,P1,Abies alba,Abies alba,22.90669533333333,13.768574000000001,0,65.437967,144,0,Valid
2026-05-12,1884,914,Fichte1_G1,G1,Abies alba,Abies alba,27.590130645833334,9.104529,0,79.975754,144,0,Valid
2026-05-12,1885,915,Fichte2_G1,G1,Abies alba,Abies alba,71.91177426388889,27.1098955,0,190.82236,144,0,Valid
2026-05-12,1886,916,Fichte3_G1,G1,Abies alba,Abies alba,9.40537213888889,10.663152499999999,0,24.532139,144,0,Valid
2026-05-12,1887,917,Buche1_G1,G1,Fagus sylvatica,Fagus sylvatica,10.724385993055556,6.3691770000000005,0,30.814102,144,0,Valid
2026-05-12,1888,918,Buche2_G1,G1,Fagus sylvatica,Fagus sylvatica,0.3130935902777778,0,0,1.985912,144,0,Valid
2026-05-12,1889,919,Buche3_G1,G1,Fagus sylvatica,Fagus sylvatica,0.003047168316831683,0,0,0.259605,101,0,Valid
2026-05-12,1890,920,Fichte1_P2,P2,Abies alba,Abies alba,23.968890152777778,9.137191,0,67.682646,144,0,Valid
2026-05-12,1891,921,Fichte2_P2,P2,Abies alba,Abies alba,1.060566763888889,0,0,9.061792,144,0,Valid
2026-05-12,1892,922,Fichte3_P2,P2,Abies alba,Abies alba,30.57894257638889,11.160893999999999,0,81.05481,144,0,Valid
2026-05-12,1893,923,Buche1_P2,P2,Fagus sylvatica,Fagus sylvatica,5.207729214285714,5.9435994999999995,0,8.037351,56,0,Valid
2026-05-12,1894,924,Buche2_P2,P2,Fagus sylvatica,Fagus sylvatica,15.933632138888889,7.643435,0,43.487612,144,0,Valid
2026-05-12,1895,925,Buche3_P2,P2,Fagus sylvatica,Fagus sylvatica,7.400920597222222,2.494525,0,20.975006,144,0,Valid
2026-05-12,1896,926,Buche1_P3,P3,Fagus sylvatica,Fagus sylvatica,11.060942680555556,1.355261,0,36.925335,144,0,Valid
2026-05-12,1897,927,Buche2_P3,P3,Fagus sylvatica,Fagus sylvatica,0.4203260138888889,0,0,1.86595,144,0,Valid
2026-05-12,1898,928,Buche3_P3,P3,Fagus sylvatica,Fagus sylvatica,9.212939340277778,7.437049999999999,0,26.104987,144,0,Valid
2026-05-12,1899,929,Fichte1_P3,P3,Fagus sylvatica,Abies alba,5.576179027777778,0.35739350000000003,0,19.242565,144,0,Valid
2026-05-12,1900,930,Fichte2_P3,P3,Fagus sylvatica,Abies alba,16.553833277777777,0.504281,0,44.309537,144,0,Valid
2026-05-12,1901,931,Fichte3_P3,P3,Fagus sylvatica,Abies alba,21.30042329861111,4.1372005000000005,0,58.350345,144,0,Valid
2026-05-13,1878,908,Buche1_P1,P1,Fagus sylvatica,Fagus sylvatica,3.5305556458333336,0,0,12.223272,144,0,Valid
2026-05-13,1879,909,Buche2_P1,P1,Fagus sylvatica,Fagus sylvatica,93.31953134027778,92.4740095,76.415807,106.968459,144,0,Valid
2026-05-13,1880,910,Buche3_P1,P1,Fagus sylvatica,Fagus sylvatica,12.437538256944444,9.329421,1.376003,28.066656,144,0,Valid
2026-05-13,1881,911,Fichte1_P1,P1,Abies alba,Abies alba,74.75207347222222,70.875287,31.828804,119.97771,144,0,Valid
2026-05-13,1882,912,Fichte2_P1,P1,Abies alba,Abies alba,31.605871597222222,29.0814015,6.846079,54.049039,144,0,Valid
2026-05-13,1883,913,Fichte3_P1,P1,Abies alba,Abies alba,44.83440651388889,41.899955500000004,15.293299,76.141183,144,0,Valid
2026-05-13,1884,914,Fichte1_G1,G1,Abies alba,Abies alba,59.928548916666664,57.238542499999994,11.445708,112.843117,144,0,Valid
2026-05-13,1885,915,Fichte2_G1,G1,Abies alba,Abies alba,158.19342508333332,158.4421555,83.460078,223.888567,144,0,Valid
2026-05-13,1886,916,Fichte3_G1,G1,Abies alba,Abies alba,11.436283465277779,11.2823645,0,20.551237,144,0,Valid
2026-05-13,1887,917,Buche1_G1,G1,Fagus sylvatica,Fagus sylvatica,20.86227363888889,18.915903,8.417477,34.304901,144,0,Valid
2026-05-13,1888,918,Buche2_G1,G1,Fagus sylvatica,Fagus sylvatica,3.924498388888889,0.45755999999999997,0,14.101466,144,0,Valid
2026-05-13,1889,919,Buche3_G1,G1,Fagus sylvatica,Fagus sylvatica,12.454126076388889,11.482552,0,30.202414,144,0,Valid
2026-05-13,1890,920,Fichte1_P2,P2,Abies alba,Abies alba,53.28850245833333,48.666636,29.61376,76.177645,144,0,Valid
2026-05-13,1891,921,Fichte2_P2,P2,Abies alba,Abies alba,0.45309204166666667,0,0,3.419463,144,0,Valid
2026-05-13,1892,922,Fichte3_P2,P2,Abies alba,Abies alba,55.15895311805556,51.6235085,18.838253,87.205122,144,0,Valid
2026-05-13,1893,923,Buche1_P2,P2,Fagus sylvatica,Fagus sylvatica,5.032336673611111,4.6086855,0,10.414721,144,0,Valid
2026-05-13,1894,924,Buche2_P2,P2,Fagus sylvatica,Fagus sylvatica,31.590081319444444,28.5609865,12.883532,50.105967,144,0,Valid
2026-05-13,1895,925,Buche3_P2,P2,Fagus sylvatica,Fagus sylvatica,9.83018761111111,5.9523835,0,24.804854,144,0,Valid
2026-05-13,1896,926,Buche1_P3,P3,Fagus sylvatica,Fagus sylvatica,35.987775541666664,39.0679215,15.577118,52.480908,144,0,Valid
2026-05-13,1897,927,Buche2_P3,P3,Fagus sylvatica,Fagus sylvatica,2.927774513888889,1.1697579999999999,0,10.393221,144,0,Valid
2026-05-13,1898,928,Buche3_P3,P3,Fagus sylvatica,Fagus sylvatica,12.256354256944444,13.286586,0,28.21206,144,0,Valid
2026-05-13,1899,929,Fichte1_P3,P3,Fagus sylvatica,Abies alba,3.956580541666667,0.3410105,0,13.064533,144,0,Valid
2026-05-13,1900,930,Fichte2_P3,P3,Fagus sylvatica,Abies alba,33.67522025694444,33.280300499999996,15.302509,46.267925,144,0,Valid
2026-05-13,1901,931,Fichte3_P3,P3,Fagus sylvatica,Abies alba,51.81399995138889,49.4468035,29.420331,75.230309,144,0,Valid
2026-05-14,1878,908,Buche1_P1,P1,Fagus sylvatica,Fagus sylvatica,0.6182276944444445,0,0,3.820993,144,0,Valid
2026-05-14,1879,909,Buche2_P1,P1,Fagus sylvatica,Fagus sylvatica,72.4745279513889,71.580228,67.251871,85.140237,144,0,Valid
2026-05-14,1880,910,Buche3_P1,P1,Fagus sylvatica,Fagus sylvatica,1.4695148819444444,0.6694625,0,6.237598,144,0,Valid
2026-05-14,1881,911,Fichte1_P1,P1,Abies alba,Abies alba,13.154372763888889,1.9774855000000002,0,74.110775,144,0,Valid
2026-05-14,1882,912,Fichte2_P1,P1,Abies alba,Abies alba,1.6323403194444444,0,0,21.560412,144,0,Valid
2026-05-14,1883,913,Fichte3_P1,P1,Abies alba,Abies alba,3.7328282777777777,0,0,39.288989,144,0,Valid
2026-05-14,1884,914,Fichte1_G1,G1,Abies alba,Abies alba,8.976829854166667,1.332437,0,55.104129,144,0,Valid
2026-05-14,1885,915,Fichte2_G1,G1,Abies alba,Abies alba,44.53608336805556,41.94803,0,139.406206,144,0,Valid
2026-05-14,1886,916,Fichte3_G1,G1,Abies alba,Abies alba,0.027689678899082568,0,0,1.277458,109,0,Valid
2026-05-14,1887,917,Buche1_G1,G1,Fagus sylvatica,Fagus sylvatica,0.43778578472222224,0,0,8.879265,144,0,Valid
2026-05-14,1888,918,Buche2_G1,G1,Fagus sylvatica,Fagus sylvatica,0.03026729861111111,0,0,0.484538,144,0,Valid
2026-05-14,1889,919,Buche3_G1,G1,Fagus sylvatica,Fagus sylvatica,0.67119784,0,0,4.50502,25,0,Valid
2026-05-14,1890,920,Fichte1_P2,P2,Abies alba,Abies alba,7.911381020833333,0.464187,0,42.893781,144,0,Valid
2026-05-14,1891,921,Fichte2_P2,P2,Abies alba,Abies alba,0,0,0,0,144,0,Valid
2026-05-14,1892,922,Fichte3_P2,P2,Abies alba,Abies alba,4.99133425,0.044944000000000005,0,40.726761,144,0,Valid
2026-05-14,1893,923,Buche1_P2,P2,Fagus sylvatica,Fagus sylvatica,0.37550310416666666,0,0,3.549619,144,0,Valid
2026-05-14,1894,924,Buche2_P2,P2,Fagus sylvatica,Fagus sylvatica,2.7087446805555557,0,0,20.075952,144,0,Valid
2026-05-14,1895,925,Buche3_P2,P2,Fagus sylvatica,Fagus sylvatica,0.023570680555555557,0,0,0.450109,144,0,Valid
2026-05-14,1896,926,Buche1_P3,P3,Fagus sylvatica,Fagus sylvatica,17.463676006944443,16.057978,7.787524,37.395412,144,0,Valid
2026-05-14,1897,927,Buche2_P3,P3,Fagus sylvatica,Fagus sylvatica,0.11383725694444445,0,0,1.807885,144,0,Valid
2026-05-14,1898,928,Buche3_P3,P3,Fagus sylvatica,Fagus sylvatica,0.6545690416666666,0,0,3.122806,144,0,Valid
2026-05-14,1899,929,Fichte1_P3,P3,Fagus sylvatica,Abies alba,0,0,0,0,144,0,Valid
2026-05-14,1900,930,Fichte2_P3,P3,Fagus sylvatica,Abies alba,4.686161118055556,0.4783345,0,28.961397,144,0,Valid
2026-05-14,1901,931,Fichte3_P3,P3,Fagus sylvatica,Abies alba,11.847041034722222,5.7819195,0,45.336868,144,0,Valid
2026-05-15,1878,908,Buche1_P1,P1,Fagus sylvatica,Fagus sylvatica,0.6254419652777777,0,0,6.122367,144,0,Valid
2026-05-15,1879,909,Buche2_P1,P1,Fagus sylvatica,Fagus sylvatica,65.03960827083333,64.990019,62.521027,67.239511,144,0,Valid
2026-05-15,1880,910,Buche3_P1,P1,Fagus sylvatica,Fagus sylvatica,4.1787894097222225,1.2831565,0,13.225704,144,0,Valid
2026-05-15,1881,911,Fichte1_P1,P1,Abies alba,Abies alba,7.984333409722222,0.0030505,0,25.361107,144,0,Valid
2026-05-15,1882,912,Fichte2_P1,P1,Abies alba,Abies alba,0.7721975069444444,0,0,3.275971,144,0,Valid
2026-05-15,1883,913,Fichte3_P1,P1,Abies alba,Abies alba,1.9836418263888889,0,0,9.339235,144,0,Valid
2026-05-15,1884,914,Fichte1_G1,G1,Abies alba,Abies alba,5.794441770833333,0,0,21.393604,144,0,Valid
2026-05-15,1885,915,Fichte2_G1,G1,Abies alba,Abies alba,12.944756395833334,0.3071245,0,43.861035,144,0,Valid
2026-05-15,1886,916,Fichte3_G1,G1,Abies alba,Abies alba,0,0,0,0,4,0,Valid
2026-05-15,1887,917,Buche1_G1,G1,Fagus sylvatica,Fagus sylvatica,0.32060795833333333,0,0,3.056276,144,0,Valid
2026-05-15,1888,918,Buche2_G1,G1,Fagus sylvatica,Fagus sylvatica,0.15517930555555556,0,0,1.500685,144,0,Valid
2026-05-15,1889,919,Buche3_G1,G1,Fagus sylvatica,Fagus sylvatica,0,0,0,0,28,0,Valid
2026-05-15,1890,920,Fichte1_P2,P2,Abies alba,Abies alba,0.050041594339622644,0,0,1.1844190000000001,106,0,Valid
2026-05-15,1891,921,Fichte2_P2,P2,Abies alba,Abies alba,0.022037479166666665,0,0,0.378074,144,0,Valid
2026-05-15,1892,922,Fichte3_P2,P2,Abies alba,Abies alba,0.6097063106796117,0,0,8.337636,103,0,Valid
2026-05-15,1893,923,Buche1_P2,P2,Fagus sylvatica,Fagus sylvatica,0.15218060416666668,0,0,1.68898,144,0,Valid
2026-05-15,1894,924,Buche2_P2,P2,Fagus sylvatica,Fagus sylvatica,0.3354547638888889,0,0,2.932533,144,0,Valid
2026-05-15,1895,925,Buche3_P2,P2,Fagus sylvatica,Fagus sylvatica,0.29745875694444446,0,0,2.486692,144,0,Valid
2026-05-15,1896,926,Buche1_P3,P3,Fagus sylvatica,Fagus sylvatica,5.642581784722222,5.995055,1.482636,9.965324,144,0,Valid
2026-05-15,1897,927,Buche2_P3,P3,Fagus sylvatica,Fagus sylvatica,0.1905953472222222,0,0,1.655353,144,0,Valid
2026-05-15,1898,928,Buche3_P3,P3,Fagus sylvatica,Fagus sylvatica,1.6549062013888889,0,0,9.162843,144,0,Valid
2026-05-15,1899,929,Fichte1_P3,P3,Fagus sylvatica,Abies alba,0.3580742430555556,0,0,2.771205,144,0,Valid
2026-05-15,1900,930,Fichte2_P3,P3,Fagus sylvatica,Abies alba,0.2894064861111111,0,0,2.438212,144,0,Valid
2026-05-15,1901,931,Fichte3_P3,P3,Fagus sylvatica,Abies alba,0.5117249930555555,0,0,3.954109,144,0,Valid
2026-05-16,1878,908,Buche1_P1,P1,Fagus sylvatica,Fagus sylvatica,4.274941527777778,0,0,15.023491,144,0,Valid
2026-05-16,1879,909,Buche2_P1,P1,Fagus sylvatica,Fagus sylvatica,67.94241461111112,62.479517,60.487708,81.532717,144,0,Valid
2026-05-16,1880,910,Buche3_P1,P1,Fagus sylvatica,Fagus sylvatica,10.756486034722222,11.196864999999999,0,24.858524,144,0,Valid
2026-05-16,1881,911,Fichte1_P1,P1,Abies alba,Abies alba,32.52616820833333,18.192414499999998,0,82.694503,144,0,Valid
2026-05-16,1882,912,Fichte2_P1,P1,Abies alba,Abies alba,13.192966875,5.199703,0,34.683998,144,0,Valid
2026-05-16,1883,913,Fichte3_P1,P1,Abies alba,Abies alba,19.180039791666665,13.229925000000001,0,53.058271,144,0,Valid
2026-05-16,1884,914,Fichte1_G1,G1,Abies alba,Abies alba,35.68360734027778,22.7892415,0,89.431183,144,0,Valid
2026-05-16,1885,915,Fichte2_G1,G1,Abies alba,Abies alba,60.67669452777778,37.9666675,0,149.641217,144,0,Valid
2026-05-16,1886,916,Fichte3_G1,G1,Abies alba,Abies alba,11.24040452173913,16.415358,0,20.195311,69,0,Valid
2026-05-16,1887,917,Buche1_G1,G1,Fagus sylvatica,Fagus sylvatica,7.774109958333334,9.5550355,0,21.517473,144,0,Valid
2026-05-16,1888,918,Buche2_G1,G1,Fagus sylvatica,Fagus sylvatica,1.1493272430555554,0,0,4.651894,144,0,Valid
2026-05-16,1889,919,Buche3_G1,G1,Fagus sylvatica,Fagus sylvatica,0.0579464406779661,0,0,0.555278,59,0,Valid
2026-05-16,1890,920,Fichte1_P2,P2,Abies alba,Abies alba,11.701027763888888,10.344889,0,33.793553,144,0,Valid
2026-05-16,1891,921,Fichte2_P2,P2,Abies alba,Abies alba,0.5131040694444444,0,0,4.96593,144,0,Valid
2026-05-16,1892,922,Fichte3_P2,P2,Abies alba,Abies alba,20.658870375,13.561598499999999,0,53.603789,144,0,Valid
2026-05-16,1893,923,Buche1_P2,P2,Fagus sylvatica,Fagus sylvatica,0.8667486197183099,0.2660895,0,3.353937,142,0,Valid
2026-05-16,1894,924,Buche2_P2,P2,Fagus sylvatica,Fagus sylvatica,16.9825680625,14.539373000000001,0,41.177052,144,0,Valid
2026-05-16,1895,925,Buche3_P2,P2,Fagus sylvatica,Fagus sylvatica,3.5441716041666664,0.48367099999999996,0,11.299623,144,0,Valid
2026-05-16,1896,926,Buche1_P3,P3,Fagus sylvatica,Fagus sylvatica,9.542683479166667,7.676420499999999,0,27.692926,144,0,Valid
2026-05-16,1897,927,Buche2_P3,P3,Fagus sylvatica,Fagus sylvatica,3.0779459930555557,1.260023,0,10.456137,144,0,Valid
2026-05-16,1898,928,Buche3_P3,P3,Fagus sylvatica,Fagus sylvatica,6.765987868055555,4.662742,0,22.672299,144,0,Valid
2026-05-16,1899,929,Fichte1_P3,P3,Fagus sylvatica,Abies alba,3.9389150694444446,0.21496549999999998,0,14.355842,144,0,Valid
2026-05-16,1900,930,Fichte2_P3,P3,Fagus sylvatica,Abies alba,9.073135763888889,0.6739505,0,25.152204,144,0,Valid
2026-05-16,1901,931,Fichte3_P3,P3,Fagus sylvatica,Abies alba,8.750209847222223,3.387811,0,28.933305,144,0,Valid
2026-05-17,1878,908,Buche1_P1,P1,Fagus sylvatica,Fagus sylvatica,6.602238166666667,0.22124149999999998,0,19.667894,144,0,Valid
2026-05-17,1879,909,Buche2_P1,P1,Fagus sylvatica,Fagus sylvatica,88.6649492013889,90.27588750000001,76.265847,101.167624,144,0,Valid
2026-05-17,1880,910,Buche3_P1,P1,Fagus sylvatica,Fagus sylvatica,20.588129979166666,20.524029499999997,2.310928,39.602626,144,0,Valid
2026-05-17,1881,911,Fichte1_P1,P1,Abies alba,Abies alba,80.75865171527778,65.8888265,31.456534,140.797407,144,0,Valid
2026-05-17,1882,912,Fichte2_P1,P1,Abies alba,Abies alba,37.005522631944444,30.637973000000002,12.598013,63.188589,144,0,Valid
2026-05-17,1883,913,Fichte3_P1,P1,Abies alba,Abies alba,45.10186488888889,33.5846825,12.482275,84.95598,144,0,Valid
2026-05-17,1884,914,Fichte1_G1,G1,Abies alba,Abies alba,79.73891495833334,71.9455095,20.757553,144.603809,144,0,Valid
2026-05-17,1885,915,Fichte2_G1,G1,Abies alba,Abies alba,137.9984283611111,143.8765105,64.306213,218.696189,144,0,Valid
2026-05-17,1886,916,Fichte3_G1,G1,Abies alba,Abies alba,13.143431253968254,16.13561,0,25.136287,126,0,Valid
2026-05-17,1887,917,Buche1_G1,G1,Fagus sylvatica,Fagus sylvatica,16.404057743055557,14.261431,2.835418,31.401742,144,0,Valid
2026-05-17,1888,918,Buche2_G1,G1,Fagus sylvatica,Fagus sylvatica,7.957819569444444,6.1903005,0,21.035037,144,0,Valid
2026-05-17,1889,919,Buche3_G1,G1,Fagus sylvatica,Fagus sylvatica,0.8019905714285714,0,0,16.841802,21,0,Valid
2026-05-17,1890,920,Fichte1_P2,P2,Abies alba,Abies alba,26.012119618055557,22.208143,3.508139,54.529159,144,0,Valid
2026-05-17,1891,921,Fichte2_P2,P2,Abies alba,Abies alba,0.621930125,0,0,7.990016,144,0,Valid
2026-05-17,1892,922,Fichte3_P2,P2,Abies alba,Abies alba,46.415038625,49.172691,10.531263,75.358264,144,0,Valid
2026-05-17,1894,924,Buche2_P2,P2,Fagus sylvatica,Fagus sylvatica,35.11237659722222,36.042373999999995,12.178754,52.999147,144,0,Valid
2026-05-17,1895,925,Buche3_P2,P2,Fagus sylvatica,Fagus sylvatica,7.458475576388889,5.4043975,0,18.975579,144,0,Valid
2026-05-17,1896,926,Buche1_P3,P3,Fagus sylvatica,Fagus sylvatica,26.83022475,27.9842225,7.607223,48.835885,144,0,Valid
2026-05-17,1897,927,Buche2_P3,P3,Fagus sylvatica,Fagus sylvatica,6.699110493055556,4.918004,0,15.629124,144,0,Valid
2026-05-17,1898,928,Buche3_P3,P3,Fagus sylvatica,Fagus sylvatica,12.788764583333334,8.714585,0,32.971941,144,0,Valid
2026-05-17,1899,929,Fichte1_P3,P3,Fagus sylvatica,Abies alba,7.144591361111111,4.603309,0,19.795431,144,0,Valid
2026-05-17,1900,930,Fichte2_P3,P3,Fagus sylvatica,Abies alba,25.739220833333334,21.2215485,5.992905,45.703115,144,0,Valid
2026-05-17,1901,931,Fichte3_P3,P3,Fagus sylvatica,Abies alba,24.82069577777778,22.530581,1.216823,56.59463,144,0,Valid
2026-05-18,1878,908,Buche1_P1,P1,Fagus sylvatica,Fagus sylvatica,0.11124624305555555,0,0,2.041076,144,0,Valid
2026-05-18,1879,909,Buche2_P1,P1,Fagus sylvatica,Fagus sylvatica,73.97679795833334,69.710534,65.473841,90.080083,144,0,Valid
2026-05-18,1880,910,Buche3_P1,P1,Fagus sylvatica,Fagus sylvatica,6.369166527777778,6.572946999999999,0,18.027308,144,0,Valid
2026-05-18,1881,911,Fichte1_P1,P1,Abies alba,Abies alba,24.535583111111112,8.5562995000000015,0,95.460171,144,0,Valid
2026-05-18,1882,912,Fichte2_P1,P1,Abies alba,Abies alba,10.857508611111111,0.966012,0,47.06131,144,0,Valid
2026-05-18,1883,913,Fichte3_P1,P1,Abies alba,Abies alba,11.398428506944445,5.475897,0,52.116775,144,0,Valid
2026-05-18,1884,914,Fichte1_G1,G1,Abies alba,Abies alba,24.839003319444444,16.509456,0,85.484149,144,0,Valid
2026-05-18,1885,915,Fichte2_G1,G1,Abies alba,Abies alba,40.743801409722224,11.6189445,0,141.043057,144,0,Valid
2026-05-18,1886,916,Fichte3_G1,G1,Abies alba,Abies alba,0.6054356545454546,0,0,5.4484,55,0,Valid
2026-05-18,1887,917,Buche1_G1,G1,Fagus sylvatica,Fagus sylvatica,1.2766808819444444,0,0,10.785411,144,0,Valid
2026-05-18,1888,918,Buche2_G1,G1,Fagus sylvatica,Fagus sylvatica,0.3734870416666667,0,0,4.907004,144,0,Valid
2026-05-18,1889,919,Buche3_G1,G1,Fagus sylvatica,Fagus sylvatica,0.8383200833333333,0.5465355,0,2.467201,12,0,Valid
2026-05-18,1890,920,Fichte1_P2,P2,Abies alba,Abies alba,3.6657696728971962,0,0,20.927799,107,0,Valid
2026-05-18,1891,921,Fichte2_P2,P2,Abies alba,Abies alba,0,0,0,0,144,0,Valid
2026-05-18,1892,922,Fichte3_P2,P2,Abies alba,Abies alba,8.884505645833332,0,0,47.947835,144,0,Valid
2026-05-18,1894,924,Buche2_P2,P2,Fagus sylvatica,Fagus sylvatica,6.591164388888889,0,0,33.533609,144,0,Valid
2026-05-18,1895,925,Buche3_P2,P2,Fagus sylvatica,Fagus sylvatica,0.12446838194444444,0,0,2.807781,144,0,Valid
2026-05-18,1896,926,Buche1_P3,P3,Fagus sylvatica,Fagus sylvatica,7.325538402777778,1.2600305,0,28.909364,144,0,Valid
2026-05-18,1897,927,Buche2_P3,P3,Fagus sylvatica,Fagus sylvatica,0.08529108333333334,0,0,2.408511,144,0,Valid
2026-05-18,1898,928,Buche3_P3,P3,Fagus sylvatica,Fagus sylvatica,0.6811327152777777,0,0,3.145466,144,0,Valid
2026-05-18,1899,929,Fichte1_P3,P3,Fagus sylvatica,Abies alba,0.019658097222222223,0,0,0.436706,144,0,Valid
2026-05-18,1900,930,Fichte2_P3,P3,Fagus sylvatica,Abies alba,6.2801089305555555,0,0,29.605263,144,0,Valid
2026-05-18,1901,931,Fichte3_P3,P3,Fagus sylvatica,Abies alba,2.9476946041666667,0,0,22.340143,144,0,Valid
2026-05-19,1878,908,Buche1_P1,P1,Fagus sylvatica,Fagus sylvatica,2.678490451388889,0,0,9.521873,144,0,Valid
2026-05-19,1879,909,Buche2_P1,P1,Fagus sylvatica,Fagus sylvatica,70.61816715277777,65.1719,60.986605,82.90804,144,0,Valid
2026-05-19,1880,910,Buche3_P1,P1,Fagus sylvatica,Fagus sylvatica,11.818765979166667,6.771319,0,29.72441,144,0,Valid
2026-05-19,1881,911,Fichte1_P1,P1,Abies alba,Abies alba,35.58928357638889,32.737632500000004,0,88.448664,144,0,Valid
2026-05-19,1882,912,Fichte2_P1,P1,Abies alba,Abies alba,8.821936597222223,4.2242705,0,22.855985,144,0,Valid
2026-05-19,1883,913,Fichte3_P1,P1,Abies alba,Abies alba,27.860313472222224,21.151059,0,72.264829,144,0,Valid
2026-05-19,1884,914,Fichte1_G1,G1,Abies alba,Abies alba,45.45130572222222,41.970279500000004,0,109.656487,144,0,Valid
2026-05-19,1885,915,Fichte2_G1,G1,Abies alba,Abies alba,85.47818747222222,101.534745,0,188.033751,144,0,Valid
2026-05-19,1886,916,Fichte3_G1,G1,Abies alba,Abies alba,11.72719997761194,8.034002000000001,0,27.190157,134,0,Valid
2026-05-19,1887,917,Buche1_G1,G1,Fagus sylvatica,Fagus sylvatica,6.693942333333333,3.4614265,0,19.307956,144,0,Valid
2026-05-19,1888,918,Buche2_G1,G1,Fagus sylvatica,Fagus sylvatica,1.7085555694444445,0,0,6.837639,144,0,Valid
2026-05-19,1889,919,Buche3_G1,G1,Fagus sylvatica,Fagus sylvatica,2.797942423529412,0,0,15.00343,85,0,Valid
2026-05-19,1890,920,Fichte1_P2,P2,Abies alba,Abies alba,8.696664986111111,6.5852085,0,23.100538,144,0,Valid
2026-05-19,1891,921,Fichte2_P2,P2,Abies alba,Abies alba,0.08366265972222223,0,0,0.610849,144,0,Valid
2026-05-19,1892,922,Fichte3_P2,P2,Abies alba,Abies alba,19.13126209027778,15.4904525,0,45.925002,144,0,Valid
2026-05-19,1894,924,Buche2_P2,P2,Fagus sylvatica,Fagus sylvatica,15.847700715277778,19.422283999999998,0,33.912968,144,0,Valid
2026-05-19,1895,925,Buche3_P2,P2,Fagus sylvatica,Fagus sylvatica,2.8832466805555557,0.621097,0,7.97263,144,0,Valid
2026-05-19,1896,926,Buche1_P3,P3,Fagus sylvatica,Fagus sylvatica,14.277283569444444,16.101486,0,32.001209,144,0,Valid
2026-05-19,1897,927,Buche2_P3,P3,Fagus sylvatica,Fagus sylvatica,2.2221324722222224,0,0,7.135997,144,0,Valid
2026-05-19,1898,928,Buche3_P3,P3,Fagus sylvatica,Fagus sylvatica,10.050913506944445,5.8680405,0,25.685068,144,0,Valid
2026-05-19,1899,929,Fichte1_P3,P3,Fagus sylvatica,Abies alba,3.5521834583333334,0,0,12.077235,144,0,Valid
2026-05-19,1900,930,Fichte2_P3,P3,Fagus sylvatica,Abies alba,10.701636979166667,5.0854355,0,28.379023,144,0,Valid
2026-05-19,1901,931,Fichte3_P3,P3,Fagus sylvatica,Abies alba,7.324985875,1.8432244999999998,0,22.217362,144,0,Valid
2026-05-20,1878,908,Buche1_P1,P1,Fagus sylvatica,Fagus sylvatica,2.564273770833333,0,0,11.810946,144,0,Valid
2026-05-20,1879,909,Buche2_P1,P1,Fagus sylvatica,Fagus sylvatica,72.91175000694444,67.404989,61.973527,90.256369,144,0,Valid
2026-05-20,1880,910,Buche3_P1,P1,Fagus sylvatica,Fagus sylvatica,14.7304993125,10.7818525,0,39.116111,144,0,Valid
2026-05-20,1881,911,Fichte1_P1,P1,Abies alba,Abies alba,44.76336510416667,36.48307,0,110.720332,144,0,Valid
2026-05-20,1882,912,Fichte2_P1,P1,Abies alba,Abies alba,13.08798054861111,5.417756,0,37.723639,144,0,Valid
2026-05-20,1883,913,Fichte3_P1,P1,Abies alba,Abies alba,29.536812652777776,23.8314245,0,80.57738,144,0,Valid
2026-05-20,1884,914,Fichte1_G1,G1,Abies alba,Abies alba,59.56086821527778,51.2264895,2.403948,135.124853,144,0,Valid
2026-05-20,1885,915,Fichte2_G1,G1,Abies alba,Abies alba,117.63654309722222,110.720472,30.470883,214.023357,144,0,Valid
2026-05-20,1886,916,Fichte3_G1,G1,Abies alba,Abies alba,5.206041798611111,0,0,18.148801,144,0,Valid
2026-05-20,1887,917,Buche1_G1,G1,Fagus sylvatica,Fagus sylvatica,6.020497875,4.462809999999999,0,18.079889,144,0,Valid
2026-05-20,1888,918,Buche2_G1,G1,Fagus sylvatica,Fagus sylvatica,2.9671168819444445,0,0,12.911434,144,0,Valid
2026-05-20,1889,919,Buche3_G1,G1,Fagus sylvatica,Fagus sylvatica,1.1358119930555555,0,0,6.425027,144,0,Valid
2026-05-20,1890,920,Fichte1_P2,P2,Abies alba,Abies alba,10.847241819444445,1.768959,0,34.001951,144,0,Valid
2026-05-20,1891,921,Fichte2_P2,P2,Abies alba,Abies alba,0.058078020833333334,0,0,0.649843,144,0,Valid
2026-05-20,1892,922,Fichte3_P2,P2,Abies alba,Abies alba,23.67726247222222,10.8899695,0,65.219896,144,0,Valid
2026-05-20,1894,924,Buche2_P2,P2,Fagus sylvatica,Fagus sylvatica,11.51819320138889,9.126102,0,30.079548,144,0,Valid
2026-05-20,1895,925,Buche3_P2,P2,Fagus sylvatica,Fagus sylvatica,2.279869888888889,0,0,9.045424,144,0,Valid
2026-05-20,1896,926,Buche1_P3,P3,Fagus sylvatica,Fagus sylvatica,17.1721540625,14.3143465,0,38.286251,144,0,Valid
2026-05-20,1897,927,Buche2_P3,P3,Fagus sylvatica,Fagus sylvatica,1.9281369097222223,0,0,7.176766,144,0,Valid
2026-05-20,1898,928,Buche3_P3,P3,Fagus sylvatica,Fagus sylvatica,13.774918694444445,7.1554325,0,39.493307,144,0,Valid
2026-05-20,1899,929,Fichte1_P3,P3,Fagus sylvatica,Abies alba,1.992573138888889,0,0,9.153706,144,0,Valid
2026-05-20,1900,930,Fichte2_P3,P3,Fagus sylvatica,Abies alba,12.863941395833333,6.8360195,0,35.952414,144,0,Valid
2026-05-20,1901,931,Fichte3_P3,P3,Fagus sylvatica,Abies alba,14.337128388888889,1.5760139999999998,0,41.698426,144,0,Valid
2026-05-21,1878,908,Buche1_P1,P1,Fagus sylvatica,Fagus sylvatica,5.225619388888889,0,0,19.510713,144,0,Valid
2026-05-21,1879,909,Buche2_P1,P1,Fagus sylvatica,Fagus sylvatica,89.09398963888889,92.006589,74.329789,108.46555,144,0,Valid
2026-05-21,1880,910,Buche3_P1,P1,Fagus sylvatica,Fagus sylvatica,22.977964680555555,16.9205605,0,54.232663,144,0,Valid
2026-05-21,1881,911,Fichte1_P1,P1,Abies alba,Abies alba,45.03083045138889,45.805651999999995,0,105.376953,144,0,Valid
2026-05-21,1882,912,Fichte2_P1,P1,Abies alba,Abies alba,18.02844020138889,15.611379,0,43.662155,144,0,Valid
2026-05-21,1883,913,Fichte3_P1,P1,Abies alba,Abies alba,32.635119986111114,27.709691499999998,0,84.65389,144,0,Valid
2026-05-21,1884,914,Fichte1_G1,G1,Abies alba,Abies alba,70.00031206944445,52.9372015,0,173.127411,144,0,Valid
2026-05-21,1885,915,Fichte2_G1,G1,Abies alba,Abies alba,152.73148433333333,149.5446045,74.370756,240.556288,144,0,Valid
2026-05-21,1886,916,Fichte3_G1,G1,Abies alba,Abies alba,7.751523277777778,4.4490125,0,22.230937,144,0,Valid
2026-05-21,1887,917,Buche1_G1,G1,Fagus sylvatica,Fagus sylvatica,12.7654524375,10.2294705,0,33.875726,144,0,Valid
2026-05-21,1888,918,Buche2_G1,G1,Fagus sylvatica,Fagus sylvatica,1.8911605833333334,0,0,10.053284,144,0,Valid
2026-05-21,1889,919,Buche3_G1,G1,Fagus sylvatica,Fagus sylvatica,1.4451968791208791,0,0,6.050625,91,0,Valid
2026-05-21,1890,920,Fichte1_P2,P2,Abies alba,Abies alba,18.472305208333335,16.197702,0,46.772788,144,0,Valid
2026-05-21,1891,921,Fichte2_P2,P2,Abies alba,Abies alba,0.21827643055555557,0,0,2.154338,144,0,Valid
2026-05-21,1892,922,Fichte3_P2,P2,Abies alba,Abies alba,37.388170027777775,34.9073025,0,76.681869,144,0,Valid
2026-05-21,1894,924,Buche2_P2,P2,Fagus sylvatica,Fagus sylvatica,14.16669776388889,10.892898500000001,0,38.908605,144,0,Valid
2026-05-21,1895,925,Buche3_P2,P2,Fagus sylvatica,Fagus sylvatica,9.079324861111111,3.1110505,0,27.306967,144,0,Valid
2026-05-21,1896,926,Buche1_P3,P3,Fagus sylvatica,Fagus sylvatica,21.107884979166666,18.261547,4.525272,40.562198,144,0,Valid
2026-05-21,1897,927,Buche2_P3,P3,Fagus sylvatica,Fagus sylvatica,2.025015652777778,0,0,6.868712,144,0,Valid
2026-05-21,1898,928,Buche3_P3,P3,Fagus sylvatica,Fagus sylvatica,19.215884743055554,16.1871115,0,47.638357,144,0,Valid
2026-05-21,1899,929,Fichte1_P3,P3,Fagus sylvatica,Abies alba,2.7858941875,0,0,11.124174,144,0,Valid
2026-05-21,1900,930,Fichte2_P3,P3,Fagus sylvatica,Abies alba,13.459427895833333,14.483723999999999,0,27.558321,144,0,Valid
2026-05-21,1901,931,Fichte3_P3,P3,Fagus sylvatica,Abies alba,21.739729215277777,16.341327,0,52.470003,144,0,Valid
2026-05-22,1878,908,Buche1_P1,P1,Fagus sylvatica,Fagus sylvatica,6.011984548611111,0,0,23.579439,144,0,Valid
2026-05-22,1879,909,Buche2_P1,P1,Fagus sylvatica,Fagus sylvatica,99.4240893125,99.9464415,87.259852,113.788775,144,0,Valid
2026-05-22,1880,910,Buche3_P1,P1,Fagus sylvatica,Fagus sylvatica,21.714791625,14.6598725,0,53.892597,144,0,Valid
2026-05-22,1881,911,Fichte1_P1,P1,Abies alba,Abies alba,35.767714125,32.355552,0,85.585623,144,0,Valid
2026-05-22,1882,912,Fichte2_P1,P1,Abies alba,Abies alba,11.775007819444445,10.051293000000001,0,30.021118,144,0,Valid
2026-05-22,1883,913,Fichte3_P1,P1,Abies alba,Abies alba,26.29323790277778,23.770684,0,69.485829,144,0,Valid
2026-05-22,1884,914,Fichte1_G1,G1,Abies alba,Abies alba,69.00497911805556,56.052099,0,171.008512,144,0,Valid
2026-05-22,1885,915,Fichte2_G1,G1,Abies alba,Abies alba,144.31614268055554,140.93244049999998,72.90625,208.263253,144,0,Valid
2026-05-22,1886,916,Fichte3_G1,G1,Abies alba,Abies alba,3.7094978125,1.51334,0,12.297283,144,0,Valid
2026-05-22,1887,917,Buche1_G1,G1,Fagus sylvatica,Fagus sylvatica,12.201141222222223,6.721158,0,34.53119,144,0,Valid
2026-05-22,1888,918,Buche2_G1,G1,Fagus sylvatica,Fagus sylvatica,0.5993320902777778,0,0,4.186269,144,0,Valid
2026-05-22,1889,919,Buche3_G1,G1,Fagus sylvatica,Fagus sylvatica,1.8958696565656565,0,0,12.540472,99,0,Valid
2026-05-22,1890,920,Fichte1_P2,P2,Abies alba,Abies alba,7.595245243589743,2.8853239999999998,0,32.672878,78,0,Valid
2026-05-22,1891,921,Fichte2_P2,P2,Abies alba,Abies alba,0.036216326388888886,0,0,0.440237,144,0,Valid
2026-05-22,1892,922,Fichte3_P2,P2,Abies alba,Abies alba,33.44091807638889,35.693242,0,69.801721,144,0,Valid
2026-05-22,1894,924,Buche2_P2,P2,Fagus sylvatica,Fagus sylvatica,13.786073708333333,13.293413999999999,0,30.864173,144,0,Valid
2026-05-22,1895,925,Buche3_P2,P2,Fagus sylvatica,Fagus sylvatica,7.344160847222223,2.631294,0,21.200005,144,0,Valid
2026-05-22,1896,926,Buche1_P3,P3,Fagus sylvatica,Fagus sylvatica,18.190337833333334,15.2887045,0,39.464291,144,0,Valid
2026-05-22,1897,927,Buche2_P3,P3,Fagus sylvatica,Fagus sylvatica,1.9418835763888889,0,0,7.000468,144,0,Valid
2026-05-22,1898,928,Buche3_P3,P3,Fagus sylvatica,Fagus sylvatica,22.57084510416667,16.963193,0,58.20276,144,0,Valid
2026-05-22,1899,929,Fichte1_P3,P3,Fagus sylvatica,Abies alba,1.0420231805555555,0,0,4.47999,144,0,Valid
2026-05-22,1900,930,Fichte2_P3,P3,Fagus sylvatica,Abies alba,13.220221631944444,12.411259000000001,0,31.653985,144,0,Valid
2026-05-22,1901,931,Fichte3_P3,P3,Fagus sylvatica,Abies alba,14.12459879861111,12.609313,0,36.927091,144,0,Valid
2026-05-23,1878,908,Buche1_P1,P1,Fagus sylvatica,Fagus sylvatica,8.110642916666666,0,0,31.770445,144,0,Valid
2026-05-23,1879,909,Buche2_P1,P1,Fagus sylvatica,Fagus sylvatica,107.35250405555556,110.5860815,92.374186,123.440189,144,0,Valid
2026-05-23,1880,910,Buche3_P1,P1,Fagus sylvatica,Fagus sylvatica,22.653887395833333,12.707789,0,59.9062,144,0,Valid
2026-05-23,1881,911,Fichte1_P1,P1,Abies alba,Abies alba,41.66695695833333,32.1547975,0,102.937634,144,0,Valid
2026-05-23,1882,912,Fichte2_P1,P1,Abies alba,Abies alba,12.760786895833334,4.391847,0,38.853177,144,0,Valid
2026-05-23,1883,913,Fichte3_P1,P1,Abies alba,Abies alba,30.595217597222224,24.328554,0,81.644816,144,0,Valid
2026-05-23,1884,914,Fichte1_G1,G1,Abies alba,Abies alba,76.89136461111111,58.873475,0,190.643142,144,0,Valid
2026-05-23,1885,915,Fichte2_G1,G1,Abies alba,Abies alba,125.32223326388889,125.6681145,44.576443,194.77434,144,0,Valid
2026-05-23,1886,916,Fichte3_G1,G1,Abies alba,Abies alba,2.685866416666667,0,0,8.250232,144,0,Valid
2026-05-23,1887,917,Buche1_G1,G1,Fagus sylvatica,Fagus sylvatica,16.070378270833334,12.479916500000002,0,42.883661,144,0,Valid
2026-05-23,1888,918,Buche2_G1,G1,Fagus sylvatica,Fagus sylvatica,2.6812505138888887,0,0,12.935471,144,0,Valid
2026-05-23,1889,919,Buche3_G1,G1,Fagus sylvatica,Fagus sylvatica,6.683702076388889,0,0,20.746632,144,0,Valid
2026-05-23,1890,920,Fichte1_P2,P2,Abies alba,Abies alba,15.518077930555556,14.384932,0,35.938124,144,0,Valid
2026-05-23,1891,921,Fichte2_P2,P2,Abies alba,Abies alba,0.026778708333333335,0,0,0.34196,144,0,Valid
2026-05-23,1892,922,Fichte3_P2,P2,Abies alba,Abies alba,35.36171254166667,32.693246,0,73.163972,144,0,Valid
2026-05-23,1894,924,Buche2_P2,P2,Fagus sylvatica,Fagus sylvatica,18.666587270833332,16.3549145,0,43.352079,144,0,Valid
2026-05-23,1895,925,Buche3_P2,P2,Fagus sylvatica,Fagus sylvatica,10.880453631944444,4.4059365,0,30.645769,144,0,Valid
2026-05-23,1896,926,Buche1_P3,P3,Fagus sylvatica,Fagus sylvatica,19.058734597222223,16.265952499999997,0,45.148574000000004,144,0,Valid
2026-05-23,1897,927,Buche2_P3,P3,Fagus sylvatica,Fagus sylvatica,4.339078277777777,0.100139,0,14.386323,144,0,Valid
2026-05-23,1898,928,Buche3_P3,P3,Fagus sylvatica,Fagus sylvatica,24.192494486111112,12.058709,0,65.089565,144,0,Valid
2026-05-23,1899,929,Fichte1_P3,P3,Fagus sylvatica,Abies alba,1.6652496458333332,0,0,7.053367,144,0,Valid
2026-05-23,1900,930,Fichte2_P3,P3,Fagus sylvatica,Abies alba,13.778594604166667,12.2093685,0,35.868634,144,0,Valid
2026-05-23,1901,931,Fichte3_P3,P3,Fagus sylvatica,Abies alba,20.182572319444443,16.1683475,0,49.353959,144,0,Valid
2026-05-24,1878,908,Buche1_P1,P1,Fagus sylvatica,Fagus sylvatica,13.570355902777777,0,0,51.046209,144,0,Valid
2026-05-24,1879,909,Buche2_P1,P1,Fagus sylvatica,Fagus sylvatica,117.32576868055556,120.0890115,99.894022,134.300992,144,0,Valid
2026-05-24,1880,910,Buche3_P1,P1,Fagus sylvatica,Fagus sylvatica,26.149676194444446,17.176932,0,71.536173,144,0,Valid
2026-05-24,1881,911,Fichte1_P1,P1,Abies alba,Abies alba,52.37894991666667,39.782823,0,133.823284,144,0,Valid
2026-05-24,1882,912,Fichte2_P1,P1,Abies alba,Abies alba,13.042580402777778,2.0115049999999997,0,40.801418,144,0,Valid
2026-05-24,1883,913,Fichte3_P1,P1,Abies alba,Abies alba,36.81377425694444,26.398128999999997,0,102.318734,144,0,Valid
2026-05-24,1884,914,Fichte1_G1,G1,Abies alba,Abies alba,88.9151573125,66.862069,0,227.234565,144,0,Valid
2026-05-24,1885,915,Fichte2_G1,G1,Abies alba,Abies alba,107.67900715277777,108.8262405,24.566770000000002,186.630393,144,0,Valid
2026-05-24,1886,916,Fichte3_G1,G1,Abies alba,Abies alba,0.6642381527777778,0,0,3.176827,144,0,Valid
2026-05-24,1887,917,Buche1_G1,G1,Fagus sylvatica,Fagus sylvatica,14.323445673611111,7.486233,0,42.882438,144,0,Valid
2026-05-24,1888,918,Buche2_G1,G1,Fagus sylvatica,Fagus sylvatica,4.334143597222222,0,0,19.566697,144,0,Valid
2026-05-24,1889,919,Buche3_G1,G1,Fagus sylvatica,Fagus sylvatica,11.099105027777778,0.129898,0,35.503516,144,0,Valid
2026-05-24,1890,920,Fichte1_P2,P2,Abies alba,Abies alba,16.27354215277778,10.967256,0,49.776236,144,0,Valid
2026-05-24,1891,921,Fichte2_P2,P2,Abies alba,Abies alba,0.007627354166666667,0,0,0.211877,144,0,Valid
2026-05-24,1892,922,Fichte3_P2,P2,Abies alba,Abies alba,35.100612222222225,29.1874845,0,82.958656,144,0,Valid
2026-05-24,1894,924,Buche2_P2,P2,Fagus sylvatica,Fagus sylvatica,20.752761020833333,15.441746,0,53.010992,144,0,Valid
2026-05-24,1895,925,Buche3_P2,P2,Fagus sylvatica,Fagus sylvatica,14.281127611111112,5.8965365,0,41.970477,144,0,Valid
2026-05-24,1896,926,Buche1_P3,P3,Fagus sylvatica,Fagus sylvatica,22.50282313888889,17.3757695,0,55.518387,144,0,Valid
2026-05-24,1897,927,Buche2_P3,P3,Fagus sylvatica,Fagus sylvatica,4.088863361111111,0.22094049999999998,0,12.399596,144,0,Valid
2026-05-24,1898,928,Buche3_P3,P3,Fagus sylvatica,Fagus sylvatica,24.51838563888889,14.101427000000001,0,68.294186,144,0,Valid
2026-05-24,1899,929,Fichte1_P3,P3,Fagus sylvatica,Abies alba,0.41970861805555554,0,0,2.420724,144,0,Valid
2026-05-24,1900,930,Fichte2_P3,P3,Fagus sylvatica,Abies alba,9.613177784722222,8.082042000000001,0,25.132381,144,0,Valid
2026-05-24,1901,931,Fichte3_P3,P3,Fagus sylvatica,Abies alba,20.977766847222224,11.910135,0,58.976957,144,0,Valid
2026-05-25,1878,908,Buche1_P1,P1,Fagus sylvatica,Fagus sylvatica,13.8977053125,0,0,54.320335,144,0,Valid
2026-05-25,1879,909,Buche2_P1,P1,Fagus sylvatica,Fagus sylvatica,123.9900003263889,124.4204935,111.931878,137.831451,144,0,Valid
2026-05-25,1880,910,Buche3_P1,P1,Fagus sylvatica,Fagus sylvatica,23.8725028125,15.078716499999999,0,65.156226,144,0,Valid
2026-05-25,1881,911,Fichte1_P1,P1,Abies alba,Abies alba,47.91076660416667,37.1398535,0,125.137688,144,0,Valid
2026-05-25,1882,912,Fichte2_P1,P1,Abies alba,Abies alba,8.084989756944445,0,0,31.116311,144,0,Valid
2026-05-25,1883,913,Fichte3_P1,P1,Abies alba,Abies alba,34.15246559027778,24.806154,0,99.03059,144,0,Valid
2026-05-25,1884,914,Fichte1_G1,G1,Abies alba,Abies alba,80.81939279166667,59.33134,0,213.255231,144,0,Valid
2026-05-25,1885,915,Fichte2_G1,G1,Abies alba,Abies alba,79.38137577083333,74.3510355,1.17898,152.750632,144,0,Valid
2026-05-25,1886,916,Fichte3_G1,G1,Abies alba,Abies alba,0.39622114583333334,0,0,2.496325,144,0,Valid
2026-05-25,1887,917,Buche1_G1,G1,Fagus sylvatica,Fagus sylvatica,12.808087576388889,3.7372295,0,39.994944,144,0,Valid
2026-05-25,1888,918,Buche2_G1,G1,Fagus sylvatica,Fagus sylvatica,3.758491284722222,0,0,17.635989,144,0,Valid
2026-05-25,1889,919,Buche3_G1,G1,Fagus sylvatica,Fagus sylvatica,8.332644847222221,0,0,31.128671,144,0,Valid
2026-05-25,1890,920,Fichte1_P2,P2,Abies alba,Abies alba,8.885807416666667,1.99732,0,27.305365,144,0,Valid
2026-05-25,1891,921,Fichte2_P2,P2,Abies alba,Abies alba,0.014694694444444444,0,0,0.252186,144,0,Valid
2026-05-25,1892,922,Fichte3_P2,P2,Abies alba,Abies alba,5.08321094117647,2.879778,0,17.911009,17,0,Valid
2026-05-25,1894,924,Buche2_P2,P2,Fagus sylvatica,Fagus sylvatica,17.45014272222222,9.4025825,0,51.742238,144,0,Valid
2026-05-25,1895,925,Buche3_P2,P2,Fagus sylvatica,Fagus sylvatica,9.3827445625,1.8034469999999998,0,33.378534,144,0,Valid
2026-05-25,1896,926,Buche1_P3,P3,Fagus sylvatica,Fagus sylvatica,21.32729410416667,14.859217999999998,0,55.961852,144,0,Valid
2026-05-25,1897,927,Buche2_P3,P3,Fagus sylvatica,Fagus sylvatica,4.469273486111111,0,0,16.350086,144,0,Valid
2026-05-25,1898,928,Buche3_P3,P3,Fagus sylvatica,Fagus sylvatica,22.513488708333334,14.2784245,0,67.832963,144,0,Valid
2026-05-25,1899,929,Fichte1_P3,P3,Fagus sylvatica,Abies alba,0.25574766666666665,0,0,2.05196,144,0,Valid
2026-05-25,1900,930,Fichte2_P3,P3,Fagus sylvatica,Abies alba,8.9085375,3.478354,0,29.951993,144,0,Valid
2026-05-25,1901,931,Fichte3_P3,P3,Fagus sylvatica,Abies alba,13.714195833333333,3.28458,0,46.779317,144,0,Valid
2026-05-26,1878,908,Buche1_P1,P1,Fagus sylvatica,Fagus sylvatica,9.734698784722223,0,0,40.41017,144,0,Valid
2026-05-26,1879,909,Buche2_P1,P1,Fagus sylvatica,Fagus sylvatica,125.80471988194445,125.5387685,115.512952,135.843525,144,0,Valid
2026-05-26,1880,910,Buche3_P1,P1,Fagus sylvatica,Fagus sylvatica,22.169926020833334,13.856555,0,62.028153,144,0,Valid
2026-05-26,1881,911,Fichte1_P1,P1,Abies alba,Abies alba,40.82822189583333,32.4841615,0,109.350891,144,0,Valid
2026-05-26,1882,912,Fichte2_P1,P1,Abies alba,Abies alba,7.3214107777777775,0,0,28.705799,144,0,Valid
2026-05-26,1883,913,Fichte3_P1,P1,Abies alba,Abies alba,28.268728590277778,18.1980045,0,85.981924,144,0,Valid
2026-05-26,1884,914,Fichte1_G1,G1,Abies alba,Abies alba,71.0989716875,54.3701985,0,185.120866,144,0,Valid
2026-05-26,1885,915,Fichte2_G1,G1,Abies alba,Abies alba,66.18467910416666,62.392018,0,150.84196,144,0,Valid
2026-05-26,1886,916,Fichte3_G1,G1,Abies alba,Abies alba,0.22165390277777777,0,0,1.804385,144,0,Valid
2026-05-26,1887,917,Buche1_G1,G1,Fagus sylvatica,Fagus sylvatica,9.17162929861111,0,0,33.233812,144,0,Valid
2026-05-26,1888,918,Buche2_G1,G1,Fagus sylvatica,Fagus sylvatica,3.4857020555555556,0,0,14.779139,144,0,Valid
2026-05-26,1889,919,Buche3_G1,G1,Fagus sylvatica,Fagus sylvatica,5.193299270833333,0,0,20.194089,144,0,Valid
2026-05-26,1890,920,Fichte1_P2,P2,Abies alba,Abies alba,8.714789868055556,0,0,28.476984,144,0,Valid
2026-05-26,1891,921,Fichte2_P2,P2,Abies alba,Abies alba,0.01666707638888889,0,0,0.337455,144,0,Valid
2026-05-26,1892,922,Fichte3_P2,P2,Abies alba,Abies alba,21.933184493055556,10.529568999999999,0,64.442487,144,0,Valid
2026-05-26,1894,924,Buche2_P2,P2,Fagus sylvatica,Fagus sylvatica,14.262990694444444,8.3317125,0,40.391681,144,0,Valid
2026-05-26,1895,925,Buche3_P2,P2,Fagus sylvatica,Fagus sylvatica,9.419235319444445,0,0,30.482592,144,0,Valid
2026-05-26,1896,926,Buche1_P3,P3,Fagus sylvatica,Fagus sylvatica,20.744051618055554,15.784115,0,57.292173,144,0,Valid
2026-05-26,1897,927,Buche2_P3,P3,Fagus sylvatica,Fagus sylvatica,4.991131534722222,0,0,19.776906,144,0,Valid
2026-05-26,1898,928,Buche3_P3,P3,Fagus sylvatica,Fagus sylvatica,20.212172979166667,11.3395025,0,60.283791,144,0,Valid
2026-05-26,1899,929,Fichte1_P3,P3,Fagus sylvatica,Abies alba,1.3798752430555556,0,0,7.47204,144,0,Valid
2026-05-26,1900,930,Fichte2_P3,P3,Fagus sylvatica,Abies alba,9.661150402777778,3.1462515,0,31.796632,144,0,Valid
2026-05-26,1901,931,Fichte3_P3,P3,Fagus sylvatica,Abies alba,12.838505145833333,1.2032705,0,39.165648,144,0,Valid
2026-05-27,1878,908,Buche1_P1,P1,Fagus sylvatica,Fagus sylvatica,11.628362777777777,0,0,47.744332,144,0,Valid
2026-05-27,1879,909,Buche2_P1,P1,Fagus sylvatica,Fagus sylvatica,128.322616875,129.44848000000002,117.54752,141.018018,144,0,Valid
2026-05-27,1880,910,Buche3_P1,P1,Fagus sylvatica,Fagus sylvatica,21.487280256944445,12.164824,0,64.234655,144,0,Valid
2026-05-27,1881,911,Fichte1_P1,P1,Abies alba,Abies alba,51.32666384722222,42.626988,0,134.127733,144,0,Valid
2026-05-27,1882,912,Fichte2_P1,P1,Abies alba,Abies alba,9.233604770833333,0.56982,0,35.607223,144,0,Valid
2026-05-27,1883,913,Fichte3_P1,P1,Abies alba,Abies alba,32.51579311111111,23.0214275,0,92.344936,144,0,Valid
2026-05-27,1884,914,Fichte1_G1,G1,Abies alba,Abies alba,78.28157468055555,64.78329550000001,0,197.582652,144,0,Valid
2026-05-27,1885,915,Fichte2_G1,G1,Abies alba,Abies alba,69.51102465277778,72.8158945,0,152.353113,144,0,Valid
2026-05-27,1886,916,Fichte3_G1,G1,Abies alba,Abies alba,0.5650556527777778,0,0,4.489947,144,0,Valid
2026-05-27,1887,917,Buche1_G1,G1,Fagus sylvatica,Fagus sylvatica,11.663722152777778,0.4664875,0,42.805386,144,0,Valid
2026-05-27,1888,918,Buche2_G1,G1,Fagus sylvatica,Fagus sylvatica,4.313047118055556,0,0,18.958655,144,0,Valid
2026-05-27,1889,919,Buche3_G1,G1,Fagus sylvatica,Fagus sylvatica,7.470068805555556,0,0,27.618365,144,0,Valid
2026-05-27,1890,920,Fichte1_P2,P2,Abies alba,Abies alba,10.524962375,0.874825,0,35.509121,144,0,Valid
2026-05-27,1891,921,Fichte2_P2,P2,Abies alba,Abies alba,0.13044649305555556,0,0,2.481879,144,0,Valid
2026-05-27,1892,922,Fichte3_P2,P2,Abies alba,Abies alba,25.546497340277778,22.102473,0,65.229802,144,0,Valid
2026-05-27,1894,924,Buche2_P2,P2,Fagus sylvatica,Fagus sylvatica,18.440503131944446,14.165600999999999,0,52.888047,144,0,Valid
2026-05-27,1895,925,Buche3_P2,P2,Fagus sylvatica,Fagus sylvatica,8.928165694444445,0.0040725,0,33.129455,144,0,Valid
2026-05-27,1896,926,Buche1_P3,P3,Fagus sylvatica,Fagus sylvatica,23.671641180555554,20.415051499999997,0,60.004072,144,0,Valid
2026-05-27,1897,927,Buche2_P3,P3,Fagus sylvatica,Fagus sylvatica,5.656754256944445,0,0,19.851403,144,0,Valid
2026-05-27,1898,928,Buche3_P3,P3,Fagus sylvatica,Fagus sylvatica,17.896058131944443,7.6049245,0,56.705627,144,0,Valid
2026-05-27,1899,929,Fichte1_P3,P3,Fagus sylvatica,Abies alba,5.245655972222222,0,0,21.433362,144,0,Valid
2026-05-27,1900,930,Fichte2_P3,P3,Fagus sylvatica,Abies alba,13.085633048611111,7.3623845,0,38.911933,144,0,Valid
2026-05-27,1901,931,Fichte3_P3,P3,Fagus sylvatica,Abies alba,12.551076972222223,3.211424,0,41.607822,144,0,Valid
2026-05-28,1878,908,Buche1_P1,P1,Fagus sylvatica,Fagus sylvatica,13.976644208333333,0.3255915,0,47.939526,144,0,Valid
2026-05-28,1879,909,Buche2_P1,P1,Fagus sylvatica,Fagus sylvatica,137.49961221527778,138.8106335,124.224838,152.549506,144,0,Valid
2026-05-28,1880,910,Buche3_P1,P1,Fagus sylvatica,Fagus sylvatica,23.878176708333335,17.781621,0,62.677673,144,0,Valid
2026-05-28,1881,911,Fichte1_P1,P1,Abies alba,Abies alba,69.5456018125,63.6583345,0,167.9267,144,0,Valid
2026-05-28,1882,912,Fichte2_P1,P1,Abies alba,Abies alba,15.574233909722222,2.9248244999999997,0,46.272598,144,0,Valid
2026-05-28,1883,913,Fichte3_P1,P1,Abies alba,Abies alba,40.199679083333336,33.7577325,0,108.379625,144,0,Valid
2026-05-28,1884,914,Fichte1_G1,G1,Abies alba,Abies alba,79.46505368055556,63.918606,0,190.509054,144,0,Valid
2026-05-28,1885,915,Fichte2_G1,G1,Abies alba,Abies alba,73.22532034027778,70.7578675,0,145.037814,144,0,Valid
2026-05-28,1886,916,Fichte3_G1,G1,Abies alba,Abies alba,0.06744023,0,0,0.873766,100,0,Valid
2026-05-28,1887,917,Buche1_G1,G1,Fagus sylvatica,Fagus sylvatica,12.223569166666667,4.870666,0,38.003375,144,0,Valid
2026-05-28,1888,918,Buche2_G1,G1,Fagus sylvatica,Fagus sylvatica,3.2766845694444444,0.912706,0,14.813304,144,0,Valid
2026-05-28,1889,919,Buche3_G1,G1,Fagus sylvatica,Fagus sylvatica,0.13645016483516484,0,0,4.233524,91,0,Valid
2026-05-28,1890,920,Fichte1_P2,P2,Abies alba,Abies alba,11.290334791666666,6.068704,0,33.061681,144,0,Valid
2026-05-28,1891,921,Fichte2_P2,P2,Abies alba,Abies alba,2.9034027777777776e-4,0,0,0.033213,144,0,Valid
2026-05-28,1892,922,Fichte3_P2,P2,Abies alba,Abies alba,28.3886505625,22.915741500000003,0,71.523176,144,0,Valid
2026-05-28,1894,924,Buche2_P2,P2,Fagus sylvatica,Fagus sylvatica,16.116372972222223,9.2267835,0,46.401236,144,0,Valid
2026-05-28,1895,925,Buche3_P2,P2,Fagus sylvatica,Fagus sylvatica,7.968163354166666,1.3233955000000002,0,25.574246,144,0,Valid
2026-05-28,1896,926,Buche1_P3,P3,Fagus sylvatica,Fagus sylvatica,29.027089305555556,24.111485000000002,4.911192,58.484437,144,0,Valid
2026-05-28,1897,927,Buche2_P3,P3,Fagus sylvatica,Fagus sylvatica,6.210399222222223,0.33074349999999997,0,19.826276,144,0,Valid
2026-05-28,1898,928,Buche3_P3,P3,Fagus sylvatica,Fagus sylvatica,16.88612776388889,11.1024605,0,47.829537,144,0,Valid
2026-05-28,1899,929,Fichte1_P3,P3,Fagus sylvatica,Abies alba,5.856026125,0,0,18.268035,144,0,Valid
2026-05-28,1900,930,Fichte2_P3,P3,Fagus sylvatica,Abies alba,10.416036923611111,4.6826925,0,31.102915,144,0,Valid
2026-05-28,1901,931,Fichte3_P3,P3,Fagus sylvatica,Abies alba,15.526968430555556,6.2582685,0,45.09712,144,0,Valid
2026-05-29,1878,908,Buche1_P1,P1,Fagus sylvatica,Fagus sylvatica,14.153430430555556,1.6045880000000001,0,48.268653,144,0,Valid
2026-05-29,1879,909,Buche2_P1,P1,Fagus sylvatica,Fagus sylvatica,146.983814375,147.300704,134.644938,158.277369,144,0,Valid
2026-05-29,1880,910,Buche3_P1,P1,Fagus sylvatica,Fagus sylvatica,25.852198340277777,20.260908,0,65.788958,144,0,Valid
2026-05-29,1881,911,Fichte1_P1,P1,Abies alba,Abies alba,66.32023572222222,61.7035385,0,154.902811,144,0,Valid
2026-05-29,1882,912,Fichte2_P1,P1,Abies alba,Abies alba,32.49663176388889,22.868397,0,82.509748,144,0,Valid
2026-05-29,1883,913,Fichte3_P1,P1,Abies alba,Abies alba,43.06317038888889,38.4697045,0,108.939949,144,0,Valid
2026-05-29,1884,914,Fichte1_G1,G1,Abies alba,Abies alba,87.01554047916666,73.4754795,0,215.563465,144,0,Valid
2026-05-29,1885,915,Fichte2_G1,G1,Abies alba,Abies alba,71.8499748888889,76.4230175,0,143.026497,144,0,Valid
2026-05-29,1886,916,Fichte3_G1,G1,Abies alba,Abies alba,0.14762714583333333,0,0,1.454682,144,0,Valid
2026-05-29,1887,917,Buche1_G1,G1,Fagus sylvatica,Fagus sylvatica,13.865206006944444,11.657867,0,38.243865,144,0,Valid
2026-05-29,1888,918,Buche2_G1,G1,Fagus sylvatica,Fagus sylvatica,6.3187365625,3.0757925,0,20.652612,144,0,Valid
2026-05-29,1889,919,Buche3_G1,G1,Fagus sylvatica,Fagus sylvatica,6.6406899444444445,0,0,26.029122,144,0,Valid
2026-05-29,1890,920,Fichte1_P2,P2,Abies alba,Abies alba,19.004438180555557,17.54026,0,45.933975,144,0,Valid
2026-05-29,1891,921,Fichte2_P2,P2,Abies alba,Abies alba,6.075138888888889e-4,0,0,0.058192,144,0,Valid
2026-05-29,1892,922,Fichte3_P2,P2,Abies alba,Abies alba,33.029292,35.8212015,0,66.279382,70,0,Valid
2026-05-29,1894,924,Buche2_P2,P2,Fagus sylvatica,Fagus sylvatica,18.467602513888888,20.152355,0,44.010639,144,0,Valid
2026-05-29,1895,925,Buche3_P2,P2,Fagus sylvatica,Fagus sylvatica,10.275063909722222,5.014063500000001,0,29.955067,144,0,Valid
2026-05-29,1896,926,Buche1_P3,P3,Fagus sylvatica,Fagus sylvatica,33.763839902777775,31.6695665,4.844517,68.554445,144,0,Valid
2026-05-29,1897,927,Buche2_P3,P3,Fagus sylvatica,Fagus sylvatica,5.599777298611111,2.0686845,0,16.80306,144,0,Valid
2026-05-29,1898,928,Buche3_P3,P3,Fagus sylvatica,Fagus sylvatica,23.24545382638889,19.342036,0,59.004836,144,0,Valid
2026-05-29,1899,929,Fichte1_P3,P3,Fagus sylvatica,Abies alba,7.334484472222222,2.270098,0,22.77415,144,0,Valid
2026-05-29,1900,930,Fichte2_P3,P3,Fagus sylvatica,Abies alba,13.914429375,7.6217995,0,38.511489,144,0,Valid
2026-05-29,1901,931,Fichte3_P3,P3,Fagus sylvatica,Abies alba,26.12059063888889,23.858665,0,65.319419,144,0,Valid
2026-05-30,1878,908,Buche1_P1,P1,Fagus sylvatica,Fagus sylvatica,6.832503243055555,0,0,26.728226,144,0,Valid
2026-05-30,1879,909,Buche2_P1,P1,Fagus sylvatica,Fagus sylvatica,151.04365945833334,152.229227,139.859414,158.165138,144,0,Valid
2026-05-30,1880,910,Buche3_P1,P1,Fagus sylvatica,Fagus sylvatica,19.836027,9.9139515,0,57.378184,144,0,Valid
2026-05-30,1881,911,Fichte1_P1,P1,Abies alba,Abies alba,47.4311159375,41.2082705,0,114.62525,144,0,Valid
2026-05-30,1882,912,Fichte2_P1,P1,Abies alba,Abies alba,11.032856805555555,6.1892724999999995,0,34.326662,144,0,Valid
2026-05-30,1883,913,Fichte3_P1,P1,Abies alba,Abies alba,32.287596326388886,24.450778,0,87.622114,144,0,Valid
2026-05-30,1884,914,Fichte1_G1,G1,Abies alba,Abies alba,79.32613020138889,66.544846,0,199.743212,144,0,Valid
2026-05-30,1885,915,Fichte2_G1,G1,Abies alba,Abies alba,61.449609270833335,60.315201,0,128.716723,144,0,Valid
2026-05-30,1886,916,Fichte3_G1,G1,Abies alba,Abies alba,0.3202983888888889,0,0,2.025729,144,0,Valid
2026-05-30,1887,917,Buche1_G1,G1,Fagus sylvatica,Fagus sylvatica,8.111743923611112,0,0,32.071714,144,0,Valid
2026-05-30,1888,918,Buche2_G1,G1,Fagus sylvatica,Fagus sylvatica,5.714416847222222,0.9630445,0,19.004649,144,0,Valid
2026-05-30,1889,919,Buche3_G1,G1,Fagus sylvatica,Fagus sylvatica,6.204242145833334,0,0,24.668449,144,0,Valid
2026-05-30,1890,920,Fichte1_P2,P2,Abies alba,Abies alba,7.229959326388889,0,0,23.570604,144,0,Valid
2026-05-30,1891,921,Fichte2_P2,P2,Abies alba,Abies alba,0.19656309722222223,0,0,2.710502,144,0,Valid
2026-05-30,1892,922,Fichte3_P2,P2,Abies alba,Abies alba,19.567746173611113,14.2189505,0,57.605942,144,0,Valid
2026-05-30,1894,924,Buche2_P2,P2,Fagus sylvatica,Fagus sylvatica,12.2083675625,9.0459695,0,37.179891,144,0,Valid
2026-05-30,1895,925,Buche3_P2,P2,Fagus sylvatica,Fagus sylvatica,10.583550743055556,0.3319775,0,31.651563,144,0,Valid
2026-05-30,1896,926,Buche1_P3,P3,Fagus sylvatica,Fagus sylvatica,30.921487631944444,25.648930999999997,5.284566,62.381759,144,0,Valid
2026-05-30,1897,927,Buche2_P3,P3,Fagus sylvatica,Fagus sylvatica,6.847546652777778,0.791685,0,19.850047,144,0,Valid
2026-05-30,1898,928,Buche3_P3,P3,Fagus sylvatica,Fagus sylvatica,19.8035163125,9.947178999999998,0,54.575344,144,0,Valid
2026-05-30,1899,929,Fichte1_P3,P3,Fagus sylvatica,Abies alba,7.976661069444445,1.0896185,0,27.55969,144,0,Valid
2026-05-30,1900,930,Fichte2_P3,P3,Fagus sylvatica,Abies alba,16.014144597222224,15.302679000000001,0,36.949109,144,0,Valid
2026-05-30,1901,931,Fichte3_P3,P3,Fagus sylvatica,Abies alba,12.850201944444445,7.9115995,0,37.355133,144,0,Valid
2026-05-31,1878,908,Buche1_P1,P1,Fagus sylvatica,Fagus sylvatica,5.838809402777778,0,0,28.806789,144,0,Valid
2026-05-31,1879,909,Buche2_P1,P1,Fagus sylvatica,Fagus sylvatica,148.78052498611112,149.813898,137.859162,156.962878,144,0,Valid
2026-05-31,1880,910,Buche3_P1,P1,Fagus sylvatica,Fagus sylvatica,13.426596576388889,5.6764385,0,47.684049,144,0,Valid
2026-05-31,1881,911,Fichte1_P1,P1,Abies alba,Abies alba,33.20968334027778,24.541266999999998,0,92.940875,144,0,Valid
2026-05-31,1882,912,Fichte2_P1,P1,Abies alba,Abies alba,6.467443875,0.0708545,0,27.772463,144,0,Valid
2026-05-31,1883,913,Fichte3_P1,P1,Abies alba,Abies alba,20.012150875,9.2667265,0,61.305084,144,0,Valid
2026-05-31,1884,914,Fichte1_G1,G1,Abies alba,Abies alba,63.22768540972222,49.060966,0,159.105308,144,0,Valid
2026-05-31,1885,915,Fichte2_G1,G1,Abies alba,Abies alba,52.39371697222222,44.7958905,0,117.86269,144,0,Valid
2026-05-31,1886,916,Fichte3_G1,G1,Abies alba,Abies alba,0.9647981388888889,0,0,8.707667,144,0,Valid
2026-05-31,1887,917,Buche1_G1,G1,Fagus sylvatica,Fagus sylvatica,4.870783888888889,0,0,25.669836,144,0,Valid
2026-05-31,1888,918,Buche2_G1,G1,Fagus sylvatica,Fagus sylvatica,3.6809531805555555,0,0,15.824384,144,0,Valid
2026-05-31,1889,919,Buche3_G1,G1,Fagus sylvatica,Fagus sylvatica,2.9433647777777776,0,0,13.701728,144,0,Valid
2026-05-31,1890,920,Fichte1_P2,P2,Abies alba,Abies alba,3.5396636041666665,0,0,20.422847,144,0,Valid
2026-05-31,1891,921,Fichte2_P2,P2,Abies alba,Abies alba,0.3837701041666667,0,0,6.612467,144,0,Valid
2026-05-31,1892,922,Fichte3_P2,P2,Abies alba,Abies alba,14.017622402777778,4.1096305,0,45.980948,144,0,Valid
2026-05-31,1894,924,Buche2_P2,P2,Fagus sylvatica,Fagus sylvatica,6.802449208333333,0,0,29.952972,144,0,Valid
2026-05-31,1895,925,Buche3_P2,P2,Fagus sylvatica,Fagus sylvatica,4.781565597222222,0,0,22.231498,144,0,Valid
2026-05-31,1896,926,Buche1_P3,P3,Fagus sylvatica,Fagus sylvatica,18.697084694444445,16.502998499999997,0,48.54722,144,0,Valid
2026-05-31,1897,927,Buche2_P3,P3,Fagus sylvatica,Fagus sylvatica,4.043621291666667,0,0,18.944693,144,0,Valid
2026-05-31,1898,928,Buche3_P3,P3,Fagus sylvatica,Fagus sylvatica,13.688502979166667,4.829193999999999,0,51.805153,144,0,Valid
2026-05-31,1899,929,Fichte1_P3,P3,Fagus sylvatica,Abies alba,9.884162305555556,0,0,40.539616,144,0,Valid
2026-05-31,1900,930,Fichte2_P3,P3,Fagus sylvatica,Abies alba,11.370087388888889,6.804093999999999,0,34.00657,144,0,Valid
2026-05-31,1901,931,Fichte3_P3,P3,Fagus sylvatica,Abies alba,6.426885625,0,0,27.859653,144,0,Valid
2026-06-01,1878,908,Buche1_P1,P1,Fagus sylvatica,Fagus sylvatica,7.659429909722222,1.3496715,0,25.996482,144,0,Valid
2026-06-01,1879,909,Buche2_P1,P1,Fagus sylvatica,Fagus sylvatica,145.12648272222222,146.630131,132.729125,156.898512,144,0,Valid
2026-06-01,1880,910,Buche3_P1,P1,Fagus sylvatica,Fagus sylvatica,20.348780993055556,17.2087045,0,49.712204,144,0,Valid
2026-06-01,1881,911,Fichte1_P1,P1,Abies alba,Abies alba,70.377410625,72.118667,0,169.766039,144,0,Valid
2026-06-01,1882,912,Fichte2_P1,P1,Abies alba,Abies alba,15.432427409722223,7.2123170000000005,0,45.926916,144,0,Valid
2026-06-01,1883,913,Fichte3_P1,P1,Abies alba,Abies alba,45.9153898125,44.738498500000006,0,116.426126,144,0,Valid
2026-06-01,1884,914,Fichte1_G1,G1,Abies alba,Abies alba,68.05279950694444,61.0194135,0,168.854606,144,0,Valid
2026-06-01,1885,915,Fichte2_G1,G1,Abies alba,Abies alba,82.33391133333333,96.222576,0,176.554429,144,0,Valid
2026-06-01,1886,916,Fichte3_G1,G1,Abies alba,Abies alba,6.793021645833333,3.5499289999999997,0,18.839314,144,0,Valid
2026-06-01,1887,917,Buche1_G1,G1,Fagus sylvatica,Fagus sylvatica,18.790711833333333,14.258345,0,49.516486,144,0,Valid
2026-06-01,1888,918,Buche2_G1,G1,Fagus sylvatica,Fagus sylvatica,8.315797527777779,2.435891,0,26.407436,144,0,Valid
2026-06-01,1889,919,Buche3_G1,G1,Fagus sylvatica,Fagus sylvatica,9.033827333333333,0.8865974999999999,0,28.449362,144,0,Valid
2026-06-01,1890,920,Fichte1_P2,P2,Abies alba,Abies alba,24.27962084027778,25.603716,0,56.254391,144,0,Valid
2026-06-01,1891,921,Fichte2_P2,P2,Abies alba,Abies alba,0.22100260416666667,0,0,2.459014,144,0,Valid
2026-06-01,1892,922,Fichte3_P2,P2,Abies alba,Abies alba,42.96539279861111,49.9906385,0,101.033913,144,0,Valid
2026-06-01,1894,924,Buche2_P2,P2,Fagus sylvatica,Fagus sylvatica,26.581390916666667,30.512732,0,59.628826,144,0,Valid
2026-06-01,1895,925,Buche3_P2,P2,Fagus sylvatica,Fagus sylvatica,8.61587351388889,1.1954815,0,26.109523,144,0,Valid
2026-06-01,1896,926,Buche1_P3,P3,Fagus sylvatica,Fagus sylvatica,27.65580876388889,29.3401095,0,65.768074,144,0,Valid
2026-06-01,1897,927,Buche2_P3,P3,Fagus sylvatica,Fagus sylvatica,8.5440229375,1.2150875,0,24.260892,144,0,Valid
2026-06-01,1898,928,Buche3_P3,P3,Fagus sylvatica,Fagus sylvatica,20.184762694444444,18.8180525,0,49.065643,144,0,Valid
2026-06-01,1899,929,Fichte1_P3,P3,Fagus sylvatica,Abies alba,23.806821972222224,18.4017585,0,57.667249,144,0,Valid
2026-06-01,1900,930,Fichte2_P3,P3,Fagus sylvatica,Abies alba,19.719161479166665,14.942433,0,49.901085,144,0,Valid
2026-06-01,1901,931,Fichte3_P3,P3,Fagus sylvatica,Abies alba,26.600027854166665,25.899204,0,66.522616,144,0,Valid
2026-06-02,1878,908,Buche1_P1,P1,Fagus sylvatica,Fagus sylvatica,1.6820651180555555,0,0,17.829459,144,0,Valid
2026-06-02,1879,909,Buche2_P1,P1,Fagus sylvatica,Fagus sylvatica,134.08677556944446,137.88649,111.137876,153.265994,144,0,Valid
2026-06-02,1880,910,Buche3_P1,P1,Fagus sylvatica,Fagus sylvatica,5.3657020625,0,0,39.061981,144,0,Valid
2026-06-02,1881,911,Fichte1_P1,P1,Abies alba,Abies alba,20.619758006944444,3.5397230000000004,0,90.506426,144,0,Valid
2026-06-02,1882,912,Fichte2_P1,P1,Abies alba,Abies alba,1.9552051319444443,0,0,24.626602,144,0,Valid
2026-06-02,1883,913,Fichte3_P1,P1,Abies alba,Abies alba,12.499756069444445,0.7716155,0,62.43689,144,0,Valid
2026-06-02,1884,914,Fichte1_G1,G1,Abies alba,Abies alba,27.807543208333335,17.1197865,0,91.152323,144,0,Valid
2026-06-02,1885,915,Fichte2_G1,G1,Abies alba,Abies alba,39.138521680555556,36.3323965,0,104.717066,144,0,Valid
2026-06-02,1886,916,Fichte3_G1,G1,Abies alba,Abies alba,0.1681985138888889,0,0,2.991242,144,0,Valid
2026-06-02,1887,917,Buche1_G1,G1,Fagus sylvatica,Fagus sylvatica,1.8658077430555555,0,0,18.11391,144,0,Valid
2026-06-02,1888,918,Buche2_G1,G1,Fagus sylvatica,Fagus sylvatica,0.6142696805555555,0,0,7.680087,144,0,Valid
2026-06-02,1889,919,Buche3_G1,G1,Fagus sylvatica,Fagus sylvatica,0.40755267676767676,0,0,4.77797,99,0,Valid
2026-06-02,1890,920,Fichte1_P2,P2,Abies alba,Abies alba,2.5712709206349205,0,0,20.985245,126,0,Valid
2026-06-02,1891,921,Fichte2_P2,P2,Abies alba,Abies alba,0.15869859027777777,0,0,5.971235,144,0,Valid
2026-06-02,1892,922,Fichte3_P2,P2,Abies alba,Abies alba,12.895774118055556,4.563571,0,52.864123,144,0,Valid
2026-06-02,1894,924,Buche2_P2,P2,Fagus sylvatica,Fagus sylvatica,4.333401944444445,0,0,27.702785,144,0,Valid
2026-06-02,1895,925,Buche3_P2,P2,Fagus sylvatica,Fagus sylvatica,0.8991085,0,0,11.741779,144,0,Valid
2026-06-02,1896,926,Buche1_P3,P3,Fagus sylvatica,Fagus sylvatica,9.229107506944445,8.393397,0,36.126294,144,0,Valid
2026-06-02,1897,927,Buche2_P3,P3,Fagus sylvatica,Fagus sylvatica,1.4728609444444445,0,0,13.848818,144,0,Valid
2026-06-02,1898,928,Buche3_P3,P3,Fagus sylvatica,Fagus sylvatica,4.9538481249999995,0.0842105,0,29.818144,144,0,Valid
2026-06-02,1899,929,Fichte1_P3,P3,Fagus sylvatica,Abies alba,3.231574201388889,0,0,30.118657,144,0,Valid
2026-06-02,1900,930,Fichte2_P3,P3,Fagus sylvatica,Abies alba,8.069825347222222,2.9860474999999997,0,32.201945,144,0,Valid
2026-06-02,1901,931,Fichte3_P3,P3,Fagus sylvatica,Abies alba,3.501411159722222,0,0,24.392942,144,0,Valid
2026-06-03,1878,908,Buche1_P1,P1,Fagus sylvatica,Fagus sylvatica,3.5929826041666666,0,0,11.63305,144,0,Valid
2026-06-03,1879,909,Buche2_P1,P1,Fagus sylvatica,Fagus sylvatica,109.60887180555555,106.6938825,101.180708,123.218876,144,0,Valid
2026-06-03,1880,910,Buche3_P1,P1,Fagus sylvatica,Fagus sylvatica,10.300362993055556,3.7468695,0,31.21502,144,0,Valid
2026-06-03,1881,911,Fichte1_P1,P1,Abies alba,Abies alba,36.09140538194445,14.9013215,0,107.144374,144,0,Valid
2026-06-03,1882,912,Fichte2_P1,P1,Abies alba,Abies alba,4.4780876180555556,0.7565124999999999,0,13.766003,144,0,Valid
2026-06-03,1883,913,Fichte3_P1,P1,Abies alba,Abies alba,27.495290145833334,14.0578735,0,80.332529,144,0,Valid
2026-06-03,1884,914,Fichte1_G1,G1,Abies alba,Abies alba,36.38306429861111,22.463293999999998,0,108.548272,144,0,Valid
2026-06-03,1885,915,Fichte2_G1,G1,Abies alba,Abies alba,14.817481583333333,11.295959,0,45.037493,144,0,Valid
2026-06-03,1886,916,Fichte3_G1,G1,Abies alba,Abies alba,1.9886817708333333,0,0,8.448358,144,0,Valid
2026-06-03,1887,917,Buche1_G1,G1,Fagus sylvatica,Fagus sylvatica,5.2540123888888886,2.8865765,0,16.614956,144,0,Valid
2026-06-03,1888,918,Buche2_G1,G1,Fagus sylvatica,Fagus sylvatica,0.9902244722222222,0,0,4.880045,144,0,Valid
2026-06-03,1890,920,Fichte1_P2,P2,Abies alba,Abies alba,7.883828525641025,4.657796,0,19.155094,78,0,Valid
2026-06-03,1891,921,Fichte2_P2,P2,Abies alba,Abies alba,0.07991802777777778,0,0,1.614531,144,0,Valid
2026-06-03,1892,922,Fichte3_P2,P2,Abies alba,Abies alba,18.166074618055557,7.6592695,0,53.701659,144,0,Valid
2026-06-03,1893,923,Buche1_P2,P2,Fagus sylvatica,Fagus sylvatica,0,0,0,0,3,2,Excluded: TWD > 500 µm
2026-06-03,1894,924,Buche2_P2,P2,Fagus sylvatica,Fagus sylvatica,1.8365604652777778,0,0,8.051359,144,0,Valid
2026-06-03,1895,925,Buche3_P2,P2,Fagus sylvatica,Fagus sylvatica,0.058349291666666664,0,0,0.376988,144,0,Valid
2026-06-03,1896,926,Buche1_P3,P3,Fagus sylvatica,Fagus sylvatica,10.664148493055556,12.363340999999998,0,27.655224,144,0,Valid
2026-06-03,1897,927,Buche2_P3,P3,Fagus sylvatica,Fagus sylvatica,3.744991486111111,0,0,14.52446,144,0,Valid
2026-06-03,1898,928,Buche3_P3,P3,Fagus sylvatica,Fagus sylvatica,10.250109875,5.931544499999999,0,32.89067,144,0,Valid
2026-06-03,1899,929,Fichte1_P3,P3,Fagus sylvatica,Abies alba,0.028716402777777778,0,0,0.432081,144,0,Valid
2026-06-03,1900,930,Fichte2_P3,P3,Fagus sylvatica,Abies alba,10.799527416666667,0,0,36.654937,144,0,Valid
2026-06-03,1901,931,Fichte3_P3,P3,Fagus sylvatica,Abies alba,14.157955972222222,0,0,49.566203,144,0,Valid
2026-06-04,1878,908,Buche1_P1,P1,Fagus sylvatica,Fagus sylvatica,1.3386115208333333,0,0,10.770434,144,0,Valid
2026-06-04,1879,909,Buche2_P1,P1,Fagus sylvatica,Fagus sylvatica,113.1230861388889,116.6900685,96.680342,127.754109,144,0,Valid
2026-06-04,1880,910,Buche3_P1,P1,Fagus sylvatica,Fagus sylvatica,7.542135137254902,0,0,32.447259,102,0,Valid
2026-06-04,1881,911,Fichte1_P1,P1,Abies alba,Abies alba,21.00515209027778,17.4930615,0,59.045964,144,0,Valid
2026-06-04,1882,912,Fichte2_P1,P1,Abies alba,Abies alba,2.1691194583333333,0,0,13.673262,144,0,Valid
2026-06-04,1883,913,Fichte3_P1,P1,Abies alba,Abies alba,18.72387765625,19.7951985,0,42.467216,96,0,Valid
2026-06-04,1884,914,Fichte1_G1,G1,Abies alba,Abies alba,21.549687784722224,15.1820545,0,65.623701,144,0,Valid
2026-06-04,1885,915,Fichte2_G1,G1,Abies alba,Abies alba,27.329188041666665,18.46415,0,98.431578,144,0,Valid
2026-06-04,1886,916,Fichte3_G1,G1,Abies alba,Abies alba,0.7653922013888889,0,0,6.14207,144,0,Valid
2026-06-04,1887,917,Buche1_G1,G1,Fagus sylvatica,Fagus sylvatica,2.008043625,0,0,15.539957,144,0,Valid
2026-06-04,1888,918,Buche2_G1,G1,Fagus sylvatica,Fagus sylvatica,2.77097844,0,0,13.550301,100,0,Valid
2026-06-04,1889,919,Buche3_G1,G1,Fagus sylvatica,Fagus sylvatica,3.2811759420289857,0,0,14.599584,69,0,Valid
2026-06-04,1890,920,Fichte1_P2,P2,Abies alba,Abies alba,11.462872979166667,11.0693135,0,26.767817,144,0,Valid
2026-06-04,1891,921,Fichte2_P2,P2,Abies alba,Abies alba,0.0016193052631578947,0,0,0.061351,95,0,Valid
2026-06-04,1892,922,Fichte3_P2,P2,Abies alba,Abies alba,14.15199351388889,15.2096925,0,30.976685,144,0,Valid
2026-06-04,1894,924,Buche2_P2,P2,Fagus sylvatica,Fagus sylvatica,5.299911472222222,0,0,24.988577,144,0,Valid
2026-06-04,1895,925,Buche3_P2,P2,Fagus sylvatica,Fagus sylvatica,0.02562167361111111,0,0,0.35975,144,0,Valid
2026-06-04,1896,926,Buche1_P3,P3,Fagus sylvatica,Fagus sylvatica,21.91039848611111,18.533715,10.685752,43.387705,144,0,Valid
2026-06-04,1897,927,Buche2_P3,P3,Fagus sylvatica,Fagus sylvatica,1.1433840902777779,0,0,9.400559,144,0,Valid
2026-06-04,1898,928,Buche3_P3,P3,Fagus sylvatica,Fagus sylvatica,3.8207557291666667,0.73644,0,21.66098,144,0,Valid
2026-06-04,1899,929,Fichte1_P3,P3,Fagus sylvatica,Abies alba,1.3732720069444444,0,0,9.422603,144,0,Valid
2026-06-04,1900,930,Fichte2_P3,P3,Fagus sylvatica,Abies alba,4.100511138888889,0,0,22.856207,144,0,Valid
2026-06-04,1901,931,Fichte3_P3,P3,Fagus sylvatica,Abies alba,16.353248659722222,17.015619,0,34.205553,144,0,Valid
2026-06-05,1878,908,Buche1_P1,P1,Fagus sylvatica,Fagus sylvatica,2.0952409166666666,0,0,9.187769,144,0,Valid
2026-06-05,1879,909,Buche2_P1,P1,Fagus sylvatica,Fagus sylvatica,94.61921533333333,94.8253685,92.115264,97.228537,144,0,Valid
2026-06-05,1880,910,Buche3_P1,P1,Fagus sylvatica,Fagus sylvatica,7.19216475,2.5204585,0,24.063827,144,0,Valid
2026-06-05,1881,911,Fichte1_P1,P1,Abies alba,Abies alba,37.28645251388889,15.583897,0,96.228825,144,0,Valid
2026-06-05,1882,912,Fichte2_P1,P1,Abies alba,Abies alba,6.587409756944444,0.9275,0,19.055812,144,0,Valid
2026-06-05,1883,913,Fichte3_P1,P1,Abies alba,Abies alba,28.509659708333334,18.1892575,0,74.575955,144,0,Valid
2026-06-05,1884,914,Fichte1_G1,G1,Abies alba,Abies alba,38.808732854166664,20.7079385,0,105.007274,144,0,Valid
2026-06-05,1885,915,Fichte2_G1,G1,Abies alba,Abies alba,55.88104460416667,28.538976499999997,0,145.468794,144,0,Valid
2026-06-05,1886,916,Fichte3_G1,G1,Abies alba,Abies alba,4.905685770833333,0.49452399999999996,0,13.476725,144,0,Valid
2026-06-05,1887,917,Buche1_G1,G1,Fagus sylvatica,Fagus sylvatica,5.334870430555555,3.9979414999999996,0,17.243714,144,0,Valid
2026-06-05,1888,918,Buche2_G1,G1,Fagus sylvatica,Fagus sylvatica,1.7720919444444445,0,0,9.713082,144,0,Valid
2026-06-05,1889,919,Buche3_G1,G1,Fagus sylvatica,Fagus sylvatica,0.7717241836734694,0,0,4.567577,49,0,Valid
2026-06-05,1890,920,Fichte1_P2,P2,Abies alba,Abies alba,13.154938840277778,10.272618999999999,0,34.501956,144,0,Valid
2026-06-05,1891,921,Fichte2_P2,P2,Abies alba,Abies alba,0.016629555555555554,0,0,0.36935,144,0,Valid
2026-06-05,1892,922,Fichte3_P2,P2,Abies alba,Abies alba,12.731860469135801,0,0,55.508829,81,0,Valid
2026-06-05,1894,924,Buche2_P2,P2,Fagus sylvatica,Fagus sylvatica,12.953981569444444,8.052493,0,33.424814,144,0,Valid
2026-06-05,1895,925,Buche3_P2,P2,Fagus sylvatica,Fagus sylvatica,0.36746013194444443,0,0,3.145494,144,0,Valid
2026-06-05,1896,926,Buche1_P3,P3,Fagus sylvatica,Fagus sylvatica,19.717987604166666,14.5311995,1.909698,41.724589,144,0,Valid
2026-06-05,1897,927,Buche2_P3,P3,Fagus sylvatica,Fagus sylvatica,2.1888329444444445,0,0,9.242676,144,0,Valid
2026-06-05,1898,928,Buche3_P3,P3,Fagus sylvatica,Fagus sylvatica,8.874033284722222,6.000515,0,25.658785,144,0,Valid
2026-06-05,1899,929,Fichte1_P3,P3,Fagus sylvatica,Abies alba,5.392606736111111,0.021187,0,17.807929,144,0,Valid
2026-06-05,1900,930,Fichte2_P3,P3,Fagus sylvatica,Abies alba,5.4830990208333334,0.0143795,0,18.789613,144,0,Valid
2026-06-05,1901,931,Fichte3_P3,P3,Fagus sylvatica,Abies alba,11.313776208333334,0.030367,0,34.680435,144,0,Valid
2026-06-06,1878,908,Buche1_P1,P1,Fagus sylvatica,Fagus sylvatica,5.882132326388889,0,0,20.659559,144,0,Valid
2026-06-06,1879,909,Buche2_P1,P1,Fagus sylvatica,Fagus sylvatica,111.48356204166667,115.214819,93.028522,129.83714,144,0,Valid
2026-06-06,1880,910,Buche3_P1,P1,Fagus sylvatica,Fagus sylvatica,20.69484484722222,15.991069,0,60.104304,144,0,Valid
2026-06-06,1881,911,Fichte1_P1,P1,Abies alba,Abies alba,76.79412445138888,65.027473,10.954147,161.711318,144,0,Valid
2026-06-06,1882,912,Fichte2_P1,P1,Abies alba,Abies alba,22.751303298611113,12.876392,0,59.492358,144,0,Valid
2026-06-06,1883,913,Fichte3_P1,P1,Abies alba,Abies alba,49.90655958333333,44.408362,3.224558,106.535337,144,0,Valid
2026-06-06,1884,914,Fichte1_G1,G1,Abies alba,Abies alba,80.70079855555555,56.275751,7.777955,181.270903,144,0,Valid
2026-06-06,1885,915,Fichte2_G1,G1,Abies alba,Abies alba,129.44743835416668,117.877059,51.519057,227.689207,144,0,Valid
2026-06-06,1886,916,Fichte3_G1,G1,Abies alba,Abies alba,8.75507432638889,7.460818,0,22.090714,144,0,Valid
2026-06-06,1887,917,Buche1_G1,G1,Fagus sylvatica,Fagus sylvatica,13.224100701388888,12.7377905,0,37.134469,144,0,Valid
2026-06-06,1888,918,Buche2_G1,G1,Fagus sylvatica,Fagus sylvatica,8.405143020833334,4.898464,0,29.248137,144,0,Valid
2026-06-06,1889,919,Buche3_G1,G1,Fagus sylvatica,Fagus sylvatica,7.1530715138888885,0.030998500000000002,0,28.40954,144,0,Valid
2026-06-06,1890,920,Fichte1_P2,P2,Abies alba,Abies alba,20.73401717361111,16.659321499999997,0,46.209492,144,0,Valid
2026-06-06,1891,921,Fichte2_P2,P2,Abies alba,Abies alba,0.23400668055555557,0,0,2.436689,144,0,Valid
2026-06-06,1892,922,Fichte3_P2,P2,Abies alba,Abies alba,34.94666045138889,22.6213325,0,77.494823,144,0,Valid
2026-06-06,1894,924,Buche2_P2,P2,Fagus sylvatica,Fagus sylvatica,27.745519125,21.880066,6.850944,50.853709,144,0,Valid
2026-06-06,1895,925,Buche3_P2,P2,Fagus sylvatica,Fagus sylvatica,9.350222326388888,4.4051485,0,28.060649,144,0,Valid
2026-06-06,1896,926,Buche1_P3,P3,Fagus sylvatica,Fagus sylvatica,40.87834856944445,37.06942,16.597332,72.531977,144,0,Valid
2026-06-06,1897,927,Buche2_P3,P3,Fagus sylvatica,Fagus sylvatica,4.482224958333333,0.37370099999999995,0,15.801782,144,0,Valid
2026-06-06,1898,928,Buche3_P3,P3,Fagus sylvatica,Fagus sylvatica,17.682244104166667,15.191092999999999,0,47.453225,144,0,Valid
2026-06-06,1899,929,Fichte1_P3,P3,Fagus sylvatica,Abies alba,14.9373644375,4.674571,0,46.505892,144,0,Valid
2026-06-06,1900,930,Fichte2_P3,P3,Fagus sylvatica,Abies alba,18.337258833333333,9.7235505,0,43.291331,144,0,Valid
2026-06-06,1901,931,Fichte3_P3,P3,Fagus sylvatica,Abies alba,28.34289253472222,19.769847499999997,0,64.980261,144,0,Valid
2026-06-07,1878,908,Buche1_P1,P1,Fagus sylvatica,Fagus sylvatica,2.5787266180555557,0,0,9.496974,144,0,Valid
2026-06-07,1879,909,Buche2_P1,P1,Fagus sylvatica,Fagus sylvatica,124.6719066875,126.236898,116.851445,132.311602,144,0,Valid
2026-06-07,1880,910,Buche3_P1,P1,Fagus sylvatica,Fagus sylvatica,20.972606173611112,12.953151,3.107951,48.137778,144,0,Valid
2026-06-07,1881,911,Fichte1_P1,P1,Abies alba,Abies alba,81.04069026388889,77.4102005,25.530792,146.819384,144,0,Valid
2026-06-07,1882,912,Fichte2_P1,P1,Abies alba,Abies alba,9.257557375,8.619529,0,25.703731,144,0,Valid
2026-06-07,1883,913,Fichte3_P1,P1,Abies alba,Abies alba,44.76060302083334,43.5903005,2.764452,90.424457,144,0,Valid
2026-06-07,1884,914,Fichte1_G1,G1,Abies alba,Abies alba,93.61694127777778,87.8270345,32.203261,166.435337,144,0,Valid
2026-06-07,1885,915,Fichte2_G1,G1,Abies alba,Abies alba,167.30847939583333,165.3441135,90.226037,239.611135,144,0,Valid
2026-06-07,1886,916,Fichte3_G1,G1,Abies alba,Abies alba,3.7982281805555553,3.084792,0,13.427062,144,0,Valid
2026-06-07,1887,917,Buche1_G1,G1,Fagus sylvatica,Fagus sylvatica,11.07487107638889,8.917244,0,28.064245,144,0,Valid
2026-06-07,1888,918,Buche2_G1,G1,Fagus sylvatica,Fagus sylvatica,4.529611138888889,1.566382,0,12.093291,144,0,Valid
2026-06-07,1889,919,Buche3_G1,G1,Fagus sylvatica,Fagus sylvatica,3.3508742708333332,0.003341,0,9.91512,144,0,Valid
2026-06-07,1890,920,Fichte1_P2,P2,Abies alba,Abies alba,22.44083127777778,22.136115,2.422299,38.380214,144,0,Valid
2026-06-07,1891,921,Fichte2_P2,P2,Abies alba,Abies alba,0.24746931944444445,0,0,2.739882,144,0,Valid
2026-06-07,1892,922,Fichte3_P2,P2,Abies alba,Abies alba,50.7067011875,55.532363000000004,12.600291,83.183245,144,0,Valid
2026-06-07,1894,924,Buche2_P2,P2,Fagus sylvatica,Fagus sylvatica,32.387933875,31.0517065,15.836855,50.553984,144,0,Valid
2026-06-07,1895,925,Buche3_P2,P2,Fagus sylvatica,Fagus sylvatica,8.003792291666667,2.8832630000000004,0,23.408865,144,0,Valid
2026-06-07,1896,926,Buche1_P3,P3,Fagus sylvatica,Fagus sylvatica,56.02192202777778,55.040518500000005,36.293993,77.183166,144,0,Valid
2026-06-07,1897,927,Buche2_P3,P3,Fagus sylvatica,Fagus sylvatica,3.4045409305555556,0.365998,0,9.688753,144,0,Valid
2026-06-07,1898,928,Buche3_P3,P3,Fagus sylvatica,Fagus sylvatica,16.586215166666666,14.585125999999999,0.596496,35.19487,144,0,Valid
2026-06-07,1899,929,Fichte1_P3,P3,Fagus sylvatica,Abies alba,7.523855798611111,3.9488375,0,22.199928,144,0,Valid
2026-06-07,1900,930,Fichte2_P3,P3,Fagus sylvatica,Abies alba,25.618139291666665,27.494919,8.469528,44.429243,144,0,Valid
2026-06-07,1901,931,Fichte3_P3,P3,Fagus sylvatica,Abies alba,38.92728804861111,39.670914499999995,11.445072,64.459123,144,0,Valid
2026-06-08,1878,908,Buche1_P1,P1,Fagus sylvatica,Fagus sylvatica,2.093088173611111,0,0,11.230273,144,0,Valid
2026-06-08,1879,909,Buche2_P1,P1,Fagus sylvatica,Fagus sylvatica,119.38777319444445,119.6129125,102.71314,130.562517,144,0,Valid
2026-06-08,1880,910,Buche3_P1,P1,Fagus sylvatica,Fagus sylvatica,11.501152465277778,1.42045,0,41.350438,144,0,Valid
2026-06-08,1881,911,Fichte1_P1,P1,Abies alba,Abies alba,32.03568111805556,22.0528935,0,78.037857,144,0,Valid
2026-06-08,1882,912,Fichte2_P1,P1,Abies alba,Abies alba,1.689773048611111,0,0,6.951438,144,0,Valid
2026-06-08,1883,913,Fichte3_P1,P1,Abies alba,Abies alba,19.630505631944445,7.1466745,0,65.640784,144,0,Valid
2026-06-08,1884,914,Fichte1_G1,G1,Abies alba,Abies alba,60.34958551388889,51.181071,4.309969,140.829134,144,0,Valid
2026-06-08,1885,915,Fichte2_G1,G1,Abies alba,Abies alba,135.045617625,128.5505395,61.117053,211.699087,144,0,Valid
2026-06-08,1886,916,Fichte3_G1,G1,Abies alba,Abies alba,1.5638345555555555,0,0,7.305889,144,0,Valid
2026-06-08,1887,917,Buche1_G1,G1,Fagus sylvatica,Fagus sylvatica,4.654736881944444,0,0,20.19754,144,0,Valid
2026-06-08,1888,918,Buche2_G1,G1,Fagus sylvatica,Fagus sylvatica,2.4789061388888887,0,0,11.955558,144,0,Valid
2026-06-08,1889,919,Buche3_G1,G1,Fagus sylvatica,Fagus sylvatica,3.1263411527777776,0,0,14.792274,144,0,Valid
2026-06-08,1890,920,Fichte1_P2,P2,Abies alba,Abies alba,8.030097097222223,0,0,24.543983,144,0,Valid
2026-06-08,1891,921,Fichte2_P2,P2,Abies alba,Abies alba,0.09517920833333333,0,0,1.883652,144,0,Valid
2026-06-08,1892,922,Fichte3_P2,P2,Abies alba,Abies alba,17.0429929375,15.631473,0,42.363127,144,0,Valid
2026-06-08,1894,924,Buche2_P2,P2,Fagus sylvatica,Fagus sylvatica,10.451312131944444,8.7047415,0,26.304389,144,0,Valid
2026-06-08,1895,925,Buche3_P2,P2,Fagus sylvatica,Fagus sylvatica,5.695843298611111,0,0,19.233967,144,0,Valid
2026-06-08,1896,926,Buche1_P3,P3,Fagus sylvatica,Fagus sylvatica,46.37085251388889,44.1566025,21.469007,69.30698,144,0,Valid
2026-06-08,1897,927,Buche2_P3,P3,Fagus sylvatica,Fagus sylvatica,3.292226013888889,0,0,12.353464,144,0,Valid
2026-06-08,1898,928,Buche3_P3,P3,Fagus sylvatica,Fagus sylvatica,10.18156201388889,0.120965,0,35.155278,144,0,Valid
2026-06-08,1899,929,Fichte1_P3,P3,Fagus sylvatica,Abies alba,7.3227266944444445,0,0,28.256485,144,0,Valid
2026-06-08,1900,930,Fichte2_P3,P3,Fagus sylvatica,Abies alba,9.568478236111112,9.9460485,0,27.740347,144,0,Valid
2026-06-08,1901,931,Fichte3_P3,P3,Fagus sylvatica,Abies alba,9.668587909722222,7.3011505,0,33.4764,144,0,Valid
2026-06-09,1878,908,Buche1_P1,P1,Fagus sylvatica,Fagus sylvatica,0.2208684652777778,0,0,2.199555,144,0,Valid
2026-06-09,1879,909,Buche2_P1,P1,Fagus sylvatica,Fagus sylvatica,94.44828029166666,93.193096,91.51231,102.48534,144,0,Valid
2026-06-09,1880,910,Buche3_P1,P1,Fagus sylvatica,Fagus sylvatica,2.9235012777777776,0,0,14.560649,144,0,Valid
2026-06-09,1881,911,Fichte1_P1,P1,Abies alba,Abies alba,16.6109228125,0.6068830000000001,0,46.427237,144,0,Valid
2026-06-09,1882,912,Fichte2_P1,P1,Abies alba,Abies alba,0.08951291666666666,0,0,0.706859,144,0,Valid
2026-06-09,1883,913,Fichte3_P1,P1,Abies alba,Abies alba,8.417448972222223,1.457563,0,28.214052,144,0,Valid
2026-06-09,1884,914,Fichte1_G1,G1,Abies alba,Abies alba,9.764398979166666,3.2347795,0,30.200976,144,0,Valid
2026-06-09,1885,915,Fichte2_G1,G1,Abies alba,Abies alba,25.682827951388887,25.373084,0,59.195584,144,0,Valid
2026-06-09,1886,916,Fichte3_G1,G1,Abies alba,Abies alba,0.12099518055555555,0,0,1.024067,144,0,Valid
2026-06-09,1887,917,Buche1_G1,G1,Fagus sylvatica,Fagus sylvatica,1.1196516805555556,0,0,9.154427,144,0,Valid
2026-06-09,1888,918,Buche2_G1,G1,Fagus sylvatica,Fagus sylvatica,0.19139222916666668,0,0,2.043003,144,0,Valid
2026-06-09,1889,919,Buche3_G1,G1,Fagus sylvatica,Fagus sylvatica,0,0,0,0,43,0,Valid
2026-06-09,1890,920,Fichte1_P2,P2,Abies alba,Abies alba,0.5262034097222222,0,0,2.421939,144,0,Valid
2026-06-09,1891,921,Fichte2_P2,P2,Abies alba,Abies alba,0.0023940416666666667,0,0,0.124509,144,0,Valid
2026-06-09,1892,922,Fichte3_P2,P2,Abies alba,Abies alba,8.927146861111112,3.445412,0,28.637553,144,0,Valid
2026-06-09,1894,924,Buche2_P2,P2,Fagus sylvatica,Fagus sylvatica,3.0920427708333333,0.4152445,0,9.712311,144,0,Valid
2026-06-09,1895,925,Buche3_P2,P2,Fagus sylvatica,Fagus sylvatica,0.03261695138888889,0,0,0.348002,144,0,Valid
2026-06-09,1896,926,Buche1_P3,P3,Fagus sylvatica,Fagus sylvatica,11.943669673611112,11.455058999999999,0,24.397307,144,0,Valid
2026-06-09,1897,927,Buche2_P3,P3,Fagus sylvatica,Fagus sylvatica,0.5325095138888889,0,0,3.267898,144,0,Valid
2026-06-09,1898,928,Buche3_P3,P3,Fagus sylvatica,Fagus sylvatica,4.642511555555555,0,0,18.635662,144,0,Valid
2026-06-09,1899,929,Fichte1_P3,P3,Fagus sylvatica,Abies alba,0.4406390972222222,0,0,2.945089,144,0,Valid
2026-06-09,1900,930,Fichte2_P3,P3,Fagus sylvatica,Abies alba,0.330173375,0,0,1.113859,144,0,Valid
2026-06-09,1901,931,Fichte3_P3,P3,Fagus sylvatica,Abies alba,0.051141631944444446,0,0,0.341759,144,0,Valid
2026-06-10,1878,908,Buche1_P1,P1,Fagus sylvatica,Fagus sylvatica,1.344669111111111,0,0,7.834405,144,0,Valid
2026-06-10,1879,909,Buche2_P1,P1,Fagus sylvatica,Fagus sylvatica,107.13900306944444,112.16723999999999,91.380163,121.516812,144,0,Valid
2026-06-10,1880,910,Buche3_P1,P1,Fagus sylvatica,Fagus sylvatica,11.15401175,9.8778725,0,29.804252,144,0,Valid
2026-06-10,1881,911,Fichte1_P1,P1,Abies alba,Abies alba,49.90479851388889,52.342020500000004,5.155562,111.359414,144,0,Valid
2026-06-10,1882,912,Fichte2_P1,P1,Abies alba,Abies alba,5.859308694444445,2.6736969999999998,0,22.184805,144,0,Valid
2026-06-10,1883,913,Fichte3_P1,P1,Abies alba,Abies alba,28.574052520833334,30.010753,0,77.670818,144,0,Valid
2026-06-10,1884,914,Fichte1_G1,G1,Abies alba,Abies alba,39.307499854166664,43.8165745,0,98.327891,144,0,Valid
2026-06-10,1885,915,Fichte2_G1,G1,Abies alba,Abies alba,68.95161977083333,82.01452499999999,11.92014,134.856148,144,0,Valid
2026-06-10,1886,916,Fichte3_G1,G1,Abies alba,Abies alba,7.1067696597222225,9.0793965,0,15.96325,144,0,Valid
2026-06-10,1887,917,Buche1_G1,G1,Fagus sylvatica,Fagus sylvatica,9.239895965277778,7.016942,0,23.657901,144,0,Valid
2026-06-10,1888,918,Buche2_G1,G1,Fagus sylvatica,Fagus sylvatica,6.735740979166667,3.0149925,0,17.510697,144,0,Valid
2026-06-10,1889,919,Buche3_G1,G1,Fagus sylvatica,Fagus sylvatica,1.3894540277777778,0,0,4.804695,144,0,Valid
2026-06-10,1890,920,Fichte1_P2,P2,Abies alba,Abies alba,11.322172965277778,11.823439,0,28.154684,144,0,Valid
2026-06-10,1891,921,Fichte2_P2,P2,Abies alba,Abies alba,0.10163982638888888,0,0,0.945478,144,0,Valid
2026-06-10,1892,922,Fichte3_P2,P2,Abies alba,Abies alba,31.174009840277776,30.733381,0,73.349636,144,0,Valid
2026-06-10,1894,924,Buche2_P2,P2,Fagus sylvatica,Fagus sylvatica,16.7013483125,18.974144000000003,0,36.849378,144,0,Valid
2026-06-10,1895,925,Buche3_P2,P2,Fagus sylvatica,Fagus sylvatica,0.8469576111111111,0.0068395,0,4.008403,144,0,Valid
2026-06-10,1896,926,Buche1_P3,P3,Fagus sylvatica,Fagus sylvatica,27.410925576388887,32.113243499999996,7.903755,47.986086,144,0,Valid
2026-06-10,1897,927,Buche2_P3,P3,Fagus sylvatica,Fagus sylvatica,1.5040591041666667,0,0,6.936755,144,0,Valid
2026-06-10,1898,928,Buche3_P3,P3,Fagus sylvatica,Fagus sylvatica,11.890261840277777,12.0859045,0,29.59738,144,0,Valid
2026-06-10,1899,929,Fichte1_P3,P3,Fagus sylvatica,Abies alba,7.436769555555555,4.0305855,0,25.090226,144,0,Valid
2026-06-10,1900,930,Fichte2_P3,P3,Fagus sylvatica,Abies alba,8.744445555555556,7.573409,0,23.246795,144,0,Valid
2026-06-10,1901,931,Fichte3_P3,P3,Fagus sylvatica,Abies alba,13.5473589375,15.3776555,0,35.267009,144,0,Valid
2026-06-11,1878,908,Buche1_P1,P1,Fagus sylvatica,Fagus sylvatica,4.9007005625,0,0,15.652122,144,0,Valid
2026-06-11,1879,909,Buche2_P1,P1,Fagus sylvatica,Fagus sylvatica,118.29604022916666,122.283789,97.669347,132.131967,144,0,Valid
2026-06-11,1880,910,Buche3_P1,P1,Fagus sylvatica,Fagus sylvatica,17.400664194444445,12.9694845,0,43.988592,144,0,Valid
2026-06-11,1881,911,Fichte1_P1,P1,Abies alba,Abies alba,61.829425451388886,55.7135045,0,141.388781,144,0,Valid
2026-06-11,1882,912,Fichte2_P1,P1,Abies alba,Abies alba,16.908014708333333,7.6566005,0,46.416152,144,0,Valid
2026-06-11,1883,913,Fichte3_P1,P1,Abies alba,Abies alba,40.23910538888889,34.354076,0,101.809014,144,0,Valid
2026-06-11,1884,914,Fichte1_G1,G1,Abies alba,Abies alba,75.1731676875,60.9648635,5.927283,163.812202,144,0,Valid
2026-06-11,1885,915,Fichte2_G1,G1,Abies alba,Abies alba,105.1305188125,114.7129165,9.953029,198.621052,144,0,Valid
2026-06-11,1886,916,Fichte3_G1,G1,Abies alba,Abies alba,8.35898125,8.528680000000001,0,20.252881,144,0,Valid
2026-06-11,1887,917,Buche1_G1,G1,Fagus sylvatica,Fagus sylvatica,18.15882120138889,18.177013000000002,0,42.059605,144,0,Valid
2026-06-11,1888,918,Buche2_G1,G1,Fagus sylvatica,Fagus sylvatica,7.909181638888889,2.5946355,0,22.435548,144,0,Valid
2026-06-11,1889,919,Buche3_G1,G1,Fagus sylvatica,Fagus sylvatica,7.132864652777778,0.807902,0,23.353194,144,0,Valid
2026-06-11,1890,920,Fichte1_P2,P2,Abies alba,Abies alba,20.823286916666667,22.226274500000002,0,47.188151,144,0,Valid
2026-06-11,1891,921,Fichte2_P2,P2,Abies alba,Abies alba,0.94644975,0,0,5.186295,144,0,Valid
2026-06-11,1892,922,Fichte3_P2,P2,Abies alba,Abies alba,50.28423668055556,59.953169,0,101.859528,144,0,Valid
2026-06-11,1894,924,Buche2_P2,P2,Fagus sylvatica,Fagus sylvatica,24.89829079861111,29.9567915,0,54.161099,144,0,Valid
2026-06-11,1895,925,Buche3_P2,P2,Fagus sylvatica,Fagus sylvatica,6.3137383541666665,4.0338895,0,17.9357,144,0,Valid
2026-06-11,1896,926,Buche1_P3,P3,Fagus sylvatica,Fagus sylvatica,43.48527557638889,46.3083415,16.471008,73.13766,144,0,Valid
2026-06-11,1897,927,Buche2_P3,P3,Fagus sylvatica,Fagus sylvatica,7.4643089375,2.5110770000000002,0,20.018071,144,0,Valid
2026-06-11,1898,928,Buche3_P3,P3,Fagus sylvatica,Fagus sylvatica,22.06731596527778,22.4851545,0,49.128485,144,0,Valid
2026-06-11,1899,929,Fichte1_P3,P3,Fagus sylvatica,Abies alba,20.007331222222223,19.9152085,0,48.908151,144,0,Valid
2026-06-11,1900,930,Fichte2_P3,P3,Fagus sylvatica,Abies alba,23.767214270833332,17.260012,0,50.425458,144,0,Valid
2026-06-11,1901,931,Fichte3_P3,P3,Fagus sylvatica,Abies alba,33.50742477083333,31.6798365,0,73.575741,144,0,Valid
2026-06-12,1878,908,Buche1_P1,P1,Fagus sylvatica,Fagus sylvatica,1.9158335416666668,0,0,9.685138,144,0,Valid
2026-06-12,1879,909,Buche2_P1,P1,Fagus sylvatica,Fagus sylvatica,131.3372290486111,132.001189,126.126246,136.709317,144,0,Valid
2026-06-12,1880,910,Buche3_P1,P1,Fagus sylvatica,Fagus sylvatica,10.928456597222223,5.4571655,0,32.129633,144,0,Valid
2026-06-12,1881,911,Fichte1_P1,P1,Abies alba,Abies alba,61.65658790277778,58.799049999999994,14.769561,112.819791,144,0,Valid
2026-06-12,1882,912,Fichte2_P1,P1,Abies alba,Abies alba,2.371646861111111,1.3458735000000002,0,14.363486,144,0,Valid
2026-06-12,1883,913,Fichte3_P1,P1,Abies alba,Abies alba,31.42788238888889,28.652086,0,67.600289,144,0,Valid
2026-06-12,1884,914,Fichte1_G1,G1,Abies alba,Abies alba,99.07169907638888,92.363297,38.01198,163.330833,144,0,Valid
2026-06-12,1885,915,Fichte2_G1,G1,Abies alba,Abies alba,134.6491098125,129.236501,80.321805,196.856645,144,0,Valid
2026-06-12,1886,916,Fichte3_G1,G1,Abies alba,Abies alba,3.0690504027777776,1.3096145,0,14.190473,144,0,Valid
2026-06-12,1887,917,Buche1_G1,G1,Fagus sylvatica,Fagus sylvatica,7.2837422569444445,5.392691,0,18.38607,144,0,Valid
2026-06-12,1888,918,Buche2_G1,G1,Fagus sylvatica,Fagus sylvatica,2.241831847222222,0,0,9.401601,144,0,Valid
2026-06-12,1889,919,Buche3_G1,G1,Fagus sylvatica,Fagus sylvatica,0.001994746987951807,0,0,0.050969,83,0,Valid
2026-06-12,1890,920,Fichte1_P2,P2,Abies alba,Abies alba,16.913664465277776,17.624761499999998,0,26.039926,144,0,Valid
2026-06-12,1891,921,Fichte2_P2,P2,Abies alba,Abies alba,0.004808263888888889,0,0,0.073773,144,0,Valid
2026-06-12,1892,922,Fichte3_P2,P2,Abies alba,Abies alba,55.224183090277776,56.655673,26.084985,76.311788,144,0,Valid
2026-06-12,1894,924,Buche2_P2,P2,Fagus sylvatica,Fagus sylvatica,24.945554861111113,25.2279375,3.014493,36.412265,144,0,Valid
2026-06-12,1895,925,Buche3_P2,P2,Fagus sylvatica,Fagus sylvatica,2.834349847222222,0.12704,0,8.73832,144,0,Valid
2026-06-12,1896,926,Buche1_P3,P3,Fagus sylvatica,Fagus sylvatica,54.38558090972222,52.3248015,39.586264,71.696679,144,0,Valid
2026-06-12,1897,927,Buche2_P3,P3,Fagus sylvatica,Fagus sylvatica,3.903233138888889,0.181406,0,13.081369,144,0,Valid
2026-06-12,1898,928,Buche3_P3,P3,Fagus sylvatica,Fagus sylvatica,24.426145694444443,23.527529,5.20143,42.529735,144,0,Valid
2026-06-12,1899,929,Fichte1_P3,P3,Fagus sylvatica,Abies alba,10.206459326388888,7.298793,0,29.316562,144,0,Valid
2026-06-12,1900,930,Fichte2_P3,P3,Fagus sylvatica,Abies alba,31.49838182638889,31.860007500000002,18.808726,41.41591,144,0,Valid
2026-06-12,1901,931,Fichte3_P3,P3,Fagus sylvatica,Abies alba,33.90378144444445,33.741200500000005,10.680911,45.633698,144,0,Valid
2026-06-13,1878,908,Buche1_P1,P1,Fagus sylvatica,Fagus sylvatica,10.302534756944445,0.187673,0,35.833115,144,0,Valid
2026-06-13,1879,909,Buche2_P1,P1,Fagus sylvatica,Fagus sylvatica,133.16788066666666,134.042744,121.373889,144.944222,144,0,Valid
2026-06-13,1880,910,Buche3_P1,P1,Fagus sylvatica,Fagus sylvatica,23.156180965277777,16.63622,0,63.616278,144,0,Valid
2026-06-13,1881,911,Fichte1_P1,P1,Abies alba,Abies alba,49.39553598611111,43.6316615,0,120.853499,144,0,Valid
2026-06-13,1882,912,Fichte2_P1,P1,Abies alba,Abies alba,16.325103270833335,7.1633105,0,49.791694,144,0,Valid
2026-06-13,1883,913,Fichte3_P1,P1,Abies alba,Abies alba,35.901887875,30.6764655,0,92.032967,144,0,Valid
2026-06-13,1884,914,Fichte1_G1,G1,Abies alba,Abies alba,102.7180469861111,90.723168,8.537577,224.142173,144,0,Valid
2026-06-13,1885,915,Fichte2_G1,G1,Abies alba,Abies alba,134.77820513194445,149.8478215,32.55373,221.929255,144,0,Valid
2026-06-13,1886,916,Fichte3_G1,G1,Abies alba,Abies alba,7.083888729166667,6.931141,0,18.147622,144,0,Valid
2026-06-13,1887,917,Buche1_G1,G1,Fagus sylvatica,Fagus sylvatica,14.3515584375,10.77832,0,42.667568,144,0,Valid
2026-06-13,1888,918,Buche2_G1,G1,Fagus sylvatica,Fagus sylvatica,6.288158909722222,2.557474,0,24.044279,144,0,Valid
2026-06-13,1889,919,Buche3_G1,G1,Fagus sylvatica,Fagus sylvatica,13.520915347222223,4.0970105,0,42.03922,144,0,Valid
2026-06-13,1890,920,Fichte1_P2,P2,Abies alba,Abies alba,20.639743180555556,20.572900500000003,0,50.371037,144,0,Valid
2026-06-13,1891,921,Fichte2_P2,P2,Abies alba,Abies alba,0.6368421180555556,0,0,5.835351,144,0,Valid
2026-06-13,1892,922,Fichte3_P2,P2,Abies alba,Abies alba,39.363526541666666,33.5246355,0,90.762531,144,0,Valid
2026-06-13,1894,924,Buche2_P2,P2,Fagus sylvatica,Fagus sylvatica,19.49649011111111,18.279994000000002,0,50.292718,144,0,Valid
2026-06-13,1895,925,Buche3_P2,P2,Fagus sylvatica,Fagus sylvatica,12.364926541666666,7.1967289999999995,0,36.43143,144,0,Valid
2026-06-13,1896,926,Buche1_P3,P3,Fagus sylvatica,Fagus sylvatica,60.36876904166667,63.150828000000004,30.811074,94.450094000000007,144,0,Valid
2026-06-13,1897,927,Buche2_P3,P3,Fagus sylvatica,Fagus sylvatica,7.773392673611111,4.0214005,0,23.952365,144,0,Valid
2026-06-13,1898,928,Buche3_P3,P3,Fagus sylvatica,Fagus sylvatica,31.48239625,28.203871,0,74.648147,144,0,Valid
2026-06-13,1899,929,Fichte1_P3,P3,Fagus sylvatica,Abies alba,19.026709673611112,12.970409499999999,0,48.669784,144,0,Valid
2026-06-13,1900,930,Fichte2_P3,P3,Fagus sylvatica,Abies alba,28.737905770833333,23.0138045,0,56.456671,144,0,Valid
2026-06-13,1901,931,Fichte3_P3,P3,Fagus sylvatica,Abies alba,25.377971520833334,22.429652,0,63.383983,144,0,Valid
2026-06-14,1878,908,Buche1_P1,P1,Fagus sylvatica,Fagus sylvatica,12.300627923611112,2.6027195,0,40.421697,144,0,Valid
2026-06-14,1879,909,Buche2_P1,P1,Fagus sylvatica,Fagus sylvatica,143.07662413194444,143.5070395,127.35381,154.800749,144,0,Valid
2026-06-14,1880,910,Buche3_P1,P1,Fagus sylvatica,Fagus sylvatica,27.1373140625,21.5726105,0,66.894009,144,0,Valid
2026-06-14,1881,911,Fichte1_P1,P1,Abies alba,Abies alba,65.7376551875,60.725550999999996,0,160.098228,144,0,Valid
2026-06-14,1882,912,Fichte2_P1,P1,Abies alba,Abies alba,20.77203011111111,8.648209999999999,0,57.127668,144,0,Valid
2026-06-14,1883,913,Fichte3_P1,P1,Abies alba,Abies alba,46.37406039583333,43.399519999999995,0,113.824022,144,0,Valid
2026-06-14,1884,914,Fichte1_G1,G1,Abies alba,Abies alba,99.5898855,89.828963,6.5205,212.508374,144,0,Valid
2026-06-14,1885,915,Fichte2_G1,G1,Abies alba,Abies alba,163.18578697916666,170.39190100000002,67.762239,242.264737,144,0,Valid
2026-06-14,1886,916,Fichte3_G1,G1,Abies alba,Abies alba,6.456786986111111,5.6198745,0,18.595972,144,0,Valid
2026-06-14,1887,917,Buche1_G1,G1,Fagus sylvatica,Fagus sylvatica,20.05342497222222,19.3183155,0,48.143258,144,0,Valid
2026-06-14,1888,918,Buche2_G1,G1,Fagus sylvatica,Fagus sylvatica,8.694627534722223,4.4641470000000005,0,25.2972,144,0,Valid
2026-06-14,1889,919,Buche3_G1,G1,Fagus sylvatica,Fagus sylvatica,14.678754027777778,4.260142,0,43.776284,144,0,Valid
2026-06-14,1890,920,Fichte1_P2,P2,Abies alba,Abies alba,30.271352361111113,32.754287500000004,0,65.018086,144,0,Valid
2026-06-14,1891,921,Fichte2_P2,P2,Abies alba,Abies alba,0.9714949097222222,0,0,7.96531,144,0,Valid
2026-06-14,1892,922,Fichte3_P2,P2,Abies alba,Abies alba,56.60999604166667,53.0876225,2.403476,108.668156,144,0,Valid
2026-06-14,1894,924,Buche2_P2,P2,Fagus sylvatica,Fagus sylvatica,27.864897826388887,27.809472,0,57.805265,144,0,Valid
2026-06-14,1895,925,Buche3_P2,P2,Fagus sylvatica,Fagus sylvatica,15.477952375,11.806102500000001,0,39.661157,144,0,Valid
2026-06-14,1896,926,Buche1_P3,P3,Fagus sylvatica,Fagus sylvatica,78.7972068611111,79.740691,43.829224,118.906498,144,0,Valid
2026-06-14,1897,927,Buche2_P3,P3,Fagus sylvatica,Fagus sylvatica,10.177659527777777,8.1511635,0,26.460127,144,0,Valid
2026-06-14,1898,928,Buche3_P3,P3,Fagus sylvatica,Fagus sylvatica,35.17589467361111,33.403501000000006,0,74.041,144,0,Valid
2026-06-14,1899,929,Fichte1_P3,P3,Fagus sylvatica,Abies alba,17.232889673611112,14.2136815,0,44.06418,144,0,Valid
2026-06-14,1900,930,Fichte2_P3,P3,Fagus sylvatica,Abies alba,46.06998745138889,39.604113,11.858838,81.715428,144,0,Valid
2026-06-14,1901,931,Fichte3_P3,P3,Fagus sylvatica,Abies alba,35.555837708333335,31.933013,0,78.008711,144,0,Valid
2026-06-15,1878,908,Buche1_P1,P1,Fagus sylvatica,Fagus sylvatica,8.909074284722223,0,0,31.312397,144,0,Valid
2026-06-15,1879,909,Buche2_P1,P1,Fagus sylvatica,Fagus sylvatica,150.30081356944444,151.446752,136.531926,160.047848,144,0,Valid
2026-06-15,1880,910,Buche3_P1,P1,Fagus sylvatica,Fagus sylvatica,23.069591826388887,16.9023975,0,56.949217,144,0,Valid
2026-06-15,1881,911,Fichte1_P1,P1,Abies alba,Abies alba,60.53499693055556,56.725364,0,135.71125,144,0,Valid
2026-06-15,1882,912,Fichte2_P1,P1,Abies alba,Abies alba,49.688709493055555,50.52684,0,87.117208,144,0,Valid
2026-06-15,1883,913,Fichte3_P1,P1,Abies alba,Abies alba,43.42581502083333,36.3811465,0,104.630788,144,0,Valid
2026-06-15,1884,914,Fichte1_G1,G1,Abies alba,Abies alba,92.97951273611112,84.00555700000001,0,212.377202,144,0,Valid
2026-06-15,1885,915,Fichte2_G1,G1,Abies alba,Abies alba,178.93813156944444,184.0478405,90.719272,250.453041,144,0,Valid
2026-06-15,1886,916,Fichte3_G1,G1,Abies alba,Abies alba,6.435458548611111,7.144033,0,14.54155,144,0,Valid
2026-06-15,1887,917,Buche1_G1,G1,Fagus sylvatica,Fagus sylvatica,13.877686402777778,10.045517,0,36.090845,144,0,Valid
2026-06-15,1888,918,Buche2_G1,G1,Fagus sylvatica,Fagus sylvatica,6.3631918333333335,1.2859215,0,20.926835,144,0,Valid
2026-06-15,1889,919,Buche3_G1,G1,Fagus sylvatica,Fagus sylvatica,11.663569569444444,3.820776,0,31.098541,144,0,Valid
2026-06-15,1890,920,Fichte1_P2,P2,Abies alba,Abies alba,23.306940527777776,24.213604500000002,0,42.917134,144,0,Valid
2026-06-15,1891,921,Fichte2_P2,P2,Abies alba,Abies alba,0.2248132777777778,0,0,2.877751,144,0,Valid
2026-06-15,1892,922,Fichte3_P2,P2,Abies alba,Abies alba,63.004458506944445,67.80188100000001,15.571568,97.33242,144,0,Valid
2026-06-15,1894,924,Buche2_P2,P2,Fagus sylvatica,Fagus sylvatica,45.34772777777778,30.992321,4.126631,87.645204,144,0,Valid
2026-06-15,1895,925,Buche3_P2,P2,Fagus sylvatica,Fagus sylvatica,11.214689548611112,6.8893795,0,30.311463,144,0,Valid
2026-06-15,1896,926,Buche1_P3,P3,Fagus sylvatica,Fagus sylvatica,91.59387206944444,86.9149535,60.294171,127.634926,144,0,Valid
2026-06-15,1897,927,Buche2_P3,P3,Fagus sylvatica,Fagus sylvatica,8.803590847222223,4.1993115,0,23.768069,144,0,Valid
2026-06-15,1898,928,Buche3_P3,P3,Fagus sylvatica,Fagus sylvatica,32.98609663194444,27.361694999999997,3.067728,70.401044,144,0,Valid
2026-06-15,1899,929,Fichte1_P3,P3,Fagus sylvatica,Abies alba,18.423583999999998,13.6469515,0,45.497596,144,0,Valid
2026-06-15,1900,930,Fichte2_P3,P3,Fagus sylvatica,Abies alba,65.14967348611111,63.6870415,33.828769,92.771488,144,0,Valid
2026-06-15,1901,931,Fichte3_P3,P3,Fagus sylvatica,Abies alba,32.15023952083333,32.475207499999996,2.592734,58.856578,144,0,Valid
2026-06-16,1878,908,Buche1_P1,P1,Fagus sylvatica,Fagus sylvatica,4.369479055555556,0,0,26.372147,144,0,Valid
2026-06-16,1879,909,Buche2_P1,P1,Fagus sylvatica,Fagus sylvatica,151.56317417361112,151.8556985,141.220813,159.507801,144,0,Valid
2026-06-16,1880,910,Buche3_P1,P1,Fagus sylvatica,Fagus sylvatica,17.349439097222223,6.750299,0,63.439088,144,0,Valid
2026-06-16,1881,911,Fichte1_P1,P1,Abies alba,Abies alba,32.480957618055555,18.368878,0,105.199377,144,0,Valid
2026-06-16,1882,912,Fichte2_P1,P1,Abies alba,Abies alba,16.002414381944444,8.566573,0,45.601966,144,0,Valid
2026-06-16,1883,913,Fichte3_P1,P1,Abies alba,Abies alba,23.47274566666667,9.066906,0,83.776167,144,0,Valid
2026-06-16,1884,914,Fichte1_G1,G1,Abies alba,Abies alba,79.43382086805556,61.0902375,0,207.580859,144,0,Valid
2026-06-16,1885,915,Fichte2_G1,G1,Abies alba,Abies alba,161.7356318402778,158.5607985,96.620749,232.302447,144,0,Valid
2026-06-16,1886,916,Fichte3_G1,G1,Abies alba,Abies alba,2.7280563611111113,0,0,11.240176,144,0,Valid
2026-06-16,1887,917,Buche1_G1,G1,Fagus sylvatica,Fagus sylvatica,7.766940916666667,0,0,36.546331,144,0,Valid
2026-06-16,1888,918,Buche2_G1,G1,Fagus sylvatica,Fagus sylvatica,4.9605934652777774,0,0,24.694239,144,0,Valid
2026-06-16,1889,919,Buche3_G1,G1,Fagus sylvatica,Fagus sylvatica,5.783930715277778,0,0,31.576652,144,0,Valid
2026-06-16,1890,920,Fichte1_P2,P2,Abies alba,Abies alba,8.171703381944445,0.2429445,0,36.320327,144,0,Valid
2026-06-16,1891,921,Fichte2_P2,P2,Abies alba,Abies alba,0.23453069444444444,0,0,4.028089,144,0,Valid
2026-06-16,1892,922,Fichte3_P2,P2,Abies alba,Abies alba,24.043501381944445,20.0867075,0,66.740369,144,0,Valid
2026-06-16,1894,924,Buche2_P2,P2,Fagus sylvatica,Fagus sylvatica,37.819025923611115,35.8796945,15.034338,69.05177,144,0,Valid
2026-06-16,1895,925,Buche3_P2,P2,Fagus sylvatica,Fagus sylvatica,7.843248673611111,0.026933000000000002,0,32.254519,144,0,Valid
2026-06-16,1896,926,Buche1_P3,P3,Fagus sylvatica,Fagus sylvatica,88.37069721527777,79.4508655,64.233874,129.732608,144,0,Valid
2026-06-16,1897,927,Buche2_P3,P3,Fagus sylvatica,Fagus sylvatica,5.889531548611111,0.227575,0,23.561778,144,0,Valid
2026-06-16,1898,928,Buche3_P3,P3,Fagus sylvatica,Fagus sylvatica,25.318704583333332,15.194365000000001,0,71.519334,144,0,Valid
2026-06-16,1899,929,Fichte1_P3,P3,Fagus sylvatica,Abies alba,10.980694180555556,1.316251,0,49.220532,144,0,Valid
2026-06-16,1900,930,Fichte2_P3,P3,Fagus sylvatica,Abies alba,62.498149958333336,62.1086705,39.610431,85.006654,144,0,Valid
2026-06-16,1901,931,Fichte3_P3,P3,Fagus sylvatica,Abies alba,11.851938972222221,5.8894955,0,39.074641,144,0,Valid
2026-06-17,1878,908,Buche1_P1,P1,Fagus sylvatica,Fagus sylvatica,12.579587673611112,0,0,48.123459,144,0,Valid
2026-06-17,1879,909,Buche2_P1,P1,Fagus sylvatica,Fagus sylvatica,152.57980159722223,153.277243,140.813273,162.934672,144,0,Valid
2026-06-17,1880,910,Buche3_P1,P1,Fagus sylvatica,Fagus sylvatica,29.3582564375,18.761943000000002,0,79.030598,144,0,Valid
2026-06-17,1881,911,Fichte1_P1,P1,Abies alba,Abies alba,61.42509351388889,51.95207,0,156.335978,144,0,Valid
2026-06-17,1882,912,Fichte2_P1,P1,Abies alba,Abies alba,21.824056,4.9939895,0,65.467842,144,0,Valid
2026-06-17,1883,913,Fichte3_P1,P1,Abies alba,Abies alba,40.07038246527778,30.4749465,0,107.542695,144,0,Valid
2026-06-17,1884,914,Fichte1_G1,G1,Abies alba,Abies alba,111.16533489583334,103.816968,0,264.113514,144,0,Valid
2026-06-17,1885,915,Fichte2_G1,G1,Abies alba,Abies alba,152.42923225694443,154.424746,69.796158,226.974634,144,0,Valid
2026-06-17,1886,916,Fichte3_G1,G1,Abies alba,Abies alba,8.2134614375,4.8270895,0,23.262878,144,0,Valid
2026-06-17,1887,917,Buche1_G1,G1,Fagus sylvatica,Fagus sylvatica,16.590838166666668,10.547901,0,49.545949,144,0,Valid
2026-06-17,1888,918,Buche2_G1,G1,Fagus sylvatica,Fagus sylvatica,7.991337020833333,1.8299880000000002,0,25.879815,144,0,Valid
2026-06-17,1889,919,Buche3_G1,G1,Fagus sylvatica,Fagus sylvatica,19.1630560625,6.494358500000001,0,56.734169,144,0,Valid
2026-06-17,1890,920,Fichte1_P2,P2,Abies alba,Abies alba,17.504192805555554,16.788496000000002,0,43.396459,144,0,Valid
2026-06-17,1891,921,Fichte2_P2,P2,Abies alba,Abies alba,0.213258875,0,0,3.160589,144,0,Valid
2026-06-17,1892,922,Fichte3_P2,P2,Abies alba,Abies alba,28.69378079166667,26.824143499999998,0,72.695511,144,0,Valid
2026-06-17,1894,924,Buche2_P2,P2,Fagus sylvatica,Fagus sylvatica,26.620177381944444,19.720847,1.604613,60.814758,144,0,Valid
2026-06-17,1895,925,Buche3_P2,P2,Fagus sylvatica,Fagus sylvatica,14.486542631944445,7.820007,0,41.311277,144,0,Valid
2026-06-17,1896,926,Buche1_P3,P3,Fagus sylvatica,Fagus sylvatica,99.91298710416667,97.937681,59.484406,147.762931,144,0,Valid
2026-06-17,1897,927,Buche2_P3,P3,Fagus sylvatica,Fagus sylvatica,14.367749902777778,7.6462330000000005,0,41.655107,144,0,Valid
2026-06-17,1898,928,Buche3_P3,P3,Fagus sylvatica,Fagus sylvatica,36.78248039583333,33.848254,0,86.133764,144,0,Valid
2026-06-17,1899,929,Fichte1_P3,P3,Fagus sylvatica,Abies alba,27.369694756944444,22.534245,0,63.597889,144,0,Valid
2026-06-17,1900,930,Fichte2_P3,P3,Fagus sylvatica,Abies alba,61.87102352777778,54.514548,29.336653,95.471292,144,0,Valid
2026-06-17,1901,931,Fichte3_P3,P3,Fagus sylvatica,Abies alba,22.475388527777778,17.352649,0,59.692054,144,0,Valid
2026-06-18,1878,908,Buche1_P1,P1,Fagus sylvatica,Fagus sylvatica,13.573884166666668,1.356884,0,47.553908,144,0,Valid
2026-06-18,1879,909,Buche2_P1,P1,Fagus sylvatica,Fagus sylvatica,154.93978784722222,155.87795749999998,142.693558,165.274062,144,0,Valid
2026-06-18,1880,910,Buche3_P1,P1,Fagus sylvatica,Fagus sylvatica,32.647396326388886,21.666839,0,82.320283,144,0,Valid
2026-06-18,1881,911,Fichte1_P1,P1,Abies alba,Abies alba,62.28196438888889,54.642679,0,159.509314,144,0,Valid
2026-06-18,1882,912,Fichte2_P1,P1,Abies alba,Abies alba,18.981208694444444,5.2631215000000005,0,57.431962,144,0,Valid
2026-06-18,1883,913,Fichte3_P1,P1,Abies alba,Abies alba,39.505511125,27.202695,0,106.994841,144,0,Valid
2026-06-18,1884,914,Fichte1_G1,G1,Abies alba,Abies alba,106.79419517361112,89.0121015,0,234.84999,144,0,Valid
2026-06-18,1885,915,Fichte2_G1,G1,Abies alba,Abies alba,149.5010609652778,152.523937,66.12774,217.550442,144,0,Valid
2026-06-18,1886,916,Fichte3_G1,G1,Abies alba,Abies alba,6.779045256944444,7.0926935,0,17.315855,144,0,Valid
2026-06-18,1887,917,Buche1_G1,G1,Fagus sylvatica,Fagus sylvatica,19.787477854166667,14.406774500000001,0,52.270735,144,0,Valid
2026-06-18,1888,918,Buche2_G1,G1,Fagus sylvatica,Fagus sylvatica,11.81503451388889,4.321307,0,36.52834,144,0,Valid
2026-06-18,1889,919,Buche3_G1,G1,Fagus sylvatica,Fagus sylvatica,23.148944888888888,9.789888999999999,0,62.899215,144,0,Valid
2026-06-18,1890,920,Fichte1_P2,P2,Abies alba,Abies alba,20.49133140972222,18.398325,0,50.059906,144,0,Valid
2026-06-18,1891,921,Fichte2_P2,P2,Abies alba,Abies alba,0.49622044444444446,0,0,6.997259,144,0,Valid
2026-06-18,1892,922,Fichte3_P2,P2,Abies alba,Abies alba,40.079106645833335,43.408484,0,89.434741,144,0,Valid
2026-06-18,1894,924,Buche2_P2,P2,Fagus sylvatica,Fagus sylvatica,29.0867845,24.995614500000002,0,70.134662,144,0,Valid
2026-06-18,1895,925,Buche3_P2,P2,Fagus sylvatica,Fagus sylvatica,15.979646486111111,10.8131405,0,42.980879,144,0,Valid
2026-06-18,1896,926,Buche1_P3,P3,Fagus sylvatica,Fagus sylvatica,108.67333127083333,107.9004685,66.351946,157.091273,144,0,Valid
2026-06-18,1897,927,Buche2_P3,P3,Fagus sylvatica,Fagus sylvatica,13.799354618055556,9.7860355,0,38.217441,144,0,Valid
2026-06-18,1898,928,Buche3_P3,P3,Fagus sylvatica,Fagus sylvatica,39.61729801388889,36.7231805,0,90.344303,144,0,Valid
2026-06-18,1899,929,Fichte1_P3,P3,Fagus sylvatica,Abies alba,30.045572993055554,24.847959000000003,0,73.200661,144,0,Valid
2026-06-18,1900,930,Fichte2_P3,P3,Fagus sylvatica,Abies alba,75.4279875138889,71.20991950000001,40.30954,112.120868,144,0,Valid
2026-06-18,1901,931,Fichte3_P3,P3,Fagus sylvatica,Abies alba,26.601120875,28.126761000000002,0,63.621969,144,0,Valid
2026-06-19,1878,908,Buche1_P1,P1,Fagus sylvatica,Fagus sylvatica,5.981333375,0,0,39.045369,144,0,Valid
2026-06-19,1879,909,Buche2_P1,P1,Fagus sylvatica,Fagus sylvatica,150.14474515277777,152.60404,126.181745,166.083484,144,0,Valid
2026-06-19,1880,910,Buche3_P1,P1,Fagus sylvatica,Fagus sylvatica,15.351854722222223,3.1362275,0,70.184388,144,0,Valid
2026-06-19,1881,911,Fichte1_P1,P1,Abies alba,Abies alba,38.753188118055554,23.735443,0,126.150158,144,0,Valid
2026-06-19,1882,912,Fichte2_P1,P1,Abies alba,Abies alba,6.801399180555555,0,0,39.657323,144,0,Valid
2026-06-19,1883,913,Fichte3_P1,P1,Abies alba,Abies alba,22.12914475,4.827517,0,79.673239,144,0,Valid
2026-06-19,1884,914,Fichte1_G1,G1,Abies alba,Abies alba,69.2417850763889,51.8205405,0,212.291325,144,0,Valid
2026-06-19,1885,915,Fichte2_G1,G1,Abies alba,Abies alba,127.02263018055555,119.24158650000001,66.165073,212.102097,144,0,Valid
2026-06-19,1886,916,Fichte3_G1,G1,Abies alba,Abies alba,4.686132659722222,0,0,21.522009,144,0,Valid
2026-06-19,1887,917,Buche1_G1,G1,Fagus sylvatica,Fagus sylvatica,9.312606479166666,0.16235549999999999,0,44.727659,144,0,Valid
2026-06-19,1888,918,Buche2_G1,G1,Fagus sylvatica,Fagus sylvatica,5.553379520833333,0,0,30.929409,144,0,Valid
2026-06-19,1889,919,Buche3_G1,G1,Fagus sylvatica,Fagus sylvatica,13.144621347826087,0,0,57.276824,92,0,Valid
2026-06-19,1890,920,Fichte1_P2,P2,Abies alba,Abies alba,8.218980041666667,0,0,41.931417,144,0,Valid
2026-06-19,1891,921,Fichte2_P2,P2,Abies alba,Abies alba,0.37049211111111113,0,0,5.90978,144,0,Valid
2026-06-19,1892,922,Fichte3_P2,P2,Abies alba,Abies alba,21.188284972222224,17.670106,0,68.196901,144,0,Valid
2026-06-19,1893,923,Buche1_P2,P2,Fagus sylvatica,Fagus sylvatica,1.7777383880597015,0,0,10.108238,67,0,Valid
2026-06-19,1894,924,Buche2_P2,P2,Fagus sylvatica,Fagus sylvatica,13.571174652777778,8.7782895,0,49.425371,144,0,Valid
2026-06-19,1895,925,Buche3_P2,P2,Fagus sylvatica,Fagus sylvatica,7.504925479166666,0,0,36.669521,144,0,Valid
2026-06-19,1896,926,Buche1_P3,P3,Fagus sylvatica,Fagus sylvatica,95.74954833333334,88.73845800000001,66.583957,141.71551,144,0,Valid
2026-06-19,1897,927,Buche2_P3,P3,Fagus sylvatica,Fagus sylvatica,9.716762298611112,0.068787,0,39.537949,144,0,Valid
2026-06-19,1898,928,Buche3_P3,P3,Fagus sylvatica,Fagus sylvatica,22.205612388888888,9.072498,0,79.634235,144,0,Valid
2026-06-19,1899,929,Fichte1_P3,P3,Fagus sylvatica,Abies alba,14.448730402777779,5.4903534999999994,0,53.142631,144,0,Valid
2026-06-19,1900,930,Fichte2_P3,P3,Fagus sylvatica,Abies alba,79.12667250694444,78.60844900000001,55.70115,105.390565,144,0,Valid
2026-06-19,1901,931,Fichte3_P3,P3,Fagus sylvatica,Abies alba,13.119114756944445,3.629054,0,51.854048,144,0,Valid
2026-06-20,1878,908,Buche1_P1,P1,Fagus sylvatica,Fagus sylvatica,14.098129479166667,0.0312765,0,50.448093,144,0,Valid
2026-06-20,1879,909,Buche2_P1,P1,Fagus sylvatica,Fagus sylvatica,137.9329681388889,134.4120845,118.918214,158.822325,144,0,Valid
2026-06-20,1880,910,Buche3_P1,P1,Fagus sylvatica,Fagus sylvatica,30.633297020833332,24.269621,0,84.868947,144,0,Valid
2026-06-20,1881,911,Fichte1_P1,P1,Abies alba,Abies alba,76.43324933333334,71.521818,0,202.364922,144,0,Valid
2026-06-20,1882,912,Fichte2_P1,P1,Abies alba,Abies alba,29.579634444444444,10.568905,0,84.640146,144,0,Valid
2026-06-20,1883,913,Fichte3_P1,P1,Abies alba,Abies alba,53.39994392361111,51.2490665,0,140.858373,144,0,Valid
2026-06-20,1884,914,Fichte1_G1,G1,Abies alba,Abies alba,123.57739740277778,111.5414625,0,310.536915,144,0,Valid
2026-06-20,1885,915,Fichte2_G1,G1,Abies alba,Abies alba,103.6879880625,105.4435325,0,208.728172,144,0,Valid
2026-06-20,1886,916,Fichte3_G1,G1,Abies alba,Abies alba,17.14504657638889,14.8090725,0,43.783038,144,0,Valid
2026-06-20,1887,917,Buche1_G1,G1,Fagus sylvatica,Fagus sylvatica,24.99793929166667,17.6708905,0,67.263714,144,0,Valid
2026-06-20,1888,918,Buche2_G1,G1,Fagus sylvatica,Fagus sylvatica,13.526574659722222,4.399805499999999,0,40.754098,144,0,Valid
2026-06-20,1889,919,Buche3_G1,G1,Fagus sylvatica,Fagus sylvatica,25.949075612676058,13.007852,0,75.562069,142,0,Valid
2026-06-20,1890,920,Fichte1_P2,P2,Abies alba,Abies alba,28.35645395138889,30.422436,0,68.559246,144,0,Valid
2026-06-20,1891,921,Fichte2_P2,P2,Abies alba,Abies alba,1.372522375,0,0,10.391228,144,0,Valid
2026-06-20,1892,922,Fichte3_P2,P2,Abies alba,Abies alba,72.25280201123596,77.455814,0,114.014338,89,0,Valid
2026-06-20,1893,923,Buche1_P2,P2,Fagus sylvatica,Fagus sylvatica,0,0,0,0,144,131,Excluded: TWD > 500 µm
2026-06-20,1894,924,Buche2_P2,P2,Fagus sylvatica,Fagus sylvatica,35.51364075694445,34.643204,0,85.041456,144,0,Valid
2026-06-20,1895,925,Buche3_P2,P2,Fagus sylvatica,Fagus sylvatica,13.080612458333333,4.768661,0,40.851934,144,0,Valid
2026-06-20,1896,926,Buche1_P3,P3,Fagus sylvatica,Fagus sylvatica,96.97535724305556,85.087661,50.238079,157.079201,144,0,Valid
2026-06-20,1897,927,Buche2_P3,P3,Fagus sylvatica,Fagus sylvatica,18.490861756944444,12.0280245,0,50.712165,144,0,Valid
2026-06-20,1898,928,Buche3_P3,P3,Fagus sylvatica,Fagus sylvatica,38.45192570138889,26.6880455,0,97.973101,144,0,Valid
2026-06-20,1899,929,Fichte1_P3,P3,Fagus sylvatica,Abies alba,44.75831774305556,45.103452000000004,0,106.709402,144,0,Valid
2026-06-20,1900,930,Fichte2_P3,P3,Fagus sylvatica,Abies alba,68.73531452777777,56.253105500000004,25.97187,117.237748,144,0,Valid
2026-06-20,1901,931,Fichte3_P3,P3,Fagus sylvatica,Abies alba,33.75279131944445,19.1990655,0,86.750612,144,0,Valid
2026-06-21,1878,908,Buche1_P1,P1,Fagus sylvatica,Fagus sylvatica,13.071268333333334,0.4693545,0,56.642953,144,0,Valid
2026-06-21,1879,909,Buche2_P1,P1,Fagus sylvatica,Fagus sylvatica,153.31021778472223,155.2203765,140.706182,166.881347,144,0,Valid
2026-06-21,1880,910,Buche3_P1,P1,Fagus sylvatica,Fagus sylvatica,32.05528647916667,23.0410295,0,92.295292,144,0,Valid
2026-06-21,1881,911,Fichte1_P1,P1,Abies alba,Abies alba,71.90356796527777,63.8614765,1.485677,172.606628,144,0,Valid
2026-06-21,1882,912,Fichte2_P1,P1,Abies alba,Abies alba,28.945731576388887,12.213656499999999,0,94.15998,144,0,Valid
2026-06-21,1883,913,Fichte3_P1,P1,Abies alba,Abies alba,49.739722319444446,40.812608,0,135.376184,144,0,Valid
2026-06-21,1884,914,Fichte1_G1,G1,Abies alba,Abies alba,163.15724498611112,138.3842885,42.691362,332.417336,144,0,Valid
2026-06-21,1885,915,Fichte2_G1,G1,Abies alba,Abies alba,145.5984844236111,150.91769,52.642828,232.058711,144,0,Valid
2026-06-21,1886,916,Fichte3_G1,G1,Abies alba,Abies alba,13.54852932638889,14.7329165,0,26.082384,144,0,Valid
2026-06-21,1887,917,Buche1_G1,G1,Fagus sylvatica,Fagus sylvatica,26.057441999999998,16.173802000000002,0,70.187008,144,0,Valid
2026-06-21,1888,918,Buche2_G1,G1,Fagus sylvatica,Fagus sylvatica,13.665426805555555,6.578931000000001,0,46.926177,144,0,Valid
2026-06-21,1889,919,Buche3_G1,G1,Fagus sylvatica,Fagus sylvatica,26.40501961111111,10.7578215,0,80.661585,144,0,Valid
2026-06-21,1890,920,Fichte1_P2,P2,Abies alba,Abies alba,32.360034625,32.115123,0,67.711047,144,0,Valid
2026-06-21,1891,921,Fichte2_P2,P2,Abies alba,Abies alba,1.2797937083333333,0,0,8.767314,144,0,Valid
2026-06-21,1892,922,Fichte3_P2,P2,Abies alba,Abies alba,69.510754375,64.67323999999999,19.207339,124.885072,144,0,Valid
2026-06-21,1893,923,Buche1_P2,P2,Fagus sylvatica,Fagus sylvatica,NA,NA,NA,NA,144,144,Excluded: TWD > 500 µm
2026-06-21,1894,924,Buche2_P2,P2,Fagus sylvatica,Fagus sylvatica,56.41445704861111,51.492165,24.045106,99.141593,144,0,Valid
2026-06-21,1895,925,Buche3_P2,P2,Fagus sylvatica,Fagus sylvatica,18.881242618055555,11.874611,0,54.39879,144,0,Valid
2026-06-21,1896,926,Buche1_P3,P3,Fagus sylvatica,Fagus sylvatica,120.56975670138888,120.9380725,76.606622,169.639559,144,0,Valid
2026-06-21,1897,927,Buche2_P3,P3,Fagus sylvatica,Fagus sylvatica,18.83521861111111,12.168333,0,55.072499,144,0,Valid
2026-06-21,1898,928,Buche3_P3,P3,Fagus sylvatica,Fagus sylvatica,48.844108194444445,37.986397499999995,8.886246,110.125893,144,0,Valid
2026-06-21,1899,929,Fichte1_P3,P3,Fagus sylvatica,Abies alba,47.66421328472222,45.253259,0,103.105052,144,0,Valid
2026-06-21,1900,930,Fichte2_P3,P3,Fagus sylvatica,Abies alba,108.81030597222222,99.931393,67.945058,152.120491,144,0,Valid
2026-06-21,1901,931,Fichte3_P3,P3,Fagus sylvatica,Abies alba,43.39059133333333,44.101776,4.153087,87.684265,144,0,Valid
2026-06-22,1878,908,Buche1_P1,P1,Fagus sylvatica,Fagus sylvatica,20.346256625,10.080565499999999,0,63.603573,144,0,Valid
2026-06-22,1879,909,Buche2_P1,P1,Fagus sylvatica,Fagus sylvatica,161.52448533333333,162.1493155,148.031651,176.473806,144,0,Valid
2026-06-22,1880,910,Buche3_P1,P1,Fagus sylvatica,Fagus sylvatica,37.614126194444445,31.5214225,0,97.677707,144,0,Valid
2026-06-22,1881,911,Fichte1_P1,P1,Abies alba,Abies alba,86.96455152777777,80.06102999999999,0,218.256955,144,0,Valid
2026-06-22,1882,912,Fichte2_P1,P1,Abies alba,Abies alba,35.87892039583333,17.0373805,0,104.613713,144,0,Valid
2026-06-22,1883,913,Fichte3_P1,P1,Abies alba,Abies alba,54.45352234027778,43.095476000000005,0,151.039833,144,0,Valid
2026-06-22,1884,914,Fichte1_G1,G1,Abies alba,Abies alba,171.44106277083333,154.11791749999998,30.298201,348.439321,144,0,Valid
2026-06-22,1885,915,Fichte2_G1,G1,Abies alba,Abies alba,157.9055566527778,156.77639449999998,51.70164,256.241217,144,0,Valid
2026-06-22,1886,916,Fichte3_G1,G1,Abies alba,Abies alba,11.64839792361111,10.615597999999999,0,30.270572,144,0,Valid
2026-06-22,1887,917,Buche1_G1,G1,Fagus sylvatica,Fagus sylvatica,30.715210368055555,24.686747,0,77.562628,144,0,Valid
2026-06-22,1888,918,Buche2_G1,G1,Fagus sylvatica,Fagus sylvatica,16.425137319444445,9.483062,0,47.41959,144,0,Valid
2026-06-22,1889,919,Buche3_G1,G1,Fagus sylvatica,Fagus sylvatica,37.13609102777778,28.8723665,0,91.604706,144,0,Valid
2026-06-22,1890,920,Fichte1_P2,P2,Abies alba,Abies alba,38.11793513888889,38.9978975,0,84.655588,144,0,Valid
2026-06-22,1891,921,Fichte2_P2,P2,Abies alba,Abies alba,1.8703265069444444,0,0,11.520741,144,0,Valid
2026-06-22,1892,922,Fichte3_P2,P2,Abies alba,Abies alba,65.35832665277778,62.0656185,14.154555,115.870496,144,0,Valid
2026-06-22,1893,923,Buche1_P2,P2,Fagus sylvatica,Fagus sylvatica,NA,NA,NA,NA,144,144,Excluded: TWD > 500 µm
2026-06-22,1894,924,Buche2_P2,P2,Fagus sylvatica,Fagus sylvatica,57.92841972222222,54.9975685,19.802206,99.621244,144,0,Valid
2026-06-22,1895,925,Buche3_P2,P2,Fagus sylvatica,Fagus sylvatica,19.44792979861111,13.1514965,0,52.17161,144,0,Valid
2026-06-22,1896,926,Buche1_P3,P3,Fagus sylvatica,Fagus sylvatica,134.39408136805557,130.9280335,82.465527,191.678428,144,0,Valid
2026-06-22,1897,927,Buche2_P3,P3,Fagus sylvatica,Fagus sylvatica,23.59633363888889,18.456015,0,61.294297,144,0,Valid
2026-06-22,1898,928,Buche3_P3,P3,Fagus sylvatica,Fagus sylvatica,55.87152165972222,54.0627595,9.237634,115.40827,144,0,Valid
2026-06-22,1899,929,Fichte1_P3,P3,Fagus sylvatica,Abies alba,51.731316722222225,52.929311,0,112.551146,144,0,Valid
2026-06-22,1900,930,Fichte2_P3,P3,Fagus sylvatica,Abies alba,140.47605960416666,127.895148,89.040799,199.178591,144,0,Valid
2026-06-22,1901,931,Fichte3_P3,P3,Fagus sylvatica,Abies alba,41.633248951388886,37.9383675,0,86.821601,144,0,Valid
2026-06-23,1878,908,Buche1_P1,P1,Fagus sylvatica,Fagus sylvatica,20.780491923611113,6.3451925,0,68.590551,144,0,Valid
2026-06-23,1879,909,Buche2_P1,P1,Fagus sylvatica,Fagus sylvatica,168.0254684375,168.818763,155.273727,182.371809,144,0,Valid
2026-06-23,1880,910,Buche3_P1,P1,Fagus sylvatica,Fagus sylvatica,34.4932926875,26.359398499999998,0,91.342481,144,0,Valid
2026-06-23,1881,911,Fichte1_P1,P1,Abies alba,Abies alba,89.05721747916667,72.8367345,0,218.955601,144,0,Valid
2026-06-23,1882,912,Fichte2_P1,P1,Abies alba,Abies alba,35.16843976388889,13.588621,0,106.700429,144,0,Valid
2026-06-23,1883,913,Fichte3_P1,P1,Abies alba,Abies alba,57.72904165277778,46.8320085,0,153.215591,144,0,Valid
2026-06-23,1884,914,Fichte1_G1,G1,Abies alba,Abies alba,174.512792,153.5769845,44.248578,335.327629,144,0,Valid
2026-06-23,1885,915,Fichte2_G1,G1,Abies alba,Abies alba,178.32907965277778,176.78467899999998,82.042652,273.465871,144,0,Valid
2026-06-23,1886,916,Fichte3_G1,G1,Abies alba,Abies alba,12.971132875,12.5985455,0,29.919159,144,0,Valid
2026-06-23,1887,917,Buche1_G1,G1,Fagus sylvatica,Fagus sylvatica,31.424589131944444,25.3419855,0,79.553453,144,0,Valid
2026-06-23,1888,918,Buche2_G1,G1,Fagus sylvatica,Fagus sylvatica,15.202837881944445,9.5593365,0,46.863567,144,0,Valid
2026-06-23,1889,919,Buche3_G1,G1,Fagus sylvatica,Fagus sylvatica,30.96676438888889,21.24518,0,84.711776,144,0,Valid
2026-06-23,1890,920,Fichte1_P2,P2,Abies alba,Abies alba,38.636453590277775,35.5450765,0,86.402105,144,0,Valid
2026-06-23,1891,921,Fichte2_P2,P2,Abies alba,Abies alba,3.258509965277778,0,0,13.408965,144,0,Valid
2026-06-23,1892,922,Fichte3_P2,P2,Abies alba,Abies alba,68.82925871527777,66.378176,17.819169,122.633282,144,0,Valid
2026-06-23,1893,923,Buche1_P2,P2,Fagus sylvatica,Fagus sylvatica,NA,NA,NA,NA,144,144,Excluded: TWD > 500 µm
2026-06-23,1894,924,Buche2_P2,P2,Fagus sylvatica,Fagus sylvatica,59.772415611111114,53.559068499999995,23.152839,103.931092,144,0,Valid
2026-06-23,1895,925,Buche3_P2,P2,Fagus sylvatica,Fagus sylvatica,18.474440847222223,14.2654295,0,50.102049,144,0,Valid
2026-06-23,1896,926,Buche1_P3,P3,Fagus sylvatica,Fagus sylvatica,149.51079571527777,149.96079550000002,106.037859,200.911413,144,0,Valid
2026-06-23,1897,927,Buche2_P3,P3,Fagus sylvatica,Fagus sylvatica,21.171843756944444,15.53017,0,57.060786,144,0,Valid
2026-06-23,1898,928,Buche3_P3,P3,Fagus sylvatica,Fagus sylvatica,56.19502801388889,51.1401735,12.831771,112.64941,144,0,Valid
2026-06-23,1899,929,Fichte1_P3,P3,Fagus sylvatica,Abies alba,55.72746915277778,54.1306355,0,110.236392,144,0,Valid
2026-06-23,1900,930,Fichte2_P3,P3,Fagus sylvatica,Abies alba,179.12771990277778,177.171802,128.878909,228.856864,144,0,Valid
2026-06-23,1901,931,Fichte3_P3,P3,Fagus sylvatica,Abies alba,42.642927694444445,40.702711,0,86.738872,144,0,Valid
2026-06-24,1878,908,Buche1_P1,P1,Fagus sylvatica,Fagus sylvatica,22.179836194444444,9.162523,0,68.901449,144,0,Valid
2026-06-24,1879,909,Buche2_P1,P1,Fagus sylvatica,Fagus sylvatica,173.47583806944445,175.2887895,159.182848,188.501369,144,0,Valid
2026-06-24,1880,910,Buche3_P1,P1,Fagus sylvatica,Fagus sylvatica,38.550315006944444,32.4399965,0,89.622457,144,0,Valid
2026-06-24,1881,911,Fichte1_P1,P1,Abies alba,Abies alba,108.13190341666666,104.93436750000001,0,267.699595,144,0,Valid
2026-06-24,1882,912,Fichte2_P1,P1,Abies alba,Abies alba,47.20855711111111,41.5718885,0,120.487764,144,0,Valid
2026-06-24,1883,913,Fichte3_P1,P1,Abies alba,Abies alba,63.49927511805556,57.354171,0,161.621587,144,0,Valid
2026-06-24,1884,914,Fichte1_G1,G1,Abies alba,Abies alba,181.7777506736111,170.6846285,40.595325,350.659805,144,0,Valid
2026-06-24,1885,915,Fichte2_G1,G1,Abies alba,Abies alba,178.61360052083333,178.8512555,79.252366,270.350128,144,0,Valid
2026-06-24,1886,916,Fichte3_G1,G1,Abies alba,Abies alba,20.741491826388888,24.142269,0,43.011564,144,0,Valid
2026-06-24,1887,917,Buche1_G1,G1,Fagus sylvatica,Fagus sylvatica,33.0444001875,33.837952,0,76.816231,144,0,Valid
2026-06-24,1888,918,Buche2_G1,G1,Fagus sylvatica,Fagus sylvatica,13.27573011111111,10.4585945,0,36.068974,144,0,Valid
2026-06-24,1889,919,Buche3_G1,G1,Fagus sylvatica,Fagus sylvatica,36.302221493055555,27.4542545,0,89.196809,144,0,Valid
2026-06-24,1890,920,Fichte1_P2,P2,Abies alba,Abies alba,40.10987686805556,37.9610585,0,91.438561000000007,144,0,Valid
2026-06-24,1891,921,Fichte2_P2,P2,Abies alba,Abies alba,6.6067211736111116,2.497731,0,20.88628,144,0,Valid
2026-06-24,1892,922,Fichte3_P2,P2,Abies alba,Abies alba,71.61111581944445,65.267973,17.816985,124.881459,144,0,Valid
2026-06-24,1893,923,Buche1_P2,P2,Fagus sylvatica,Fagus sylvatica,NA,NA,NA,NA,144,144,Excluded: TWD > 500 µm
2026-06-24,1894,924,Buche2_P2,P2,Fagus sylvatica,Fagus sylvatica,60.72753270138889,61.348649,19.07568,104.951808,144,0,Valid
2026-06-24,1895,925,Buche3_P2,P2,Fagus sylvatica,Fagus sylvatica,23.73738201388889,22.8940205,0,54.671031,144,0,Valid
2026-06-24,1896,926,Buche1_P3,P3,Fagus sylvatica,Fagus sylvatica,157.01820427083334,151.3957575,108.926699,211.101612,144,0,Valid
2026-06-24,1897,927,Buche2_P3,P3,Fagus sylvatica,Fagus sylvatica,20.733894236111112,16.803258,0,49.111957,144,0,Valid
2026-06-24,1898,928,Buche3_P3,P3,Fagus sylvatica,Fagus sylvatica,59.13063755555556,59.652216,10.724168,112.910163,144,0,Valid
2026-06-24,1899,929,Fichte1_P3,P3,Fagus sylvatica,Abies alba,56.89513334722222,59.5816145,0,111.444739,144,0,Valid
2026-06-24,1900,930,Fichte2_P3,P3,Fagus sylvatica,Abies alba,203.81564741666668,199.1756245,155.214118,259.00521,144,0,Valid
2026-06-24,1901,931,Fichte3_P3,P3,Fagus sylvatica,Abies alba,48.078363145833336,40.4810845,0,101.25649,144,0,Valid
2026-06-25,1878,908,Buche1_P1,P1,Fagus sylvatica,Fagus sylvatica,14.656928256944445,1.1905525,0,53.623287,144,0,Valid
2026-06-25,1879,909,Buche2_P1,P1,Fagus sylvatica,Fagus sylvatica,178.1431205,178.3621115,166.663551,188.726948,144,0,Valid
2026-06-25,1880,910,Buche3_P1,P1,Fagus sylvatica,Fagus sylvatica,29.415472618055556,19.2112865,0,77.582978,144,0,Valid
2026-06-25,1881,911,Fichte1_P1,P1,Abies alba,Abies alba,81.87129855555555,72.267964,0,190.938883,144,0,Valid
2026-06-25,1882,912,Fichte2_P1,P1,Abies alba,Abies alba,26.641208416666668,13.709036999999999,0,80.250985,144,0,Valid
2026-06-25,1883,913,Fichte3_P1,P1,Abies alba,Abies alba,41.11475013194445,33.154509000000004,0,113.706453,144,0,Valid
2026-06-25,1884,914,Fichte1_G1,G1,Abies alba,Abies alba,158.85071047222223,145.900567,49.71839,297.811102,144,0,Valid
2026-06-25,1885,915,Fichte2_G1,G1,Abies alba,Abies alba,165.5219464027778,166.3843715,89.368208,238.650683,144,0,Valid
2026-06-25,1886,916,Fichte3_G1,G1,Abies alba,Abies alba,25.215753104166666,26.336886999999997,7.212474,40.216197,144,0,Valid
2026-06-25,1887,917,Buche1_G1,G1,Fagus sylvatica,Fagus sylvatica,21.867403173611113,19.2835325,0.743757,50.855535,144,0,Valid
2026-06-25,1888,918,Buche2_G1,G1,Fagus sylvatica,Fagus sylvatica,13.595364833333333,8.633607,0,38.223384,144,0,Valid
2026-06-25,1889,919,Buche3_G1,G1,Fagus sylvatica,Fagus sylvatica,23.42769076388889,12.1966335,0,66.843123,144,0,Valid
2026-06-25,1890,920,Fichte1_P2,P2,Abies alba,Abies alba,31.57963311111111,27.891346499999997,5.684845,61.36065,144,0,Valid
2026-06-25,1891,921,Fichte2_P2,P2,Abies alba,Abies alba,3.9338020555555557,1.3724340000000002,0,12.485526,144,0,Valid
2026-06-25,1892,922,Fichte3_P2,P2,Abies alba,Abies alba,70.12937234042553,71.059797,38.627312,107.970246,94,0,Valid
2026-06-25,1893,923,Buche1_P2,P2,Fagus sylvatica,Fagus sylvatica,NA,NA,NA,NA,144,144,Excluded: TWD > 500 µm
2026-06-25,1894,924,Buche2_P2,P2,Fagus sylvatica,Fagus sylvatica,62.047863229166666,59.4719105,35.591091,94.947565,144,0,Valid
2026-06-25,1895,925,Buche3_P2,P2,Fagus sylvatica,Fagus sylvatica,18.666374520833333,13.3729525,0,48.502238,144,0,Valid
2026-06-25,1896,926,Buche1_P3,P3,Fagus sylvatica,Fagus sylvatica,165.35335680555556,166.8296325,128.845299,205.946683,144,0,Valid
2026-06-25,1897,927,Buche2_P3,P3,Fagus sylvatica,Fagus sylvatica,17.8310493125,12.480958999999999,0,44.754801,144,0,Valid
2026-06-25,1898,928,Buche3_P3,P3,Fagus sylvatica,Fagus sylvatica,54.96271563888889,47.2246935,17.224537,108.068284,144,0,Valid
2026-06-25,1899,929,Fichte1_P3,P3,Fagus sylvatica,Abies alba,60.29288296527778,61.259466,11.27823,108.670862,144,0,Valid
2026-06-25,1900,930,Fichte2_P3,P3,Fagus sylvatica,Abies alba,233.06722995833334,237.17199599999998,198.220992,259.77117,144,0,Valid
2026-06-25,1901,931,Fichte3_P3,P3,Fagus sylvatica,Abies alba,52.772958305555555,52.368171000000004,22.83709,80.979275,144,0,Valid
2026-06-26,1878,908,Buche1_P1,P1,Fagus sylvatica,Fagus sylvatica,20.431851131944445,7.273633,0,70.94566,144,0,Valid
2026-06-26,1879,909,Buche2_P1,P1,Fagus sylvatica,Fagus sylvatica,180.53480125694443,180.875941,168.424662,194.684248,144,0,Valid
2026-06-26,1880,910,Buche3_P1,P1,Fagus sylvatica,Fagus sylvatica,34.827146229166665,27.2371395,0,90.756117,144,0,Valid
2026-06-26,1881,911,Fichte1_P1,P1,Abies alba,Abies alba,99.1082605138889,88.78540050000001,0,246.884578,144,0,Valid
2026-06-26,1882,912,Fichte2_P1,P1,Abies alba,Abies alba,43.3803684375,26.9407095,0,129.124313,144,0,Valid
2026-06-26,1883,913,Fichte3_P1,P1,Abies alba,Abies alba,57.30988909027778,49.6664835,0,153.163461,144,0,Valid
2026-06-26,1884,914,Fichte1_G1,G1,Abies alba,Abies alba,168.46087825,145.5084625,45.095826,342.093782,144,0,Valid
2026-06-26,1885,915,Fichte2_G1,G1,Abies alba,Abies alba,161.7604888125,162.4922285,75.651429,250.350634,144,0,Valid
2026-06-26,1886,916,Fichte3_G1,G1,Abies alba,Abies alba,26.84503123611111,31.2646305,0,56.728779,144,0,Valid
2026-06-26,1887,917,Buche1_G1,G1,Fagus sylvatica,Fagus sylvatica,24.92059326388889,19.0504185,0,65.198909,144,0,Valid
2026-06-26,1888,918,Buche2_G1,G1,Fagus sylvatica,Fagus sylvatica,15.768214340277778,10.814733,0,50.347761,144,0,Valid
2026-06-26,1889,919,Buche3_G1,G1,Fagus sylvatica,Fagus sylvatica,21.238078389473685,1.239594,0,88.087579,95,0,Valid
2026-06-26,1890,920,Fichte1_P2,P2,Abies alba,Abies alba,31.106632270833334,28.701312,0,79.761497,144,0,Valid
2026-06-26,1891,921,Fichte2_P2,P2,Abies alba,Abies alba,8.066472916666667,4.7308375,0,22.889605,144,0,Valid
2026-06-26,1892,922,Fichte3_P2,P2,Abies alba,Abies alba,84.21299634722222,86.976686,34.009398,138.036818,144,0,Valid
2026-06-26,1893,923,Buche1_P2,P2,Fagus sylvatica,Fagus sylvatica,NA,NA,NA,NA,144,144,Excluded: TWD > 500 µm
2026-06-26,1894,924,Buche2_P2,P2,Fagus sylvatica,Fagus sylvatica,63.64592700694445,58.0962535,26.669204,110.884026,144,0,Valid
2026-06-26,1895,925,Buche3_P2,P2,Fagus sylvatica,Fagus sylvatica,21.9447863125,17.760752,0,56.907664,144,0,Valid
2026-06-26,1896,926,Buche1_P3,P3,Fagus sylvatica,Fagus sylvatica,173.67576620138888,167.1473255,128.741133,220.132014,144,0,Valid
2026-06-26,1897,927,Buche2_P3,P3,Fagus sylvatica,Fagus sylvatica,16.377198763888888,10.994495,0,43.721401,144,0,Valid
2026-06-26,1898,928,Buche3_P3,P3,Fagus sylvatica,Fagus sylvatica,59.87265169444444,56.834947,14.387695,118.983473,144,0,Valid
2026-06-26,1899,929,Fichte1_P3,P3,Fagus sylvatica,Abies alba,61.836878006944445,67.698868,0,127.832584,144,0,Valid
2026-06-26,1900,930,Fichte2_P3,P3,Fagus sylvatica,Abies alba,243.9752452777778,240.130098,200.673087,294.340291,144,0,Valid
2026-06-26,1901,931,Fichte3_P3,P3,Fagus sylvatica,Abies alba,52.57583328472222,50.7532725,10.649501,99.737906,144,0,Valid
2026-06-27,1878,908,Buche1_P1,P1,Fagus sylvatica,Fagus sylvatica,20.774746423611113,11.498179499999999,0,63.735404,144,0,Valid
2026-06-27,1879,909,Buche2_P1,P1,Fagus sylvatica,Fagus sylvatica,184.18938571527778,184.798674,173.20365,197.022596,144,0,Valid
2026-06-27,1880,910,Buche3_P1,P1,Fagus sylvatica,Fagus sylvatica,32.036034,24.932609,0,82.456552,144,0,Valid
2026-06-27,1881,911,Fichte1_P1,P1,Abies alba,Abies alba,104.34961208333334,92.20455150000001,0,246.691593,144,0,Valid
2026-06-27,1882,912,Fichte2_P1,P1,Abies alba,Abies alba,43.45175116666667,29.7882215,0,117.749705,144,0,Valid
2026-06-27,1883,913,Fichte3_P1,P1,Abies alba,Abies alba,61.16236668055556,51.6844245,0,152.798546,144,0,Valid
2026-06-27,1884,914,Fichte1_G1,G1,Abies alba,Abies alba,170.01910945138889,160.774695,36.410278,328.384224,144,0,Valid
2026-06-27,1885,915,Fichte2_G1,G1,Abies alba,Abies alba,169.9166946875,173.566709,81.395376,252.984144,144,0,Valid
2026-06-27,1886,916,Fichte3_G1,G1,Abies alba,Abies alba,30.61304220138889,33.6778945,0,56.207818,144,0,Valid
2026-06-27,1887,917,Buche1_G1,G1,Fagus sylvatica,Fagus sylvatica,27.869182715277777,25.980656,0,64.012535,144,0,Valid
2026-06-27,1888,918,Buche2_G1,G1,Fagus sylvatica,Fagus sylvatica,17.609797368055556,11.588321,0,47.678614,144,0,Valid
2026-06-27,1889,919,Buche3_G1,G1,Fagus sylvatica,Fagus sylvatica,32.38574927777778,28.853036000000003,0,78.434823,144,0,Valid
2026-06-27,1890,920,Fichte1_P2,P2,Abies alba,Abies alba,33.2972990625,32.616098,0,76.664871,144,0,Valid
2026-06-27,1891,921,Fichte2_P2,P2,Abies alba,Abies alba,8.045052694444445,6.870858500000001,0,20.717315,144,0,Valid
2026-06-27,1892,922,Fichte3_P2,P2,Abies alba,Abies alba,95.22207827083334,99.421781,46.787469,140.106601,144,0,Valid
2026-06-27,1893,923,Buche1_P2,P2,Fagus sylvatica,Fagus sylvatica,20.57987065116279,22.244017,0,41.808374,144,15,Excluded: TWD > 500 µm
2026-06-27,1894,924,Buche2_P2,P2,Fagus sylvatica,Fagus sylvatica,67.08925558333334,67.006084,30.698956,111.032724,144,0,Valid
2026-06-27,1895,925,Buche3_P2,P2,Fagus sylvatica,Fagus sylvatica,23.326782805555556,22.264563000000003,0,55.924438,144,0,Valid
2026-06-27,1896,926,Buche1_P3,P3,Fagus sylvatica,Fagus sylvatica,182.81878046527777,179.66406,138.586418,224.158686,144,0,Valid
2026-06-27,1897,927,Buche2_P3,P3,Fagus sylvatica,Fagus sylvatica,18.302863125000002,15.247611,0,45.781868,144,0,Valid
2026-06-27,1898,928,Buche3_P3,P3,Fagus sylvatica,Fagus sylvatica,64.1972653888889,65.134938,15.38362,121.795618,144,0,Valid
2026-06-27,1899,929,Fichte1_P3,P3,Fagus sylvatica,Abies alba,65.51925576388889,65.828015,0.937813,123.054529,144,0,Valid
2026-06-27,1900,930,Fichte2_P3,P3,Fagus sylvatica,Abies alba,277.9836291597222,270.874126,230.225444,332.318818,144,0,Valid
2026-06-27,1901,931,Fichte3_P3,P3,Fagus sylvatica,Abies alba,64.20213474305555,63.537321999999996,21.906172,110.779336,144,0,Valid
2026-06-28,1878,908,Buche1_P1,P1,Fagus sylvatica,Fagus sylvatica,20.482288208333333,10.0440675,0,59.082698,144,0,Valid
2026-06-28,1879,909,Buche2_P1,P1,Fagus sylvatica,Fagus sylvatica,187.67256390277777,188.4885125,175.672703,200.266776,144,0,Valid
2026-06-28,1880,910,Buche3_P1,P1,Fagus sylvatica,Fagus sylvatica,28.77520917361111,18.040349499999998,0,75.224536,144,0,Valid
2026-06-28,1881,911,Fichte1_P1,P1,Abies alba,Abies alba,111.7162095486111,98.009342,0,256.946932,144,0,Valid
2026-06-28,1882,912,Fichte2_P1,P1,Abies alba,Abies alba,47.03562786111111,33.042173500000004,0,118.802986,144,0,Valid
2026-06-28,1883,913,Fichte3_P1,P1,Abies alba,Abies alba,69.27519173611111,61.144276,0,166.739531,144,0,Valid
2026-06-28,1884,914,Fichte1_G1,G1,Abies alba,Abies alba,174.81791575694444,161.3075115,53.375787,307.196509,144,0,Valid
2026-06-28,1885,915,Fichte2_G1,G1,Abies alba,Abies alba,189.8582897986111,186.35452850000001,95.488687,272.625073,144,0,Valid
2026-06-28,1886,916,Fichte3_G1,G1,Abies alba,Abies alba,37.12450895833334,40.6998055,3.881563,61.775597,144,0,Valid
2026-06-28,1887,917,Buche1_G1,G1,Fagus sylvatica,Fagus sylvatica,32.821833354166664,29.425203,0,69.769614,144,0,Valid
2026-06-28,1888,918,Buche2_G1,G1,Fagus sylvatica,Fagus sylvatica,16.0637800625,10.468786000000001,0,45.630453,144,0,Valid
2026-06-28,1889,919,Buche3_G1,G1,Fagus sylvatica,Fagus sylvatica,34.60423395138889,27.564481999999998,0,80.35795,144,0,Valid
2026-06-28,1890,920,Fichte1_P2,P2,Abies alba,Abies alba,51.724533854166665,47.1500195,4.699801,100.099171,144,0,Valid
2026-06-28,1891,921,Fichte2_P2,P2,Abies alba,Abies alba,12.302162819444444,10.495159,0,29.051395,144,0,Valid
2026-06-28,1892,922,Fichte3_P2,P2,Abies alba,Abies alba,112.66282148611111,116.5543695,53.137153,163.00124,144,0,Valid
2026-06-28,1893,923,Buche1_P2,P2,Fagus sylvatica,Fagus sylvatica,13.253269833333334,13.526833499999999,9.325615,16.681568,144,132,Excluded: TWD > 500 µm
2026-06-28,1894,924,Buche2_P2,P2,Fagus sylvatica,Fagus sylvatica,75.2217334375,71.279177,30.20225,124.69903,144,0,Valid
2026-06-28,1895,925,Buche3_P2,P2,Fagus sylvatica,Fagus sylvatica,26.301610215277776,25.9155965,0,59.230443,144,0,Valid
2026-06-28,1896,926,Buche1_P3,P3,Fagus sylvatica,Fagus sylvatica,201.0031420625,206.005609,155.274133,235.42474,144,0,Valid
2026-06-28,1897,927,Buche2_P3,P3,Fagus sylvatica,Fagus sylvatica,20.624665555555556,16.650289,0,47.520589,144,0,Valid
2026-06-28,1898,928,Buche3_P3,P3,Fagus sylvatica,Fagus sylvatica,67.51900719444444,64.464846,16.468652,122.880127,144,0,Valid
2026-06-28,1899,929,Fichte1_P3,P3,Fagus sylvatica,Abies alba,80.58657622222222,79.385843499999993,10.607406,141.718902,144,0,Valid
2026-06-28,1900,930,Fichte2_P3,P3,Fagus sylvatica,Abies alba,314.4061245486111,317.97834650000004,270.352438,348.903469,144,0,Valid
2026-06-28,1901,931,Fichte3_P3,P3,Fagus sylvatica,Abies alba,91.31033190277778,90.267969,36.026179,136.590685,144,0,Valid
2026-06-29,1878,908,Buche1_P1,P1,Fagus sylvatica,Fagus sylvatica,9.546460180555556,3.3749830000000003,0,36.864757,144,0,Valid
2026-06-29,1879,909,Buche2_P1,P1,Fagus sylvatica,Fagus sylvatica,190.06950290972222,189.3688725,180.5116,198.901172,144,0,Valid
2026-06-29,1880,910,Buche3_P1,P1,Fagus sylvatica,Fagus sylvatica,15.636260729166667,9.8912475,0,47.934465,144,0,Valid
2026-06-29,1881,911,Fichte1_P1,P1,Abies alba,Abies alba,87.87282700694445,74.6672935,0,212.537246,144,0,Valid
2026-06-29,1882,912,Fichte2_P1,P1,Abies alba,Abies alba,30.553090625,16.182671,0,91.186985,144,0,Valid
2026-06-29,1883,913,Fichte3_P1,P1,Abies alba,Abies alba,44.45482392361111,31.5203645,0,118.618528,144,0,Valid
2026-06-29,1884,914,Fichte1_G1,G1,Abies alba,Abies alba,142.92901599305554,135.4446865,55.471934,248.492083,144,0,Valid
2026-06-29,1885,915,Fichte2_G1,G1,Abies alba,Abies alba,186.2858154236111,185.9877415,107.267103,256.332156,144,0,Valid
2026-06-29,1886,916,Fichte3_G1,G1,Abies alba,Abies alba,36.16543939583333,38.2572125,9.470822,56.883639,144,0,Valid
2026-06-29,1887,917,Buche1_G1,G1,Fagus sylvatica,Fagus sylvatica,21.497634916666666,21.274508,0.323781,45.159815,144,0,Valid
2026-06-29,1888,918,Buche2_G1,G1,Fagus sylvatica,Fagus sylvatica,10.746455055555556,6.7335395,0,31.583946,144,0,Valid
2026-06-29,1889,919,Buche3_G1,G1,Fagus sylvatica,Fagus sylvatica,18.619470055555556,12.414728499999999,0,53.690413,144,0,Valid
2026-06-29,1890,920,Fichte1_P2,P2,Abies alba,Abies alba,52.19136247916666,48.093455000000006,23.395946,85.045465,144,0,Valid
2026-06-29,1891,921,Fichte2_P2,P2,Abies alba,Abies alba,9.049735979166666,9.408013,0,22.656961,144,0,Valid
2026-06-29,1892,922,Fichte3_P2,P2,Abies alba,Abies alba,107.29696565277777,108.018653,67.877313,141.611212,144,0,Valid
2026-06-29,1893,923,Buche1_P2,P2,Fagus sylvatica,Fagus sylvatica,NA,NA,NA,NA,144,144,Excluded: TWD > 500 µm
2026-06-29,1894,924,Buche2_P2,P2,Fagus sylvatica,Fagus sylvatica,63.98462833333333,62.3636435,38.392224,91.395764,144,0,Valid
2026-06-29,1895,925,Buche3_P2,P2,Fagus sylvatica,Fagus sylvatica,18.43654801388889,16.860068,0.102235,38.79386,144,0,Valid
2026-06-29,1896,926,Buche1_P3,P3,Fagus sylvatica,Fagus sylvatica,200.86081835416667,204.728006,166.89299,222.203627,144,0,Valid
2026-06-29,1897,927,Buche2_P3,P3,Fagus sylvatica,Fagus sylvatica,14.224999430555556,11.871886,0.248358,32.615381,144,0,Valid
2026-06-29,1898,928,Buche3_P3,P3,Fagus sylvatica,Fagus sylvatica,50.11350213194444,44.376771500000004,18.618646,95.590528,144,0,Valid
2026-06-29,1899,929,Fichte1_P3,P3,Fagus sylvatica,Abies alba,88.42600775694444,91.50429700000001,23.406426,145.020475,144,0,Valid
2026-06-29,1900,930,Fichte2_P3,P3,Fagus sylvatica,Abies alba,305.7992733125,307.487132,281.561643,341.410043,144,0,Valid
2026-06-29,1901,931,Fichte3_P3,P3,Fagus sylvatica,Abies alba,95.06420351388888,91.844705,63.54176,127.866789,144,0,Valid
2026-06-30,1878,908,Buche1_P1,P1,Fagus sylvatica,Fagus sylvatica,10.46226682638889,1.532695,0,34.61772,144,0,Valid
2026-06-30,1879,909,Buche2_P1,P1,Fagus sylvatica,Fagus sylvatica,188.55408479166667,188.1818115,178.294023,196.86337,144,0,Valid
2026-06-30,1880,910,Buche3_P1,P1,Fagus sylvatica,Fagus sylvatica,18.933400016666667,16.629008499999998,0,48.136936,120,0,Valid
2026-06-30,1881,911,Fichte1_P1,P1,Abies alba,Abies alba,92.41190725694445,87.580388,0,201.876454,144,0,Valid
2026-06-30,1882,912,Fichte2_P1,P1,Abies alba,Abies alba,33.666442986111115,21.494497000000003,0,85.852737,144,0,Valid
2026-06-30,1883,913,Fichte3_P1,P1,Abies alba,Abies alba,45.131792375,25.4027005,0,110.100798,120,0,Valid
2026-06-30,1884,914,Fichte1_G1,G1,Abies alba,Abies alba,133.69537469444444,124.38099299999999,31.33527,243.338788,144,0,Valid
2026-06-30,1885,915,Fichte2_G1,G1,Abies alba,Abies alba,172.79368222222223,173.49470200000002,92.328744,244.470402,144,0,Valid
2026-06-30,1886,916,Fichte3_G1,G1,Abies alba,Abies alba,22.559245175,18.600448,0,48.957234,120,0,Valid
2026-06-30,1887,917,Buche1_G1,G1,Fagus sylvatica,Fagus sylvatica,24.260609173611112,23.875277500000003,0,52.17783,144,0,Valid
2026-06-30,1888,918,Buche2_G1,G1,Fagus sylvatica,Fagus sylvatica,9.213268786324786,9.346192,0,23.62282,117,0,Valid
2026-06-30,1889,919,Buche3_G1,G1,Fagus sylvatica,Fagus sylvatica,24.836702305555555,13.349958999999998,0,64.735249,144,0,Valid
2026-06-30,1890,920,Fichte1_P2,P2,Abies alba,Abies alba,41.85299048611111,39.281118500000005,9.860782,74.370708,144,0,Valid
2026-06-30,1891,921,Fichte2_P2,P2,Abies alba,Abies alba,3.955852275,0,0,14.895483,120,0,Valid
2026-06-30,1892,922,Fichte3_P2,P2,Abies alba,Abies alba,82.37918221527778,83.56932,40.287271,115.423446,144,0,Valid
2026-06-30,1893,923,Buche1_P2,P2,Fagus sylvatica,Fagus sylvatica,NA,NA,NA,NA,144,144,Excluded: TWD > 500 µm
2026-06-30,1894,924,Buche2_P2,P2,Fagus sylvatica,Fagus sylvatica,48.88021020138889,46.278287,17.690169,81.494667,144,0,Valid
2026-06-30,1895,925,Buche3_P2,P2,Fagus sylvatica,Fagus sylvatica,15.874372423611112,13.15169,0,37.922307000000004,144,0,Valid
2026-06-30,1896,926,Buche1_P3,P3,Fagus sylvatica,Fagus sylvatica,183.65061896527777,184.7562215,147.788907,215.18686,144,0,Valid
2026-06-30,1897,927,Buche2_P3,P3,Fagus sylvatica,Fagus sylvatica,14.443271041666668,14.0133455,0,33.284142,144,0,Valid
2026-06-30,1898,928,Buche3_P3,P3,Fagus sylvatica,Fagus sylvatica,44.49829111111111,37.3433425,10.574173,88.376556,144,0,Valid
2026-06-30,1899,929,Fichte1_P3,P3,Fagus sylvatica,Abies alba,78.91071902083334,81.6553365,19.128097,127.469602,144,0,Valid
2026-06-30,1900,930,Fichte2_P3,P3,Fagus sylvatica,Abies alba,260.91868184027777,263.364052,236.073993,300.078029,144,0,Valid
2026-06-30,1901,931,Fichte3_P3,P3,Fagus sylvatica,Abies alba,81.84784573611111,82.542625,46.936023,110.899515,144,0,Valid
2026-07-01,1878,908,Buche1_P1,P1,Fagus sylvatica,Fagus sylvatica,2.368037173611111,0,0,12.392216,144,0,Valid
2026-07-01,1879,909,Buche2_P1,P1,Fagus sylvatica,Fagus sylvatica,151.67033942361113,144.9699555,137.659358,186.831736,144,0,Valid
2026-07-01,1880,910,Buche3_P1,P1,Fagus sylvatica,Fagus sylvatica,4.912832842975207,0.217224,0,16.778331,121,0,Valid
2026-07-01,1881,911,Fichte1_P1,P1,Abies alba,Abies alba,32.35004461111111,21.012438500000002,0,105.40678,144,0,Valid
2026-07-01,1882,912,Fichte2_P1,P1,Abies alba,Abies alba,2.6419901944444444,0,0,17.056627,144,0,Valid
2026-07-01,1883,913,Fichte3_P1,P1,Abies alba,Abies alba,19.59603931967213,6.464327,0,59.572369,122,0,Valid
2026-07-01,1884,914,Fichte1_G1,G1,Abies alba,Abies alba,49.356066444444444,45.255478999999994,0,129.905739,144,0,Valid
2026-07-01,1885,915,Fichte2_G1,G1,Abies alba,Abies alba,38.410009625,17.671463000000003,0,176.21945,144,0,Valid
2026-07-01,1886,916,Fichte3_G1,G1,Abies alba,Abies alba,3.120037725,0,0,11.62799,120,0,Valid
2026-07-01,1887,917,Buche1_G1,G1,Fagus sylvatica,Fagus sylvatica,5.242071055555556,0,0,18.426835,144,0,Valid
2026-07-01,1888,918,Buche2_G1,G1,Fagus sylvatica,Fagus sylvatica,2.478889140495868,0,0,10.232577,121,0,Valid
2026-07-01,1889,919,Buche3_G1,G1,Fagus sylvatica,Fagus sylvatica,0.456244,0,0,1.770329,80,0,Valid
2026-07-01,1890,920,Fichte1_P2,P2,Abies alba,Abies alba,12.034818333333334,3.0658335,0,37.842676,144,0,Valid
2026-07-01,1891,921,Fichte2_P2,P2,Abies alba,Abies alba,0.7873266910569106,0,0,14.895483,123,0,Valid
2026-07-01,1892,922,Fichte3_P2,P2,Abies alba,Abies alba,19.97578729861111,14.373315,0,75.791266,144,0,Valid
2026-07-01,1893,923,Buche1_P2,P2,Fagus sylvatica,Fagus sylvatica,NA,NA,NA,NA,144,144,Excluded: TWD > 500 µm
2026-07-01,1894,924,Buche2_P2,P2,Fagus sylvatica,Fagus sylvatica,7.239553548611111,0.19154149999999998,0,40.156276,144,0,Valid
2026-07-01,1895,925,Buche3_P2,P2,Fagus sylvatica,Fagus sylvatica,0.5869305208333333,0,0,9.465174,144,0,Valid
2026-07-01,1896,926,Buche1_P3,P3,Fagus sylvatica,Fagus sylvatica,60.51960471527778,38.067617999999996,0,188.375378,144,0,Valid
2026-07-01,1897,927,Buche2_P3,P3,Fagus sylvatica,Fagus sylvatica,2.2511580069444443,0,0,12.25697,144,0,Valid
2026-07-01,1898,928,Buche3_P3,P3,Fagus sylvatica,Fagus sylvatica,12.401767930555556,8.728053,0,35.21302,144,0,Valid
2026-07-01,1899,929,Fichte1_P3,P3,Fagus sylvatica,Abies alba,26.9709505625,22.984341999999998,0,86.110873,144,0,Valid
2026-07-01,1900,930,Fichte2_P3,P3,Fagus sylvatica,Abies alba,116.15631505555555,89.82803050000001,8.162944,261.258803,144,0,Valid
2026-07-01,1901,931,Fichte3_P3,P3,Fagus sylvatica,Abies alba,7.35359825,0,0,79.449471,144,0,Valid
2026-07-02,1878,908,Buche1_P1,P1,Fagus sylvatica,Fagus sylvatica,6.7290848125,0.020477,0,24.565229,144,0,Valid
2026-07-02,1879,909,Buche2_P1,P1,Fagus sylvatica,Fagus sylvatica,145.72413131944444,136.52526,132.75084,164.447074,144,0,Valid
2026-07-02,1880,910,Buche3_P1,P1,Fagus sylvatica,Fagus sylvatica,17.295581840277777,17.642767499999998,0,43.949546,144,0,Valid
2026-07-02,1881,911,Fichte1_P1,P1,Abies alba,Abies alba,73.88875511805556,71.2408275,0,178.103384,144,0,Valid
2026-07-02,1882,912,Fichte2_P1,P1,Abies alba,Abies alba,37.61757384027778,16.776238,0,94.628674,144,0,Valid
2026-07-02,1883,913,Fichte3_P1,P1,Abies alba,Abies alba,53.45212832638889,42.2263885,0,129.703722,144,0,Valid
2026-07-02,1884,914,Fichte1_G1,G1,Abies alba,Abies alba,93.163604,68.1023615,0,227.62657,144,0,Valid
2026-07-02,1885,915,Fichte2_G1,G1,Abies alba,Abies alba,108.61714034722222,94.777873,0,249.633698,144,0,Valid
2026-07-02,1886,916,Fichte3_G1,G1,Abies alba,Abies alba,19.62760051388889,20.0301105,0,43.268376,144,0,Valid
2026-07-02,1887,917,Buche1_G1,G1,Fagus sylvatica,Fagus sylvatica,22.916189347222222,16.2529635,0,59.805414,144,0,Valid
2026-07-02,1888,918,Buche2_G1,G1,Fagus sylvatica,Fagus sylvatica,16.12038527777778,15.1059695,0,43.745062,144,0,Valid
2026-07-02,1889,919,Buche3_G1,G1,Fagus sylvatica,Fagus sylvatica,19.081287605633804,14.03056,0,41.977914,71,0,Valid
2026-07-02,1890,920,Fichte1_P2,P2,Abies alba,Abies alba,48.328212625,41.010699,0,106.539875,144,0,Valid
2026-07-02,1891,921,Fichte2_P2,P2,Abies alba,Abies alba,4.060144826388889,0,0,16.598028,144,0,Valid
2026-07-02,1892,922,Fichte3_P2,P2,Abies alba,Abies alba,50.86694546527778,42.70546,0,112.836186,144,0,Valid
2026-07-02,1893,923,Buche1_P2,P2,Fagus sylvatica,Fagus sylvatica,NA,NA,NA,NA,144,144,Excluded: TWD > 500 µm
2026-07-02,1894,924,Buche2_P2,P2,Fagus sylvatica,Fagus sylvatica,41.92263895833334,30.2199685,0,97.323528,144,0,Valid
2026-07-02,1895,925,Buche3_P2,P2,Fagus sylvatica,Fagus sylvatica,12.639953555555556,1.9590705000000002,0,32.545623,144,0,Valid
2026-07-02,1896,926,Buche1_P3,P3,Fagus sylvatica,Fagus sylvatica,32.17895395833333,29.161076,0,70.694039,144,0,Valid
2026-07-02,1897,927,Buche2_P3,P3,Fagus sylvatica,Fagus sylvatica,8.33041751388889,5.717596,0,21.2205,144,0,Valid
2026-07-02,1898,928,Buche3_P3,P3,Fagus sylvatica,Fagus sylvatica,26.862828645833332,26.811277,0,63.253886,144,0,Valid
2026-07-02,1899,929,Fichte1_P3,P3,Fagus sylvatica,Abies alba,11.023739715277777,4.5123145000000005,0,32.133781,144,0,Valid
2026-07-02,1900,930,Fichte2_P3,P3,Fagus sylvatica,Abies alba,15.111484381944445,7.141233,0,39.525318,144,0,Valid
2026-07-02,1901,931,Fichte3_P3,P3,Fagus sylvatica,Abies alba,52.358053347222224,19.721142999999998,0,131.243752,144,0,Valid
2026-07-03,1878,908,Buche1_P1,P1,Fagus sylvatica,Fagus sylvatica,8.739033555555556,3.9979125,0,26.650057,144,0,Valid
2026-07-03,1879,909,Buche2_P1,P1,Fagus sylvatica,Fagus sylvatica,166.31212089583335,168.0460855,153.09355300000001,180.608335,144,0,Valid
2026-07-03,1880,910,Buche3_P1,P1,Fagus sylvatica,Fagus sylvatica,26.617723791666666,22.827779,5.262517,52.437551,144,0,Valid
2026-07-03,1881,911,Fichte1_P1,P1,Abies alba,Abies alba,101.98274821527778,91.3815805,12.996632,210.949039,144,0,Valid
2026-07-03,1882,912,Fichte2_P1,P1,Abies alba,Abies alba,62.736820763888886,54.1413145,21.806933,116.184971,144,0,Valid
2026-07-03,1883,913,Fichte3_P1,P1,Abies alba,Abies alba,83.68514267361111,80.152718,19.599497,159.240017,144,0,Valid
2026-07-03,1884,914,Fichte1_G1,G1,Abies alba,Abies alba,139.6735532361111,121.365684,36.627948,264.582593,144,0,Valid
2026-07-03,1885,915,Fichte2_G1,G1,Abies alba,Abies alba,195.49484639583332,195.3638785,102.310969,277.41285,144,0,Valid
2026-07-03,1886,916,Fichte3_G1,G1,Abies alba,Abies alba,30.973116729166666,29.315884500000003,8.632831,54.910672,144,0,Valid
2026-07-03,1887,917,Buche1_G1,G1,Fagus sylvatica,Fagus sylvatica,44.09909488888889,48.38109,14.590669,72.331701,144,0,Valid
2026-07-03,1888,918,Buche2_G1,G1,Fagus sylvatica,Fagus sylvatica,16.187564076388888,14.545666,0,34.895697,144,0,Valid
2026-07-03,1889,919,Buche3_G1,G1,Fagus sylvatica,Fagus sylvatica,19.628788990384617,6.909429,0,56.632097,104,0,Valid
2026-07-03,1890,920,Fichte1_P2,P2,Abies alba,Abies alba,91.95061521568627,82.19499400000001,49.067263,134.127858,102,0,Valid
2026-07-03,1891,921,Fichte2_P2,P2,Abies alba,Abies alba,3.788678326388889,0.2346005,0,15.154348,144,0,Valid
2026-07-03,1892,922,Fichte3_P2,P2,Abies alba,Abies alba,90.34449203773585,71.614413,39.163137,150.098366,106,0,Valid
2026-07-03,1893,923,Buche1_P2,P2,Fagus sylvatica,Fagus sylvatica,NA,NA,NA,NA,144,144,Excluded: TWD > 500 µm
2026-07-03,1894,924,Buche2_P2,P2,Fagus sylvatica,Fagus sylvatica,80.46743682178217,66.852447,47.122064,124.173456,101,0,Valid
2026-07-03,1895,925,Buche3_P2,P2,Fagus sylvatica,Fagus sylvatica,32.2337366875,31.218525,9.905998,53.793722,144,0,Valid
2026-07-03,1896,926,Buche1_P3,P3,Fagus sylvatica,Fagus sylvatica,59.74691874305556,60.70362,37.506768,81.394517,144,0,Valid
2026-07-03,1897,927,Buche2_P3,P3,Fagus sylvatica,Fagus sylvatica,9.815157847222222,8.7802005,0,21.38065,144,0,Valid
2026-07-03,1898,928,Buche3_P3,P3,Fagus sylvatica,Fagus sylvatica,38.878277743055556,35.974728999999996,14.990312,69.408372,144,0,Valid
2026-07-03,1899,929,Fichte1_P3,P3,Fagus sylvatica,Abies alba,15.846471791666668,14.8151595,0,36.731772,144,0,Valid
2026-07-03,1900,930,Fichte2_P3,P3,Fagus sylvatica,Abies alba,17.76479911111111,17.4934765,3.684876,34.445499,144,0,Valid
2026-07-03,1901,931,Fichte3_P3,P3,Fagus sylvatica,Abies alba,116.69722056250001,114.7448545,71.622538,160.070779,144,0,Valid
2026-07-04,1878,908,Buche1_P1,P1,Fagus sylvatica,Fagus sylvatica,9.18620995138889,3.0836645,0,28.06037,144,0,Valid
2026-07-04,1879,909,Buche2_P1,P1,Fagus sylvatica,Fagus sylvatica,173.19518558333334,175.4769,159.390852,185.330462,144,0,Valid
2026-07-04,1880,910,Buche3_P1,P1,Fagus sylvatica,Fagus sylvatica,26.114786902777777,20.6985745,2.233467,54.079516,144,0,Valid
2026-07-04,1881,911,Fichte1_P1,P1,Abies alba,Abies alba,75.99862238888889,75.294009,2.568006,159.574018,144,0,Valid
2026-07-04,1882,912,Fichte2_P1,P1,Abies alba,Abies alba,60.278096840277776,58.260312,22.626236,104.305663,144,0,Valid
2026-07-04,1883,913,Fichte3_P1,P1,Abies alba,Abies alba,71.72014704861111,72.177839,12.379052,135.236383,144,0,Valid
2026-07-04,1884,914,Fichte1_G1,G1,Abies alba,Abies alba,149.69404140277777,142.244614,41.900661,267.04593,144,0,Valid
2026-07-04,1885,915,Fichte2_G1,G1,Abies alba,Abies alba,238.48989975694445,239.160191,145.937196,324.634208,144,0,Valid
2026-07-04,1886,916,Fichte3_G1,G1,Abies alba,Abies alba,45.22920215277778,42.3925655,18.58914,69.687436,144,0,Valid
2026-07-04,1887,917,Buche1_G1,G1,Fagus sylvatica,Fagus sylvatica,55.913283625,61.502463,23.763879,84.885247,144,0,Valid
2026-07-04,1888,918,Buche2_G1,G1,Fagus sylvatica,Fagus sylvatica,12.431440256944445,10.646042,0,31.716696,144,0,Valid
2026-07-04,1889,919,Buche3_G1,G1,Fagus sylvatica,Fagus sylvatica,23.720078631944446,23.107363,0,55.118399,144,0,Valid
2026-07-04,1890,920,Fichte1_P2,P2,Abies alba,Abies alba,124.87375558333333,125.234505,82.704955,159.104882,144,0,Valid
2026-07-04,1891,921,Fichte2_P2,P2,Abies alba,Abies alba,6.9652676875,3.5966235,0,22.275522,144,0,Valid
2026-07-04,1892,922,Fichte3_P2,P2,Abies alba,Abies alba,135.6699939861111,141.0785475,75.698914,189.344103,144,0,Valid
2026-07-04,1893,923,Buche1_P2,P2,Fagus sylvatica,Fagus sylvatica,NA,NA,NA,NA,144,144,Excluded: TWD > 500 µm
2026-07-04,1894,924,Buche2_P2,P2,Fagus sylvatica,Fagus sylvatica,116.88657384722222,123.3084985,78.902423,148.320452,144,0,Valid
2026-07-04,1895,925,Buche3_P2,P2,Fagus sylvatica,Fagus sylvatica,44.06731795138889,48.271623000000005,20.815357,64.265597,144,0,Valid
2026-07-04,1896,926,Buche1_P3,P3,Fagus sylvatica,Fagus sylvatica,74.3649051736111,76.8943975,50.087811,96.22136,144,0,Valid
2026-07-04,1897,927,Buche2_P3,P3,Fagus sylvatica,Fagus sylvatica,12.24215263888889,11.405799,0.051954,25.513981,144,0,Valid
2026-07-04,1898,928,Buche3_P3,P3,Fagus sylvatica,Fagus sylvatica,52.245181333333335,48.279912499999995,24.306128,90.861888,144,0,Valid
2026-07-04,1899,929,Fichte1_P3,P3,Fagus sylvatica,Abies alba,20.197265715277776,18.44171,0,50.231479,144,0,Valid
2026-07-04,1900,930,Fichte2_P3,P3,Fagus sylvatica,Abies alba,27.803194631944443,24.3727445,7.429502,49.308532,144,0,Valid
2026-07-04,1901,931,Fichte3_P3,P3,Fagus sylvatica,Abies alba,152.7919574652778,151.138289,104.873017,195.163069,144,0,Valid
2026-07-05,1878,908,Buche1_P1,P1,Fagus sylvatica,Fagus sylvatica,11.61270761111111,2.1365559999999997,0,40.564125,144,0,Valid
2026-07-05,1879,909,Buche2_P1,P1,Fagus sylvatica,Fagus sylvatica,182.50041555555555,182.646799,168.345554,194.734516,144,0,Valid
2026-07-05,1880,910,Buche3_P1,P1,Fagus sylvatica,Fagus sylvatica,24.804301083333332,17.158941,0.478457,59.056072,144,0,Valid
2026-07-05,1881,911,Fichte1_P1,P1,Abies alba,Abies alba,73.05393684722222,62.3291215,0,182.177167,144,0,Valid
2026-07-05,1882,912,Fichte2_P1,P1,Abies alba,Abies alba,47.3455180625,41.1388015,13.924493,94.412718,144,0,Valid
2026-07-05,1883,913,Fichte3_P1,P1,Abies alba,Abies alba,54.1384023125,44.753689,0.117422,126.175741,144,0,Valid
2026-07-05,1884,914,Fichte1_G1,G1,Abies alba,Abies alba,175.37990904166668,159.49021349999998,52.421952,328.775112,144,0,Valid
2026-07-05,1885,915,Fichte2_G1,G1,Abies alba,Abies alba,285.8167754236111,282.67470249999997,186.464313,385.066565,144,0,Valid
2026-07-05,1886,916,Fichte3_G1,G1,Abies alba,Abies alba,61.618394027777775,62.2943425,41.440588,79.032335,144,0,Valid
2026-07-05,1887,917,Buche1_G1,G1,Fagus sylvatica,Fagus sylvatica,61.53845224305555,58.622709,38.087683,87.230223,144,0,Valid
2026-07-05,1888,918,Buche2_G1,G1,Fagus sylvatica,Fagus sylvatica,10.819738152777777,7.7124144999999995,0,29.825562,144,0,Valid
2026-07-05,1889,919,Buche3_G1,G1,Fagus sylvatica,Fagus sylvatica,20.979539993055557,13.1244385,0,55.890804,144,0,Valid
2026-07-05,1890,920,Fichte1_P2,P2,Abies alba,Abies alba,138.80319910416668,137.432151,113.149699,165.680064,144,0,Valid
2026-07-05,1891,921,Fichte2_P2,P2,Abies alba,Abies alba,10.18872261111111,7.5478535,0,28.556415,144,0,Valid
2026-07-05,1892,922,Fichte3_P2,P2,Abies alba,Abies alba,157.30165860416668,152.591283,111.582378,201.713517,144,0,Valid
2026-07-05,1893,923,Buche1_P2,P2,Fagus sylvatica,Fagus sylvatica,NA,NA,NA,NA,144,144,Excluded: TWD > 500 µm
2026-07-05,1894,924,Buche2_P2,P2,Fagus sylvatica,Fagus sylvatica,131.37443593055556,129.1758525,105.196446,160.028517,144,0,Valid
2026-07-05,1895,925,Buche3_P2,P2,Fagus sylvatica,Fagus sylvatica,48.471392333333334,47.067674499999995,29.431098,67.065168,144,0,Valid
2026-07-05,1896,926,Buche1_P3,P3,Fagus sylvatica,Fagus sylvatica,82.86476693055556,82.93016750000001,62.462713,102.207479,144,0,Valid
2026-07-05,1897,927,Buche2_P3,P3,Fagus sylvatica,Fagus sylvatica,16.915013333333334,15.369959999999999,2.536284,34.292251,144,0,Valid
2026-07-05,1898,928,Buche3_P3,P3,Fagus sylvatica,Fagus sylvatica,64.2748166388889,54.790023500000004,32.259818,110.185756,144,0,Valid
2026-07-05,1899,929,Fichte1_P3,P3,Fagus sylvatica,Abies alba,14.5925515,8.5466665,0,44.232871,144,0,Valid
2026-07-05,1900,930,Fichte2_P3,P3,Fagus sylvatica,Abies alba,39.366267569444446,39.272259,15.733712,62.983647,144,0,Valid
2026-07-05,1901,931,Fichte3_P3,P3,Fagus sylvatica,Abies alba,168.39369837499999,165.699759,134.819695,205.473336,144,0,Valid
2026-07-06,1878,908,Buche1_P1,P1,Fagus sylvatica,Fagus sylvatica,11.6181248125,3.483588,0,38.684969,144,0,Valid
2026-07-06,1879,909,Buche2_P1,P1,Fagus sylvatica,Fagus sylvatica,189.6475110902778,188.346948,176.202894,200.587304,144,0,Valid
2026-07-06,1880,910,Buche3_P1,P1,Fagus sylvatica,Fagus sylvatica,22.667545486111113,17.847413500000002,0,57.978938,144,0,Valid
2026-07-06,1881,911,Fichte1_P1,P1,Abies alba,Abies alba,77.44567034027777,73.96050600000001,0,190.231893,144,0,Valid
2026-07-06,1882,912,Fichte2_P1,P1,Abies alba,Abies alba,34.23568091666667,20.9156385,0,94.88739,144,0,Valid
2026-07-06,1883,913,Fichte3_P1,P1,Abies alba,Abies alba,52.51998234027778,48.0856365,0,134.848756,144,0,Valid
2026-07-06,1884,914,Fichte1_G1,G1,Abies alba,Abies alba,178.48632553472223,169.17550549999999,67.720044,315.466355,144,0,Valid
2026-07-06,1885,915,Fichte2_G1,G1,Abies alba,Abies alba,310.6957106388889,313.15394749999996,214.377029,400.942131,144,0,Valid
2026-07-06,1886,916,Fichte3_G1,G1,Abies alba,Abies alba,57.14650548611111,59.9351235,36.15297,74.635748,144,0,Valid
2026-07-06,1887,917,Buche1_G1,G1,Fagus sylvatica,Fagus sylvatica,57.01364075,56.847044499999996,25.070639,89.85155,144,0,Valid
2026-07-06,1888,918,Buche2_G1,G1,Fagus sylvatica,Fagus sylvatica,11.781229736111111,8.724222999999999,0,31.311213,144,0,Valid
2026-07-06,1889,919,Buche3_G1,G1,Fagus sylvatica,Fagus sylvatica,22.26017748611111,18.9868445,0,57.169823,144,0,Valid
2026-07-06,1890,920,Fichte1_P2,P2,Abies alba,Abies alba,137.63251683333334,135.9123265,101.510148,169.441993,144,0,Valid
2026-07-06,1891,921,Fichte2_P2,P2,Abies alba,Abies alba,9.5966729375,5.538361,0,28.774373,144,0,Valid
2026-07-06,1892,922,Fichte3_P2,P2,Abies alba,Abies alba,158.40242979166666,152.28398149999998,105.289176,209.167976,144,0,Valid
2026-07-06,1893,923,Buche1_P2,P2,Fagus sylvatica,Fagus sylvatica,NA,NA,NA,NA,144,144,Excluded: TWD > 500 µm
2026-07-06,1894,924,Buche2_P2,P2,Fagus sylvatica,Fagus sylvatica,133.942481125,133.9049925,100.422561,169.12367,144,0,Valid
2026-07-06,1895,925,Buche3_P2,P2,Fagus sylvatica,Fagus sylvatica,44.162878131944446,44.313872,21.685759,66.086774,144,0,Valid
2026-07-06,1896,926,Buche1_P3,P3,Fagus sylvatica,Fagus sylvatica,86.81127522222222,90.040607,63.270489,110.835245,144,0,Valid
2026-07-06,1897,927,Buche2_P3,P3,Fagus sylvatica,Fagus sylvatica,20.129881395833333,19.147824999999997,4.008646,38.998813,144,0,Valid
2026-07-06,1898,928,Buche3_P3,P3,Fagus sylvatica,Fagus sylvatica,68.75354749305555,60.933189999999996,34.019845,114.983715,144,0,Valid
2026-07-06,1899,929,Fichte1_P3,P3,Fagus sylvatica,Abies alba,26.2896014375,29.7465345,0,62.529113,144,0,Valid
2026-07-06,1900,930,Fichte2_P3,P3,Fagus sylvatica,Abies alba,42.195218187500004,40.7209225,14.812399,70.20543,144,0,Valid
2026-07-06,1901,931,Fichte3_P3,P3,Fagus sylvatica,Abies alba,166.06683886805556,163.320121,127.503533,207.95329,144,0,Valid
2026-07-07,1878,908,Buche1_P1,P1,Fagus sylvatica,Fagus sylvatica,14.7590406875,2.245072,0,52.649976,144,0,Valid
2026-07-07,1879,909,Buche2_P1,P1,Fagus sylvatica,Fagus sylvatica,196.74770375694445,196.9724455,182.702524,206.693272,144,0,Valid
2026-07-07,1880,910,Buche3_P1,P1,Fagus sylvatica,Fagus sylvatica,25.190468104166666,17.537768999999997,0,65.399849,144,0,Valid
2026-07-07,1881,911,Fichte1_P1,P1,Abies alba,Abies alba,76.31696733333334,59.338895,0,190.764331,144,0,Valid
2026-07-07,1882,912,Fichte2_P1,P1,Abies alba,Abies alba,38.34550857638889,24.747101999999998,0,107.173782,144,0,Valid
2026-07-07,1883,913,Fichte3_P1,P1,Abies alba,Abies alba,54.43809130555555,39.5863645,0,141.869817,144,0,Valid
2026-07-07,1884,914,Fichte1_G1,G1,Abies alba,Abies alba,189.20345870833333,176.485845,64.898835,346.855316,144,0,Valid
2026-07-07,1885,915,Fichte2_G1,G1,Abies alba,Abies alba,336.77597397222223,332.6827915,237.755806,431.088517,144,0,Valid
2026-07-07,1886,916,Fichte3_G1,G1,Abies alba,Abies alba,57.657114784722225,58.723512,36.773231,77.584757,144,0,Valid
2026-07-07,1887,917,Buche1_G1,G1,Fagus sylvatica,Fagus sylvatica,63.527469840277774,62.993469000000005,31.976603,95.472332,144,0,Valid
2026-07-07,1888,918,Buche2_G1,G1,Fagus sylvatica,Fagus sylvatica,12.411296319444444,8.7393225,0,34.805856,144,0,Valid
2026-07-07,1889,919,Buche3_G1,G1,Fagus sylvatica,Fagus sylvatica,22.395547945454545,5.6432020000000005,0,65.143344,110,0,Valid
2026-07-07,1890,920,Fichte1_P2,P2,Abies alba,Abies alba,146.9617861875,146.3162855,114.099078,180.708462,144,0,Valid
2026-07-07,1891,921,Fichte2_P2,P2,Abies alba,Abies alba,12.102154263888888,10.329582,0,32.389491,144,0,Valid
2026-07-07,1892,922,Fichte3_P2,P2,Abies alba,Abies alba,172.91494497222223,164.94777549999998,121.922038,228.59351,144,0,Valid
2026-07-07,1893,923,Buche1_P2,P2,Fagus sylvatica,Fagus sylvatica,NA,NA,NA,NA,144,144,Excluded: TWD > 500 µm
2026-07-07,1894,924,Buche2_P2,P2,Fagus sylvatica,Fagus sylvatica,144.72561165972223,146.393168,109.014607,184.136969,144,0,Valid
2026-07-07,1895,925,Buche3_P2,P2,Fagus sylvatica,Fagus sylvatica,46.49890491666667,47.2532985,22.909622,68.530127,144,0,Valid
2026-07-07,1896,926,Buche1_P3,P3,Fagus sylvatica,Fagus sylvatica,98.60018465972222,98.38802150000001,71.337822,132.383063,144,0,Valid
2026-07-07,1897,927,Buche2_P3,P3,Fagus sylvatica,Fagus sylvatica,28.9079445625,24.5606805,8.388208,58.126571,144,0,Valid
2026-07-07,1898,928,Buche3_P3,P3,Fagus sylvatica,Fagus sylvatica,78.30976305555555,72.63432,38.220899,130.786293,144,0,Valid
2026-07-07,1899,929,Fichte1_P3,P3,Fagus sylvatica,Abies alba,32.82280823611111,31.7271705,0,72.796425,144,0,Valid
2026-07-07,1900,930,Fichte2_P3,P3,Fagus sylvatica,Abies alba,60.48521654861111,55.772692,22.936333,97.733326,144,0,Valid
2026-07-07,1901,931,Fichte3_P3,P3,Fagus sylvatica,Abies alba,174.7705153888889,170.4004675,134.224757,220.971951,144,0,Valid
2026-07-08,1878,908,Buche1_P1,P1,Fagus sylvatica,Fagus sylvatica,16.196047333333333,5.30994,0,55.338591,144,0,Valid
2026-07-08,1879,909,Buche2_P1,P1,Fagus sylvatica,Fagus sylvatica,206.54187345833333,206.16424,191.74674,217.34463,144,0,Valid
2026-07-08,1880,910,Buche3_P1,P1,Fagus sylvatica,Fagus sylvatica,29.24514033333333,21.7827715,0,67.257301,144,0,Valid
2026-07-08,1881,911,Fichte1_P1,P1,Abies alba,Abies alba,87.6892748125,80.49437750000001,0,225.553223,144,0,Valid
2026-07-08,1882,912,Fichte2_P1,P1,Abies alba,Abies alba,48.477739972222224,37.3923355,0,125.31546,144,0,Valid
2026-07-08,1883,913,Fichte3_P1,P1,Abies alba,Abies alba,58.220384118055556,52.081508,0,148.45041,144,0,Valid
2026-07-08,1884,914,Fichte1_G1,G1,Abies alba,Abies alba,212.33289531944445,208.6854545,76.122355,371.184282,144,0,Valid
2026-07-08,1885,915,Fichte2_G1,G1,Abies alba,Abies alba,366.63606516666664,362.58689100000004,271.220836,454.225581,144,0,Valid
2026-07-08,1886,916,Fichte3_G1,G1,Abies alba,Abies alba,60.11491114583333,58.9835475,37.954981,84.914331,144,0,Valid
2026-07-08,1887,917,Buche1_G1,G1,Fagus sylvatica,Fagus sylvatica,73.58336116666666,70.980905,44.124929,101.840568,144,0,Valid
2026-07-08,1888,918,Buche2_G1,G1,Fagus sylvatica,Fagus sylvatica,14.026980701388888,11.048538,0,36.261518,144,0,Valid
2026-07-08,1889,919,Buche3_G1,G1,Fagus sylvatica,Fagus sylvatica,29.86489597080292,23.93019,0,70.825768,137,0,Valid
2026-07-08,1890,920,Fichte1_P2,P2,Abies alba,Abies alba,165.05727384722223,167.03927399999998,124.605756,202.961485,144,0,Valid
2026-07-08,1891,921,Fichte2_P2,P2,Abies alba,Abies alba,14.623082854166666,11.8875905,0,37.557181,144,0,Valid
2026-07-08,1892,922,Fichte3_P2,P2,Abies alba,Abies alba,193.06765025,192.35295150000002,143.610107,243.288523,144,0,Valid
2026-07-08,1893,923,Buche1_P2,P2,Fagus sylvatica,Fagus sylvatica,NA,NA,NA,NA,144,144,Excluded: TWD > 500 µm
2026-07-08,1894,924,Buche2_P2,P2,Fagus sylvatica,Fagus sylvatica,159.97208539583335,157.98492149999998,122.935203,198.616624,144,0,Valid
2026-07-08,1895,925,Buche3_P2,P2,Fagus sylvatica,Fagus sylvatica,52.16020319444444,51.735105000000004,28.810782,71.992636,144,0,Valid
2026-07-08,1896,926,Buche1_P3,P3,Fagus sylvatica,Fagus sylvatica,117.31313640277777,117.7869985,86.380521,152.481247,144,0,Valid
2026-07-08,1897,927,Buche2_P3,P3,Fagus sylvatica,Fagus sylvatica,38.643321506944446,34.3227105,15.647232,69.551173,144,0,Valid
2026-07-08,1898,928,Buche3_P3,P3,Fagus sylvatica,Fagus sylvatica,90.6237860625,91.94869600000001,45.3923,140.006936,144,0,Valid
2026-07-08,1899,929,Fichte1_P3,P3,Fagus sylvatica,Abies alba,35.43748159027778,32.428232,0,76.757421,144,0,Valid
2026-07-08,1900,930,Fichte2_P3,P3,Fagus sylvatica,Abies alba,105.0734633125,93.7843965,62.205681,152.65267,144,0,Valid
2026-07-08,1901,931,Fichte3_P3,P3,Fagus sylvatica,Abies alba,192.55997498611111,194.3802155,147.325547,234.625822,144,0,Valid
2026-07-09,1878,908,Buche1_P1,P1,Fagus sylvatica,Fagus sylvatica,13.032312680555556,6.0922325,0,42.184006,144,0,Valid
2026-07-09,1879,909,Buche2_P1,P1,Fagus sylvatica,Fagus sylvatica,211.3628822986111,210.685635,197.009884,222.913066,144,0,Valid
2026-07-09,1880,910,Buche3_P1,P1,Fagus sylvatica,Fagus sylvatica,27.297577618055556,22.491635000000002,0,65.392678,144,0,Valid
2026-07-09,1881,911,Fichte1_P1,P1,Abies alba,Abies alba,92.91792099305556,81.8119695,0,227.215134,144,0,Valid
2026-07-09,1882,912,Fichte2_P1,P1,Abies alba,Abies alba,43.906010125,29.449265,0,112.7523,144,0,Valid
2026-07-09,1883,913,Fichte3_P1,P1,Abies alba,Abies alba,61.74517345833333,58.992482,0,153.737543,144,0,Valid
2026-07-09,1884,914,Fichte1_G1,G1,Abies alba,Abies alba,208.82097175,196.86370699999998,87.197772,349.759679,144,0,Valid
2026-07-09,1885,915,Fichte2_G1,G1,Abies alba,Abies alba,383.1335672638889,381.636149,287.678205,463.830788,144,0,Valid
2026-07-09,1886,916,Fichte3_G1,G1,Abies alba,Abies alba,58.803225930555556,59.4826405,33.456893,83.723201,144,0,Valid
2026-07-09,1887,917,Buche1_G1,G1,Fagus sylvatica,Fagus sylvatica,71.47602124305556,74.29098400000001,34.967501,101.010633,144,0,Valid
2026-07-09,1888,918,Buche2_G1,G1,Fagus sylvatica,Fagus sylvatica,16.451992013888887,16.2856625,0,38.061925,144,0,Valid
2026-07-09,1889,919,Buche3_G1,G1,Fagus sylvatica,Fagus sylvatica,27.610263284722222,24.304289,0,65.331715,144,0,Valid
2026-07-09,1890,920,Fichte1_P2,P2,Abies alba,Abies alba,170.72165191666667,168.2751955,131.053386,204.477071,144,0,Valid
2026-07-09,1891,921,Fichte2_P2,P2,Abies alba,Abies alba,9.949098736111111,7.4210905,0,25.252575,144,0,Valid
2026-07-09,1892,922,Fichte3_P2,P2,Abies alba,Abies alba,191.11457165972223,187.306225,138.754504,240.982643,144,0,Valid
2026-07-09,1893,923,Buche1_P2,P2,Fagus sylvatica,Fagus sylvatica,NA,NA,NA,NA,144,144,Excluded: TWD > 500 µm
2026-07-09,1894,924,Buche2_P2,P2,Fagus sylvatica,Fagus sylvatica,159.19919672916666,156.4771345,117.420505,198.242992,144,0,Valid
2026-07-09,1895,925,Buche3_P2,P2,Fagus sylvatica,Fagus sylvatica,50.399104145833334,52.1161965,24.866568,69.593744,144,0,Valid
2026-07-09,1896,926,Buche1_P3,P3,Fagus sylvatica,Fagus sylvatica,127.10817914583333,125.4757995,93.389884,165.477696,144,0,Valid
2026-07-09,1897,927,Buche2_P3,P3,Fagus sylvatica,Fagus sylvatica,39.99030330555556,36.925452,17.848771,66.21075,144,0,Valid
2026-07-09,1898,928,Buche3_P3,P3,Fagus sylvatica,Fagus sylvatica,89.03404491666667,89.709603,45.579527,135.868797,144,0,Valid
2026-07-09,1899,929,Fichte1_P3,P3,Fagus sylvatica,Abies alba,28.651073868055555,26.6609785,0,63.981256,144,0,Valid
2026-07-09,1900,930,Fichte2_P3,P3,Fagus sylvatica,Abies alba,141.75488370138888,135.04984100000001,104.695602,183.427594,144,0,Valid
2026-07-09,1901,931,Fichte3_P3,P3,Fagus sylvatica,Abies alba,194.52121103472223,191.3008815,146.874379,239.083684,144,0,Valid
2026-07-10,1878,908,Buche1_P1,P1,Fagus sylvatica,Fagus sylvatica,17.377959493055556,7.2594224999999994,0,52.826172,144,0,Valid
2026-07-10,1879,909,Buche2_P1,P1,Fagus sylvatica,Fagus sylvatica,218.29751444444443,217.35784999999998,208.15592,226.987112,144,0,Valid
2026-07-10,1880,910,Buche3_P1,P1,Fagus sylvatica,Fagus sylvatica,30.390193743055555,23.44445,2.617976,70.418093,144,0,Valid
2026-07-10,1881,911,Fichte1_P1,P1,Abies alba,Abies alba,93.2985894375,76.21041149999999,0,230.073112,144,0,Valid
2026-07-10,1882,912,Fichte2_P1,P1,Abies alba,Abies alba,43.64767583333333,28.972146000000002,0,118.272696,144,0,Valid
2026-07-10,1883,913,Fichte3_P1,P1,Abies alba,Abies alba,55.058110722222224,47.5816255,0,138.815193,144,0,Valid
2026-07-10,1884,914,Fichte1_G1,G1,Abies alba,Abies alba,228.13563721527777,207.9951545,112.875871,381.110685,144,0,Valid
2026-07-10,1885,915,Fichte2_G1,G1,Abies alba,Abies alba,413.35208595522386,404.337805,335.446261,499.40144,144,10,Excluded: TWD > 500 µm
2026-07-10,1886,916,Fichte3_G1,G1,Abies alba,Abies alba,64.61053430555556,63.4497705,45.280196,88.639529,144,0,Valid
2026-07-10,1887,917,Buche1_G1,G1,Fagus sylvatica,Fagus sylvatica,78.59311509722222,76.726237,54.331386,103.370146,144,0,Valid
2026-07-10,1888,918,Buche2_G1,G1,Fagus sylvatica,Fagus sylvatica,15.038988604166667,13.24835,0,34.527997,144,0,Valid
2026-07-10,1889,919,Buche3_G1,G1,Fagus sylvatica,Fagus sylvatica,24.284313993055555,19.2902185,0,61.346927,144,0,Valid
2026-07-10,1890,920,Fichte1_P2,P2,Abies alba,Abies alba,182.48937234027778,181.0043115,157.59495,211.557769,144,0,Valid
2026-07-10,1891,921,Fichte2_P2,P2,Abies alba,Abies alba,8.527627055555556,7.114377,0,23.347728,144,0,Valid
2026-07-10,1892,922,Fichte3_P2,P2,Abies alba,Abies alba,203.30423832638888,201.606493,165.311724,241.370588,144,0,Valid
2026-07-10,1893,923,Buche1_P2,P2,Fagus sylvatica,Fagus sylvatica,NA,NA,NA,NA,144,144,Excluded: TWD > 500 µm
2026-07-10,1894,924,Buche2_P2,P2,Fagus sylvatica,Fagus sylvatica,171.31180493055555,166.8101935,138.890918,205.335311,144,0,Valid
2026-07-10,1895,925,Buche3_P2,P2,Fagus sylvatica,Fagus sylvatica,55.82041370138889,55.288979,38.262737,71.928436,144,0,Valid
2026-07-10,1896,926,Buche1_P3,P3,Fagus sylvatica,Fagus sylvatica,148.58048376388888,141.399867,114.962305,184.882395,144,0,Valid
2026-07-10,1897,927,Buche2_P3,P3,Fagus sylvatica,Fagus sylvatica,45.835373583333336,43.872591,21.869733,75.495066,144,0,Valid
2026-07-10,1898,928,Buche3_P3,P3,Fagus sylvatica,Fagus sylvatica,97.66826133333333,97.9236755,52.990685,148.23321,144,0,Valid
2026-07-10,1899,929,Fichte1_P3,P3,Fagus sylvatica,Abies alba,30.75145207638889,36.6648945,0,63.606891,144,0,Valid
2026-07-10,1900,930,Fichte2_P3,P3,Fagus sylvatica,Abies alba,186.71393765972223,175.7643695,156.482589,232.571547,144,0,Valid
2026-07-10,1901,931,Fichte3_P3,P3,Fagus sylvatica,Abies alba,207.4213687013889,205.3658995,172.881781,242.948336,144,0,Valid
2026-07-11,1878,908,Buche1_P1,P1,Fagus sylvatica,Fagus sylvatica,16.697940993055557,6.954359999999999,0,57.356303,144,0,Valid
2026-07-11,1879,909,Buche2_P1,P1,Fagus sylvatica,Fagus sylvatica,221.21223314583332,222.2975705,210.252565,229.447213,144,0,Valid
2026-07-11,1880,910,Buche3_P1,P1,Fagus sylvatica,Fagus sylvatica,28.43498053472222,21.6290755,0,70.055111,144,0,Valid
2026-07-11,1881,911,Fichte1_P1,P1,Abies alba,Abies alba,88.62988019444444,85.171639,0,203.889124,144,0,Valid
2026-07-11,1882,912,Fichte2_P1,P1,Abies alba,Abies alba,43.055506951388885,27.7228595,0,121.004471,144,0,Valid
2026-07-11,1883,913,Fichte3_P1,P1,Abies alba,Abies alba,56.34237550694444,51.883366,0,137.639927,144,0,Valid
2026-07-11,1884,914,Fichte1_G1,G1,Abies alba,Abies alba,222.08706154166666,212.44397700000002,101.570018,364.488576,144,0,Valid
2026-07-11,1885,915,Fichte2_G1,G1,Abies alba,Abies alba,420.9307850775862,421.3949695,348.886085,498.521999,144,28,Excluded: TWD > 500 µm
2026-07-11,1886,916,Fichte3_G1,G1,Abies alba,Abies alba,63.670381909722224,63.3123105,41.623727,87.302334,144,0,Valid
2026-07-11,1887,917,Buche1_G1,G1,Fagus sylvatica,Fagus sylvatica,74.9487067638889,71.928223,48.81399,101.767322,144,0,Valid
2026-07-11,1888,918,Buche2_G1,G1,Fagus sylvatica,Fagus sylvatica,14.88498320138889,13.460020499999999,0,36.361665,144,0,Valid
2026-07-11,1889,919,Buche3_G1,G1,Fagus sylvatica,Fagus sylvatica,29.292031625,23.772360499999998,0,72.021471,144,0,Valid
2026-07-11,1890,920,Fichte1_P2,P2,Abies alba,Abies alba,183.45595377083333,183.82495,152.977398,214.666029,144,0,Valid
2026-07-11,1891,921,Fichte2_P2,P2,Abies alba,Abies alba,11.771697027777778,7.9058455,0,31.774311,144,0,Valid
2026-07-11,1892,922,Fichte3_P2,P2,Abies alba,Abies alba,198.97556861805555,198.7344595,150.991904,241.438122,144,0,Valid
2026-07-11,1893,923,Buche1_P2,P2,Fagus sylvatica,Fagus sylvatica,NA,NA,NA,NA,144,144,Excluded: TWD > 500 µm
2026-07-11,1894,924,Buche2_P2,P2,Fagus sylvatica,Fagus sylvatica,171.54833065277776,169.905708,132.165886,213.024364,144,0,Valid
2026-07-11,1895,925,Buche3_P2,P2,Fagus sylvatica,Fagus sylvatica,54.48093534722222,53.942503,34.239993,72.648962,144,0,Valid
2026-07-11,1896,926,Buche1_P3,P3,Fagus sylvatica,Fagus sylvatica,163.18641363194445,162.7998605,129.191731,197.040989,144,0,Valid
2026-07-11,1897,927,Buche2_P3,P3,Fagus sylvatica,Fagus sylvatica,46.797644472222224,45.371771499999994,23.73329,72.740703,144,0,Valid
2026-07-11,1898,928,Buche3_P3,P3,Fagus sylvatica,Fagus sylvatica,98.90167355555556,99.5625905,51.985828,150.305079,144,0,Valid
2026-07-11,1899,929,Fichte1_P3,P3,Fagus sylvatica,Abies alba,40.626519305555554,42.368460999999996,0,83.645639,144,0,Valid
2026-07-11,1900,930,Fichte2_P3,P3,Fagus sylvatica,Abies alba,234.28402593055554,229.2452695,191.530308,283.717574,144,0,Valid
2026-07-11,1901,931,Fichte3_P3,P3,Fagus sylvatica,Abies alba,209.2065362222222,209.500743,169.710929,244.135913,144,0,Valid
2026-07-12,1878,908,Buche1_P1,P1,Fagus sylvatica,Fagus sylvatica,17.442360340277776,9.1468475,0,53.972188,144,0,Valid
2026-07-12,1879,909,Buche2_P1,P1,Fagus sylvatica,Fagus sylvatica,225.53673320833335,223.0005885,213.04858,237.946225,144,0,Valid
2026-07-12,1880,910,Buche3_P1,P1,Fagus sylvatica,Fagus sylvatica,33.19081997222222,29.2658185,0,75.669296,144,0,Valid
2026-07-12,1881,911,Fichte1_P1,P1,Abies alba,Abies alba,110.943475375,116.03822600000001,0,277.240193,144,0,Valid
2026-07-12,1882,912,Fichte2_P1,P1,Abies alba,Abies alba,63.94810665972222,53.7115335,0,157.013451,144,0,Valid
2026-07-12,1883,913,Fichte3_P1,P1,Abies alba,Abies alba,72.86413604166667,70.667741,0,182.625159,144,0,Valid
2026-07-12,1884,914,Fichte1_G1,G1,Abies alba,Abies alba,235.627470875,227.739602,82.433877,404.623458,144,0,Valid
2026-07-12,1885,915,Fichte2_G1,G1,Abies alba,Abies alba,412.7318481363636,403.52416800000003,352.838615,499.992218,144,56,Excluded: TWD > 500 µm
2026-07-12,1886,916,Fichte3_G1,G1,Abies alba,Abies alba,60.57251723611111,57.869673000000006,32.108593,90.745327,144,0,Valid
2026-07-12,1887,917,Buche1_G1,G1,Fagus sylvatica,Fagus sylvatica,79.0795548125,88.06879599999999,37.828552,111.809307,144,0,Valid
2026-07-12,1888,918,Buche2_G1,G1,Fagus sylvatica,Fagus sylvatica,19.64975128472222,20.112762,0,42.126179,144,0,Valid
2026-07-12,1889,919,Buche3_G1,G1,Fagus sylvatica,Fagus sylvatica,38.19820190972222,37.67366,0,84.815366,144,0,Valid
2026-07-12,1890,920,Fichte1_P2,P2,Abies alba,Abies alba,195.55590095138888,192.5205125,150.179613,243.482599,144,0,Valid
2026-07-12,1891,921,Fichte2_P2,P2,Abies alba,Abies alba,15.725847666666667,12.3564235,0,41.366856,144,0,Valid
2026-07-12,1892,922,Fichte3_P2,P2,Abies alba,Abies alba,207.66390665277777,204.91182,147.415626,264.065209,144,0,Valid
2026-07-12,1893,923,Buche1_P2,P2,Fagus sylvatica,Fagus sylvatica,NA,NA,NA,NA,144,144,Excluded: TWD > 500 µm
2026-07-12,1894,924,Buche2_P2,P2,Fagus sylvatica,Fagus sylvatica,180.2281223125,181.48238099999998,127.007898,226.927878,144,0,Valid
2026-07-12,1895,925,Buche3_P2,P2,Fagus sylvatica,Fagus sylvatica,56.792814319444446,60.4595045,28.615128,76.949376,144,0,Valid
2026-07-12,1896,926,Buche1_P3,P3,Fagus sylvatica,Fagus sylvatica,181.05536235416668,174.68593850000002,137.778296,226.623902,144,0,Valid
2026-07-12,1897,927,Buche2_P3,P3,Fagus sylvatica,Fagus sylvatica,49.33422690277778,52.1406455,22.911187,75.188679,144,0,Valid
2026-07-12,1898,928,Buche3_P3,P3,Fagus sylvatica,Fagus sylvatica,102.0558699861111,107.757722,49.98087,153.881596,144,0,Valid
2026-07-12,1899,929,Fichte1_P3,P3,Fagus sylvatica,Abies alba,44.751201236111115,42.41972,0,90.348581,144,0,Valid
2026-07-12,1900,930,Fichte2_P3,P3,Fagus sylvatica,Abies alba,285.2336145138889,274.83615199999997,245.150437,349.269991,144,0,Valid
2026-07-12,1901,931,Fichte3_P3,P3,Fagus sylvatica,Abies alba,223.44812666666667,218.595976,169.989408,274.405292,144,0,Valid
2026-07-13,1878,908,Buche1_P1,P1,Fagus sylvatica,Fagus sylvatica,8.701350958333334,1.0471965,0,31.707302,144,0,Valid
2026-07-13,1879,909,Buche2_P1,P1,Fagus sylvatica,Fagus sylvatica,230.7475756111111,232.71243249999998,222.694158,237.142194,144,0,Valid
2026-07-13,1880,910,Buche3_P1,P1,Fagus sylvatica,Fagus sylvatica,26.784432104166665,20.7587885,5.357049,62.081951,144,0,Valid
2026-07-13,1881,911,Fichte1_P1,P1,Abies alba,Abies alba,82.68815406944445,73.8533805,5.361106,181.83359,144,0,Valid
2026-07-13,1882,912,Fichte2_P1,P1,Abies alba,Abies alba,42.80407745833333,35.600671000000006,0,99.425055,144,0,Valid
2026-07-13,1883,913,Fichte3_P1,P1,Abies alba,Abies alba,45.94781715972222,38.911406,0,118.536328,144,0,Valid
2026-07-13,1884,914,Fichte1_G1,G1,Abies alba,Abies alba,238.4202236875,224.832514,129.496694,370.776836,144,0,Valid
2026-07-13,1885,915,Fichte2_G1,G1,Abies alba,Abies alba,454.27738365656563,458.62279,409.529923,499.114306,144,45,Excluded: TWD > 500 µm
2026-07-13,1886,916,Fichte3_G1,G1,Abies alba,Abies alba,71.89095454166667,69.016378,52.909211,94.364322,144,0,Valid
2026-07-13,1887,917,Buche1_G1,G1,Fagus sylvatica,Fagus sylvatica,81.44401559027777,82.4003525,62.076264,98.426248,144,0,Valid
2026-07-13,1888,918,Buche2_G1,G1,Fagus sylvatica,Fagus sylvatica,18.102190583333332,14.544696,5.131526,35.561003,144,0,Valid
2026-07-13,1889,919,Buche3_G1,G1,Fagus sylvatica,Fagus sylvatica,18.83473313888889,17.203405500000002,0,45.036284,144,0,Valid
2026-07-13,1890,920,Fichte1_P2,P2,Abies alba,Abies alba,205.46059790277778,203.8510145,185.643474,228.6354,144,0,Valid
2026-07-13,1891,921,Fichte2_P2,P2,Abies alba,Abies alba,15.055260895833333,16.281017499999997,0.004657,34.481329,144,0,Valid
2026-07-13,1892,922,Fichte3_P2,P2,Abies alba,Abies alba,219.722141125,223.9409075,190.859722,240.309205,144,0,Valid
2026-07-13,1893,923,Buche1_P2,P2,Fagus sylvatica,Fagus sylvatica,NA,NA,NA,NA,144,144,Excluded: TWD > 500 µm
2026-07-13,1894,924,Buche2_P2,P2,Fagus sylvatica,Fagus sylvatica,187.356945125,188.303664,160.329352,216.586507,144,0,Valid
2026-07-13,1895,925,Buche3_P2,P2,Fagus sylvatica,Fagus sylvatica,60.78548071527778,60.868497500000004,48.628022,71.150143,144,0,Valid
2026-07-13,1896,926,Buche1_P3,P3,Fagus sylvatica,Fagus sylvatica,204.17791207638888,207.727755,173.328394,227.823632,144,0,Valid
2026-07-13,1897,927,Buche2_P3,P3,Fagus sylvatica,Fagus sylvatica,53.965629756944445,52.43506,33.480581,74.750383,144,0,Valid
2026-07-13,1898,928,Buche3_P3,P3,Fagus sylvatica,Fagus sylvatica,102.48216910416667,99.5987355,65.931912,144.989748,144,0,Valid
2026-07-13,1899,929,Fichte1_P3,P3,Fagus sylvatica,Abies alba,64.18966713194445,59.926094500000005,25.851221,100.546781,144,0,Valid
2026-07-13,1900,930,Fichte2_P3,P3,Fagus sylvatica,Abies alba,345.61304272222225,349.45477100000005,322.811943,367.472474,144,0,Valid
2026-07-13,1901,931,Fichte3_P3,P3,Fagus sylvatica,Abies alba,235.25929561805555,236.168278,212.546994,255.383183,144,0,Valid
2026-07-14,1878,908,Buche1_P1,P1,Fagus sylvatica,Fagus sylvatica,19.038451326388888,7.9078135,0,61.026141,144,0,Valid
2026-07-14,1879,909,Buche2_P1,P1,Fagus sylvatica,Fagus sylvatica,228.21727047916667,229.7472515,216.864966,236.415103,144,0,Valid
2026-07-14,1880,910,Buche3_P1,P1,Fagus sylvatica,Fagus sylvatica,29.7165840625,22.5374835,0,76.345466,144,0,Valid
2026-07-14,1881,911,Fichte1_P1,P1,Abies alba,Abies alba,99.64475681944444,88.8103885,0,249.65122,144,0,Valid
2026-07-14,1882,912,Fichte2_P1,P1,Abies alba,Abies alba,50.09825732638889,32.6551765,0,147.263821,144,0,Valid
2026-07-14,1883,913,Fichte3_P1,P1,Abies alba,Abies alba,55.97383170138889,43.245881,0,148.143061,144,0,Valid
2026-07-14,1884,914,Fichte1_G1,G1,Abies alba,Abies alba,232.472423375,222.7294475,110.777791,394.190256,144,0,Valid
2026-07-14,1885,915,Fichte2_G1,G1,Abies alba,Abies alba,430.96893097938147,426.447172,380.4659,499.915901,144,47,Excluded: TWD > 500 µm
2026-07-14,1886,916,Fichte3_G1,G1,Abies alba,Abies alba,56.78213888194445,53.970685,32.075364,89.618908,144,0,Valid
2026-07-14,1887,917,Buche1_G1,G1,Fagus sylvatica,Fagus sylvatica,70.80436491666667,66.728751,45.932475,100.15457,144,0,Valid
2026-07-14,1888,918,Buche2_G1,G1,Fagus sylvatica,Fagus sylvatica,14.945665541666667,11.5653205,0,39.379872,144,0,Valid
2026-07-14,1889,919,Buche3_G1,G1,Fagus sylvatica,Fagus sylvatica,28.894579506944446,23.5092025,0,71.273588,144,0,Valid
2026-07-14,1890,920,Fichte1_P2,P2,Abies alba,Abies alba,190.26096452083334,186.717814,160.873703,230.095403,144,0,Valid
2026-07-14,1891,921,Fichte2_P2,P2,Abies alba,Abies alba,12.39191988888889,6.305839499999999,0,34.523421,144,0,Valid
2026-07-14,1892,922,Fichte3_P2,P2,Abies alba,Abies alba,194.35428890972221,190.774562,150.883692,240.895728,144,0,Valid
2026-07-14,1893,923,Buche1_P2,P2,Fagus sylvatica,Fagus sylvatica,NA,NA,NA,NA,144,144,Excluded: TWD > 500 µm
2026-07-14,1894,924,Buche2_P2,P2,Fagus sylvatica,Fagus sylvatica,177.10159251388887,172.607466,138.744285,228.438592,144,0,Valid
2026-07-14,1895,925,Buche3_P2,P2,Fagus sylvatica,Fagus sylvatica,53.48070245833333,51.521462,35.345626,72.938128,144,0,Valid
2026-07-14,1896,926,Buche1_P3,P3,Fagus sylvatica,Fagus sylvatica,209.46945784027778,209.01500950000002,176.59678,236.591667,144,0,Valid
2026-07-14,1897,927,Buche2_P3,P3,Fagus sylvatica,Fagus sylvatica,54.0193061875,52.761638500000004,30.35033,84.203644,144,0,Valid
2026-07-14,1898,928,Buche3_P3,P3,Fagus sylvatica,Fagus sylvatica,104.9048985,105.7614535,55.465434,163.475262,144,0,Valid
2026-07-14,1899,929,Fichte1_P3,P3,Fagus sylvatica,Abies alba,46.2651213125,45.861303,0,93.956571,144,0,Valid
2026-07-14,1900,930,Fichte2_P3,P3,Fagus sylvatica,Abies alba,361.60218433333335,361.5539765,331.049391,388.515371,144,0,Valid
2026-07-14,1901,931,Fichte3_P3,P3,Fagus sylvatica,Abies alba,219.70753448611111,217.8475765,182.6356,260.572118,144,0,Valid
2026-07-15,1878,908,Buche1_P1,P1,Fagus sylvatica,Fagus sylvatica,2.1799703263888888,0,0,13.0976,144,0,Valid
2026-07-15,1879,909,Buche2_P1,P1,Fagus sylvatica,Fagus sylvatica,210.1970921875,214.294732,183.483506,229.560774,144,0,Valid
2026-07-15,1880,910,Buche3_P1,P1,Fagus sylvatica,Fagus sylvatica,11.159838131944444,5.2633045,0,42.539127,144,0,Valid
2026-07-15,1881,911,Fichte1_P1,P1,Abies alba,Abies alba,39.929998743055556,8.0871145,0,149.41818,144,0,Valid
2026-07-15,1882,912,Fichte2_P1,P1,Abies alba,Abies alba,13.777812625,0.49282950000000003,0,52.711443,144,0,Valid
2026-07-15,1883,913,Fichte3_P1,P1,Abies alba,Abies alba,19.568761,0.305952,0,82.327809,144,0,Valid
2026-07-15,1884,914,Fichte1_G1,G1,Abies alba,Abies alba,137.4247217986111,134.869681,75.743473,212.591306,144,0,Valid
2026-07-15,1885,915,Fichte2_G1,G1,Abies alba,Abies alba,388.5275967708333,398.18586849999997,317.474003,463.357131,144,0,Valid
2026-07-15,1886,916,Fichte3_G1,G1,Abies alba,Abies alba,23.307241895833332,24.202244,4.101402,50.789741,144,0,Valid
2026-07-15,1887,917,Buche1_G1,G1,Fagus sylvatica,Fagus sylvatica,37.16793230555555,36.7088715,13.630904,60.087041,144,0,Valid
2026-07-15,1888,918,Buche2_G1,G1,Fagus sylvatica,Fagus sylvatica,7.2386545625,1.5803004999999999,0,25.600035,144,0,Valid
2026-07-15,1889,919,Buche3_G1,G1,Fagus sylvatica,Fagus sylvatica,9.493575604166667,0,0,40.574502,144,0,Valid
2026-07-15,1890,920,Fichte1_P2,P2,Abies alba,Abies alba,143.21375018055556,142.935948,114.504202,180.709261,144,0,Valid
2026-07-15,1891,921,Fichte2_P2,P2,Abies alba,Abies alba,3.1766091180555556,0.0666315,0,20.062166,144,0,Valid
2026-07-15,1892,922,Fichte3_P2,P2,Abies alba,Abies alba,141.01707538194444,145.58043600000002,96.275289,186.90154,144,0,Valid
2026-07-15,1893,923,Buche1_P2,P2,Fagus sylvatica,Fagus sylvatica,NA,NA,NA,NA,144,144,Excluded: TWD > 500 µm
2026-07-15,1894,924,Buche2_P2,P2,Fagus sylvatica,Fagus sylvatica,131.87601377083334,133.3856755,103.234841,167.335202,144,0,Valid
2026-07-15,1895,925,Buche3_P2,P2,Fagus sylvatica,Fagus sylvatica,30.371408916666667,31.1582145,15.928247,47.230197,144,0,Valid
2026-07-15,1896,926,Buche1_P3,P3,Fagus sylvatica,Fagus sylvatica,192.35991879166667,193.8310425,163.19704,219.720293,144,0,Valid
2026-07-15,1897,927,Buche2_P3,P3,Fagus sylvatica,Fagus sylvatica,36.925484805555556,34.727177499999996,24.960372,54.205264,144,0,Valid
2026-07-15,1898,928,Buche3_P3,P3,Fagus sylvatica,Fagus sylvatica,67.58731086805555,64.426777,44.379151,99.706401,144,0,Valid
2026-07-15,1899,929,Fichte1_P3,P3,Fagus sylvatica,Abies alba,19.077127569444443,12.230474000000001,0,55.707106,144,0,Valid
2026-07-15,1900,930,Fichte2_P3,P3,Fagus sylvatica,Abies alba,346.93923754166667,341.262919,318.574341,386.196809,144,0,Valid
2026-07-15,1901,931,Fichte3_P3,P3,Fagus sylvatica,Abies alba,178.1282400763889,179.5301605,145.431782,216.64361,144,0,Valid
2026-07-16,1878,908,Buche1_P1,P1,Fagus sylvatica,Fagus sylvatica,11.216248006944445,2.0660315000000002,0,39.73103,144,0,Valid
2026-07-16,1879,909,Buche2_P1,P1,Fagus sylvatica,Fagus sylvatica,204.96973860416668,208.1154115,186.485297,221.48964899999999,144,0,Valid
2026-07-16,1880,910,Buche3_P1,P1,Fagus sylvatica,Fagus sylvatica,26.845489395833333,24.864111,0,72.581181,144,0,Valid
2026-07-16,1881,911,Fichte1_P1,P1,Abies alba,Abies alba,82.0869289375,76.70996199999999,0,210.354139,144,0,Valid
2026-07-16,1882,912,Fichte2_P1,P1,Abies alba,Abies alba,53.14936622222222,34.8221335,0,143.930721,144,0,Valid
2026-07-16,1883,913,Fichte3_P1,P1,Abies alba,Abies alba,47.31199415277778,40.836076500000004,0,128.371324,144,0,Valid
2026-07-16,1884,914,Fichte1_G1,G1,Abies alba,Abies alba,175.84924219444446,156.995293,52.13333,340.845023,144,0,Valid
2026-07-16,1885,915,Fichte2_G1,G1,Abies alba,Abies alba,396.26123396875,387.374688,308.607362,498.126574,144,16,Excluded: TWD > 500 µm
2026-07-16,1886,916,Fichte3_G1,G1,Abies alba,Abies alba,24.225709847222223,19.444127,0,57.834381,144,0,Valid
2026-07-16,1887,917,Buche1_G1,G1,Fagus sylvatica,Fagus sylvatica,42.41103499305556,45.787335,8.903123,78.430622,144,0,Valid
2026-07-16,1888,918,Buche2_G1,G1,Fagus sylvatica,Fagus sylvatica,16.73441895138889,17.773922499999998,0,39.155873,144,0,Valid
2026-07-16,1889,919,Buche3_G1,G1,Fagus sylvatica,Fagus sylvatica,32.941927944444444,28.1357285,0,78.333601,144,0,Valid
2026-07-16,1890,920,Fichte1_P2,P2,Abies alba,Abies alba,138.3409305763889,133.3890005,100.833459,170.782911,144,0,Valid
2026-07-16,1891,921,Fichte2_P2,P2,Abies alba,Abies alba,18.395560027777776,4.554539,0,51.66713,144,0,Valid
2026-07-16,1892,922,Fichte3_P2,P2,Abies alba,Abies alba,144.136715625,141.48745300000002,89.403808,197.364313,144,0,Valid
2026-07-16,1893,923,Buche1_P2,P2,Fagus sylvatica,Fagus sylvatica,NA,NA,NA,NA,144,144,Excluded: TWD > 500 µm
2026-07-16,1894,924,Buche2_P2,P2,Fagus sylvatica,Fagus sylvatica,138.07680688888888,133.4332265,96.177214,182.809532,144,0,Valid
2026-07-16,1895,925,Buche3_P2,P2,Fagus sylvatica,Fagus sylvatica,32.3293355625,29.002957000000002,8.315948,56.72315,144,0,Valid
2026-07-16,1896,926,Buche1_P3,P3,Fagus sylvatica,Fagus sylvatica,190.7727096875,186.7232125,148.995719,227.326841,144,0,Valid
2026-07-16,1897,927,Buche2_P3,P3,Fagus sylvatica,Fagus sylvatica,42.119085166666665,44.361959999999996,20.072771,68.729467,144,0,Valid
2026-07-16,1898,928,Buche3_P3,P3,Fagus sylvatica,Fagus sylvatica,81.95205972916666,85.779562,35.847387,135.920078,144,0,Valid
2026-07-16,1899,929,Fichte1_P3,P3,Fagus sylvatica,Abies alba,45.524141979166664,44.5247105,0,100.715199,144,0,Valid
2026-07-16,1900,930,Fichte2_P3,P3,Fagus sylvatica,Abies alba,325.6604627638889,323.166296,296.763845,361.322589,144,0,Valid
2026-07-16,1901,931,Fichte3_P3,P3,Fagus sylvatica,Abies alba,174.8027163263889,170.33444200000002,132.822438,216.424369,144,0,Valid
2026-07-17,1878,908,Buche1_P1,P1,Fagus sylvatica,Fagus sylvatica,0,0,0,0,5,0,Valid
2026-07-17,1879,909,Buche2_P1,P1,Fagus sylvatica,Fagus sylvatica,194.9455895,194.5250905,192.956588,197.870091,6,0,Valid
2026-07-17,1880,910,Buche3_P1,P1,Fagus sylvatica,Fagus sylvatica,4.8667388,4.699387,3.02004,7.023388,5,0,Valid
2026-07-17,1881,911,Fichte1_P1,P1,Abies alba,Abies alba,48.93300475,48.9611785,40.671137,57.138525,4,0,Valid
2026-07-17,1882,912,Fichte2_P1,P1,Abies alba,Abies alba,36.6590924,36.07775,28.833326,45.138317,5,0,Valid
2026-07-17,1883,913,Fichte3_P1,P1,Abies alba,Abies alba,22.438506166666667,22.6266705,12.246866,31.573969,6,0,Valid
2026-07-17,1884,914,Fichte1_G1,G1,Abies alba,Abies alba,139.20631183333333,138.9726645,124.667438,154.82868,6,0,Valid
2026-07-17,1885,915,Fichte2_G1,G1,Abies alba,Abies alba,375.93976983333334,375.209691,353.110523,400.473532,6,0,Valid
2026-07-17,1886,916,Fichte3_G1,G1,Abies alba,Abies alba,27.654306,27.475534,21.079681,34.652249,6,0,Valid
2026-07-17,1887,917,Buche1_G1,G1,Fagus sylvatica,Fagus sylvatica,32.7677536,32.554576,25.827701,40.026771,5,0,Valid
2026-07-17,1888,918,Buche2_G1,G1,Fagus sylvatica,Fagus sylvatica,5.658697666666667,5.3119975,0,13.261901,6,0,Valid
2026-07-17,1889,919,Buche3_G1,G1,Fagus sylvatica,Fagus sylvatica,6.806031333333333,6.806031,3.662724,9.949339,3,0,Valid
2026-07-17,1890,920,Fichte1_P2,P2,Abies alba,Abies alba,125.998094,126.8943585,99.403589,149.007541,6,0,Valid
2026-07-17,1891,921,Fichte2_P2,P2,Abies alba,Abies alba,50.34193483333333,50.6354575,48.253455,51.567641,6,0,Valid
2026-07-17,1892,922,Fichte3_P2,P2,Abies alba,Abies alba,151.822116,151.74381,148.560133,155.293407,5,0,Valid
2026-07-17,1893,923,Buche1_P2,P2,Fagus sylvatica,Fagus sylvatica,NA,NA,NA,NA,6,6,Excluded: TWD > 500 µm
2026-07-17,1894,924,Buche2_P2,P2,Fagus sylvatica,Fagus sylvatica,134.961623,134.961623,125.630084,144.293162,2,0,Valid
2026-07-17,1895,925,Buche3_P2,P2,Fagus sylvatica,Fagus sylvatica,37.17138416666667,38.008927,32.467576,39.990074,6,0,Valid
2026-07-17,1896,926,Buche1_P3,P3,Fagus sylvatica,Fagus sylvatica,198.4469862,199.163171,184.07011,213.578573,5,0,Valid
2026-07-17,1897,927,Buche2_P3,P3,Fagus sylvatica,Fagus sylvatica,35.79024716666667,35.809431000000004,32.389719,39.064697,6,0,Valid
2026-07-17,1898,928,Buche3_P3,P3,Fagus sylvatica,Fagus sylvatica,58.114745666666664,56.791989,51.826389,67.586916,6,0,Valid
2026-07-17,1899,929,Fichte1_P3,P3,Fagus sylvatica,Abies alba,59.55679383333333,59.2146965,54.997934,64.817588,6,0,Valid
2026-07-17,1900,930,Fichte2_P3,P3,Fagus sylvatica,Abies alba,351.17966816666666,351.348053,346.769853,355.586578,6,0,Valid
2026-07-17,1901,931,Fichte3_P3,P3,Fagus sylvatica,Abies alba,183.48199216666666,184.266976,175.027114,189.290999,6,0,Valid
